game_id,season,week,gameday,away_team,home_team,away_score,home_score,result,spread_line,div_game,is_played,home_win_prob,predicted_winner,confidence,actual_winner,was_correct,home_off_epa,home_def_epa,home_plays,away_off_epa,away_def_epa,away_plays,off_epa_diff,def_epa_diff,pace_diff,rest_diff
2016_04_MIA_CIN,2016,4,2016-09-29,MIA,CIN,7.0,22.0,15.0,7.5,0,True,0.6359572749314722,CIN,0.6359572749314722,CIN,True,0.010968629243715644,0.018912781917382774,63.666666666666664,-0.07630566371456458,0.025088702659454298,59.333333333333336,0.08727429295828022,-0.006175920742071524,4.333333333333329,0
2016_04_IND_JAX,2016,4,2016-10-02,IND,JAX,27.0,30.0,3.0,1.0,1,True,0.4902037922523605,IND,0.5097962077476395,JAX,False,-0.12385674626404149,0.03270328857205664,64.33333333333333,-0.015719135531291298,0.1298565413699301,66.66666666666667,-0.10813761073275019,-0.09715325279787346,-2.333333333333343,0
2016_04_CAR_ATL,2016,4,2016-10-02,CAR,ATL,33.0,48.0,15.0,-2.5,1,True,0.6769592007566112,ATL,0.6769592007566112,ATL,True,0.26588848144256577,0.12351928812209662,63.333333333333336,-0.033526858705568145,-0.10851579253415022,71.66666666666667,0.2994153401481339,0.23203508065624684,-8.333333333333336,-1
2016_04_DET_CHI,2016,4,2016-10-02,DET,CHI,14.0,17.0,3.0,-3.0,1,True,0.2643647731453957,DET,0.7356352268546043,CHI,False,-0.19063169934999402,0.10148311358478546,55.333333333333336,0.21244911551873988,0.2368304973907623,65.66666666666667,-0.4030808148687339,-0.13534738380597686,-10.333333333333336,0
2016_04_TEN_HOU,2016,4,2016-10-02,TEN,HOU,20.0,27.0,7.0,4.0,1,True,0.6586538279466236,HOU,0.6586538279466236,HOU,True,-0.12043579719863386,-0.24024503068312011,69.0,-0.09075755418049691,0.03437223212394891,63.0,-0.029678243018136943,-0.274617262807069,6.0,3
2016_04_BUF_NE,2016,4,2016-10-02,BUF,NE,16.0,0.0,-16.0,3.5,1,True,0.6111848342103626,NE,0.6111848342103626,BUF,False,0.05847853115476647,-0.006701564378530839,65.33333333333333,-0.005333926987380922,-0.05013658052951139,52.0,0.0638124581421474,0.043435016150980554,13.333333333333329,3
2016_04_SEA_NYJ,2016,4,2016-10-02,SEA,NYJ,27.0,17.0,-10.0,-1.0,0,True,0.457322572382319,SEA,0.542677427617681,SEA,True,-0.06473313862536671,0.06317591016135321,67.33333333333333,-0.049165694981502805,-0.13297569481658922,67.66666666666667,-0.015567443643863907,0.19615160497794243,-0.3333333333333428,0
2016_04_CLE_WAS,2016,4,2016-10-02,CLE,WAS,20.0,31.0,11.0,7.5,0,True,0.579371174526704,WAS,0.579371174526704,WAS,True,0.05443800982390314,0.19017272417081096,61.333333333333336,-0.07659374377359915,-0.016067199202611116,61.0,0.1310317535975023,0.2062399233734221,0.3333333333333357,0
2016_04_DEN_TB,2016,4,2016-10-02,DEN,TB,27.0,7.0,-20.0,-3.5,0,True,0.45117643810630326,DEN,0.5488235618936967,DEN,True,-0.0506901009178432,0.03902521553557015,72.0,0.03310478162555684,-0.06476270593722007,60.333333333333336,-0.08379488254340003,0.10378792147279023,11.666666666666664,0
2016_04_LA_ARI,2016,4,2016-10-02,LA,ARI,17.0,13.0,-4.0,10.0,1,True,0.7454068617874445,ARI,0.7454068617874445,LA,False,0.016694794697159048,-0.06788887741833786,67.33333333333333,-0.21052022140022245,-0.02178066866503731,58.666666666666664,0.22721501609738148,-0.04610820875330056,8.666666666666664,0
2016_04_DAL_SF,2016,4,2016-10-02,DAL,SF,24.0,17.0,-7.0,-1.0,0,True,0.4088241209539919,DAL,0.5911758790460081,DAL,True,-0.1174497178273336,-0.10357710380572947,65.66666666666667,0.12964811585878622,0.046603722566102075,67.33333333333333,-0.24709783368611982,-0.15018082637183156,-1.6666666666666572,0
2016_04_KC_PIT,2016,4,2016-10-02,KC,PIT,14.0,43.0,29.0,3.0,0,True,0.5974799583778632,PIT,0.5974799583778632,PIT,True,0.010232473295847125,0.05919684435989978,66.33333333333333,-0.12307820816038863,-0.11585279187129478,63.0,0.13331068145623576,0.17504963623119457,3.3333333333333286,0
2016_04_NYG_MIN,2016,4,2016-10-03,NYG,MIN,10.0,24.0,14.0,3.5,0,True,0.6062180251368406,MIN,0.6062180251368406,MIN,True,-0.0437342091677525,-0.2270455633934828,56.333333333333336,0.019728331674065017,0.027122941674329177,62.0,-0.06346254084181752,-0.25416850506781197,-5.666666666666664,0
2016_05_ARI_SF,2016,5,2016-10-06,ARI,SF,33.0,21.0,-12.0,-3.5,1,True,0.4512547833611502,ARI,0.5487452166388498,ARI,True,-0.08736096228388801,-0.012507580683030109,62.25,-0.022445547582052368,-0.07941310860063186,69.0,-0.06491541470183565,0.06690552791760175,-6.75,0
2016_05_WAS_BAL,2016,5,2016-10-09,WAS,BAL,16.0,10.0,-6.0,4.0,0,True,0.5325836760695062,BAL,0.5325836760695062,WAS,False,-0.07472894163079065,-0.07804867128915319,69.0,0.07517343395930585,0.14069699476099018,60.0,-0.1499023755900965,-0.21874566605014337,9.0,0
2016_05_NE_CLE,2016,5,2016-10-09,NE,CLE,33.0,13.0,-20.0,-10.0,0,True,0.510952650619288,CLE,0.510952650619288,NE,False,-0.05937785619731739,0.02229452718942016,62.75,0.0013184666253577351,0.03507430132125579,62.0,-0.060696322822675126,-0.012779774131835626,0.75,0
2016_05_PHI_DET,2016,5,2016-10-09,PHI,DET,23.0,24.0,1.0,-3.5,0,True,0.28310387395727116,PHI,0.7168961260427289,DET,False,0.12576142004541735,0.20142107669825896,63.5,0.13505073268425918,-0.3273496329792421,66.0,-0.009289312638841835,0.5287707096775011,-2.5,-7
2016_05_CHI_IND,2016,5,2016-10-09,CHI,IND,23.0,29.0,6.0,4.0,0,True,0.6083376351058196,IND,0.6083376351058196,IND,True,-0.02642923167810813,0.12847827450695612,68.0,-0.11917557085730829,0.042536918594951546,57.5,0.09274633917920017,0.08594135591200458,10.5,0
2016_05_TEN_MIA,2016,5,2016-10-09,TEN,MIA,30.0,17.0,-13.0,2.5,0,True,0.5165316080639464,MIA,0.5165316080639464,TEN,False,-0.13861454474893792,0.012072975925910914,55.25,-0.07654812753326767,0.013606398749632934,62.75,-0.062066417215670244,-0.0015334228237220207,-7.5,3
2016_05_HOU_MIN,2016,5,2016-10-09,HOU,MIN,13.0,31.0,18.0,6.0,0,True,0.6184842360912111,MIN,0.6184842360912111,MIN,True,-0.027136366420880596,-0.22017586032575848,59.0,-0.10249962324230415,-0.18866373491023508,67.25,0.07536325682142356,-0.031512125415523395,-8.25,-1
2016_05_NYJ_PIT,2016,5,2016-10-09,NYJ,PIT,13.0,31.0,18.0,10.0,0,True,0.7183947854402281,PIT,0.7183947854402281,PIT,True,0.11401503089245245,0.018042008041271776,63.25,-0.05180713969992155,0.10364063090567584,66.75,0.165822170592374,-0.08559862286440406,-3.5,0
2016_05_ATL_DEN,2016,5,2016-10-09,ATL,DEN,23.0,16.0,-7.0,3.5,0,True,0.4439335690663655,ATL,0.5560664309336345,ATL,True,0.03256043777751383,-0.1471292331247563,61.25,0.2839980568376075,0.09426839214714405,63.25,-0.25143761906009365,-0.24139762527190034,-2.0,0
2016_05_CIN_DAL,2016,5,2016-10-09,CIN,DAL,14.0,28.0,14.0,-2.5,0,True,0.6316376647769987,DAL,0.6316376647769987,DAL,True,0.16241133406535666,0.035679118011188754,68.0,0.0014829208641069253,-0.0672007105249774,64.0,0.16092841320124973,0.10287982853616616,4.0,-3
2016_05_BUF_LA,2016,5,2016-10-09,BUF,LA,30.0,19.0,-11.0,-2.5,0,True,0.35664293123456664,BUF,0.6433570687654333,BUF,True,-0.1863866165870453,-0.05130214510369964,57.5,0.03610002936461822,-0.08014286713785065,57.25,-0.22248664595166354,0.028840722034151015,0.25,0
2016_05_NYG_GB,2016,5,2016-10-09,NYG,GB,16.0,23.0,7.0,7.0,0,True,0.6889925491016049,GB,0.6889925491016049,GB,True,0.08371900108212312,0.04491323142141792,56.333333333333336,-0.035095439025097624,0.026006496710680664,62.25,0.11881444010722074,0.018906734710737255,-5.916666666666664,8
2016_05_TB_CAR,2016,5,2016-10-10,TB,CAR,17.0,14.0,-3.0,6.0,1,True,0.6507025903833509,CAR,0.6507025903833509,TB,False,-0.023516217973604522,0.0031948513550704577,70.0,-0.13657477936022364,0.03700076321002381,70.25,0.11305856138661911,-0.03380591185495335,-0.25,0
2016_06_SF_BUF,2016,6,2016-10-16,SF,BUF,16.0,45.0,29.0,7.5,0,True,0.6882823941427352,BUF,0.6882823941427352,BUF,True,0.0420953313756389,-0.11004146421899456,56.0,-0.10465399438672056,-0.011550635108946222,64.6,0.14674932576235947,-0.09849082911004835,-8.599999999999994,-3
2016_06_JAX_CHI,2016,6,2016-10-16,JAX,CHI,17.0,16.0,-1.0,2.5,0,True,0.5044856102421557,CHI,0.5044856102421557,JAX,False,-0.041812552414175586,0.04744954296870736,58.2,-0.06180669121852257,0.009887586399402825,64.5,0.019994138804346986,0.037561956569304535,-6.299999999999997,-7
2016_06_LA_DET,2016,6,2016-10-16,LA,DET,28.0,31.0,3.0,2.5,0,True,0.7071886532561347,DET,0.7071886532561347,DET,True,0.10176236641180325,0.19036670521880697,61.6,-0.1950364637783503,-0.027826408199015384,58.8,0.2967988301901535,0.21819311341782235,2.8000000000000043,0
2016_06_PIT_MIA,2016,6,2016-10-16,PIT,MIA,15.0,30.0,15.0,-7.5,0,True,0.298058765486888,PIT,0.701941234513112,MIA,False,-0.16071818743880176,0.0538970020392433,52.4,0.11805256352372404,0.012788501464128983,64.6,-0.2787707509625258,0.04110850057511432,-12.199999999999996,0
2016_06_CIN_NE,2016,6,2016-10-16,CIN,NE,17.0,35.0,18.0,7.5,0,True,0.5830706648017387,NE,0.5830706648017387,NE,True,0.049826235032304905,-0.0019573154784810086,64.6,0.026701695492912993,0.012362719540322952,64.0,0.023124539539391913,-0.01432003501880396,0.5999999999999943,0
2016_06_CAR_NO,2016,6,2016-10-16,CAR,NO,38.0,41.0,3.0,-2.5,1,True,0.6210975491020799,NO,0.6210975491020799,NO,True,0.07500265867685832,0.13869766158670982,67.5,-0.01803966647336034,0.014074858403701384,66.6,0.09304232515021865,0.12462280318300843,0.9000000000000057,8
2016_06_BAL_NYG,2016,6,2016-10-16,BAL,NYG,23.0,27.0,4.0,3.5,0,True,0.5278080438097631,NYG,0.5278080438097631,NYG,True,-0.06637326780875674,0.0252417423952756,60.6,-0.09488154310329985,-0.07790198214218289,69.0,0.02850827529454311,0.10314372453745849,-8.399999999999999,0
2016_06_CLE_TEN,2016,6,2016-10-16,CLE,TEN,26.0,28.0,2.0,7.5,0,True,0.6523547059918143,TEN,0.6523547059918143,TEN,True,-0.01699988072809956,-0.038941432639945074,63.8,-0.07751904149333955,0.06660708348355485,62.0,0.060519160765239985,-0.10554851612349991,1.7999999999999972,0
2016_06_PHI_WAS,2016,6,2016-10-16,PHI,WAS,20.0,27.0,7.0,-3.0,1,True,0.32576253907203306,PHI,0.6742374609279669,WAS,False,0.044675702056584346,0.0774592060101248,60.0,0.13782535433844412,-0.24407068676509486,63.75,-0.09314965228185977,0.32152989277521965,-3.75,0
2016_06_DAL_GB,2016,6,2016-10-16,DAL,GB,30.0,16.0,-14.0,5.0,0,True,0.4729518288845999,DAL,0.5270481711154,DAL,True,0.06833493209500618,-0.014186222169784865,60.75,0.1960523552125902,0.054058653210578456,64.4,-0.12771742311758402,-0.06824487538036332,-3.6500000000000057,0
2016_06_ATL_SEA,2016,6,2016-10-16,ATL,SEA,24.0,26.0,2.0,7.0,0,True,0.4879670389199511,ATL,0.5120329610800489,SEA,False,0.01938442704853382,-0.10298905684333844,65.0,0.2429778637925461,0.06783988766620437,62.8,-0.22359343674401227,-0.1708289445095428,2.200000000000003,7
2016_06_IND_HOU,2016,6,2016-10-16,IND,HOU,23.0,26.0,3.0,3.0,1,True,0.554112095663807,HOU,0.554112095663807,HOU,True,-0.14188950510472711,-0.13573294341030998,65.8,-0.007723377249740376,0.15631052387723593,67.0,-0.13416612785498674,-0.29204346728754593,-1.2000000000000028,0
2016_06_NYJ_ARI,2016,6,2016-10-17,NYJ,ARI,3.0,28.0,25.0,7.5,0,True,0.6828462275841095,ARI,0.6828462275841095,ARI,True,-0.019501008628164028,-0.09829571144011565,68.0,-0.043090816728825684,0.10975304353430278,65.0,0.023589808100661656,-0.20804875497441844,3.0,3
2016_07_CHI_GB,2016,7,2016-10-20,CHI,GB,10.0,26.0,16.0,7.5,1,True,0.5558085102171938,GB,0.5558085102171938,GB,True,0.01025086510337329,0.010671379886549984,62.0,0.002278633436958654,0.025776154224849836,62.8,0.007972231666414637,-0.015104774338299851,-0.7999999999999972,0
2016_07_NYG_LA,2016,7,2016-10-23,NYG,LA,17.0,10.0,-7.0,-3.0,0,True,0.5826082951038852,LA,0.5826082951038852,NYG,False,-0.036428287073310986,0.02797802880202683,58.0,-0.07633957938512796,0.02022888972492828,62.6,0.039911292311816976,0.007749139077098548,-4.600000000000001,0
2016_07_CLE_CIN,2016,7,2016-10-23,CLE,CIN,17.0,31.0,14.0,11.5,1,True,0.5653276680672423,CIN,0.5653276680672423,CIN,True,0.026579433652958666,0.06959289682828461,66.0,0.016031870992077573,0.09701864549783919,64.8,0.010547562660881093,-0.027425748669554578,1.2000000000000028,0
2016_07_WAS_DET,2016,7,2016-10-23,WAS,DET,17.0,20.0,3.0,-1.0,0,True,0.4690605489019292,WAS,0.5309394510980707,DET,False,0.0772897672010366,0.19989305313315797,60.2,0.07422596669271449,-0.0021594377240900355,62.2,0.003063800508322112,0.202052490857248,-2.0,0
2016_07_NO_KC,2016,7,2016-10-23,NO,KC,21.0,27.0,6.0,6.0,0,True,0.4926899635380617,NO,0.5073100364619383,KC,False,-0.040382628305666114,-0.02460523296258832,64.6,0.10569691729346978,0.1243027189465344,68.0,-0.14607954559913588,-0.1489079519091227,-3.4000000000000057,0
2016_07_BUF_MIA,2016,7,2016-10-23,BUF,MIA,25.0,28.0,3.0,-2.5,1,True,0.31304848921555906,BUF,0.6869515107844409,MIA,False,-0.07096451226577058,0.07618756278294356,55.0,0.10557130321568824,-0.10925192199408822,61.0,-0.1765358154814588,0.18543948477703176,-6.0,0
2016_07_BAL_NYJ,2016,7,2016-10-23,BAL,NYJ,16.0,24.0,8.0,2.0,0,True,0.4602716133670692,BAL,0.5397283866329308,NYJ,False,-0.09241304584263085,0.11825672340311662,62.2,-0.0798875019212508,-0.04031550708753122,71.8,-0.012525543921380056,0.15857223049064784,-9.599999999999994,-1
2016_07_MIN_PHI,2016,7,2016-10-23,MIN,PHI,10.0,21.0,11.0,-2.5,0,True,0.5682222663744246,PHI,0.5682222663744246,PHI,True,0.09359528670626574,-0.1728891895695027,60.4,-0.006511048618826393,-0.23603049477149057,60.6,0.10010633532509214,0.06314130520198788,-0.20000000000000284,-7
2016_07_IND_TEN,2016,7,2016-10-23,IND,TEN,34.0,26.0,-8.0,4.0,1,True,0.6906454570091054,TEN,0.6906454570091054,IND,False,0.07699677441095867,-0.024343296261334264,61.8,-0.053710906063656236,0.08848983594926245,66.6,0.1307076804746149,-0.11283313221059671,-4.799999999999997,0
2016_07_TB_SF,2016,7,2016-10-23,TB,SF,34.0,17.0,-17.0,1.0,0,True,0.4461260118270843,TB,0.5538739881729158,TB,True,-0.125045871847973,0.11785495638826245,61.2,-0.09774084616853389,0.030373918473542327,70.0,-0.027305025679439113,0.08748103791472012,-8.799999999999997,-6
2016_07_NE_PIT,2016,7,2016-10-23,NE,PIT,27.0,16.0,-11.0,-7.5,0,True,0.49023388278440194,NE,0.5097661172155981,NE,True,0.04643743310125378,0.07271723117479767,61.8,0.07976572530553411,-0.009281507733141143,63.8,-0.033328292204280324,0.08199873890793881,-2.0,0
2016_07_HOU_DEN,2016,7,2016-10-24,HOU,DEN,9.0,27.0,18.0,8.5,0,True,0.6944610426640346,DEN,0.6944610426640346,DEN,True,-0.005434956415440581,-0.1261538037998931,64.4,-0.13349521091710898,-0.08413119527447367,65.2,0.12806025450166839,-0.04202260852541943,-0.7999999999999972,3
2016_08_JAX_TEN,2016,8,2016-10-27,JAX,TEN,22.0,36.0,14.0,3.0,1,True,0.6472847954330299,TEN,0.6472847954330299,TEN,True,0.049988288442452344,0.028534120102300442,63.4,-0.08992221696386199,-0.0057157687659060655,60.8,0.13991050540631433,0.034249888868206506,2.6000000000000014,0
2016_08_NE_BUF,2016,8,2016-10-30,NE,BUF,41.0,25.0,-16.0,-5.5,1,True,0.5812111048901138,BUF,0.5812111048901138,NE,False,0.08805091637921132,-0.11678601581054526,62.2,0.0939656115749414,-0.022697843829415344,59.8,-0.0059146951957300825,-0.09408817198112993,2.4000000000000057,0
2016_08_ARI_CAR,2016,8,2016-10-30,ARI,CAR,20.0,30.0,10.0,2.5,0,True,0.5520679776665414,CAR,0.5520679776665414,CAR,True,-0.012427391251908879,0.05925194223559107,68.6,-0.06939132631052987,-0.15629162227964216,74.8,0.05696393505862099,0.21554356451523324,-6.200000000000003,7
2016_08_NYJ_CLE,2016,8,2016-10-30,NYJ,CLE,31.0,28.0,-3.0,-2.5,0,True,0.6305181462323849,CLE,0.6305181462323849,NYJ,False,0.011669922988205928,0.1790792883075795,65.6,-0.15752700300711828,0.010407303802586209,61.2,0.1691969259953242,0.1686719845049933,4.3999999999999915,0
2016_08_DET_HOU,2016,8,2016-10-30,DET,HOU,13.0,20.0,7.0,1.0,0,True,0.40597670945227676,DET,0.5940232905477232,HOU,False,-0.15913120068103975,0.013192836081526415,65.2,0.10881482866686323,0.19007397940709006,57.0,-0.267946029347903,-0.17688114332556365,8.200000000000003,-1
2016_08_KC_IND,2016,8,2016-10-30,KC,IND,30.0,14.0,-16.0,-3.0,0,True,0.5661917352488699,IND,0.5661917352488699,KC,False,0.042023495423222805,0.08884514822223091,66.2,-0.02770550697458904,-0.03960994457468162,60.6,0.06972900239781185,0.12845509279691253,5.600000000000001,0
2016_08_SEA_NO,2016,8,2016-10-30,SEA,NO,20.0,25.0,5.0,-1.0,0,True,0.5465571365888386,NO,0.5465571365888386,NO,True,0.08769092798719003,0.10594960988655004,69.4,0.029111081907789705,-0.054276935782952306,60.2,0.058579846079400325,0.16022654566950234,9.200000000000003,0
2016_08_GB_ATL,2016,8,2016-10-30,GB,ATL,32.0,33.0,1.0,3.0,0,True,0.6495383441762677,ATL,0.6495383441762677,ATL,True,0.18580957070414947,0.04951147368153732,62.4,0.002408063893601517,-0.03470667522126007,66.4,0.18340150681054795,0.08421814890279739,-4.000000000000007,-3
2016_08_PHI_DAL,2016,8,2016-10-30,PHI,DAL,23.0,29.0,6.0,5.0,1,True,0.6954337303208047,DAL,0.6954337303208047,DAL,True,0.2192541340110453,-0.010122614887476377,62.2,0.014533217329378956,-0.16131921120698162,56.6,0.20472091668166634,0.15119659631950524,5.600000000000001,7
2016_08_MIN_CHI,2016,8,2016-10-31,MIN,CHI,10.0,20.0,10.0,-5.5,1,True,0.5180346178007244,CHI,0.5180346178007244,CHI,True,0.020879835870122276,0.03498988299848097,61.6,-0.07389384636311165,-0.2515074710236035,63.2,0.09477368223323393,0.2864973540220845,-1.6000000000000014,3
2016_09_ATL_TB,2016,9,2016-11-03,ATL,TB,43.0,28.0,-15.0,-4.5,1,True,0.43096880214365924,ATL,0.5690311978563407,ATL,True,-0.024683225597701756,0.007990793896277992,70.2,0.1530085730589164,0.08014805015746386,61.4,-0.17769179865661816,-0.07215725626118587,8.800000000000004,0
2016_09_PIT_BAL,2016,9,2016-11-06,PIT,BAL,14.0,21.0,7.0,-3.5,1,True,0.4709552896136022,PIT,0.5290447103863978,BAL,False,-0.1568644714497025,-0.07515284000307586,68.8,0.0453402361041144,0.13881892190993741,60.6,-0.2022047075538169,-0.21397176191301326,8.199999999999996,0
2016_09_DAL_CLE,2016,9,2016-11-06,DAL,CLE,35.0,10.0,-25.0,-7.0,0,True,0.28667971704300305,DAL,0.7133202829569969,DAL,True,0.007759794946747942,0.23692241815180579,65.0,0.20149340195750462,-0.03228330074398898,64.6,-0.19373360701075668,0.26920571889579475,0.4000000000000057,0
2016_09_JAX_KC,2016,9,2016-11-06,JAX,KC,14.0,19.0,5.0,7.0,0,True,0.6685847235358146,KC,0.6685847235358146,KC,True,0.076696618217898,-0.05104105588912213,62.6,-0.0481893691611627,0.0171803436654382,61.8,0.1248859873790607,-0.06822139955456033,0.8000000000000043,-3
2016_09_NYJ_MIA,2016,9,2016-11-06,NYJ,MIA,23.0,27.0,4.0,3.5,1,True,0.5727544281177689,MIA,0.5727544281177689,MIA,True,-0.04057109144134316,0.0535152499657892,56.4,-0.03566185482170694,0.03748814852441266,62.0,-0.004909236619636222,0.01602710144137654,-5.600000000000001,7
2016_09_DET_MIN,2016,9,2016-11-06,DET,MIN,22.0,16.0,-6.0,4.0,1,True,0.5788559697074963,MIN,0.5788559697074963,DET,False,-0.06857126941673024,-0.18872410794985198,64.0,0.05335641713040985,0.12781496613846724,54.8,-0.12192768654714009,-0.3165390740883192,9.200000000000003,-1
2016_09_PHI_NYG,2016,9,2016-11-06,PHI,NYG,23.0,28.0,5.0,3.0,1,True,0.49774874717480166,PHI,0.5022512528251983,NYG,False,-0.08569006925301573,-0.0120844430415594,59.4,-0.008981939061171947,-0.07523849272969235,58.0,-0.07670813019184378,0.06315404968813296,1.3999999999999986,7
2016_09_CAR_LA,2016,9,2016-11-06,CAR,LA,13.0,10.0,-3.0,-3.0,0,True,0.6097023709568906,LA,0.6097023709568906,CAR,False,-0.05888868803641103,0.009014325996602568,62.0,-0.03183475292070016,0.08899241949071998,66.0,-0.027053935115710866,-0.07997809349411741,-4.0,7
2016_09_NO_SF,2016,9,2016-11-06,NO,SF,41.0,23.0,-18.0,-5.0,0,True,0.4235077870085259,NO,0.576492212991474,NO,True,-0.10202920023527243,0.14468833826335076,61.6,0.08665713258717536,0.12808912664230512,72.2,-0.1886863328224478,0.016599211621045634,-10.600000000000001,7
2016_09_IND_GB,2016,9,2016-11-06,IND,GB,31.0,26.0,-5.0,7.5,0,True,0.6426760087283452,GB,0.6426760087283452,IND,False,0.08644879462644729,0.032884033804388486,65.8,0.027178529871022778,0.11949578187704535,65.2,0.05927026475542452,-0.08661174807265687,0.5999999999999943,0
2016_09_BUF_SEA,2016,9,2016-11-07,BUF,SEA,25.0,31.0,6.0,5.5,0,True,0.5195450125522205,SEA,0.5195450125522205,SEA,True,0.0416373857260083,-0.04545779937957935,58.4,0.09972927446806816,-0.0029796182715292607,64.2,-0.05809188874205986,-0.042478181108050087,-5.800000000000004,0
2016_10_CLE_BAL,2016,10,2016-11-10,CLE,BAL,7.0,28.0,21.0,7.5,1,True,0.5653054872737188,BAL,0.5653054872737188,BAL,True,-0.16287425445949488,-0.06222972462449713,68.4,0.0030181788577838668,0.29636988724043994,60.2,-0.16589243331727874,-0.35859961186493705,8.200000000000003,0
2016_10_KC_CAR,2016,10,2016-11-13,KC,CAR,20.0,17.0,-3.0,3.0,0,True,0.4854567035118101,KC,0.51454329648819,KC,True,-0.006036282331370019,0.08343021149808985,63.8,0.04112394991136505,0.008015986169568437,61.6,-0.04716023224273507,0.07541422532852142,2.1999999999999957,0
2016_10_HOU_JAX,2016,10,2016-11-13,HOU,JAX,24.0,21.0,-3.0,3.0,1,True,0.5932795031788404,JAX,0.5932795031788404,HOU,False,-0.019862700447021268,-0.0073949377546723375,64.2,-0.11446179839770501,0.027340245664704017,63.2,0.09459909795068375,-0.034735183419376356,1.0,-7
2016_10_DEN_NO,2016,10,2016-11-13,DEN,NO,25.0,23.0,-2.0,3.0,0,True,0.702123655192965,NO,0.702123655192965,DEN,False,0.14496134956809756,0.015092322775646223,72.2,-0.0814612422743683,-0.09835085136392618,60.8,0.22642259184246585,0.1134431741395724,11.400000000000006,0
2016_10_LA_NYJ,2016,10,2016-11-13,LA,NYJ,9.0,6.0,-3.0,-1.0,0,True,0.5731534710896562,NYJ,0.5731534710896562,LA,False,-0.04461786619538904,-0.006928895391535977,59.6,-0.06979879527219905,-0.010093456508193514,63.2,0.025180929076810014,0.0031645611166575367,-3.6000000000000014,0
2016_10_ATL_PHI,2016,10,2016-11-13,ATL,PHI,15.0,24.0,9.0,2.0,0,True,0.3933806223878648,ATL,0.6066193776121351,PHI,False,-0.0908932275543376,-0.03976686154954348,60.6,0.14663458881845637,0.10151409051845917,62.6,-0.23752781637279397,-0.14128095206800265,-2.0,-3
2016_10_CHI_TB,2016,10,2016-11-13,CHI,TB,10.0,36.0,26.0,-2.5,0,True,0.4550509038321676,CHI,0.5449490961678324,TB,False,-0.0030094606568628695,0.08154961319359641,68.0,0.049536295029922364,-0.017261508254077372,61.4,-0.05254575568678523,0.09881112144767379,6.600000000000001,-3
2016_10_GB_TEN,2016,10,2016-11-13,GB,TEN,25.0,47.0,22.0,-3.0,0,True,0.5783135383234596,TEN,0.5783135383234596,TEN,True,0.12824371467779125,0.09618027328098504,63.8,0.048339852072141455,0.0019353236883965425,69.4,0.0799038626056498,0.0942449495925885,-5.6000000000000085,0
2016_10_MIN_WAS,2016,10,2016-11-13,MIN,WAS,20.0,26.0,6.0,2.5,0,True,0.6520908002708047,WAS,0.6520908002708047,WAS,True,0.09913403475284052,0.006600773348123279,67.8,-0.04873533413998182,-0.1656372671435139,66.8,0.14786936889282234,0.17223804049163718,1.0,7
2016_10_SF_ARI,2016,10,2016-11-13,SF,ARI,20.0,23.0,3.0,14.0,1,True,0.784005706622402,ARI,0.784005706622402,ARI,True,-0.03092842755954578,-0.1534184707422648,72.2,-0.10619391644363659,0.20304131310614476,61.6,0.0752654888840908,-0.3564597838484096,10.600000000000001,7
2016_10_DAL_PIT,2016,10,2016-11-13,DAL,PIT,35.0,30.0,-5.0,3.0,0,True,0.36441726753635567,DAL,0.6355827324636443,DAL,True,0.060691182406320085,0.042223229167326744,61.8,0.2448535626227803,-0.034852012374416284,65.0,-0.1841623802164602,0.07707524154174303,-3.200000000000003,0
2016_10_SEA_NE,2016,10,2016-11-13,SEA,NE,31.0,24.0,-7.0,7.5,0,True,0.6919483413037898,NE,0.6919483413037898,SEA,False,0.17522976352324166,0.03194156572414096,60.4,0.06511373099694215,0.008986885832844255,53.8,0.1101160325262995,0.022954679891296705,6.600000000000001,8
2016_10_CIN_NYG,2016,10,2016-11-14,CIN,NYG,20.0,21.0,1.0,-1.0,0,True,0.3451568750961408,CIN,0.6548431249038592,NYG,False,-0.1203695179337539,-0.06327991213048605,59.0,0.15663559490962603,0.11306487009286674,67.2,-0.2770051128433799,-0.1763447822233528,-8.200000000000003,-7
2016_11_NO_CAR,2016,11,2016-11-17,NO,CAR,20.0,23.0,3.0,3.5,1,True,0.4429905949535087,NO,0.5570094050464913,CAR,False,-0.013883593605248856,0.011718051094138208,64.4,0.09982166422841802,0.01637796469605942,68.8,-0.11370525783366688,-0.004659913601921212,-4.3999999999999915,0
2016_11_BUF_CIN,2016,11,2016-11-20,BUF,CIN,16.0,12.0,-4.0,2.5,0,True,0.4984627850544141,BUF,0.5015372149455859,BUF,True,0.13578297515967175,0.16590898750211086,65.2,0.09964248050647702,0.0700386217208431,66.0,0.03614049465319473,0.09587036578126776,-0.7999999999999972,-7
2016_11_PIT_CLE,2016,11,2016-11-20,PIT,CLE,24.0,9.0,-15.0,-8.0,1,True,0.4584657042782911,PIT,0.5415342957217089,PIT,True,-0.05219672782356725,0.2601741348286343,58.0,-0.005262670490215634,0.12918283869422145,65.0,-0.04693405733335161,0.13099129613441282,-7.0,3
2016_11_BAL_DAL,2016,11,2016-11-20,BAL,DAL,17.0,27.0,10.0,7.0,0,True,0.7841975023430232,DAL,0.7841975023430232,DAL,True,0.25858847422973896,-0.016314385403788084,63.2,-0.14371117677346806,-0.14722735249312463,67.4,0.402299651003207,0.13091296708933656,-4.200000000000003,-3
2016_11_JAX_DET,2016,11,2016-11-20,JAX,DET,19.0,26.0,7.0,5.5,0,True,0.6577866878852792,DET,0.6577866878852792,DET,True,0.05939275438214544,0.11099699231467605,55.6,-0.07000077144804252,0.0159898343474141,66.0,0.12939352583018796,0.09500715796726195,-10.399999999999999,7
2016_11_TEN_IND,2016,11,2016-11-20,TEN,IND,17.0,24.0,7.0,3.0,1,True,0.5299993803142902,IND,0.5299993803142902,IND,True,0.05335553312904038,0.11426740257067872,63.4,0.14774078299684607,0.1595718543298144,62.0,-0.09438524986780569,-0.045304451759135694,1.3999999999999986,7
2016_11_TB_KC,2016,11,2016-11-20,TB,KC,19.0,17.0,-2.0,7.0,0,True,0.5542683310886014,KC,0.5542683310886014,TB,False,0.05816164629488239,-0.08360072499630682,59.6,0.08879603696754766,-0.008096566029195984,68.6,-0.030634390672665275,-0.07550415896711084,-8.999999999999993,0
2016_11_ARI_MIN,2016,11,2016-11-20,ARI,MIN,24.0,30.0,6.0,2.0,0,True,0.5189273918521333,MIN,0.5189273918521333,MIN,True,-0.048680524929931315,-0.10005417505035578,66.2,-0.030054338638997886,-0.13671044074749836,72.0,-0.01862618629093343,0.03665626569714257,-5.799999999999997,0
2016_11_CHI_NYG,2016,11,2016-11-20,CHI,NYG,16.0,22.0,6.0,7.0,0,True,0.567694242907868,NYG,0.567694242907868,NYG,True,-0.09272028787040427,-0.0940588050993312,60.4,-0.05296296587034286,0.022558559707770216,59.4,-0.039757322000061414,-0.11661736480710141,1.0,-1
2016_11_MIA_LA,2016,11,2016-11-20,MIA,LA,14.0,10.0,-4.0,1.0,0,True,0.4312183165236459,MIA,0.5687816834763542,MIA,True,-0.05825740654662755,-0.0011725147971561572,65.2,0.09364439945535204,-0.00895000511691545,57.0,-0.15190180600197958,0.007777490319759293,8.200000000000003,0
2016_11_PHI_SEA,2016,11,2016-11-20,PHI,SEA,15.0,26.0,11.0,6.5,0,True,0.6579698399137476,SEA,0.6579698399137476,SEA,True,0.07033940524068985,0.023126975082007124,55.8,-0.10169177437230947,-0.05354153612155099,64.0,0.17203117961299932,0.07666851120355811,-8.200000000000003,0
2016_11_NE_SF,2016,11,2016-11-20,NE,SF,30.0,17.0,-13.0,-10.5,0,True,0.25931312300216625,NE,0.7406868769978338,NE,True,-0.11286410774766267,0.12380188940574177,63.4,0.22079636958026097,0.05009381891149427,62.4,-0.33366047732792364,0.0737080704942475,1.0,0
2016_11_GB_WAS,2016,11,2016-11-20,GB,WAS,24.0,42.0,18.0,2.5,0,True,0.6278914022960518,WAS,0.6278914022960518,WAS,True,0.09732783534837874,0.012733053615815245,68.8,0.057468336454588334,0.10396792989464458,69.4,0.03985949889379041,-0.09123487627882934,-0.6000000000000085,0
2016_12_MIN_DET,2016,12,2016-11-24,MIN,DET,13.0,16.0,3.0,2.0,1,True,0.5766121372369152,DET,0.5766121372369152,DET,True,0.020597995453508006,0.03628997213666001,56.0,-0.08977048462073896,-0.0866308769092313,63.4,0.11036848007424696,0.12292084904589132,-7.399999999999999,0
2016_12_WAS_DAL,2016,12,2016-11-24,WAS,DAL,26.0,31.0,5.0,5.5,1,True,0.6108010794076837,DAL,0.6108010794076837,DAL,True,0.23134980173261535,-0.016244862211083892,66.6,0.19771625745062557,0.0816699769059377,69.2,0.03363354428198978,-0.09791483911702159,-2.6000000000000085,0
2016_12_PIT_IND,2016,12,2016-11-24,PIT,IND,28.0,7.0,-21.0,-8.0,0,True,0.6196158370577343,IND,0.6196158370577343,PIT,False,0.05482173056183546,0.05029966109857836,61.6,-0.0031313363763542214,0.08997214201623394,64.0,0.05795306693818968,-0.03967248091765557,-2.3999999999999986,0
2016_12_ARI_ATL,2016,12,2016-11-27,ARI,ATL,19.0,38.0,19.0,3.5,0,True,0.6413539190706132,ATL,0.6413539190706132,ATL,True,0.1182337262994581,0.12752021361219795,60.0,-0.07497627644623506,-0.12783713136081779,73.2,0.19321000274569317,0.25535734497301577,-13.200000000000003,7
2016_12_CIN_BAL,2016,12,2016-11-27,CIN,BAL,14.0,19.0,5.0,3.5,1,True,0.4803016055085263,CIN,0.5196983944914737,BAL,False,-0.08302790498046911,-0.09287969191908307,64.0,0.08430837280748027,0.09840689825318097,66.4,-0.16733627778794938,-0.19128659017226404,-2.4000000000000057,0
2016_12_JAX_BUF,2016,12,2016-11-27,JAX,BUF,21.0,28.0,7.0,8.5,0,True,0.6603059093919005,BUF,0.6603059093919005,BUF,True,0.08504837133390769,0.0900065486789931,68.4,-0.09785971777590366,-0.023517213135065256,67.4,0.18290808910981135,0.11352376181405836,1.0,0
2016_12_TEN_CHI,2016,12,2016-11-27,TEN,CHI,27.0,21.0,-6.0,-6.5,0,True,0.4355322774084868,TEN,0.5644677225915131,TEN,True,-0.0971104628279031,0.03507254977139461,59.0,0.09777494479775309,0.154474384298528,64.8,-0.1948854076256562,-0.11940183452713339,-5.799999999999997,0
2016_12_NYG_CLE,2016,12,2016-11-27,NYG,CLE,27.0,13.0,-14.0,-6.5,0,True,0.3371652507687123,NYG,0.6628347492312877,NYG,True,-0.11303620502727081,0.24962000675359403,57.6,-0.02848937312535511,-0.08911494281195147,62.0,-0.0845468319019157,0.3387349495655455,-4.399999999999999,0
2016_12_SF_MIA,2016,12,2016-11-27,SF,MIA,24.0,31.0,7.0,7.0,0,True,0.8013137834496233,MIA,0.8013137834496233,MIA,True,0.11950480927482895,-0.1049610218891783,60.2,-0.08337687344441637,0.16256211162652212,61.0,0.20288168271924534,-0.26752313351570045,-0.7999999999999972,0
2016_12_LA_NO,2016,12,2016-11-27,LA,NO,21.0,49.0,28.0,7.5,0,True,0.6698818773762364,NO,0.6698818773762364,NO,True,0.0564710902022593,-0.017446466299736188,69.0,-0.0641026315116618,-0.03835396450127497,64.2,0.12057372171392111,0.020907498201538782,4.799999999999997,3
2016_12_SEA_TB,2016,12,2016-11-27,SEA,TB,5.0,14.0,9.0,-5.0,0,True,0.5905702932956488,TB,0.5905702932956488,TB,True,0.1113680752435648,0.016742448641242025,69.6,0.07550599403745102,-0.007964878965427075,55.4,0.03586208120611378,0.024707327606669098,14.199999999999996,0
2016_12_NE_NYJ,2016,12,2016-11-27,NE,NYJ,22.0,17.0,-5.0,-9.0,1,True,0.4080071859047672,NE,0.5919928140952329,NE,True,-0.062025134399400564,-0.045025205905229335,59.6,0.20924055950650047,0.07483258519061604,61.2,-0.27126569390590105,-0.11985779109584538,-1.6000000000000014,7
2016_12_KC_DEN,2016,12,2016-11-27,KC,DEN,30.0,27.0,-3.0,3.5,1,True,0.5629926992402481,DEN,0.5629926992402481,KC,False,-0.08021012527689327,-0.1476903578025774,64.2,0.029225172097354153,-0.009343610824379534,57.4,-0.10943529737424743,-0.13834674697819785,6.800000000000004,7
2016_12_GB_PHI,2016,12,2016-11-28,GB,PHI,27.0,13.0,-14.0,4.0,0,True,0.4440969138707495,GB,0.5559030861292504,GB,True,-0.10532612979796381,-0.04887174047593369,69.4,0.13572395051867514,0.1668729492636532,69.0,-0.24105008031663894,-0.21574468973958688,0.4000000000000057,0
2016_13_DAL_MIN,2016,13,2016-12-01,DAL,MIN,17.0,15.0,-2.0,-3.0,0,True,0.34016285845655064,DAL,0.6598371415434494,DAL,True,-0.039764499747383504,-0.030401889645093626,59.4,0.27464771022210416,0.09304885697254969,64.6,-0.31441220996948765,-0.12345074661764333,-5.199999999999996,0
2016_13_KC_ATL,2016,13,2016-12-04,KC,ATL,29.0,28.0,-1.0,5.0,0,True,0.6376287987884751,ATL,0.6376287987884751,KC,False,0.13194144331876884,0.09933839119885082,60.2,-0.022101981672619956,-0.00668818347178281,62.4,0.1540434249913888,0.10602657467063363,-2.1999999999999957,0
2016_13_MIA_BAL,2016,13,2016-12-04,MIA,BAL,6.0,38.0,32.0,3.5,0,True,0.39880222886658384,MIA,0.6011977711334162,BAL,False,-0.10237176405315732,-0.11932519516965781,62.2,0.11191875205410191,-0.07018833712054862,58.4,-0.21429051610725924,-0.049136858049109194,3.8000000000000043,0
2016_13_SF_CHI,2016,13,2016-12-04,SF,CHI,6.0,26.0,20.0,-0.0,0,True,0.520783951775149,CHI,0.520783951775149,CHI,True,-0.10370539360582068,0.11182231882261433,58.8,-0.03686689932496441,0.17203450658845715,63.6,-0.06683849428085627,-0.06021218776584282,-4.800000000000004,0
2016_13_PHI_CIN,2016,13,2016-12-04,PHI,CIN,14.0,32.0,18.0,1.0,0,True,0.6435049299945791,CIN,0.6435049299945791,CIN,True,0.03973982829725587,0.01960841954820667,67.6,-0.03052604653663251,0.07877655219964189,70.2,0.07026587483388838,-0.05916813265143522,-2.6000000000000085,1
2016_13_HOU_GB,2016,13,2016-12-04,HOU,GB,13.0,21.0,8.0,7.0,0,True,0.6772550782503907,GB,0.6772550782503907,GB,True,0.17888979615404352,0.22155860923525572,65.8,-0.0727957351363276,0.03243240693849569,65.2,0.25168553129037113,0.18912620229676003,0.5999999999999943,-1
2016_13_DEN_JAX,2016,13,2016-12-04,DEN,JAX,20.0,10.0,-10.0,-3.5,0,True,0.4753525069658948,DEN,0.5246474930341052,DEN,True,-0.060741450675807204,-0.015554592550620921,68.4,-0.028832155296712535,-0.14501647233143122,65.8,-0.03190929537909467,0.1294618797808103,2.6000000000000085,0
2016_13_LA_NE,2016,13,2016-12-04,LA,NE,10.0,26.0,16.0,13.0,0,True,0.7904547572412498,NE,0.7904547572412498,NE,True,0.17761288463301333,0.039960903394357775,62.8,-0.18185849878700897,-0.03949230930067695,63.4,0.3594713834200223,0.07945321269503472,-0.6000000000000014,0
2016_13_DET_NO,2016,13,2016-12-04,DET,NO,28.0,13.0,-15.0,6.5,0,True,0.6861208294054201,NO,0.6861208294054201,DET,False,0.08579851849984803,-0.10781589370709024,69.0,-0.04891818933358914,-0.040591259498333226,56.4,0.13471670783343717,-0.06722463420875702,12.600000000000001,-3
2016_13_WAS_ARI,2016,13,2016-12-04,WAS,ARI,23.0,31.0,8.0,2.5,0,True,0.32991817289184083,WAS,0.6700818271081592,ARI,False,-0.11783439108562269,-0.05004485186831148,72.0,0.24022553621905432,0.163653239782294,70.6,-0.358059927304677,-0.2136980916506055,1.4000000000000057,-3
2016_13_NYG_PIT,2016,13,2016-12-04,NYG,PIT,14.0,24.0,10.0,7.0,0,True,0.6146465379394384,PIT,0.6146465379394384,PIT,True,0.08778968571363212,0.001411890986631148,63.4,-0.03191866899341654,-0.15229935345008014,59.8,0.11970835470704866,0.15371124443671128,3.6000000000000014,3
2016_13_CAR_SEA,2016,13,2016-12-04,CAR,SEA,7.0,40.0,33.0,8.5,0,True,0.604894323770358,SEA,0.604894323770358,SEA,True,0.04566314039707409,0.008898861418245162,56.2,-0.04598504449639481,-0.043864304388024154,62.6,0.0916481848934689,0.052763165806269316,-6.399999999999999,0
2016_13_IND_NYJ,2016,13,2016-12-05,IND,NYJ,41.0,10.0,-31.0,1.0,0,True,0.5922948897131732,NYJ,0.5922948897131732,IND,False,-0.015683838371051927,-0.0599393939103247,60.2,0.00963122323533105,0.12010974679429913,60.8,-0.02531506160638298,-0.18004914070462383,-0.5999999999999943,-3
2016_14_PIT_BUF,2016,14,2016-12-11,PIT,BUF,27.0,20.0,-7.0,-1.0,0,True,0.4490717969913312,PIT,0.5509282030086688,PIT,True,0.07458759537740367,0.10459030535897754,67.0,0.09680551512295797,-0.10611974731293658,63.6,-0.0222179197455543,0.21071005267191412,3.3999999999999986,0
2016_14_CIN_CLE,2016,14,2016-12-11,CIN,CLE,23.0,10.0,-13.0,-4.0,1,True,0.3472511919675513,CIN,0.6527488080324487,CIN,True,-0.19561694132982527,0.1739940451280397,59.2,-0.009016927269365977,-0.0038248847979476946,68.0,-0.18660001406045928,0.1778189299259874,-8.799999999999997,7
2016_14_CHI_DET,2016,14,2016-12-11,CHI,DET,17.0,20.0,3.0,7.5,1,True,0.5929512518242659,DET,0.5929512518242659,DET,True,-0.0414259301422039,-0.08806025043179329,59.8,-0.041721302590033635,0.030704462252740518,61.4,0.0002953724478297337,-0.11876471268453381,-1.6000000000000014,0
2016_14_HOU_IND,2016,14,2016-12-11,HOU,IND,22.0,17.0,-5.0,6.5,1,True,0.5383282939842369,IND,0.5383282939842369,HOU,False,-0.0008194885228856918,0.05378937075508826,61.6,-0.030117573551715644,0.00705011640745444,64.6,0.02929808502882995,0.04673925434763382,-2.999999999999993,-1
2016_14_MIN_JAX,2016,14,2016-12-11,MIN,JAX,25.0,16.0,-9.0,-3.0,0,True,0.4634070012718951,MIN,0.5365929987281048,MIN,True,-0.15646612785130057,-0.11651875186442755,71.0,-0.04726139253937452,-0.09152417299207274,61.4,-0.10920473531192605,-0.024994578872354803,9.600000000000001,-3
2016_14_ARI_MIA,2016,14,2016-12-11,ARI,MIA,23.0,26.0,3.0,-2.0,0,True,0.6293326038706781,MIA,0.6293326038706781,MIA,True,0.022842246109631738,-0.04159924856985126,56.8,-0.05593316435541644,0.0011295002725333237,68.0,0.07877541046504818,-0.04272874884238458,-11.200000000000003,0
2016_14_WAS_PHI,2016,14,2016-12-11,WAS,PHI,27.0,22.0,-5.0,-1.5,1,True,0.3581710576445835,WAS,0.6418289423554164,WAS,True,-0.0305136023747423,0.0943680293982179,71.8,0.23301446109207297,0.1725578435337303,67.8,-0.2635280634668153,-0.0781898141355124,4.0,0
2016_14_DEN_TEN,2016,14,2016-12-11,DEN,TEN,10.0,13.0,3.0,2.0,0,True,0.6996729017124875,TEN,0.6996729017124875,TEN,True,0.1549295394525419,0.09508203699483496,61.4,-0.1052595415499858,-0.1641134257516931,64.8,0.2601890810025277,0.25919546274652805,-3.3999999999999986,7
2016_14_NYJ_SF,2016,14,2016-12-11,NYJ,SF,23.0,17.0,-6.0,3.0,0,True,0.5257845391790138,SF,0.5257845391790138,NYJ,False,-0.07050440316920636,0.14128960147592068,61.2,-0.06275393691011524,0.061315900418192446,57.4,-0.007750466259091121,0.07997370105772823,3.8000000000000043,1
2016_14_SEA_GB,2016,14,2016-12-11,SEA,GB,10.0,38.0,28.0,-3.0,0,True,0.5035908327660755,GB,0.5035908327660755,GB,True,0.12690731359362326,0.15788331098009561,65.0,0.09659282285463555,-0.03523819271777574,60.0,0.030314490738987704,0.19312150369787134,5.0,0
2016_14_ATL_LA,2016,14,2016-12-11,ATL,LA,42.0,14.0,-28.0,-4.5,0,True,0.33685783691290505,ATL,0.663142163087095,ATL,True,-0.21311188610361537,0.006152518841042148,57.8,0.1195860886965614,0.1530186442216015,61.2,-0.33269797480017677,-0.14686612538055935,-3.4000000000000057,0
2016_14_NO_TB,2016,14,2016-12-11,NO,TB,11.0,16.0,5.0,2.0,1,True,0.5702469495891084,TB,0.5702469495891084,TB,True,0.10019629811136396,-0.06414438226290574,66.6,0.06900321495607172,-0.06548243565532365,65.6,0.031193083155292248,0.0013380533924179094,1.0,0
2016_14_DAL_NYG,2016,14,2016-12-11,DAL,NYG,7.0,10.0,3.0,-3.5,1,True,0.37136784230630315,DAL,0.6286321576936968,NYG,False,-0.05627152114727076,-0.10399988259985468,59.6,0.22081663394134693,0.08710751931450496,59.0,-0.27708815508861767,-0.19110740191435965,0.6000000000000014,-3
2016_14_BAL_NE,2016,14,2016-12-12,BAL,NE,23.0,30.0,7.0,6.0,0,True,0.611473813997612,NE,0.611473813997612,NE,True,0.14007892662901894,-0.030576125363148222,66.6,0.0165463572615935,-0.15082183776609756,64.2,0.12353256936742543,0.12024571240294935,2.3999999999999915,0
2016_15_LA_SEA,2016,15,2016-12-15,LA,SEA,3.0,24.0,21.0,15.0,1,True,0.7698837167332465,SEA,0.7698837167332465,SEA,True,-0.008417458657241994,-0.03679135367809114,65.4,-0.2514624960749334,0.056683792842978066,57.8,0.24304503741769137,-0.0934751465210692,7.6000000000000085,0
2016_15_MIA_NYJ,2016,15,2016-12-17,MIA,NYJ,34.0,13.0,-21.0,-2.5,1,True,0.4198352520943334,MIA,0.5801647479056666,MIA,True,-0.08987181841286565,0.04629511986873908,59.8,-0.0033203549909816416,-0.07540313654932598,56.0,-0.08655146342188401,0.12169825641806506,3.799999999999997,0
2016_15_PHI_BAL,2016,15,2016-12-18,PHI,BAL,26.0,27.0,1.0,5.0,0,True,0.6984343187160647,BAL,0.6984343187160647,BAL,True,0.06135249498344982,-0.07681849387278791,65.6,-0.01520029713420712,0.15240923628275152,72.4,0.07655279211765695,-0.22922773015553943,-6.800000000000011,-1
2016_15_CLE_BUF,2016,15,2016-12-18,CLE,BUF,13.0,33.0,20.0,10.5,0,True,0.8095822644005192,BUF,0.8095822644005192,BUF,True,0.0686701218960266,0.06314910766290986,62.8,-0.22427347339743547,0.1648208700476165,55.6,0.2929435952934621,-0.10167176238470664,7.199999999999996,0
2016_15_GB_CHI,2016,15,2016-12-18,GB,CHI,30.0,27.0,-3.0,-4.5,1,True,0.3996135822412469,GB,0.6003864177587531,GB,True,-0.05315135112208621,0.024637557678469146,59.2,0.13770742287859966,0.07739382483371085,62.6,-0.19085877400068588,-0.052756267155241704,-3.3999999999999986,0
2016_15_PIT_CIN,2016,15,2016-12-18,PIT,CIN,24.0,20.0,-4.0,-3.0,1,True,0.41110823084921705,PIT,0.5888917691507829,PIT,True,-0.005635247956009393,-0.07193197616356942,65.8,0.15149364462666512,-0.0686258169442268,64.8,-0.1571288925826745,-0.0033061592193426165,1.0,0
2016_15_JAX_HOU,2016,15,2016-12-18,JAX,HOU,20.0,21.0,1.0,3.5,1,True,0.6113199698198336,HOU,0.6113199698198336,HOU,True,-0.0330987327571962,-0.006856359783597924,65.4,-0.13976746374677057,-0.04920957589529395,69.0,0.10666873098957437,0.042353216111696027,-3.5999999999999943,0
2016_15_TEN_KC,2016,15,2016-12-18,TEN,KC,19.0,17.0,-2.0,6.0,0,True,0.5558256688521388,KC,0.5558256688521388,TEN,False,0.05258671604662031,0.0032460471677341505,56.8,0.09425575014355653,0.046165327132162905,60.6,-0.04166903409693622,-0.04291927996442876,-3.8000000000000043,3
2016_15_IND_MIN,2016,15,2016-12-18,IND,MIN,34.0,6.0,-28.0,5.0,0,True,0.552903980906286,MIN,0.552903980906286,IND,False,-0.03868945589785975,-0.07765514654961339,60.2,0.013798023967018121,0.01962567083875982,61.4,-0.05248747986487787,-0.09728081738837321,-1.1999999999999957,0
2016_15_DET_NYG,2016,15,2016-12-18,DET,NYG,6.0,17.0,11.0,4.0,0,True,0.5423694473630407,NYG,0.5423694473630407,NYG,True,-0.10429577366819373,-0.15470844963021632,60.2,-0.04613637408641679,-0.07004302771920015,61.6,-0.05815939958177694,-0.08466542191101617,-1.3999999999999986,0
2016_15_NO_ARI,2016,15,2016-12-18,NO,ARI,48.0,41.0,-7.0,3.0,0,True,0.5074771081643432,ARI,0.5074771081643432,NO,False,-0.08302753368422564,-0.021098231597965224,67.6,-0.031446844412255065,-0.04732105854369116,61.2,-0.05158068927197057,0.026222826945725936,6.3999999999999915,0
2016_15_SF_ATL,2016,15,2016-12-18,SF,ATL,13.0,41.0,28.0,13.5,0,True,0.6926442745735628,ATL,0.6926442745735628,ATL,True,0.09842500593514485,0.04529559641460035,61.4,-0.05277250521930481,0.07946366824298715,60.8,0.15119751115444965,-0.0341680718283868,0.6000000000000014,0
2016_15_NE_DEN,2016,15,2016-12-18,NE,DEN,16.0,3.0,-13.0,-3.0,0,True,0.43090897949870827,NE,0.5690910205012918,NE,True,-0.08167678774375994,-0.12355071403776426,65.2,0.11795294332255377,-0.02918139149137875,67.4,-0.1996297310663137,-0.0943693225463855,-2.200000000000003,1
2016_15_TB_DAL,2016,15,2016-12-18,TB,DAL,20.0,26.0,6.0,7.0,0,True,0.4650043883367986,TB,0.5349956116632014,DAL,False,0.05991790898175127,0.026434419433375912,58.6,0.06907267831928812,-0.1520232898236602,64.4,-0.009154769337536853,0.1784577092570361,-5.800000000000004,0
2016_15_CAR_WAS,2016,15,2016-12-19,CAR,WAS,26.0,15.0,-11.0,7.0,0,True,0.7627206966676369,WAS,0.7627206966676369,CAR,False,0.22653174373463134,0.13800478315907247,59.4,-0.11422216140411778,0.008346004645472398,61.8,0.34075390513874915,0.12965877851360008,-2.3999999999999986,0
2016_16_NYG_PHI,2016,16,2016-12-22,NYG,PHI,19.0,24.0,5.0,2.0,1,True,0.45674221601723985,NYG,0.5432577839827601,PHI,False,-0.04534349884697676,0.1506621663687569,74.0,-0.08903887302270275,-0.16895215208544168,58.6,0.043695374175725984,0.3196143184541986,15.399999999999999,0
2016_16_MIA_BUF,2016,16,2016-12-24,MIA,BUF,34.0,31.0,-3.0,4.5,1,True,0.5769780333320529,BUF,0.5769780333320529,MIA,False,0.09011543408202141,0.026805021423797946,59.6,-0.010900544648324906,-0.08849973891672451,55.4,0.10101597873034632,0.11530476034052245,4.200000000000003,-1
2016_16_ATL_CAR,2016,16,2016-12-24,ATL,CAR,33.0,16.0,-17.0,-3.0,1,True,0.38752168592672276,ATL,0.6124783140732772,ATL,True,-0.09659190381702773,-0.0314997457651708,62.4,0.10162113294958419,0.0100519159736593,60.6,-0.19821303676661192,-0.0415516617388301,1.7999999999999972,-1
2016_16_WAS_CHI,2016,16,2016-12-24,WAS,CHI,41.0,21.0,-20.0,-3.0,0,True,0.510388351333068,CHI,0.510388351333068,WAS,False,0.047950236801775147,0.05556303143502408,61.0,0.15696944765594206,0.1445046287427434,59.2,-0.10901921085416691,-0.0889415973077193,1.7999999999999972,1
2016_16_MIN_GB,2016,16,2016-12-24,MIN,GB,25.0,38.0,13.0,6.0,1,True,0.7254375681477802,GB,0.7254375681477802,GB,True,0.1680276019129142,0.03129902516388737,59.2,-0.11317771655134745,-0.06873461297016913,58.6,0.28120531846426167,0.1000336381340565,0.6000000000000014,0
2016_16_TEN_JAX,2016,16,2016-12-24,TEN,JAX,17.0,38.0,21.0,-4.0,1,True,0.3479430472447345,TEN,0.6520569527552655,JAX,False,-0.19236046865762924,-0.09946637746466984,64.2,0.0873813323068126,-0.013488682703599885,60.8,-0.27974180096444184,-0.08597769476106995,3.4000000000000057,0
2016_16_NYJ_NE,2016,16,2016-12-24,NYJ,NE,3.0,41.0,38.0,17.0,1,True,0.7970812682813441,NE,0.7970812682813441,NE,True,0.09146197354679528,-0.14392672246298358,69.4,-0.1376578459585569,0.08795369671136864,63.6,0.22911981950535218,-0.2318804191743522,5.800000000000004,-1
2016_16_SF_LA,2016,16,2016-12-24,SF,LA,22.0,21.0,-1.0,6.0,1,True,0.3656792707040654,SF,0.6343207292959345,SF,True,-0.3229869981236767,0.10257785704137465,56.2,-0.05925787402005696,0.17105039358490237,59.6,-0.26372912410361976,-0.06847253654352772,-3.3999999999999986,3
2016_16_TB_NO,2016,16,2016-12-24,TB,NO,24.0,31.0,7.0,3.0,1,True,0.5355649412563399,NO,0.5355649412563399,NO,True,0.042747064003395466,0.001710932283289085,67.2,0.029260758567764972,-0.053153617717335525,62.6,0.013486305435630494,0.05486455000062461,4.600000000000001,0
2016_16_ARI_SEA,2016,16,2016-12-24,ARI,SEA,34.0,31.0,-3.0,9.0,1,True,0.6129077408423663,SEA,0.6129077408423663,ARI,False,-0.0318084005032218,-0.13110588809521134,63.0,-0.0132200259478918,0.025624719136230566,64.2,-0.01858837455533,-0.15673060723144192,-1.2000000000000028,3
2016_16_CIN_HOU,2016,16,2016-12-24,CIN,HOU,10.0,12.0,2.0,3.0,0,True,0.5014688099685791,HOU,0.5014688099685791,HOU,True,-0.08335553432657208,-0.05944936469445659,68.4,0.0010249317607638753,-0.02549404055500353,66.0,-0.08438046608733596,-0.033955324139453055,2.4000000000000057,0
2016_16_BAL_PIT,2016,16,2016-12-25,BAL,PIT,27.0,31.0,4.0,5.5,1,True,0.7112627275587069,PIT,0.7112627275587069,PIT,True,0.16654877223414558,-0.1540882071763239,63.4,0.034408271552704046,-0.003298735326492891,61.6,0.13214050068144154,-0.15078947184983102,1.7999999999999972,0
2016_16_DEN_KC,2016,16,2016-12-25,DEN,KC,10.0,33.0,23.0,3.5,1,True,0.6094051312075103,KC,0.6094051312075103,KC,True,0.044485469480355255,0.0012864830367314783,55.8,-0.12474436127986258,-0.15075318027122261,67.2,0.16922983076021783,0.1520396633079541,-11.400000000000006,0
2016_16_DET_DAL,2016,16,2016-12-26,DET,DAL,21.0,42.0,21.0,6.5,0,True,0.5980631741252251,DAL,0.5980631741252251,DAL,True,0.009451773767988244,-0.019536453471127653,60.4,-0.06580354112336581,-0.06927083633523526,61.2,0.07525531489135405,0.049734382864107606,-0.8000000000000043,0
2016_17_BAL_CIN,2016,17,2017-01-01,BAL,CIN,10.0,27.0,17.0,-2.5,1,True,0.5507892241405338,CIN,0.5507892241405338,CIN,True,-0.002841972267874776,-0.0683848253730246,64.6,0.026241306943986863,-0.006233908523667853,65.8,-0.02908327921186164,-0.06215091684935674,-1.2000000000000028,1
2016_17_JAX_IND,2016,17,2017-01-01,JAX,IND,20.0,24.0,4.0,5.5,1,True,0.6412981042205944,IND,0.6412981042205944,IND,True,0.03727222022120343,-0.013518584612172035,62.2,-0.1256592765057758,-0.0940695260838424,65.6,0.16293149672697924,0.08055094147167037,-3.3999999999999915,0
2016_17_NE_MIA,2016,17,2017-01-01,NE,MIA,35.0,14.0,-21.0,-7.5,1,True,0.42883076585438934,NE,0.5711692341456107,NE,True,0.06896134195335515,0.005760004838107502,57.2,0.0779246207022284,-0.2115149480697812,69.0,-0.008963278748873246,0.2172749529078887,-11.799999999999997,0
2016_17_CHI_MIN,2016,17,2017-01-01,CHI,MIN,10.0,38.0,28.0,6.0,1,True,0.4866297963507756,CHI,0.5133702036492245,MIN,False,-0.07736239656605068,0.011056298489340016,63.0,0.03289131609700323,0.09787326247780877,62.6,-0.11025371266305391,-0.08681696398846875,0.3999999999999986,0
2016_17_BUF_NYJ,2016,17,2017-01-01,BUF,NYJ,10.0,30.0,20.0,-3.5,1,True,0.2723244288342898,BUF,0.7276755711657101,NYJ,False,-0.19147168864881844,0.12288776722899124,63.0,0.13398158365173013,0.10866000975586754,64.8,-0.32545327230054855,0.0142277574731237,-1.7999999999999972,0
2016_17_DAL_PHI,2016,17,2017-01-01,DAL,PHI,13.0,27.0,14.0,6.5,1,True,0.4326631356568289,DAL,0.5673368643431711,PHI,False,-0.040633923834621534,0.11660220892705778,69.8,0.05489139628433913,-0.0385968702285092,57.4,-0.09552532011896067,0.15519907915556697,12.399999999999999,4
2016_17_CLE_PIT,2016,17,2017-01-01,CLE,PIT,24.0,27.0,3.0,3.5,1,True,0.836950140570789,PIT,0.836950140570789,PIT,True,0.17352634157652833,-0.09581448814383348,60.8,-0.14200304377008982,0.13286146084562883,61.2,0.3155293853466181,-0.2286759489894623,-0.4000000000000057,-1
2016_17_CAR_TB,2016,17,2017-01-01,CAR,TB,16.0,17.0,1.0,3.5,1,True,0.6669905869762598,TB,0.6669905869762598,TB,True,0.015284244352803452,-0.03993558810701305,59.4,-0.11099283180431292,0.017874916839299676,63.4,0.12627707615711636,-0.05781050494631273,-4.0,0
2016_17_HOU_TEN,2016,17,2017-01-01,HOU,TEN,17.0,24.0,7.0,3.0,1,True,0.6037505499684054,TEN,0.6037505499684054,TEN,True,-0.008599034483097429,-0.005829696278740632,61.8,-0.14070897695350676,-0.11731903190638415,65.0,0.13210994247040933,0.11148933562764352,-3.200000000000003,0
2016_17_NO_ATL,2016,17,2017-01-01,NO,ATL,32.0,38.0,6.0,7.5,1,True,0.6483006606781723,ATL,0.6483006606781723,ATL,True,0.16596145607641719,-0.04326015037448287,63.2,0.07923319986385483,0.04230527498261878,66.0,0.08672825621256236,-0.08556542535710165,-2.799999999999997,0
2016_17_ARI_LA,2016,17,2017-01-01,ARI,LA,44.0,6.0,-38.0,-7.0,1,True,0.2189998798091337,ARI,0.7810001201908663,ARI,True,-0.32552796491375335,0.11689919179068567,55.6,0.051426070109059994,0.0487883378158054,61.4,-0.3769540350228133,0.06811085397488026,-5.799999999999997,0
2016_17_SEA_SF,2016,17,2017-01-01,SEA,SF,25.0,23.0,-2.0,-11.5,1,True,0.46008602844697927,SEA,0.5399139715530208,SEA,True,-0.06362469083455659,0.07952137966281923,60.8,-0.06157385248476701,-0.09262694821787495,66.8,-0.0020508383497895785,0.17214832788069417,-6.0,0
2016_17_NYG_WAS,2016,17,2017-01-01,NYG,WAS,19.0,10.0,-9.0,10.0,1,True,0.61858451942757,WAS,0.61858451942757,NYG,False,0.14028829986371075,0.10498758186062715,59.4,-0.1219956731325819,-0.19392233657734118,63.8,0.26228397299629264,0.2989099184379683,-4.399999999999999,-2
2016_17_GB_DET,2016,17,2017-01-01,GB,DET,31.0,24.0,-7.0,-3.5,1,True,0.3338160713290521,GB,0.6661839286709479,GB,True,-0.02163754733324767,0.0605305779621131,64.0,0.1675134715112089,-0.04370294701513192,57.8,-0.18915101884445656,0.10423352497724503,6.200000000000003,-2
2017_01_KC_NE,2017,1,2017-09-07,KC,NE,42.0,27.0,-15.0,8.0,0,True,0.6490959305210635,NE,0.6490959305210635,KC,False,0.11843212849047277,-0.23485286023761306,67.8,0.0899868307710651,-0.09474906688410403,57.2,0.028445297719407667,-0.14010379335350903,10.599999999999994,0
2017_01_NYJ_BUF,2017,1,2017-09-10,NYJ,BUF,12.0,21.0,9.0,7.0,1,True,0.70866602435475,BUF,0.70866602435475,BUF,True,0.029606054169155994,0.07898982843146701,66.8,-0.20438662427962334,0.019678820287657838,64.0,0.23399267844877933,0.05931100814380917,2.799999999999997,0
2017_01_ATL_CHI,2017,1,2017-09-10,ATL,CHI,23.0,17.0,-6.0,-6.5,0,True,0.3319077543354538,ATL,0.6680922456645462,ATL,True,-0.015178752925507105,0.07039553916176737,59.2,0.21245072680885962,-0.004200130205218778,61.8,-0.22762947973436673,0.07459566936698615,-2.5999999999999943,0
2017_01_BAL_CIN,2017,1,2017-09-10,BAL,CIN,20.0,0.0,-20.0,2.5,1,True,0.5987071742261135,CIN,0.5987071742261135,BAL,False,0.0384877965117475,-0.07144703171581288,63.2,0.02317910060119859,0.035095860255954424,66.4,0.015308695910548915,-0.1065428919717673,-3.200000000000003,0
2017_01_PIT_CLE,2017,1,2017-09-10,PIT,CLE,21.0,18.0,-3.0,-10.0,1,True,0.3147512406564374,PIT,0.6852487593435626,PIT,True,-0.09505353380347584,0.1095706356697774,64.2,0.09694785068705909,-0.05390635371160442,64.6,-0.19200138449053494,0.16347698938138183,-0.3999999999999915,0
2017_01_ARI_DET,2017,1,2017-09-10,ARI,DET,23.0,35.0,12.0,-2.5,0,True,0.4044569137820361,ARI,0.5955430862179639,DET,False,0.02031610899643481,0.13565034549293004,65.2,0.06425264626142065,-0.1349673243335781,62.4,-0.04393653726498584,0.27061766982650814,2.8000000000000043,0
2017_01_JAX_HOU,2017,1,2017-09-10,JAX,HOU,29.0,7.0,-22.0,5.5,1,True,0.5739273058556221,HOU,0.5739273058556221,JAX,False,-0.1073631756574277,-0.1527255145519683,66.6,-0.12552654575600036,-0.1165788964574751,67.0,0.018163370098572662,-0.03614661809449321,-0.4000000000000057,0
2017_01_PHI_WAS,2017,1,2017-09-10,PHI,WAS,30.0,17.0,-13.0,-2.0,1,True,0.5612807625866244,WAS,0.5612807625866244,PHI,False,0.014844859810453392,0.024983114714452182,55.6,-0.04307765494688125,-0.006616705109384113,73.2,0.05792251475733464,0.03159981982383629,-17.6,0
2017_01_IND_LA,2017,1,2017-09-10,IND,LA,9.0,46.0,37.0,3.5,0,True,0.14051491010181272,IND,0.8594850898981873,LA,False,-0.4319174988534689,0.06875531536180308,56.8,0.07337652941367698,-0.08584091139359892,62.4,-0.5052940282671459,0.15459622675540202,-5.600000000000001,0
2017_01_SEA_GB,2017,1,2017-09-10,SEA,GB,9.0,17.0,8.0,2.5,0,True,0.623692737301962,GB,0.623692737301962,GB,True,0.16499093123980574,-0.020320386682643077,58.8,0.026026032589329905,-0.11637501456605218,67.2,0.13896489865047584,0.0960546278834091,-8.400000000000006,0
2017_01_CAR_SF,2017,1,2017-09-10,CAR,SF,23.0,3.0,-20.0,-4.5,0,True,0.5395796721442165,SF,0.5395796721442165,CAR,False,-0.11630626053643756,0.05289957278124263,57.8,-0.14011049719105137,-0.015863160645575684,65.4,0.023804236654613814,0.06876273342681832,-7.6000000000000085,0
2017_01_NYG_DAL,2017,1,2017-09-10,NYG,DAL,3.0,19.0,16.0,6.0,1,True,0.5612259681270312,DAL,0.5612259681270312,DAL,True,-0.06799474975446235,-0.10106478708294694,57.4,-0.14305045424788068,-0.18511045353504338,67.0,0.07505570449341833,0.08404566645209643,-9.600000000000001,0
2017_01_NO_MIN,2017,1,2017-09-11,NO,MIN,19.0,29.0,10.0,3.0,0,True,0.5601746199933324,MIN,0.5601746199933324,MIN,True,-0.033717307128114465,-0.028024539253406866,64.2,0.05732276745187568,0.16616067392472914,67.2,-0.09104007457999014,-0.194185213178136,-3.0,0
2017_01_LAC_DEN,2017,1,2017-09-11,LAC,DEN,21.0,24.0,3.0,3.0,1,True,0.4649966226686511,LAC,0.535003377331349,DEN,False,-0.2061263691509489,-0.1702825151513866,60.2,-0.02796856306777825,0.0017250089120879192,60.2,-0.17815780608317064,-0.17200752406347453,0.0,0
2017_02_HOU_CIN,2017,2,2017-09-14,HOU,CIN,13.0,9.0,-4.0,5.5,0,True,0.618954621238621,CIN,0.618954621238621,HOU,False,-0.09934847160068869,-0.07571250134340206,62.2,-0.2098268601187375,-0.13411604840540664,67.6,0.11047838851804881,0.05840354706200458,-5.3999999999999915,0
2017_02_CLE_BAL,2017,2,2017-09-17,CLE,BAL,10.0,24.0,14.0,7.5,1,True,0.6146696147043867,BAL,0.6146696147043867,BAL,True,-0.0331926722376474,-0.020732646026447244,65.2,-0.05352110719605739,0.10060692440898515,62.6,0.02032843495840999,-0.12133957043543239,2.6000000000000014,0
2017_02_BUF_CAR,2017,2,2017-09-17,BUF,CAR,3.0,9.0,6.0,6.5,0,True,0.52141677969222,CAR,0.52141677969222,CAR,True,-0.09201290689262917,-0.14791924142536916,66.4,0.030311626920069844,0.012795637443035645,66.8,-0.12232453381269902,-0.1607148788684048,-0.3999999999999915,0
2017_02_ARI_IND,2017,2,2017-09-17,ARI,IND,16.0,13.0,-3.0,-7.0,0,True,0.43207767073005215,ARI,0.5679223292699478,ARI,True,-0.09105862845162879,-0.007060471009813751,58.6,-0.03493267749144212,-0.17452446318769146,62.0,-0.056125950960186674,0.16746399217787772,-3.3999999999999986,0
2017_02_TEN_JAX,2017,2,2017-09-17,TEN,JAX,37.0,16.0,-21.0,-1.0,1,True,0.6379120627633823,JAX,0.6379120627633823,TEN,False,-0.040834255766332,-0.17230519403478575,62.4,-0.06253692956127993,0.007614274437634632,61.8,0.021702673794947933,-0.17991946847242038,0.6000000000000014,0
2017_02_PHI_KC,2017,2,2017-09-17,PHI,KC,20.0,27.0,7.0,4.0,0,True,0.6778534813869214,KC,0.6778534813869214,KC,True,0.08969574233072895,-0.10211438898333133,60.6,-0.04294717120397109,-0.09220306274476808,70.4,0.13264291353470004,-0.00991132623856325,-9.800000000000004,3
2017_02_NE_NO,2017,2,2017-09-17,NE,NO,36.0,20.0,-16.0,-5.5,0,True,0.4239090558075134,NE,0.5760909441924866,NE,True,0.10758818380554473,0.18685546116423057,67.8,0.09127855430551388,-0.0890691552249246,67.8,0.016309629500030856,0.27592461638915516,0.0,-4
2017_02_MIN_PIT,2017,2,2017-09-17,MIN,PIT,9.0,26.0,17.0,8.5,0,True,0.6223706474619007,PIT,0.6223706474619007,PIT,True,0.08884011676427442,-0.024379134508139434,61.0,0.043965354208139004,0.030123010155126584,62.4,0.044874762556135414,-0.054502144663266014,-1.3999999999999986,1
2017_02_CHI_TB,2017,2,2017-09-17,CHI,TB,7.0,29.0,22.0,7.0,0,True,0.6783862594435366,TB,0.6783862594435366,TB,True,-0.016344335230611462,0.002504958775710242,59.8,-0.02448853544369551,0.17651553973819967,60.4,0.008144200213084048,-0.17401058096248942,-0.6000000000000014,7
2017_02_MIA_LAC,2017,2,2017-09-17,MIA,LAC,19.0,17.0,-2.0,3.5,0,True,0.5082668333500338,LAC,0.5082668333500338,MIA,False,-0.04337873070091893,-0.03313168842422892,60.8,-0.006487102498417985,0.04178898222284164,57.0,-0.03689162820250095,-0.07492067064707056,3.799999999999997,-8
2017_02_DAL_DEN,2017,2,2017-09-17,DAL,DEN,17.0,42.0,25.0,-2.5,0,True,0.4344593756100677,DAL,0.5655406243899324,DEN,False,-0.15085170321014585,-0.11234771501521265,62.8,-0.015612150754777319,-0.11341279709346794,61.8,-0.13523955245536853,0.0010650820782552861,1.0,-1
2017_02_WAS_LA,2017,2,2017-09-17,WAS,LA,27.0,20.0,-7.0,3.0,0,True,0.3292770448396353,WAS,0.6707229551603646,WAS,True,-0.3434402346785698,-0.06409182202160627,59.4,-0.04945899320694046,-0.02733283837950573,56.6,-0.29398124147162935,-0.036758983642100534,2.799999999999997,0
2017_02_SF_SEA,2017,2,2017-09-17,SF,SEA,9.0,12.0,3.0,13.5,1,True,0.6408068180475155,SEA,0.6408068180475155,SEA,True,-0.07543653219893401,-0.05906276796584594,62.6,-0.14033060906603714,0.033201894289866044,57.8,0.06489407686710313,-0.09226466225571198,4.800000000000004,0
2017_02_GB_ATL,2017,2,2017-09-17,GB,ATL,23.0,34.0,11.0,3.5,0,True,0.6371344818706631,ATL,0.6371344818706631,ATL,True,0.26710210816031477,-0.07339356683957446,58.8,0.1724463918569787,-0.062288579584458145,61.6,0.09465571630333608,-0.011104987255116314,-2.8000000000000043,0
2017_02_DET_NYG,2017,2,2017-09-18,DET,NYG,24.0,10.0,-14.0,3.0,0,True,0.6216037704021874,NYG,0.6216037704021874,DET,False,-0.11421002152588997,-0.1744252246177515,66.6,-0.048088588084409564,0.10698284033332808,65.8,-0.0661214334414804,-0.2814080649510796,0.7999999999999972,0
2017_03_LA_SF,2017,3,2017-09-21,LA,SF,41.0,39.0,-2.0,-3.0,1,True,0.5985796669533784,SF,0.5985796669533784,LA,False,-0.1785403397267755,0.009409408804837763,56.4,-0.283892616888379,-0.07097021462026862,55.6,0.10535227716160353,0.08037962342510638,0.7999999999999972,0
2017_03_DEN_BUF,2017,3,2017-09-24,DEN,BUF,16.0,26.0,10.0,-3.5,0,True,0.5749303159729511,BUF,0.5749303159729511,BUF,True,-0.022035827850155253,-0.025521757681196945,67.4,-0.11062935517472239,-0.16475296107394474,64.4,0.08859352732456713,0.1392312033927478,3.0,0
2017_03_NO_CAR,2017,3,2017-09-24,NO,CAR,34.0,13.0,-21.0,5.5,1,True,0.5337960997779901,CAR,0.5337960997779901,NO,False,-0.0806493067445127,-0.16208624974477953,66.0,0.1418801454123679,0.26052263204108667,68.6,-0.2225294521568806,-0.4226088817858662,-2.5999999999999943,0
2017_03_PIT_CHI,2017,3,2017-09-24,PIT,CHI,17.0,23.0,6.0,-7.0,0,True,0.3165411700664367,PIT,0.6834588299335633,CHI,False,-0.08695600691994108,0.1894011501682902,62.8,0.0755240082370402,-0.06510933426473611,60.4,-0.1624800151569813,0.2545104844330263,2.3999999999999986,0
2017_03_ATL_DET,2017,3,2017-09-24,ATL,DET,30.0,26.0,-4.0,-3.0,0,True,0.2772388605758424,ATL,0.7227611394241575,ATL,True,-0.048711452957166806,0.04171530692812273,64.0,0.2737581732102958,0.00404607875725888,59.0,-0.32246962616746255,0.03766922817086385,5.0,-1
2017_03_CLE_IND,2017,3,2017-09-24,CLE,IND,28.0,31.0,3.0,1.0,0,True,0.5634780221959902,IND,0.5634780221959902,IND,True,-0.09722963134963333,-0.008006637309138327,60.6,-0.07412709658216132,0.06375008252500738,65.2,-0.02310253476747201,-0.07175671983414571,-4.600000000000001,0
2017_03_TB_MIN,2017,3,2017-09-24,TB,MIN,17.0,34.0,17.0,-0.0,0,True,0.5572361280942849,MIN,0.5572361280942849,MIN,True,-0.008014592738563336,0.039392813691506844,62.2,-0.051512439592020134,-0.04792959025746977,61.0,0.0434978468534568,0.08732240394897661,1.2000000000000028,0
2017_03_HOU_NE,2017,3,2017-09-24,HOU,NE,33.0,36.0,3.0,13.5,0,True,0.7724331120432889,NE,0.7724331120432889,NE,True,0.12154512972324483,-0.08821971471968364,69.4,-0.2298227200027454,-0.1725777683645945,67.2,0.3513678497259902,0.08435805364491088,2.200000000000003,-3
2017_03_MIA_NYJ,2017,3,2017-09-24,MIA,NYJ,6.0,20.0,14.0,-5.5,1,True,0.31658775815501655,MIA,0.6834122418449835,NYJ,False,-0.18178232189121307,0.0840164988633767,58.8,0.06810684675051704,0.03799813800319436,58.6,-0.2498891686417301,0.046018360860182336,0.19999999999999574,0
2017_03_NYG_PHI,2017,3,2017-09-24,NYG,PHI,24.0,27.0,3.0,5.0,1,True,0.6173562248344194,PHI,0.6173562248344194,PHI,True,-0.014441356202208998,-0.09952990751457028,68.8,-0.09900933279179147,-0.1158278210230185,65.2,0.08456797658958247,0.016297913508448225,3.5999999999999943,1
2017_03_SEA_TEN,2017,3,2017-09-24,SEA,TEN,27.0,33.0,6.0,2.0,0,True,0.503448447180597,TEN,0.503448447180597,TEN,True,-0.008141900054415735,0.0060826185206607816,61.8,-0.021168039833158077,-0.13659684113715512,64.0,0.013026139778742342,0.1426794596578159,-2.200000000000003,0
2017_03_CIN_GB,2017,3,2017-09-24,CIN,GB,24.0,27.0,3.0,7.0,0,True,0.7604064358767806,GB,0.7604064358767806,GB,True,0.15791744855125742,0.04281078013935524,64.6,-0.19174256729813693,-0.08067960640345626,60.6,0.3496600158493943,0.1234903865428115,3.999999999999993,-3
2017_03_KC_LAC,2017,3,2017-09-24,KC,LAC,24.0,10.0,-14.0,-3.0,1,True,0.4148855339337167,KC,0.5851144660662833,KC,True,0.033343143661584515,0.026742337924044242,58.6,0.14866330736602035,-0.03643807126644934,60.6,-0.11532016370443583,0.06318040919049359,-2.0,0
2017_03_BAL_JAX,2017,3,2017-09-24,BAL,JAX,7.0,44.0,37.0,-3.0,0,True,0.5620744175341692,JAX,0.5620744175341692,JAX,True,-0.06047339752663333,-0.1452450148809628,61.8,-0.046923202665486885,-0.09880446155156412,65.0,-0.013550194861146447,-0.046440553329398684,-3.200000000000003,0
2017_03_DAL_ARI,2017,3,2017-09-25,DAL,ARI,28.0,17.0,-11.0,-3.0,0,True,0.6298073650801765,ARI,0.6298073650801765,DAL,False,0.001995969704549974,-0.17907385807407064,62.2,-0.010584406826818604,-0.031292149818299496,62.0,0.012580376531368578,-0.14778170825577114,0.20000000000000284,0
2017_04_CHI_GB,2017,4,2017-09-28,CHI,GB,14.0,35.0,21.0,7.5,1,True,0.760707007023717,GB,0.760707007023717,GB,True,0.09613472955454898,0.035731388110058784,66.2,-0.13080621013312047,0.1410736197388278,62.6,0.22694093968766943,-0.105342231628769,3.6000000000000014,0
2017_04_BUF_ATL,2017,4,2017-10-01,BUF,ATL,23.0,17.0,-6.0,8.0,0,True,0.7569036347075633,ATL,0.7569036347075633,BUF,False,0.2076554250419314,-0.010114316356925706,58.8,-0.08159193516404976,-0.044902823209592414,66.2,0.2892473602059812,0.03478850685266671,-7.400000000000006,0
2017_04_PIT_BAL,2017,4,2017-10-01,PIT,BAL,26.0,9.0,-17.0,-3.5,1,True,0.3933010973932546,PIT,0.6066989026067454,PIT,True,-0.12475006076123378,-0.03196540668359379,64.8,0.036907870803671874,-0.0717313666420447,59.6,-0.16165793156490565,0.03976595995845091,5.199999999999996,0
2017_04_CIN_CLE,2017,4,2017-10-01,CIN,CLE,31.0,7.0,-24.0,-3.0,1,True,0.5597304162458397,CLE,0.5597304162458397,CIN,False,-0.07986155159202626,0.006452567326965452,68.2,-0.16159378849156264,-0.13275093240407063,61.2,0.08173223689953638,0.13920349973103607,7.0,0
2017_04_LA_DAL,2017,4,2017-10-01,LA,DAL,35.0,30.0,-5.0,5.0,0,True,0.605017336208745,DAL,0.605017336208745,LA,False,-0.006874353346582959,-0.0172602535001194,56.8,-0.13240197523108602,-0.09159033602517544,56.2,0.12552762188450306,0.07433008252505605,0.5999999999999943,-4
2017_04_TEN_HOU,2017,4,2017-10-01,TEN,HOU,14.0,57.0,43.0,-2.5,1,True,0.44125684853616665,TEN,0.5587431514638334,HOU,False,-0.17351692511871106,-0.0772061955548218,65.4,0.005553221467722623,0.03499103604056911,62.4,-0.1790701465864337,-0.11219723159539091,3.000000000000007,0
2017_04_DET_MIN,2017,4,2017-10-01,DET,MIN,14.0,7.0,-7.0,2.5,1,True,0.6820659130597269,MIN,0.6820659130597269,DET,False,0.11569056697877345,-0.004907994714244529,64.4,-0.03495518424671638,0.03710727765396064,65.4,0.15064575122548982,-0.04201527236820517,-1.0,0
2017_04_CAR_NE,2017,4,2017-10-01,CAR,NE,33.0,30.0,-3.0,9.0,0,True,0.7545648938063926,NE,0.7545648938063926,CAR,False,0.1540110305160573,-0.005985155226522104,67.2,-0.1293866190292607,-0.062021146436176254,63.6,0.283397649545318,0.05603599120965415,3.6000000000000014,0
2017_04_JAX_NYJ,2017,4,2017-10-01,JAX,NYJ,20.0,23.0,3.0,-4.0,0,True,0.307738453879178,JAX,0.692261546120822,NYJ,False,-0.12781516197009662,-0.021517527872875954,56.0,0.07251613379906838,-0.1988564535962413,64.8,-0.200331295769165,0.17733892572336535,-8.799999999999997,0
2017_04_SF_ARI,2017,4,2017-10-01,SF,ARI,15.0,18.0,3.0,6.5,1,True,0.6966742855029404,ARI,0.6966742855029404,ARI,True,-0.053532600814799935,-0.20058865076308524,66.0,-0.15974427087069723,0.01363227733093043,60.4,0.1062116700558973,-0.21422092809401566,5.600000000000001,-4
2017_04_PHI_LAC,2017,4,2017-10-01,PHI,LAC,26.0,24.0,-2.0,1.5,0,True,0.5163706282389013,LAC,0.5163706282389013,PHI,False,0.021908965901014477,0.053126438715826486,61.2,-0.005971233477679435,-0.08142292663316905,66.8,0.02788019937869391,0.13454936534899553,-5.599999999999994,0
2017_04_NYG_TB,2017,4,2017-10-01,NYG,TB,23.0,25.0,2.0,2.5,0,True,0.540783276065483,TB,0.540783276065483,TB,True,-0.052768533963062955,0.032461085577044815,59.0,-0.09826364650524651,-0.07857843990890714,65.6,0.04549511254218355,0.11103952548595196,-6.599999999999994,0
2017_04_IND_SEA,2017,4,2017-10-01,IND,SEA,18.0,46.0,28.0,12.5,0,True,0.692197049467107,SEA,0.692197049467107,SEA,True,-0.031249363704416548,-0.04862518042276643,67.6,-0.13567852408723374,0.058802735121173656,59.4,0.10442916038281719,-0.10742791554394009,8.199999999999996,0
2017_04_NO_MIA,2017,4,2017-10-01,NO,MIA,20.0,0.0,-20.0,-4.0,0,True,0.48804674813682997,NO,0.51195325186317,NO,True,0.030393997957507312,0.0779831583580943,59.8,0.15741887421146336,0.18016312514106275,63.8,-0.12702487625395606,-0.10217996678296845,-4.0,0
2017_04_WAS_KC,2017,4,2017-10-02,WAS,KC,20.0,29.0,9.0,6.5,0,True,0.6656791841661327,KC,0.6656791841661327,KC,True,0.17934371863904155,-0.06155599497636094,59.4,0.004955928891272795,-0.13576204977989997,62.2,0.17438778974776875,0.07420605480353903,-2.8000000000000043,0
2017_05_NE_TB,2017,5,2017-10-05,NE,TB,19.0,14.0,-5.0,-3.5,0,True,0.4418882864128301,NE,0.5581117135871698,NE,True,-0.008332152103715901,0.024310446375676226,59.4,0.1679573626589071,0.12645312952392115,67.2,-0.176289514762623,-0.10214268314824493,-7.800000000000004,0
2017_05_BUF_CIN,2017,5,2017-10-08,BUF,CIN,16.0,20.0,4.0,3.0,0,True,0.5762262497534919,CIN,0.5762262497534919,CIN,True,-0.1055486741610944,-0.1484677462104133,61.2,-0.11560943046809306,-0.1262963563287931,59.8,0.010060756306998667,-0.022171389881620207,1.4000000000000057,0
2017_05_NYJ_CLE,2017,5,2017-10-08,NYJ,CLE,17.0,14.0,-3.0,-1.5,0,True,0.48021048763167784,NYJ,0.5197895123683222,NYJ,True,-0.1279572547721787,0.018570721506795538,67.2,-0.07709796105601112,-0.07640085984084559,58.6,-0.05085929371616758,0.09497158134764112,8.600000000000001,0
2017_05_CAR_DET,2017,5,2017-10-08,CAR,DET,27.0,24.0,-3.0,2.0,0,True,0.5566148773948434,DET,0.5566148773948434,CAR,False,-0.06022135026054167,-0.12003647832141637,64.6,-0.03493378083606469,-0.07611539440993002,62.2,-0.025287569424476984,-0.043921083911486344,2.3999999999999915,0
2017_05_SF_IND,2017,5,2017-10-08,SF,IND,23.0,26.0,3.0,-1.0,0,True,0.5165705393123731,IND,0.5165705393123731,IND,True,-0.20776440552371014,0.07146984055870684,60.4,-0.175353378253985,0.04821904348096921,62.6,-0.03241102726972514,0.023250797077737625,-2.200000000000003,0
2017_05_TEN_MIA,2017,5,2017-10-08,TEN,MIA,10.0,16.0,6.0,-0.0,0,True,0.5192927828949131,MIA,0.5192927828949131,MIA,True,-0.06682854423571319,0.1639393175322244,60.0,-0.07383595878861507,0.05859366681425724,57.6,0.0070074145529018805,0.10534565071796717,2.3999999999999986,0
2017_05_LAC_NYG,2017,5,2017-10-08,LAC,NYG,27.0,22.0,-5.0,3.0,0,True,0.5169776714315604,NYG,0.5169776714315604,LAC,False,-0.08398250962289723,-0.04540446593635702,63.4,0.04718234910698278,0.11143383495100027,59.0,-0.13116485872988,-0.15683830088735728,4.399999999999999,0
2017_05_ARI_PHI,2017,5,2017-10-08,ARI,PHI,7.0,34.0,27.0,6.0,0,True,0.6006719982323446,PHI,0.6006719982323446,PHI,True,0.056035243202446704,-0.0350259289022566,70.6,-0.09143878461577856,-0.22311426872388176,70.4,0.14747402781822527,0.18808833982162515,0.19999999999998863,0
2017_05_JAX_PIT,2017,5,2017-10-08,JAX,PIT,30.0,9.0,-21.0,7.5,0,True,0.5329061589923055,PIT,0.5329061589923055,JAX,False,0.017009847267751045,-0.14509612462107108,63.8,0.02008708481075286,-0.18876079137297666,66.0,-0.0030772375430018137,0.043664666751905584,-2.200000000000003,0
2017_05_SEA_LA,2017,5,2017-10-08,SEA,LA,16.0,10.0,-6.0,2.0,1,True,0.43937567706599145,SEA,0.5606243229340085,SEA,True,-0.047301584625407275,-0.04918157687240929,58.4,0.030104280131840556,-0.12065542398048816,64.4,-0.07740586475724784,0.07147384710807887,-6.000000000000007,0
2017_05_GB_DAL,2017,5,2017-10-08,GB,DAL,35.0,31.0,-4.0,2.5,0,True,0.38941061172105074,GB,0.6105893882789493,GB,True,-0.058434639244212404,0.007002309604784302,59.4,0.10572610775910826,0.002650143352197662,65.0,-0.16416074700332067,0.00435216625258664,-5.600000000000001,-3
2017_05_KC_HOU,2017,5,2017-10-08,KC,HOU,42.0,34.0,-8.0,-2.0,0,True,0.4193618288809984,KC,0.5806381711190016,KC,True,-0.08442069240433965,-0.15901390540429744,69.6,0.1784293458319855,0.003658403927559101,59.2,-0.26285003823632513,-0.16267230933185653,10.399999999999991,1
2017_05_MIN_CHI,2017,5,2017-10-09,MIN,CHI,20.0,17.0,-3.0,-3.5,1,True,0.33901714247129944,MIN,0.6609828575287006,MIN,True,-0.14828553668795327,0.1157451718339817,62.0,0.03294764417056136,-0.05697409858086956,60.2,-0.18123318085851464,0.17271927041485124,1.7999999999999972,3
2017_06_PHI_CAR,2017,6,2017-10-12,PHI,CAR,28.0,23.0,-5.0,3.0,0,True,0.5189880423573591,CAR,0.5189880423573591,PHI,False,0.014593480280141046,-0.0785057262765249,60.8,0.08986025355491811,-0.0002247660570104726,68.0,-0.07526677327477707,-0.07828096021951443,-7.200000000000003,0
2017_06_MIA_ATL,2017,6,2017-10-15,MIA,ATL,20.0,17.0,-3.0,14.0,0,True,0.8284155460425713,ATL,0.8284155460425713,MIA,False,0.13043875777394137,0.033236305926028976,61.0,-0.19818576697181567,0.040867772609635034,58.4,0.32862452474575704,-0.007631466683606057,2.6000000000000014,7
2017_06_CHI_BAL,2017,6,2017-10-15,CHI,BAL,27.0,24.0,-3.0,5.5,0,True,0.6331238867093197,BAL,0.6331238867093197,CHI,False,-0.1295852917961873,-0.11049807201003554,62.0,-0.11740017177329169,0.07843994914964625,61.6,-0.01218512002289561,-0.18893802115968178,0.3999999999999986,1
2017_06_CLE_HOU,2017,6,2017-10-15,CLE,HOU,17.0,33.0,16.0,7.5,0,True,0.6790139201553385,HOU,0.6790139201553385,HOU,True,-0.03747457792874865,-0.0891802232952616,66.8,-0.14744053903678428,-0.010817339751875788,65.8,0.10996596110803564,-0.0783628835433858,1.0,0
2017_06_GB_MIN,2017,6,2017-10-15,GB,MIN,10.0,23.0,13.0,-3.0,1,True,0.44978372529029487,GB,0.5502162747097051,MIN,False,-0.004357578513774081,-0.026088733666207998,61.8,0.10959167442449509,0.0025754774377844793,63.0,-0.11394925293826917,-0.028664211103992476,-1.2000000000000028,-1
2017_06_DET_NO,2017,6,2017-10-15,DET,NO,38.0,52.0,14.0,6.0,0,True,0.7090815841913605,NO,0.7090815841913605,NO,True,0.14519681369521922,0.10507457312155129,64.6,-0.12529757694968321,-0.1602590884198801,63.0,0.27049439064490244,0.2653336615414314,1.5999999999999943,7
2017_06_NE_NYJ,2017,6,2017-10-15,NE,NYJ,24.0,17.0,-7.0,-9.0,1,True,0.41730201157573543,NE,0.5826979884242646,NE,True,-0.08093927434854883,-0.008214159756754236,56.2,0.11142116796718209,0.1541294823189036,67.8,-0.1923604423157309,-0.16234364207565785,-11.599999999999994,-3
2017_06_SF_WAS,2017,6,2017-10-15,SF,WAS,24.0,26.0,2.0,12.0,0,True,0.7051541468288686,WAS,0.7051541468288686,WAS,True,-0.049312467551950664,-0.0959266906829851,59.4,-0.13039577756403342,0.03341365088578919,65.2,0.08108331001208276,-0.12934034156877428,-5.800000000000004,6
2017_06_TB_ARI,2017,6,2017-10-15,TB,ARI,33.0,38.0,5.0,-2.5,0,True,0.47564603798518934,TB,0.5243539620148107,ARI,False,-0.12072082212791002,-0.027625093342063728,69.0,-0.03105897744482252,-0.008915921801713664,61.2,-0.0896618446830875,-0.018709171540350063,7.799999999999997,-3
2017_06_LA_JAX,2017,6,2017-10-15,LA,JAX,27.0,17.0,-10.0,1.0,0,True,0.5854508237317821,JAX,0.5854508237317821,LA,False,0.02857306318070147,-0.24786580839146094,62.4,0.06845445346741433,-0.10573207764877321,61.0,-0.03988139028671286,-0.14213373074268773,1.3999999999999986,0
2017_06_PIT_KC,2017,6,2017-10-15,PIT,KC,19.0,13.0,-6.0,3.5,0,True,0.695858554230724,KC,0.695858554230724,PIT,False,0.21074588970981947,0.026399856780768706,62.0,-0.04748633441852283,-0.13276664271504604,65.2,0.2582322241283423,0.15916649949581474,-3.200000000000003,0
2017_06_NYG_DEN,2017,6,2017-10-15,NYG,DEN,23.0,10.0,-13.0,14.0,0,True,0.7552311463209148,DEN,0.7552311463209148,NYG,False,-0.0203979341372094,-0.2415615648455856,65.8,-0.08634936996309521,0.027597429032007247,63.0,0.0659514358258858,-0.26915899387759284,2.799999999999997,7
2017_06_IND_TEN,2017,6,2017-10-16,IND,TEN,22.0,36.0,14.0,7.0,1,True,0.6315948903183922,TEN,0.6315948903183922,TEN,True,-0.13912184685659326,-0.009944377255106596,57.6,-0.20432172038406454,0.07991986100684768,61.8,0.06519987352747128,-0.08986423826195428,-4.199999999999996,0
2017_07_TB_BUF,2017,7,2017-10-22,TB,BUF,27.0,30.0,3.0,3.0,0,True,0.5926150548229625,BUF,0.5926150548229625,BUF,True,-0.0625344360623575,-0.11598473350233393,60.8,0.018401217829831208,0.02389064505627077,62.4,-0.08093565389218871,-0.1398753785586047,-1.6000000000000014,7
2017_07_CAR_CHI,2017,7,2017-10-22,CAR,CHI,3.0,17.0,14.0,-2.5,0,True,0.4506808432277097,CAR,0.5493191567722904,CHI,False,-0.14573377170884028,-0.051533407465762626,63.8,-0.019092858528463708,0.0031687821000006985,64.8,-0.12664091318037657,-0.05470218956576332,-1.0,-3
2017_07_TEN_CLE,2017,7,2017-10-22,TEN,CLE,12.0,9.0,-3.0,-5.5,0,True,0.5068895109256086,CLE,0.5068895109256086,TEN,False,-0.1860657986110578,-0.03017287030048622,65.8,-0.1265997154749791,-0.06027244615295513,58.2,-0.05946608313607868,0.030099575852468908,7.599999999999994,1
2017_07_NO_GB,2017,7,2017-10-22,NO,GB,26.0,17.0,-9.0,-3.5,0,True,0.4881582277553554,NO,0.5118417722446447,NO,True,0.03311296265631902,0.012396373440488545,61.8,0.08179373726772995,-0.04642610942319918,62.8,-0.04868077461141093,0.05882248286368772,-1.0,0
2017_07_JAX_IND,2017,7,2017-10-22,JAX,IND,27.0,0.0,-27.0,-3.0,1,True,0.33683463283509907,JAX,0.6631653671649009,JAX,True,-0.10390265683493408,0.088057098993592,63.6,0.0038636844539281802,-0.16868515377124543,64.0,-0.10776634128886226,0.2567422527648374,-0.3999999999999986,-1
2017_07_ARI_LA,2017,7,2017-10-22,ARI,LA,0.0,33.0,33.0,3.0,1,True,0.6076670578454735,LA,0.6076670578454735,LA,True,0.020639107143279895,0.0026033450456937625,59.6,-0.05756549320234332,0.014986077643536483,66.4,0.07820460034562321,-0.01238273259784272,-6.800000000000004,0
2017_07_NYJ_MIA,2017,7,2017-10-22,NYJ,MIA,28.0,31.0,3.0,3.0,1,True,0.4422920285433066,NYJ,0.5577079714566934,MIA,False,-0.16735410831443573,-0.019137284056690313,59.6,-0.0358473482126518,0.009213278652835725,59.8,-0.13150676010178391,-0.028350562709526038,-0.19999999999999574,0
2017_07_BAL_MIN,2017,7,2017-10-22,BAL,MIN,16.0,24.0,8.0,5.0,0,True,0.6668868469675023,MIN,0.6668868469675023,MIN,True,-0.10809781013304051,-0.12286236578009144,63.4,-0.19757459377515668,-0.03139208857825095,64.2,0.08947678364211617,-0.09147027720184048,-0.8000000000000043,0
2017_07_DAL_SF,2017,7,2017-10-22,DAL,SF,40.0,10.0,-30.0,-6.5,0,True,0.47284554540312973,DAL,0.5271544545968703,DAL,True,-0.037587624354607066,0.04046789913728737,68.4,0.02729358796962189,0.07158764835171091,63.4,-0.06488121232422896,-0.031119749214423544,5.000000000000007,-7
2017_07_DEN_LAC,2017,7,2017-10-22,DEN,LAC,0.0,21.0,21.0,-1.0,1,True,0.5606445544418291,LAC,0.5606445544418291,LAC,True,0.06209974955895688,0.049427840382665136,61.8,-0.06625352340128685,-0.15021647179809378,67.4,0.12835327296024374,0.1996443121807589,-5.6000000000000085,0
2017_07_SEA_NYG,2017,7,2017-10-22,SEA,NYG,24.0,7.0,-17.0,-4.0,0,True,0.44176256990133905,SEA,0.558237430098661,SEA,True,-0.06845550976234613,-0.04293594675514549,63.4,-0.038468861028888635,-0.13758446077445277,64.6,-0.029986648733457494,0.09464851401930728,-1.1999999999999957,-7
2017_07_CIN_PIT,2017,7,2017-10-22,CIN,PIT,14.0,29.0,15.0,4.0,1,True,0.6079932710560959,PIT,0.6079932710560959,PIT,True,-0.008714018130929563,-0.13279009256819038,67.2,-0.13978489303109623,-0.14836868857173566,60.4,0.13107087490016667,0.015578596003545275,6.800000000000004,-7
2017_07_ATL_NE,2017,7,2017-10-22,ATL,NE,7.0,23.0,16.0,3.0,0,True,0.6081114958099859,NE,0.6081114958099859,NE,True,0.15979685555440795,0.0859708009022666,65.6,0.061584390199191465,0.001030523380674166,60.4,0.0982124653552165,0.08494027752159243,5.199999999999996,0
2017_07_WAS_PHI,2017,7,2017-10-23,WAS,PHI,24.0,34.0,10.0,5.0,1,True,0.6063014588541112,PHI,0.6063014588541112,PHI,True,0.09897851409135197,0.010890672051477524,66.8,0.010761787563434749,-0.07108935306458519,62.6,0.08821672652791722,0.08198002511606271,4.199999999999996,3
2017_08_MIA_BAL,2017,8,2017-10-26,MIA,BAL,0.0,40.0,40.0,3.0,0,True,0.5218316087862089,BAL,0.5218316087862089,BAL,True,-0.22349881872151042,0.0020494710497006062,63.6,-0.20335155975768077,-0.04866129264795938,59.2,-0.020147258963829656,0.05071076369765999,4.399999999999999,0
2017_08_IND_CIN,2017,8,2017-10-29,IND,CIN,23.0,24.0,1.0,11.0,0,True,0.708436653113489,CIN,0.708436653113489,CIN,True,-0.07487311107740433,-0.12519464481940093,58.8,-0.13391705164392934,0.14454157484495703,63.0,0.05904394056652501,-0.26973621966435796,-4.200000000000003,0
2017_08_LAC_NE,2017,8,2017-10-29,LAC,NE,13.0,21.0,8.0,6.5,0,True,0.6188911547345055,NE,0.6188911547345055,NE,True,0.1412627179287803,0.09005536511003334,64.0,-0.0019979304308201827,-0.05024652534399367,62.0,0.1432606483596005,0.14030189045402702,2.0,0
2017_08_CHI_NO,2017,8,2017-10-29,CHI,NO,12.0,20.0,8.0,7.5,0,True,0.7566875696523527,NO,0.7566875696523527,NO,True,0.10957433685839313,-0.09771337249451328,65.4,-0.1639603149769736,-0.13612965164734098,58.2,0.27353465183536674,0.03841627915282769,7.200000000000003,0
2017_08_ATL_NYJ,2017,8,2017-10-29,ATL,NYJ,25.0,20.0,-5.0,-6.5,0,True,0.5558203061173133,NYJ,0.5558203061173133,ATL,False,-0.03909176999855951,-0.08420730554816987,59.6,0.02588604833641623,0.04486801665045938,61.0,-0.06497781833497573,-0.12907532219862924,-1.3999999999999986,0
2017_08_SF_PHI,2017,8,2017-10-29,SF,PHI,10.0,33.0,23.0,13.0,0,True,0.7191993392184274,PHI,0.7191993392184274,PHI,True,0.11900419754329146,-0.014517419818687826,65.0,-0.03420214470393867,0.12113865245939444,71.8,0.15320634224723012,-0.13565607227808227,-6.799999999999997,-1
2017_08_CAR_TB,2017,8,2017-10-29,CAR,TB,17.0,3.0,-14.0,1.5,1,True,0.6025572626388405,TB,0.6025572626388405,CAR,False,0.048717872211427926,0.10441717017576654,63.4,-0.08287208576898678,-0.01121308895040447,65.6,0.1315899579804147,0.11563025912617102,-2.1999999999999957,0
2017_08_HOU_SEA,2017,8,2017-10-29,HOU,SEA,38.0,41.0,3.0,6.0,0,True,0.5010384594300968,SEA,0.5010384594300968,SEA,True,0.019733217536288834,-0.205214794955708,69.0,0.05313375253613898,-0.16847360799947436,65.4,-0.03340053499985014,-0.03674118695623363,3.5999999999999943,-7
2017_08_DAL_WAS,2017,8,2017-10-29,DAL,WAS,33.0,19.0,-14.0,-3.0,1,True,0.5601336379596965,WAS,0.5601336379596965,DAL,False,0.06948012716059718,-0.020410528152602574,62.6,0.0800106150851512,0.0564125239518958,63.4,-0.010530487924554022,-0.07682305210449837,-0.7999999999999972,-1
2017_08_PIT_DET,2017,8,2017-10-29,PIT,DET,20.0,15.0,-5.0,-3.0,0,True,0.4505246013827345,PIT,0.5494753986172656,PIT,True,-0.1782069125532098,-0.13394326095587528,64.0,-0.0023515304900023183,-0.1312893713821827,66.8,-0.1758553820632075,-0.002653889573692586,-2.799999999999997,7
2017_08_MIN_CLE,2017,8,2017-10-29,MIN,CLE,33.0,16.0,-17.0,-11.0,0,True,0.41300813658475183,MIN,0.5869918634152482,MIN,True,-0.1983103286251762,-0.06350206473003094,65.8,-0.07659448795287496,-0.15797696920503562,64.2,-0.12171584067230123,0.09447490447500469,1.5999999999999943,0
2017_08_DEN_KC,2017,8,2017-10-30,DEN,KC,19.0,29.0,10.0,7.0,1,True,0.6803070673379831,KC,0.6803070673379831,KC,True,0.14753883058120648,0.10591259719207832,61.8,-0.13854588689393604,-0.16229432272372452,65.8,0.2860847174751425,0.2682069199158028,-4.0,3
2017_09_BUF_NYJ,2017,9,2017-11-02,BUF,NYJ,21.0,34.0,13.0,-3.0,1,True,0.46403035245405017,BUF,0.5359696475459499,NYJ,False,-0.043573573661089916,-0.02894715553180287,59.4,0.03474037285992631,-0.048356114384168356,62.6,-0.07831394652101623,0.019408958852365484,-3.200000000000003,0
2017_09_ATL_CAR,2017,9,2017-11-05,ATL,CAR,17.0,20.0,3.0,-3.0,1,True,0.5732329085100495,CAR,0.5732329085100495,CAR,True,-0.061744095962485035,-0.12080636115011845,66.0,-0.021214309640794248,0.01909402394845954,62.0,-0.04052978632169078,-0.139900385098578,4.0,0
2017_09_IND_HOU,2017,9,2017-11-05,IND,HOU,20.0,14.0,-6.0,6.0,1,True,0.811904311190053,HOU,0.811904311190053,IND,False,0.11568698468298888,-0.08057183047575563,66.8,-0.14023260508469074,0.1458371400319411,64.8,0.2559195897676796,-0.2264089705076967,2.0,0
2017_09_CIN_JAX,2017,9,2017-11-05,CIN,JAX,7.0,23.0,16.0,6.0,0,True,0.7400295940765614,JAX,0.7400295940765614,JAX,True,0.07850519090442767,-0.26667433475114943,64.4,-0.014257394203202683,-0.10788204122311221,56.6,0.09276258510763036,-0.15879229352803723,7.800000000000004,7
2017_09_TB_NO,2017,9,2017-11-05,TB,NO,10.0,30.0,20.0,7.0,1,True,0.6987409260698434,NO,0.6987409260698434,NO,True,0.08644723533944311,-0.18964227005675077,64.4,0.005007682067934982,0.03409079421734216,65.8,0.08143955327150813,-0.22373306427409292,-1.3999999999999915,0
2017_09_LA_NYG,2017,9,2017-11-05,LA,NYG,51.0,17.0,-34.0,-5.5,0,True,0.39889940119412876,LA,0.6011005988058713,LA,True,-0.08265791629049649,-0.02141945782064745,63.8,0.060475372637281775,-0.09964879563503957,65.4,-0.14313328892777827,0.07822933781439212,-1.6000000000000085,0
2017_09_DEN_PHI,2017,9,2017-11-05,DEN,PHI,23.0,51.0,28.0,7.0,0,True,0.7689897655260417,PHI,0.7689897655260417,PHI,True,0.11071662251790755,-0.09020454978555661,63.6,-0.19757160817350466,-0.15219682102640902,65.6,0.3082882306914122,0.06199227124085241,-1.999999999999993,1
2017_09_BAL_TEN,2017,9,2017-11-05,BAL,TEN,20.0,23.0,3.0,3.0,0,True,0.47411349681477183,BAL,0.5258865031852282,TEN,False,-0.20465715932314538,-0.08904852347867212,59.4,-0.1206974265652095,-0.16137535072283565,64.8,-0.08395973275793588,0.07232682724416353,-5.399999999999999,4
2017_09_WAS_SEA,2017,9,2017-11-05,WAS,SEA,17.0,14.0,-3.0,8.0,0,True,0.6480832536808545,SEA,0.6480832536808545,WAS,False,0.0569780912699148,-0.12305468872633071,66.4,0.010157588297795178,-0.010526440031534865,60.6,0.04682050297211962,-0.11252824869479584,5.800000000000004,0
2017_09_ARI_SF,2017,9,2017-11-05,ARI,SF,20.0,10.0,-10.0,-2.5,1,True,0.5332014619682252,SF,0.5332014619682252,ARI,False,-0.1123723775205288,0.040898927583379915,69.6,-0.12584003797810356,0.08296387806260364,63.0,0.013467660457574762,-0.04206495047922372,6.599999999999994,-7
2017_09_KC_DAL,2017,9,2017-11-05,KC,DAL,17.0,28.0,11.0,2.0,0,True,0.6697933958198611,DAL,0.6697933958198611,DAL,True,0.1568617275259717,0.0074706076408040615,62.8,0.07015640070127101,0.09566842679422646,63.2,0.08670532682470068,-0.0881978191534224,-0.4000000000000057,1
2017_09_DET_GB,2017,9,2017-11-06,DET,GB,30.0,17.0,-13.0,-2.5,1,True,0.7029584694630064,GB,0.7029584694630064,DET,False,0.027411845116674945,0.023064782288540427,58.2,-0.1787549479588353,-0.07806702478686768,66.6,0.20616679307551022,0.10113180707540811,-8.399999999999991,7
2017_10_SEA_ARI,2017,10,2017-11-09,SEA,ARI,22.0,16.0,-6.0,-6.0,1,True,0.32974490228381986,SEA,0.6702550977161801,SEA,True,-0.13127104427090378,0.0014114663060263767,62.0,0.03394603733089775,-0.16497956636398467,67.0,-0.16521708160180154,0.16639103267001104,-5.0,0
2017_10_NO_BUF,2017,10,2017-11-12,NO,BUF,47.0,10.0,-37.0,-2.0,0,True,0.42781462666385217,NO,0.5721853733361478,NO,True,-0.004418632508607639,0.0030914604969385084,64.4,0.06489987792755672,-0.20204232286829155,64.4,-0.06931851043616435,0.20513378336523005,0.0,3
2017_10_GB_CHI,2017,10,2017-11-12,GB,CHI,23.0,16.0,-7.0,4.5,1,True,0.5197676979265561,CHI,0.5197676979265561,GB,False,-0.16446716698354477,-0.1471100047701659,59.0,0.034500294568486925,0.0636244018431654,56.8,-0.1989674615520317,-0.2107344066133313,2.200000000000003,8
2017_10_CLE_DET,2017,10,2017-11-12,CLE,DET,24.0,38.0,14.0,10.5,0,True,0.62603297194716,DET,0.62603297194716,DET,True,-0.10089893613608777,-0.08726083709843306,66.8,-0.2282555528979066,-0.05900044413801477,63.8,0.12735661676181884,-0.02826039296041829,3.0,-8
2017_10_PIT_IND,2017,10,2017-11-12,PIT,IND,20.0,17.0,-3.0,-10.5,0,True,0.3521464080390205,PIT,0.6478535919609796,PIT,True,-0.08934598737303398,0.0587035902637973,65.2,0.006206961735286164,-0.12100600452550041,66.4,-0.09555294910832014,0.1797095947892977,-1.2000000000000028,-7
2017_10_LAC_JAX,2017,10,2017-11-12,LAC,JAX,17.0,20.0,3.0,5.0,0,True,0.5692740785382694,JAX,0.5692740785382694,JAX,True,0.04486746727492173,-0.20436579965858495,66.8,0.060899706882606305,-0.05538027044348093,58.8,-0.016032239607684573,-0.14898552921510402,8.0,-7
2017_10_NYJ_TB,2017,10,2017-11-12,NYJ,TB,10.0,15.0,5.0,1.0,0,True,0.4334827263946337,NYJ,0.5665172736053663,TB,False,-0.06262779266544674,0.06145765097517005,65.0,0.013283759001384232,-0.04301833715142623,57.6,-0.07591155166683097,0.10447598812659628,7.399999999999999,-3
2017_10_CIN_TEN,2017,10,2017-11-12,CIN,TEN,20.0,24.0,4.0,4.5,0,True,0.43903387793908794,CIN,0.5609661220609121,TEN,False,-0.21851384387089995,-0.1106582261305542,56.4,-0.05470572923536733,-0.06849510410197357,51.8,-0.16380811463553263,-0.042163122028580635,4.600000000000001,0
2017_10_MIN_WAS,2017,10,2017-11-12,MIN,WAS,38.0,30.0,-8.0,-1.0,0,True,0.45398086240927615,MIN,0.5460191375907238,MIN,True,-0.050662459844887445,0.08651789340322671,59.6,-0.12975462528822052,-0.18130430716927814,66.6,0.07909216544333307,0.26782220057250483,-6.999999999999993,-7
2017_10_HOU_LA,2017,10,2017-11-12,HOU,LA,7.0,33.0,26.0,12.0,0,True,0.5692142313314351,LA,0.5692142313314351,LA,True,0.07371723668957275,-0.12433713079244697,65.6,0.06945692086471432,-0.10104506031612774,66.8,0.004260315824858432,-0.023292070476319232,-1.2000000000000028,0
2017_10_DAL_ATL,2017,10,2017-11-12,DAL,ATL,7.0,27.0,20.0,3.5,0,True,0.361888851394,DAL,0.638111148606,ATL,False,-0.04520627143979618,0.025599662052187132,60.6,0.17889311836421856,0.02837268778629844,67.0,-0.22409938980401473,-0.0027730257341113083,-6.399999999999999,0
2017_10_NYG_SF,2017,10,2017-11-12,NYG,SF,21.0,31.0,10.0,-3.0,0,True,0.5322258121202045,SF,0.5322258121202045,SF,True,-0.14955184721250991,0.04237422865796033,68.4,-0.10486314859818253,0.06377455608227414,64.0,-0.04468869861432738,-0.02140032742431381,4.400000000000006,0
2017_10_NE_DEN,2017,10,2017-11-12,NE,DEN,41.0,16.0,-25.0,-7.0,0,True,0.29679485608025136,NE,0.7032051439197486,NE,True,-0.22784495014013584,-0.11109459701393258,64.4,0.13715214205514448,0.10160948276009085,68.2,-0.3649970921952803,-0.21270407977402345,-3.799999999999997,-7
2017_10_MIA_CAR,2017,10,2017-11-13,MIA,CAR,21.0,45.0,24.0,8.0,0,True,0.656742992649505,CAR,0.656742992649505,CAR,True,-0.14154542109571228,-0.18403820269550009,66.6,-0.17419931911825506,-0.01718915320429575,62.8,0.03265389802254279,-0.16684904949120433,3.799999999999997,0
2017_11_TEN_PIT,2017,11,2017-11-16,TEN,PIT,17.0,40.0,23.0,7.0,0,True,0.6140442302307036,PIT,0.6140442302307036,PIT,True,-0.004617179920313546,-0.09179153781018594,64.4,-0.1253269046173937,-0.19286994058048182,65.2,0.12070972469708016,0.10107840277029588,-0.7999999999999972,0
2017_11_DET_CHI,2017,11,2017-11-19,DET,CHI,27.0,24.0,-3.0,-3.0,1,True,0.5036919079157751,CHI,0.5036919079157751,DET,False,-0.1689845741965577,-0.16455278083572886,57.6,-0.0630964177590497,-0.03393934899278937,63.0,-0.10588815643750801,-0.1306134318429395,-5.399999999999999,0
2017_11_JAX_CLE,2017,11,2017-11-19,JAX,CLE,19.0,7.0,-12.0,-7.5,0,True,0.2977446901857245,JAX,0.7022553098142754,JAX,True,-0.18776718287511907,-0.06615859328911747,67.0,0.052211213576994056,-0.2095997355276098,68.4,-0.2399783964521131,0.14344114223849233,-1.4000000000000057,0
2017_11_BAL_GB,2017,11,2017-11-19,BAL,GB,23.0,0.0,-23.0,-2.5,0,True,0.46972654879772174,BAL,0.5302734512022782,BAL,True,0.017057518502923964,0.059106994630152496,59.2,-0.06959992146944152,-0.18609206703896153,66.8,0.08665743997236548,0.24519906166911404,-7.599999999999994,-7
2017_11_ARI_HOU,2017,11,2017-11-19,ARI,HOU,21.0,31.0,10.0,2.5,0,True,0.6292754180206032,HOU,0.6292754180206032,HOU,True,-0.04532301831682446,0.029863729392426264,63.8,-0.1562641594856853,0.022433306745299718,61.0,0.11094114116886085,0.007430422647126546,2.799999999999997,-3
2017_11_TB_MIA,2017,11,2017-11-19,TB,MIA,30.0,20.0,-10.0,-1.0,0,True,0.49021579364212414,TB,0.5097842063578759,TB,True,-0.08364887834629561,0.15909707318233943,61.8,-0.09013415880202469,0.01624959664689659,64.8,0.0064852804557290755,0.14284747653544283,-3.0,-1
2017_11_LA_MIN,2017,11,2017-11-19,LA,MIN,7.0,24.0,17.0,1.0,0,True,0.4712487093273826,LA,0.5287512906726174,MIN,False,-0.004759688971865361,-0.15724322268769617,67.4,0.062205140627594656,-0.2270543754481631,64.8,-0.06696482959946001,0.06981115276046693,2.6000000000000085,0
2017_11_WAS_NO,2017,11,2017-11-19,WAS,NO,31.0,34.0,3.0,9.5,0,True,0.8034893702656903,NO,0.8034893702656903,NO,True,0.12482963304423411,-0.20538217772527828,64.4,-0.059318908896112424,0.10453646601748323,64.2,0.18414854194034652,-0.3099186437427615,0.20000000000000284,0
2017_11_KC_NYG,2017,11,2017-11-19,KC,NYG,9.0,12.0,3.0,-10.0,0,True,0.41033295203032516,KC,0.5896670479696748,NYG,False,-0.08315752398696186,0.10578582752298024,61.4,0.044081346394106116,0.12284301248698645,59.8,-0.12723887038106796,-0.01705718496400621,1.6000000000000014,-7
2017_11_BUF_LAC,2017,11,2017-11-19,BUF,LAC,24.0,54.0,30.0,7.0,0,True,0.7054641740424155,LAC,0.7054641740424155,LAC,True,-0.005857439712898366,-0.12565825679802436,61.4,-0.07120239098144567,0.11512729562135063,62.0,0.0653449512685473,-0.240785552419375,-0.6000000000000014,0
2017_11_CIN_DEN,2017,11,2017-11-19,CIN,DEN,20.0,17.0,-3.0,2.5,0,True,0.48396267977704605,CIN,0.516037320222954,CIN,True,-0.2216811997907155,-0.02818053450097019,64.6,-0.11830976382883518,-0.026955622364156905,49.2,-0.10337143596188031,-0.0012249121368132845,15.399999999999991,0
2017_11_PHI_DAL,2017,11,2017-11-19,PHI,DAL,37.0,9.0,-28.0,-6.0,1,True,0.42794362931293595,PHI,0.572056370687064,PHI,True,0.10971567668503204,0.009286505380191929,65.8,0.09928493762267884,-0.17659134469730028,62.4,0.0104307390623532,0.18587785007749222,3.3999999999999986,-7
2017_11_ATL_SEA,2017,11,2017-11-20,ATL,SEA,34.0,31.0,-3.0,1.0,0,True,0.6234345787528986,SEA,0.6234345787528986,ATL,False,-0.028911384026882554,-0.1558486218220231,66.0,-0.008007637166353753,-0.01928368052213717,59.0,-0.020903746860528802,-0.13656494129988594,7.0,3
2017_12_MIN_DET,2017,12,2017-11-23,MIN,DET,30.0,23.0,-7.0,-2.5,1,True,0.44545465019442904,MIN,0.554545349805571,MIN,True,-0.0034537500435621177,-0.03673074657694482,63.2,0.03808608167741055,-0.16664412206396267,68.4,-0.04153983172097267,0.12991337548701787,-5.200000000000003,0
2017_12_LAC_DAL,2017,12,2017-11-23,LAC,DAL,28.0,6.0,-22.0,-1.0,0,True,0.45849174310775304,LAC,0.5415082568922469,LAC,True,-0.014385902531430062,-0.0013700824861477613,63.8,0.0276218733176253,-0.15004029023835114,61.0,-0.042007775849055365,0.14867020775220338,2.799999999999997,0
2017_12_NYG_WAS,2017,12,2017-11-23,NYG,WAS,10.0,20.0,10.0,7.0,1,True,0.5810888359111802,WAS,0.5810888359111802,WAS,True,-0.0024212434354364378,0.13952961036460423,63.6,-0.08316117090909134,0.06313853674187682,61.4,0.0807399274736549,0.07639107362272742,2.200000000000003,0
2017_12_TB_ATL,2017,12,2017-11-26,TB,ATL,20.0,34.0,14.0,10.5,1,True,0.6401715858949617,ATL,0.6401715858949617,ATL,True,0.021680579996053828,-0.011970296625445713,59.2,-0.10311819480535185,-0.00261226436596257,63.6,0.12479877480140568,-0.009358032259483142,-4.399999999999999,-1
2017_12_CLE_CIN,2017,12,2017-11-26,CLE,CIN,16.0,30.0,14.0,7.5,1,True,0.6537626805842892,CIN,0.6537626805842892,CIN,True,-0.12269687280142642,-0.035183185268186416,47.4,-0.30011087019224714,-0.08292323032466276,63.8,0.1774139973908207,0.04774004505647634,-16.4,0
2017_12_TEN_IND,2017,12,2017-11-26,TEN,IND,20.0,16.0,-4.0,-3.0,1,True,0.4729801396696645,TEN,0.5270198603303355,TEN,True,-0.11981092947075951,0.045543635034327706,62.0,-0.07774559759319737,-0.0863378638758128,65.0,-0.042065331877562145,0.1318814989101405,-3.0,4
2017_12_BUF_KC,2017,12,2017-11-26,BUF,KC,16.0,10.0,-6.0,8.5,0,True,0.6352041902666229,KC,0.6352041902666229,BUF,False,-0.04066622439639683,0.0657636235999928,59.2,-0.0841362041730553,0.17059577956988545,61.0,0.043469979776658466,-0.10483215596989265,-1.7999999999999972,0
2017_12_MIA_NE,2017,12,2017-11-26,MIA,NE,17.0,35.0,18.0,17.0,1,True,0.8020304367998826,NE,0.8020304367998826,NE,True,0.1913855347360896,0.04030540192579195,66.6,-0.09686853177972735,0.15898722879813856,61.2,0.288254066515817,-0.11868182687234662,5.3999999999999915,0
2017_12_CAR_NYJ,2017,12,2017-11-26,CAR,NYJ,35.0,27.0,-8.0,-5.5,0,True,0.5808215008410635,NYJ,0.5808215008410635,CAR,False,-0.0026132978070961487,-0.05974745130354257,60.8,-0.06874927509022294,-0.1321080263903087,68.2,0.06613597728312678,0.07236057508676612,-7.400000000000006,1
2017_12_CHI_PHI,2017,12,2017-11-26,CHI,PHI,3.0,31.0,28.0,14.0,0,True,0.784472538436721,PHI,0.784472538436721,PHI,True,0.11938867815079432,-0.24976585954517422,61.8,-0.12695597208461787,-0.1360999196689579,58.4,0.2463446502354122,-0.11366593987621632,3.3999999999999986,0
2017_12_SEA_SF,2017,12,2017-11-26,SEA,SF,24.0,13.0,-11.0,-7.0,1,True,0.41270621251440315,SEA,0.5872937874855968,SEA,True,-0.10834361128099768,0.06760561997839361,65.4,0.028980162117721486,-0.08052587744536115,67.0,-0.13732377339871915,0.14813149742375475,-1.5999999999999943,8
2017_12_JAX_ARI,2017,12,2017-11-26,JAX,ARI,24.0,27.0,3.0,-6.5,0,True,0.29963753946080174,JAX,0.7003624605391983,ARI,False,-0.16936985297022794,-0.013411669718306925,59.8,-0.0066836271952135096,-0.2765178648511037,73.0,-0.16268622577501443,0.26310619513279676,-13.200000000000003,0
2017_12_NO_LA,2017,12,2017-11-26,NO,LA,20.0,26.0,6.0,2.5,0,True,0.4766533032184154,NO,0.5233466967815845,LA,False,0.07438953047483395,-0.1398248313920783,61.6,0.20062822595558974,-0.06846586565576526,64.2,-0.12623869548075578,-0.07135896573631303,-2.6000000000000014,0
2017_12_GB_PIT,2017,12,2017-11-26,GB,PIT,28.0,31.0,3.0,14.0,0,True,0.8043008461960747,PIT,0.8043008461960747,PIT,True,0.08526855276826033,-0.14321761765325836,62.4,-0.1628780794509438,-0.005489506275220307,60.8,0.24814663221920413,-0.13772811137803806,1.6000000000000014,3
2017_12_HOU_BAL,2017,12,2017-11-27,HOU,BAL,16.0,23.0,7.0,7.5,0,True,0.592897910228839,BAL,0.592897910228839,BAL,True,-0.14596526277008662,-0.2650811041769171,65.6,-0.08495694326175349,-0.060544054709313365,65.6,-0.06100831950833313,-0.20453704946760373,0.0,0
2017_13_WAS_DAL,2017,13,2017-11-30,WAS,DAL,14.0,38.0,24.0,-1.5,1,True,0.4196887228938038,WAS,0.5803112771061962,DAL,False,-0.13776395187962823,0.12239217077474573,59.8,-0.04773553481743181,0.027168545972895242,64.6,-0.09002841706219641,0.0952236248018505,-4.799999999999997,0
2017_13_MIN_ATL,2017,13,2017-12-03,MIN,ATL,14.0,9.0,-5.0,2.0,0,True,0.44822450866276353,MIN,0.5517754913372365,MIN,True,0.06532687669082674,-0.04741215892502744,60.6,0.11770164584294282,-0.1283752787045252,68.6,-0.052374769152116085,0.08096311977949776,-7.999999999999993,-3
2017_13_DET_BAL,2017,13,2017-12-03,DET,BAL,20.0,44.0,24.0,2.5,0,True,0.5683349406477467,BAL,0.5683349406477467,BAL,True,-0.07258559691362684,-0.2668725689124232,64.0,0.04051543620682218,0.03129652493762939,58.6,-0.11310103312044903,-0.29816909385005264,5.399999999999999,-4
2017_13_NE_BUF,2017,13,2017-12-03,NE,BUF,23.0,3.0,-20.0,-7.5,1,True,0.251839766795167,NE,0.7481602332048329,NE,True,-0.13400172800659632,0.08000892046959003,60.8,0.17603789931364847,-0.015246255629522958,66.8,-0.3100396273202448,0.09525517609911299,-6.0,0
2017_13_SF_CHI,2017,13,2017-12-03,SF,CHI,15.0,14.0,-1.0,2.5,0,True,0.5691408143075637,CHI,0.5691408143075637,SF,False,-0.1909004045250362,-0.03287874742505008,53.2,-0.1652745559356105,0.07278585733404483,64.6,-0.02562584858942571,-0.10566460475909491,-11.399999999999991,0
2017_13_TB_GB,2017,13,2017-12-03,TB,GB,20.0,26.0,6.0,3.0,0,True,0.5920603982756851,GB,0.5920603982756851,GB,True,-0.050125462405973674,0.06642315431669767,58.6,-0.12032868112164716,0.02125650182796578,63.2,0.07020321871567348,0.04516665248873189,-4.600000000000001,0
2017_13_IND_JAX,2017,13,2017-12-03,IND,JAX,10.0,30.0,20.0,10.0,1,True,0.738231222786934,JAX,0.738231222786934,JAX,True,-0.04344035973795379,-0.27090267726899936,71.2,-0.13881589045294318,0.014102979865706595,62.8,0.09537553071498939,-0.28500565713470594,8.400000000000006,0
2017_13_DEN_MIA,2017,13,2017-12-03,DEN,MIA,9.0,35.0,26.0,-1.0,0,True,0.49516095896352036,DEN,0.5048390410364796,MIA,False,-0.13866194327841827,0.16892571212075064,60.0,-0.1598867585727617,-0.001373446706597891,65.4,0.02122481529434342,0.17029915882734853,-5.400000000000006,0
2017_13_KC_NYJ,2017,13,2017-12-03,KC,NYJ,31.0,38.0,7.0,-3.5,0,True,0.6402785183271864,NYJ,0.6402785183271864,NYJ,True,-0.02650466126484381,-0.09490536808559139,58.8,-0.07493615708509434,0.011287435777426778,60.0,0.048431495820250525,-0.10619280386301816,-1.2000000000000028,0
2017_13_HOU_TEN,2017,13,2017-12-03,HOU,TEN,13.0,24.0,11.0,7.0,1,True,0.5739068141983318,TEN,0.5739068141983318,TEN,True,-0.10918625276181848,-0.10534282485799648,62.0,-0.09029024480957597,-0.0031788955361570182,66.0,-0.018896007952242513,-0.10216392932183946,-4.0,1
2017_13_CLE_LAC,2017,13,2017-12-03,CLE,LAC,10.0,19.0,9.0,13.5,0,True,0.8345828370052961,LAC,0.8345828370052961,LAC,True,0.10184804575777093,-0.18021134859940457,60.8,-0.20516021755371247,-0.02939202982653475,64.4,0.3070082633114834,-0.15081931877286983,-3.6000000000000085,3
2017_13_LA_ARI,2017,13,2017-12-03,LA,ARI,32.0,16.0,-16.0,-7.5,1,True,0.26504374268907493,LA,0.7349562573109251,LA,True,-0.20331819244262675,-0.07706522738843576,62.8,0.12060399615119952,-0.11497421515943751,64.8,-0.32392218859382627,0.037908987771001754,-2.0,0
2017_13_CAR_NO,2017,13,2017-12-03,CAR,NO,21.0,31.0,10.0,5.5,1,True,0.6605908609425454,NO,0.6605908609425454,NO,True,0.16384794905447536,-0.06584010146933525,60.2,-0.028827741868058265,-0.15143211342704482,65.8,0.19267569092253362,0.08559201195770957,-5.599999999999994,0
2017_13_PHI_SEA,2017,13,2017-12-03,PHI,SEA,10.0,24.0,14.0,-3.5,0,True,0.36061002188206,PHI,0.63938997811794,SEA,False,0.02752927521513033,-0.06134321305804291,65.6,0.14110633450879953,-0.29796965713934814,64.0,-0.11357705929366921,0.23662644408130523,1.5999999999999943,0
2017_13_PIT_CIN,2017,13,2017-12-04,PIT,CIN,23.0,20.0,-3.0,-4.5,1,True,0.3897132880009428,PIT,0.6102867119990572,PIT,True,-0.05142963401288936,-0.015381371677652406,48.8,0.07876142362128573,-0.07740614292276934,64.4,-0.1301910576341751,0.06202477124511694,-15.600000000000009,0
2017_14_NO_ATL,2017,14,2017-12-07,NO,ATL,17.0,20.0,3.0,2.5,1,True,0.4009771689095936,NO,0.5990228310904064,ATL,False,0.05600764781079692,-0.022825838202231875,58.2,0.20314056274925507,-0.05433724265418762,61.0,-0.14713291493845815,0.03151140445195574,-2.799999999999997,0
2017_14_IND_BUF,2017,14,2017-12-10,IND,BUF,7.0,13.0,6.0,3.5,0,True,0.3931056519459803,IND,0.6068943480540197,BUF,False,-0.21496759549995526,0.1576825639321186,61.2,-0.09356492508956091,0.021450599650623403,62.2,-0.12140267041039435,0.1362319642814952,-1.0,0
2017_14_MIN_CAR,2017,14,2017-12-10,MIN,CAR,24.0,31.0,7.0,-2.5,0,True,0.44284648910431607,MIN,0.557153510895684,CAR,False,0.042424631556941005,-0.06037562757219731,62.6,0.14210955434489736,-0.11292012328075196,67.8,-0.09968492278795635,0.05254449570855465,-5.199999999999996,0
2017_14_CHI_CIN,2017,14,2017-12-10,CHI,CIN,33.0,7.0,-26.0,6.0,0,True,0.6856387687513469,CIN,0.6856387687513469,CHI,False,-0.014077759610246154,0.013615260573084386,50.6,-0.15369552268162895,0.07557869023269156,53.6,0.1396177630713828,-0.061963429659607175,-3.0,-1
2017_14_GB_CLE,2017,14,2017-12-10,GB,CLE,27.0,21.0,-6.0,-2.5,0,True,0.44202586238527286,GB,0.5579741376147271,GB,True,-0.1745634236676009,0.044509799008873245,62.6,-0.04977851734764803,0.019065503858476114,59.0,-0.12478490631995286,0.02544429515039713,3.6000000000000014,0
2017_14_SF_HOU,2017,14,2017-12-10,SF,HOU,26.0,16.0,-10.0,1.0,0,True,0.5291620887131219,HOU,0.5291620887131219,SF,False,-0.11082738406661563,0.016992726182664557,66.8,-0.09957462940130091,-0.02611066686721456,66.0,-0.011252754665314724,0.04310339304987912,0.7999999999999972,0
2017_14_DAL_NYG,2017,14,2017-12-10,DAL,NYG,30.0,10.0,-20.0,-4.0,1,True,0.5724106984680456,NYG,0.5724106984680456,DAL,False,-0.11634123518751438,0.06736234644556344,62.4,-0.14131420317570154,0.12636291025018667,60.2,0.024972967988187156,-0.059000563804623235,2.1999999999999957,-3
2017_14_DET_TB,2017,14,2017-12-10,DET,TB,24.0,21.0,-3.0,-0.0,0,True,0.47741233137648104,DET,0.5225876686235189,DET,True,-0.0645222268189233,0.04833704612372046,65.4,0.03879953737197753,0.05075521743857534,57.0,-0.10332176419090083,-0.002418171314854882,8.400000000000006,0
2017_14_TEN_ARI,2017,14,2017-12-10,TEN,ARI,7.0,12.0,5.0,-2.5,0,True,0.47136836323243836,TEN,0.5286316367675616,ARI,False,-0.17464157512391182,-0.12088984079976521,65.8,-0.023320912903203962,-0.03544331762801805,58.4,-0.15132066222070786,-0.08544652317174717,7.399999999999999,0
2017_14_NYJ_DEN,2017,14,2017-12-10,NYJ,DEN,0.0,23.0,23.0,-1.0,0,True,0.3768544386029287,NYJ,0.6231455613970713,DEN,False,-0.20400467838073433,0.0033731410418991413,64.8,0.009692281578247313,0.008831990850354087,65.4,-0.21369695995898164,-0.005458849808454945,-0.6000000000000085,0
2017_14_WAS_LAC,2017,14,2017-12-10,WAS,LAC,13.0,30.0,17.0,6.0,0,True,0.7541271188988093,LAC,0.7541271188988093,LAC,True,0.16155860916702963,-0.13113435121219114,63.2,-0.04376479534199089,0.02361829467682191,65.0,0.20532340450902054,-0.15475264588901305,-1.7999999999999972,-3
2017_14_SEA_JAX,2017,14,2017-12-10,SEA,JAX,24.0,30.0,6.0,3.0,0,True,0.561950581689663,JAX,0.561950581689663,JAX,True,-0.03609273995303699,-0.2256517119056171,71.6,0.027009192390380687,-0.10559664998937265,64.6,-0.06310193234341768,-0.12005506191624443,7.0,0
2017_14_PHI_LA,2017,14,2017-12-10,PHI,LA,43.0,35.0,-8.0,-1.0,0,True,0.4535977957586203,PHI,0.5464022042413796,PHI,True,0.07677938273987006,-0.08629759784072252,60.6,0.09134129927101478,-0.27937052887847635,66.8,-0.01456191653114472,0.19307293103775383,-6.199999999999996,0
2017_14_BAL_PIT,2017,14,2017-12-10,BAL,PIT,38.0,39.0,1.0,6.0,1,True,0.5082786144746344,PIT,0.5082786144746344,PIT,True,0.08890656354515356,-0.0021646499634989714,64.0,-0.016210964704083307,-0.2748303151313556,63.6,0.10511752824923687,0.2726656651678566,0.3999999999999986,-1
2017_14_NE_MIA,2017,14,2017-12-11,NE,MIA,20.0,27.0,7.0,-10.0,1,True,0.26130329010929926,NE,0.7386967098907007,MIA,False,-0.08446775292739805,0.070335943694569,59.6,0.18202073794339088,-0.07867862394809337,67.2,-0.26648849087078896,0.14901456764266235,-7.600000000000001,0
2017_15_DEN_IND,2017,15,2017-12-14,DEN,IND,25.0,13.0,-12.0,-3.0,0,True,0.5429510859870148,IND,0.5429510859870148,DEN,False,-0.11462704716734698,-0.011032511226611535,61.4,-0.17050231213173733,-0.14171482601623864,66.2,0.05587526496439035,0.1306823147896271,-4.800000000000004,0
2017_15_CHI_DET,2017,15,2017-12-16,CHI,DET,10.0,20.0,10.0,5.0,1,True,0.6041901817379454,DET,0.6041901817379454,DET,True,0.009265297488337817,0.051003449489246525,56.0,-0.07242361386599047,0.029179444853087655,54.6,0.08168891135432829,0.02182400463615887,1.3999999999999986,0
2017_15_LAC_KC,2017,15,2017-12-16,LAC,KC,13.0,30.0,17.0,1.0,1,True,0.35225862947454684,LAC,0.6477413705254531,KC,False,0.02719653532341615,0.018930028905839984,59.6,0.1303853780313435,-0.20690007392316648,67.0,-0.10318884270792736,0.22583010282900645,-7.399999999999999,0
2017_15_MIA_BUF,2017,15,2017-12-17,MIA,BUF,16.0,24.0,8.0,3.5,1,True,0.4179157034763515,MIA,0.5820842965236486,BUF,False,-0.2039715730654826,0.09173795341065788,60.2,-0.09910332756657372,-0.003910351853732985,60.6,-0.10486824549890889,0.09564830526439086,-0.3999999999999986,1
2017_15_GB_CAR,2017,15,2017-12-17,GB,CAR,24.0,31.0,7.0,3.0,0,True,0.6335006331251626,CAR,0.6335006331251626,CAR,True,0.07685054919537249,-0.03186691991651542,62.4,-0.0010831327517199286,-0.004204257246552073,62.0,0.07793368194709241,-0.027662662669963346,0.3999999999999986,0
2017_15_BAL_CLE,2017,15,2017-12-17,BAL,CLE,27.0,10.0,-17.0,-6.5,1,True,0.3308362505449971,BAL,0.6691637494550029,BAL,True,-0.11367419637764602,0.08175311920089634,62.0,0.034240617961944456,-0.12333022644412535,63.8,-0.14791481433959047,0.20508334564502168,-1.7999999999999972,0
2017_15_HOU_JAX,2017,15,2017-12-17,HOU,JAX,7.0,45.0,38.0,10.5,1,True,0.7054912196588488,JAX,0.7054912196588488,JAX,True,-0.0211437364494803,-0.1888691280933925,68.4,-0.11061922031674473,0.02908363451095286,66.2,0.08947548386726444,-0.21795276260434537,2.200000000000003,0
2017_15_CIN_MIN,2017,15,2017-12-17,CIN,MIN,7.0,34.0,27.0,12.5,0,True,0.736847700118914,MIN,0.736847700118914,MIN,True,0.11655453559691917,-0.06197957004098964,66.4,-0.046012842984929705,0.04668157754879553,54.2,0.1625673785818489,-0.10866114758978518,12.200000000000003,0
2017_15_NYJ_NO,2017,15,2017-12-17,NYJ,NO,19.0,31.0,12.0,16.5,0,True,0.7749792983423873,NO,0.7749792983423873,NO,True,0.17356756843162996,-0.01375090477821187,60.0,-0.09054815962727722,0.003347143130487179,63.4,0.26411572805890715,-0.017098047908699048,-3.3999999999999986,3
2017_15_PHI_NYG,2017,15,2017-12-17,PHI,NYG,34.0,29.0,-5.0,-7.5,1,True,0.23013910502834536,PHI,0.7698608949716547,PHI,True,-0.1216507984788826,0.05446805537636305,64.4,0.13603809214690687,-0.21018215476552576,71.0,-0.2576888906257895,0.26465021014188883,-6.599999999999994,0
2017_15_ARI_WAS,2017,15,2017-12-17,ARI,WAS,15.0,20.0,5.0,4.0,0,True,0.5884296099439087,WAS,0.5884296099439087,WAS,True,-0.06939841156916263,0.027992729369005327,63.0,-0.19369715671201168,-0.14062969537169545,64.0,0.12429874514284905,0.16862242474070077,-1.0,0
2017_15_LA_SEA,2017,15,2017-12-17,LA,SEA,42.0,7.0,-35.0,-1.0,1,True,0.586490511734057,SEA,0.586490511734057,LA,False,0.04017662587366893,-0.03242472924195346,60.8,-0.00793313830008914,-0.03466339639940892,57.4,0.04810976417375807,0.002238667157455465,3.3999999999999986,0
2017_15_NE_PIT,2017,15,2017-12-17,NE,PIT,27.0,24.0,-3.0,-2.5,0,True,0.4859811109758879,NE,0.5140188890241121,NE,True,0.12799281041795757,0.07481889906130121,69.4,0.13646953016793298,-0.10339985123648014,61.8,-0.008476719749975409,0.17821875029778134,7.6000000000000085,1
2017_15_TEN_SF,2017,15,2017-12-17,TEN,SF,23.0,25.0,2.0,2.5,0,True,0.6175237109286261,SF,0.6175237109286261,SF,True,-0.01849909603588479,-0.04288134857118904,65.6,-0.09682885403522613,-0.06790085875767975,59.6,0.07832975799934135,0.025019510186490707,5.999999999999993,0
2017_15_ATL_TB,2017,15,2017-12-18,ATL,TB,24.0,21.0,-3.0,-7.0,1,True,0.43369107007097385,ATL,0.5663089299290262,ATL,True,-0.025031777931035837,0.035298732026486646,67.6,0.07214991833699291,0.0024556154127570147,59.4,-0.09718169626802875,0.03284311661372963,8.199999999999996,-3
2017_16_IND_BAL,2017,16,2017-12-23,IND,BAL,16.0,23.0,7.0,13.5,0,True,0.7699772108725942,BAL,0.7699772108725942,BAL,True,0.04686294194196031,-0.19180907591982901,62.8,-0.12833764476305878,0.060981161597883804,59.8,0.1752005867050191,-0.2527902375177128,3.0,-3
2017_16_MIN_GB,2017,16,2017-12-23,MIN,GB,16.0,0.0,-16.0,-8.5,1,True,0.3723755012197711,MIN,0.6276244987802289,MIN,True,-0.014990668398328976,0.05521886688281086,62.4,0.06025577500197112,-0.1838754744411936,66.4,-0.0752464434003001,0.23909434132400445,-4.000000000000007,0
2017_16_TB_CAR,2017,16,2017-12-24,TB,CAR,19.0,22.0,3.0,10.0,1,True,0.669548454938224,CAR,0.669548454938224,CAR,True,0.12882768241217407,0.005305760254462192,63.2,0.04191228341271544,0.1268268869727776,65.0,0.08691539899945863,-0.12152112671831541,-1.7999999999999972,1
2017_16_CLE_CHI,2017,16,2017-12-24,CLE,CHI,3.0,20.0,17.0,5.5,0,True,0.6836725846829194,CHI,0.6836725846829194,CHI,True,-0.05547379442233691,-0.0011685330986169259,55.8,-0.17132031354918892,0.07046529008310537,58.2,0.11584651912685201,-0.07163382318172229,-2.4000000000000057,1
2017_16_DET_CIN,2017,16,2017-12-24,DET,CIN,17.0,26.0,9.0,-3.0,0,True,0.45101736817850624,DET,0.5489826318214938,CIN,False,-0.1252042958382246,0.06100515344952987,54.4,-0.014670492834783505,0.05977605166459445,57.8,-0.1105338030034411,0.0012291017849354186,-3.3999999999999986,-1
2017_16_MIA_KC,2017,16,2017-12-24,MIA,KC,13.0,29.0,16.0,11.0,0,True,0.6894445825537047,KC,0.6894445825537047,KC,True,0.05404492601115436,-0.04472400740315099,61.2,-0.12724799460722697,-0.08436247285718254,64.6,0.18129292061838131,0.03963846545403155,-3.3999999999999915,1
2017_16_BUF_NE,2017,16,2017-12-24,BUF,NE,16.0,37.0,21.0,11.0,1,True,0.771730420964246,NE,0.771730420964246,NE,True,0.14952287664425046,-0.06112165209893348,59.4,-0.13040775882800504,-0.007855797599349835,63.2,0.2799306354722555,-0.05326585449958364,-3.8000000000000043,0
2017_16_ATL_NO,2017,16,2017-12-24,ATL,NO,13.0,23.0,10.0,5.5,1,True,0.5534385219035913,NO,0.5534385219035913,NO,True,0.0897635341108499,0.02018337988753468,58.8,0.11237315702815698,0.07569447625680825,60.0,-0.022609622917307073,-0.05551109636927357,-1.2000000000000028,1
2017_16_LAC_NYJ,2017,16,2017-12-24,LAC,NYJ,14.0,7.0,-7.0,-7.5,0,True,0.24339169201137367,LAC,0.7566083079886263,LAC,True,-0.1496360981707264,0.05135737037032578,65.4,0.13526471098914516,-0.1481086049841334,65.8,-0.2849008091598716,0.19946597535445917,-0.3999999999999915,-1
2017_16_LA_TEN,2017,16,2017-12-24,LA,TEN,27.0,23.0,-4.0,-5.5,0,True,0.4895613393426403,LA,0.5104386606573597,LA,True,-0.0571160895175975,-0.004868318740630267,55.2,-0.014831287469835173,-0.06797628989870745,58.4,-0.04228480204776233,0.06310797115807719,-3.1999999999999957,0
2017_16_DEN_WAS,2017,16,2017-12-24,DEN,WAS,11.0,27.0,16.0,3.0,0,True,0.48887270977391295,DEN,0.511127290226087,WAS,False,-0.11099892865640246,-0.08083327236369835,57.8,-0.12438000603900876,-0.19072663931950914,69.0,0.013381077382606299,0.1098933669558108,-11.200000000000003,-3
2017_16_JAX_SF,2017,16,2017-12-24,JAX,SF,33.0,44.0,11.0,-4.0,0,True,0.4813169360541257,JAX,0.5186830639458744,SF,False,0.0695817602850948,-0.003364207189526744,64.4,0.05027080294167312,-0.2121733540685399,65.2,0.019310957343421684,0.20880914687901317,-0.7999999999999972,0
2017_16_NYG_ARI,2017,16,2017-12-24,NYG,ARI,0.0,23.0,23.0,3.0,0,True,0.5773887392195418,ARI,0.5773887392195418,ARI,True,-0.20562802879563744,-0.1726787547393506,65.2,-0.13385697339627317,0.023120427776506164,68.0,-0.07177105539936426,-0.19579918251585676,-2.799999999999997,0
2017_16_SEA_DAL,2017,16,2017-12-24,SEA,DAL,21.0,12.0,-9.0,4.5,0,True,0.5268936025419644,DAL,0.5268936025419644,SEA,False,-0.06171862592515418,0.0848480184136585,58.8,-0.05885748618456514,0.024671765196743876,60.0,-0.00286113974058904,0.06017625321691462,-1.2000000000000028,0
2017_16_PIT_HOU,2017,16,2017-12-25,PIT,HOU,34.0,6.0,-28.0,-8.0,0,True,0.37516468692224075,PIT,0.6248353130777593,PIT,True,-0.09135310453617954,0.05736195477002459,64.8,0.16242689678754388,0.14694179696440232,69.4,-0.2537800013237234,-0.08957984219437773,-4.6000000000000085,0
2017_17_GB_DET,2017,17,2017-12-31,GB,DET,11.0,35.0,24.0,7.5,1,True,0.48854578750953415,GB,0.5114542124904659,DET,False,-0.047657750561764536,0.041406280767738876,58.2,0.017717312678501674,0.06924444684315238,62.0,-0.0653750632402662,-0.027838166075413506,-3.799999999999997,-1
2017_17_HOU_IND,2017,17,2017-12-31,HOU,IND,13.0,22.0,9.0,5.5,1,True,0.6286458011842541,IND,0.6286458011842541,IND,True,-0.09055596799740726,0.07665533213983287,60.6,-0.1489541709106016,0.13517470647763244,61.8,0.058398202913194336,-0.058519374337799565,-1.1999999999999957,2
2017_17_CHI_MIN,2017,17,2017-12-31,CHI,MIN,10.0,23.0,13.0,13.5,1,True,0.6795305860660423,MIN,0.6795305860660423,MIN,True,0.0006508376336756994,-0.23279401548201833,63.6,-0.07707214734712123,-0.09046046313757095,55.4,0.07772298498079692,-0.1423335523444474,8.200000000000003,1
2017_17_NYJ_NE,2017,17,2017-12-31,NYJ,NE,6.0,26.0,20.0,17.0,1,True,0.8072150986967862,NE,0.8072150986967862,NE,True,0.12012038960523172,-0.07891157805575531,61.0,-0.16421525640401652,0.08765834221997956,64.8,0.2843356460092482,-0.16656992027573486,-3.799999999999997,0
2017_17_WAS_NYG,2017,17,2017-12-31,WAS,NYG,10.0,18.0,8.0,-5.0,1,True,0.43969809862237846,WAS,0.5603019013776216,NYG,False,-0.21016580796961137,0.017112402217749602,68.0,-0.17302540226277902,-0.17192526343046347,57.2,-0.03714040570683236,0.18903766564821306,10.799999999999997,0
2017_17_DAL_PHI,2017,17,2017-12-31,DAL,PHI,6.0,0.0,-6.0,-3.5,1,True,0.6237358984812392,PHI,0.6237358984812392,DAL,False,-0.0029933616329229974,-0.15129874104343183,71.4,-0.015027678356459916,0.0031466989732864548,60.0,0.01203431672353692,-0.15444544001671828,11.400000000000006,-1
2017_17_CLE_PIT,2017,17,2017-12-31,CLE,PIT,24.0,28.0,4.0,5.0,1,True,0.7582479938850727,PIT,0.7582479938850727,PIT,True,0.17329663917884836,0.12273237585271854,67.2,-0.11207752609848858,0.10945307386025031,58.8,0.28537416527733694,0.013279301992468226,8.400000000000006,-1
2017_17_CAR_ATL,2017,17,2017-12-31,CAR,ATL,10.0,22.0,12.0,5.0,1,True,0.5539009721346569,ATL,0.5539009721346569,ATL,True,0.044763068508526085,0.04275394403036087,60.8,0.0015757563490960136,-0.017291038526824603,61.0,0.04318731215943007,0.060044982557185475,-0.20000000000000284,0
2017_17_CIN_BAL,2017,17,2017-12-31,CIN,BAL,31.0,27.0,-4.0,8.0,1,True,0.7745830167071938,BAL,0.7745830167071938,CIN,False,0.10420054317686836,-0.06781823558189795,65.2,-0.10951839421510183,0.08754819447746047,59.4,0.21371893739197018,-0.1553664300593584,5.800000000000004,1
2017_17_KC_DEN,2017,17,2017-12-31,KC,DEN,27.0,24.0,-3.0,3.0,1,True,0.3993073967891135,KC,0.6006926032108866,KC,True,-0.13359887164730835,-0.18240680742758617,67.4,0.10742718891359193,-0.053407029677106976,61.4,-0.24102606056090028,-0.1289997777504792,6.000000000000007,0
2017_17_SF_LA,2017,17,2017-12-31,SF,LA,34.0,13.0,-21.0,-6.5,1,True,0.5532551241698183,LA,0.5532551241698183,SF,False,0.03481043038634559,-0.11942019260165124,60.6,0.06036129402520769,-0.03257894123466018,66.4,-0.025550863638862102,-0.08684125136699106,-5.800000000000004,0
2017_17_BUF_MIA,2017,17,2017-12-31,BUF,MIA,22.0,16.0,-6.0,-2.5,1,True,0.5344036831008803,MIA,0.5344036831008803,BUF,False,-0.14031105364637841,-0.06321768485983216,63.2,-0.10849009018394236,-0.01804786109730717,64.4,-0.031820963462436055,-0.045169823762524985,-1.2000000000000028,0
2017_17_ARI_SEA,2017,17,2017-12-31,ARI,SEA,26.0,24.0,-2.0,8.0,1,True,0.5387423312699876,SEA,0.5387423312699876,ARI,False,-0.09207769878646906,-0.05640185836082549,56.4,-0.2059758410431573,-0.2664330532547534,67.0,0.11389814225668825,0.21003119489392794,-10.600000000000001,0
2017_17_NO_TB,2017,17,2017-12-31,NO,TB,24.0,31.0,7.0,-6.0,1,True,0.4826769526181526,NO,0.5173230473818474,TB,False,0.03237916979869857,0.10795366218626934,64.0,0.019535086751872814,-0.07200848856920108,57.0,0.012844083046825758,0.17996215075547042,7.0,0
2017_17_JAX_TEN,2017,17,2017-12-31,JAX,TEN,10.0,15.0,5.0,2.5,1,True,0.41565985392189225,JAX,0.5843401460781077,TEN,False,-0.03836273889306826,-0.017612214967243182,57.0,0.0904916789830455,-0.03606508883096382,66.0,-0.12885441787611376,0.018452873863720638,-9.0,0
2018_01_ATL_PHI,2018,1,2018-09-06,ATL,PHI,12.0,18.0,6.0,1.0,0,True,0.511880337707742,PHI,0.511880337707742,PHI,True,-0.10144097058964827,-0.08244513326362299,68.4,-0.014809044996079351,-0.029126293820722005,62.2,-0.08663192559356891,-0.05331883944290099,6.200000000000003,0
2018_01_BUF_BAL,2018,1,2018-09-09,BUF,BAL,3.0,47.0,44.0,7.5,0,True,0.7027849712962926,BAL,0.7027849712962926,BAL,True,0.06807229479113719,-0.04180624086587485,67.4,-0.07040215714901978,0.03740760258469776,63.6,0.13847445194015695,-0.07921384345057261,3.8000000000000043,0
2018_01_CIN_IND,2018,1,2018-09-09,CIN,IND,34.0,23.0,-11.0,-1.0,0,True,0.6129554841129343,IND,0.6129554841129343,CIN,False,-0.04578177233566063,0.06724164676133612,60.4,-0.14237090154502924,0.013834452626350968,62.4,0.0965891292093686,0.05340719413498515,-2.0,0
2018_01_TEN_MIA,2018,1,2018-09-09,TEN,MIA,20.0,27.0,7.0,-1.0,0,True,0.5795401776787344,MIA,0.5795401776787344,MIA,True,-0.09502834100023769,-0.06192743573448349,65.0,-0.10256716093401078,-0.03725967696042227,59.2,0.007538819933773089,-0.024667758774061223,5.799999999999997,0
2018_01_SF_MIN,2018,1,2018-09-09,SF,MIN,16.0,24.0,8.0,6.0,0,True,0.4829447070617334,SF,0.5170552929382666,MIN,False,-0.0455270452731576,-0.28536510381056435,62.6,0.1405389914883634,-0.08134381450867205,65.4,-0.186066036761521,-0.20402128930189228,-2.8000000000000043,0
2018_01_HOU_NE,2018,1,2018-09-09,HOU,NE,20.0,27.0,7.0,6.0,0,True,0.7994257423929988,NE,0.7994257423929988,NE,True,0.08480294080335721,-0.05446068432912058,64.4,-0.13995030144369033,0.15024642881614197,59.6,0.22475324224704754,-0.20470711314526255,4.800000000000004,0
2018_01_TB_NO,2018,1,2018-09-09,TB,NO,48.0,40.0,-8.0,10.0,1,True,0.578536545526691,NO,0.578536545526691,TB,False,0.03198898341916971,-0.05708865096005857,58.2,0.04889840314609889,0.07793537629954336,66.8,-0.01690941972692918,-0.13502402725960194,-8.599999999999994,0
2018_01_JAX_NYG,2018,1,2018-09-09,JAX,NYG,20.0,15.0,-5.0,-2.5,0,True,0.3378068583140025,JAX,0.6621931416859975,JAX,True,-0.15505819526184977,-0.020665586820596382,71.4,0.08067962940508652,-0.08137276931175308,66.6,-0.2357378246669363,0.0607071824911567,4.800000000000011,0
2018_01_KC_LAC,2018,1,2018-09-09,KC,LAC,38.0,28.0,-10.0,3.5,1,True,0.49673847488040634,KC,0.5032615251195937,KC,True,0.07184150918403952,-0.13502173974020482,66.8,0.17011319509832973,-0.05663249609379419,63.0,-0.09827168591429021,-0.07838924364641062,3.799999999999997,0
2018_01_WAS_ARI,2018,1,2018-09-09,WAS,ARI,24.0,6.0,-18.0,2.0,0,True,0.6269469607808991,ARI,0.6269469607808991,WAS,False,-0.19652074500795572,-0.2287186278386369,66.4,-0.210803391301125,-0.1168176507227019,55.2,0.014282646293169277,-0.111900977115935,11.200000000000003,0
2018_01_DAL_CAR,2018,1,2018-09-09,DAL,CAR,8.0,16.0,8.0,2.5,0,True,0.42096514883191005,DAL,0.57903485116809,CAR,False,-0.05775614897215511,-0.0011212694331899837,59.4,0.018852189014596052,-0.15461984637671203,62.6,-0.07660833798675115,0.15349857694352204,-3.200000000000003,0
2018_01_SEA_DEN,2018,1,2018-09-09,SEA,DEN,24.0,27.0,3.0,3.0,0,True,0.623017802129728,DEN,0.623017802129728,DEN,True,-0.1254606902292635,-0.18595605813651023,69.0,-0.10769520841584279,-0.027930104246082676,54.6,-0.01776548181342072,-0.15802595389042756,14.399999999999999,0
2018_01_CHI_GB,2018,1,2018-09-09,CHI,GB,23.0,24.0,1.0,6.5,1,True,0.4633182722081468,CHI,0.5366817277918532,GB,False,-0.08736107525934501,0.05945054588453458,64.0,-0.07674831137984305,-0.12000053461916912,56.4,-0.010612763879501969,0.1794510805037037,7.600000000000001,0
2018_01_NYJ_DET,2018,1,2018-09-10,NYJ,DET,48.0,17.0,-31.0,7.0,0,True,0.7437321918527044,DET,0.7437321918527044,NYJ,False,0.008760411125757322,-0.06310329970432918,58.4,-0.17142465677494903,0.07215117477771273,63.8,0.18018506790070635,-0.13525447448204192,-5.399999999999999,0
2018_02_BAL_CIN,2018,2,2018-09-13,BAL,CIN,23.0,34.0,11.0,1.0,1,True,0.29254491840259894,BAL,0.707455081597401,CIN,False,-0.17441556705100109,-0.023421103297931747,60.4,0.05361721611594263,-0.15448246030102605,70.0,-0.22803278316694373,0.1310613570030943,-9.600000000000001,0
2018_02_CAR_ATL,2018,2,2018-09-16,CAR,ATL,24.0,31.0,7.0,5.5,1,True,0.5778054594333347,ATL,0.5778054594333347,ATL,True,-0.04165150276111772,-0.06017997198687265,65.0,-0.0494529087497815,-0.05201993239420466,60.4,0.00780140598866378,-0.008160039592667992,4.600000000000001,3
2018_02_LAC_BUF,2018,2,2018-09-16,LAC,BUF,31.0,20.0,-11.0,-7.5,0,True,0.32730586051027394,LAC,0.6726941394897261,LAC,True,-0.14907684412711833,-0.006134046644579902,63.0,0.08705836235855287,-0.06842398836289529,68.8,-0.2361352064856712,0.06228994171831539,-5.799999999999997,0
2018_02_CLE_NO,2018,2,2018-09-16,CLE,NO,18.0,21.0,3.0,10.0,0,True,0.6873893395585838,NO,0.6873893395585838,NO,True,0.04688954425782931,0.04723016951819715,58.2,-0.1472346142230397,-0.003218612984820923,63.6,0.19412415848086903,0.05044878250301807,-5.399999999999999,0
2018_02_MIA_NYJ,2018,2,2018-09-16,MIA,NYJ,20.0,12.0,-8.0,3.0,1,True,0.4343858947443521,MIA,0.5656141052556479,MIA,True,-0.19203461807319083,-0.10378285160762932,57.8,-0.04331517462405283,-0.03202779733411948,63.4,-0.148719443449138,-0.07175505427350984,-5.600000000000001,-1
2018_02_KC_PIT,2018,2,2018-09-16,KC,PIT,42.0,37.0,-5.0,4.5,0,True,0.49367351293829,KC,0.50632648706171,KC,True,0.07741006350515378,0.017784468194013015,67.6,0.11837367064349347,-0.05247569375162124,64.8,-0.040963607138339686,0.07026016194563425,2.799999999999997,0
2018_02_PHI_TB,2018,2,2018-09-16,PHI,TB,21.0,27.0,6.0,-3.0,0,True,0.6289154764714654,TB,0.6289154764714654,TB,True,0.13561818596593278,0.10614856674901096,63.6,-0.10858386016746276,-0.1516011014367405,66.4,0.24420204613339552,0.25774966818575146,-2.8000000000000043,-3
2018_02_HOU_TEN,2018,2,2018-09-16,HOU,TEN,17.0,20.0,3.0,-3.5,1,True,0.5988847763008422,TEN,0.5988847763008422,TEN,True,-0.20631187191595166,-0.054179310371569846,62.6,-0.18847313153375972,0.10227517148728468,59.0,-0.017838740382191937,-0.15645448185885452,3.6000000000000014,0
2018_02_IND_WAS,2018,2,2018-09-16,IND,WAS,21.0,9.0,-12.0,6.0,0,True,0.5480054541221514,WAS,0.5480054541221514,IND,False,-0.14717397984218436,-0.1687857925048757,58.0,-0.04932935601865768,0.01535675930141347,63.0,-0.09784462382352668,-0.18414255180628916,-5.0,0
2018_02_ARI_LA,2018,2,2018-09-16,ARI,LA,0.0,34.0,34.0,13.5,1,True,0.6619774885959115,LA,0.6619774885959115,LA,True,0.011293165996122359,-0.09037664882093485,59.8,-0.1961005881163551,-0.18893160633649136,64.2,0.20739375411247746,0.09855495751555651,-4.400000000000006,-1
2018_02_DET_SF,2018,2,2018-09-16,DET,SF,27.0,30.0,3.0,6.0,0,True,0.6616745092491232,SF,0.6616745092491232,SF,True,0.04595683859042303,-0.09019728911406855,63.2,-0.055967888964464974,-0.06253098302755708,59.4,0.101924727554888,-0.027666306086511466,3.8000000000000043,1
2018_02_NE_JAX,2018,2,2018-09-16,NE,JAX,20.0,31.0,11.0,-2.0,0,True,0.5781253637240562,JAX,0.5781253637240562,JAX,True,0.016174041933147053,-0.11384442513441292,65.4,0.02983085108629686,-0.036810818155296514,65.6,-0.013656809153149808,-0.0770336069791164,-0.19999999999998863,0
2018_02_NYG_DAL,2018,2,2018-09-16,NYG,DAL,13.0,20.0,7.0,3.0,1,True,0.6987958106479688,DAL,0.6987958106479688,DAL,True,-0.012529825835280912,-0.1317186283869255,61.0,-0.16441664917618196,-0.024747526186610858,71.8,0.15188682334090103,-0.10697110220031464,-10.799999999999997,0
2018_02_SEA_CHI,2018,2,2018-09-17,SEA,CHI,17.0,24.0,7.0,5.0,0,True,0.6825957586813557,CHI,0.6825957586813557,CHI,True,-0.054345489777905744,-0.1466810755697683,62.4,-0.14651842621572292,-0.04059671488601293,54.2,0.09217293643781718,-0.10608436068375537,8.199999999999996,0
2018_03_NYJ_CLE,2018,3,2018-09-20,NYJ,CLE,17.0,21.0,4.0,3.0,0,True,0.4934351664362747,NYJ,0.5065648335637253,CLE,False,-0.19442434736596123,-0.07376564064095126,64.4,-0.13872202347535695,-0.11693646178012444,61.0,-0.05570232389060428,0.043170821139173185,3.4000000000000057,0
2018_03_NO_ATL,2018,3,2018-09-23,NO,ATL,43.0,37.0,-6.0,1.5,1,True,0.5824738948060932,ATL,0.5824738948060932,NO,False,0.011098596901411868,-0.039613438571925154,64.4,0.00917664272717968,0.0373567328059664,60.0,0.0019219541742321877,-0.07697017137789156,4.400000000000006,0
2018_03_DEN_BAL,2018,3,2018-09-23,DEN,BAL,14.0,27.0,13.0,5.5,0,True,0.6433827805892414,BAL,0.6433827805892414,BAL,True,-0.03533952653578765,-0.18285994837191108,73.8,-0.027269199588697068,-0.016997884621446524,69.2,-0.008070326947090586,-0.16586206375046456,4.599999999999994,3
2018_03_CIN_CAR,2018,3,2018-09-23,CIN,CAR,21.0,31.0,10.0,2.5,0,True,0.5292897183418465,CAR,0.5292897183418465,CAR,True,-0.041736860283644296,0.016177242651157546,61.4,-0.09776871752136482,-0.1058759868772468,63.8,0.05603185723772052,0.12205322952840433,-2.3999999999999986,-3
2018_03_NYG_HOU,2018,3,2018-09-23,NYG,HOU,27.0,22.0,-5.0,6.5,0,True,0.48945450467261653,NYG,0.5105454953273835,NYG,True,-0.1385371380462233,0.10000716149608616,58.4,-0.1612177832766048,-0.07131707029118592,70.2,0.02268064523038149,0.17132423178727207,-11.800000000000004,0
2018_03_TEN_JAX,2018,3,2018-09-23,TEN,JAX,9.0,6.0,-3.0,10.0,1,True,0.7073690504133324,JAX,0.7073690504133324,TEN,False,0.021002422257443015,-0.11805313364587144,66.8,-0.11727977301967182,0.004763521067901677,62.8,0.13828219527711483,-0.12281665471377312,4.0,0
2018_03_SF_KC,2018,3,2018-09-23,SF,KC,27.0,38.0,11.0,6.0,0,True,0.6391240101529282,KC,0.6391240101529282,KC,True,0.2025927252837604,0.022280589437189153,61.2,0.06696348654539767,-0.04564542750402977,62.6,0.13562923873836275,0.06792601694121893,-1.3999999999999986,0
2018_03_BUF_MIN,2018,3,2018-09-23,BUF,MIN,27.0,6.0,-21.0,16.5,0,True,0.7906562045930415,MIN,0.7906562045930415,BUF,False,-0.035234893412542545,-0.35671967711125235,64.2,-0.13095220278808525,0.07745507191641084,62.0,0.09571730937554271,-0.4341747490276632,2.200000000000003,0
2018_03_IND_PHI,2018,3,2018-09-23,IND,PHI,16.0,20.0,4.0,6.5,0,True,0.5133489499483241,PHI,0.5133489499483241,PHI,True,-0.14223208335883372,-0.12804303990751728,64.0,-0.012589734087353185,0.02122753891209355,61.2,-0.12964234927148055,-0.14927057881961084,2.799999999999997,0
2018_03_GB_WAS,2018,3,2018-09-23,GB,WAS,17.0,31.0,14.0,-2.5,0,True,0.66681514238956,WAS,0.66681514238956,WAS,True,-0.11321628566782178,-0.16138521128903832,61.8,-0.13869960081004493,0.06057370041468628,64.6,0.025483315142223142,-0.22195891170372462,-2.799999999999997,0
2018_03_LAC_LA,2018,3,2018-09-23,LAC,LA,23.0,35.0,12.0,7.5,0,True,0.5587091581260828,LA,0.5587091581260828,LA,True,0.05307781888816525,-0.2014366114383709,65.0,0.14130844020407646,-0.022212432460179735,65.4,-0.08823062131591121,-0.17922417897819118,-0.4000000000000057,0
2018_03_CHI_ARI,2018,3,2018-09-23,CHI,ARI,16.0,14.0,-2.0,-6.0,0,True,0.44297215524099565,CHI,0.5570278447590044,CHI,True,-0.2366862382019895,-0.06773400380943564,60.6,-0.12601387064077466,-0.12570354739782746,60.6,-0.11067236756121485,0.05796954358839182,0.0,1
2018_03_DAL_SEA,2018,3,2018-09-23,DAL,SEA,13.0,24.0,11.0,1.0,0,True,0.41528220610916383,DAL,0.5847177938908361,SEA,False,-0.19425856523069016,-0.09414778227672738,55.0,-0.059099369939855984,-0.1285197624873483,59.0,-0.13515919529083417,0.034371980210620934,-4.0,-1
2018_03_NE_DET,2018,3,2018-09-23,NE,DET,10.0,26.0,16.0,-7.0,0,True,0.4528086260819601,NE,0.5471913739180398,DET,False,-0.06130294361923144,-0.02183663585243384,61.6,0.06467048124094182,-9.87595142250719e-05,66.6,-0.12597342486017327,-0.021737876338208766,-4.999999999999993,0
2018_03_PIT_TB,2018,3,2018-09-24,PIT,TB,30.0,27.0,-3.0,1.0,0,True,0.6166539881044106,TB,0.6166539881044106,PIT,False,0.16697678746283903,0.08408090187270129,61.4,0.07734211033512164,0.05884862076500545,65.8,0.08963467712771739,0.025232281107695834,-4.399999999999999,0
2018_04_MIN_LA,2018,4,2018-09-27,MIN,LA,31.0,38.0,7.0,7.5,0,True,0.6533658277493801,LA,0.6533658277493801,LA,True,0.09677347445681272,-0.0722413982743323,65.4,-0.10578095553480885,-0.23876372446979693,65.8,0.20255442999162157,0.16652232619546464,-0.3999999999999915,0
2018_04_CIN_ATL,2018,4,2018-09-30,CIN,ATL,37.0,36.0,-1.0,3.5,0,True,0.5032397950525976,ATL,0.5032397950525976,CIN,False,0.007100900399028204,-0.014175629364788144,63.2,0.03475995688865251,-0.07674137192278037,65.6,-0.027659056489624304,0.06256574255799223,-2.3999999999999915,0
2018_04_TB_CHI,2018,4,2018-09-30,TB,CHI,10.0,48.0,38.0,3.0,0,True,0.4409052562762073,TB,0.5590947437237928,CHI,False,-0.12679766329155848,-0.1665811726745407,61.8,0.12896320275433748,0.06244443622505704,64.4,-0.255760866045896,-0.22902560889959775,-2.6000000000000085,1
2018_04_DET_DAL,2018,4,2018-09-30,DET,DAL,24.0,26.0,2.0,2.5,0,True,0.5126427917355837,DAL,0.5126427917355837,DAL,True,-0.12133898700106416,-0.12750152829449746,58.8,-0.044388524755713664,-0.06457258598640928,64.2,-0.07695046224535049,-0.06292894230808818,-5.400000000000006,0
2018_04_BUF_GB,2018,4,2018-09-30,BUF,GB,0.0,22.0,22.0,8.5,0,True,0.5203440904447485,GB,0.5203440904447485,GB,True,-0.16954322161222166,0.055371496348419515,64.6,-0.144822679583807,0.015841371742997535,62.6,-0.024720542028414644,0.039530124605421976,1.999999999999993,0
2018_04_HOU_IND,2018,4,2018-09-30,HOU,IND,37.0,34.0,-3.0,-1.0,1,True,0.6349958945514512,IND,0.6349958945514512,HOU,False,-0.03313507423441696,-0.03994744503607715,62.0,-0.07209918443049415,0.0941461761760726,59.4,0.03896411019607719,-0.13409362121214974,2.6000000000000014,0
2018_04_NYJ_JAX,2018,4,2018-09-30,NYJ,JAX,12.0,31.0,19.0,7.5,0,True,0.5969584306719738,JAX,0.5969584306719738,JAX,True,-0.05873426170116145,-0.09386214117187139,64.8,-0.14260540587401088,-0.13081500750231573,59.8,0.08387114417284944,0.03695286633044434,5.0,-3
2018_04_MIA_NE,2018,4,2018-09-30,MIA,NE,7.0,38.0,31.0,6.5,1,True,0.5065998148130709,NE,0.5065998148130709,NE,True,-0.034181420632890536,-0.027720676817737773,65.0,0.006322912058309915,-0.057322974792313464,54.0,-0.04050433269120045,0.02960229797457569,11.0,0
2018_04_PHI_TEN,2018,4,2018-09-30,PHI,TEN,23.0,26.0,3.0,-3.0,0,True,0.5161288124362805,TEN,0.5161288124362805,TEN,True,-0.16504180368137658,-0.05306738252660257,62.2,-0.18814943754336116,-0.18202080043183613,66.4,0.023107633861984583,0.12895341790523357,-4.200000000000003,0
2018_04_SEA_ARI,2018,4,2018-09-30,SEA,ARI,20.0,17.0,-3.0,-3.5,1,True,0.37548804161727745,SEA,0.6245119583827226,SEA,True,-0.22578825278946785,-0.042962090792539646,54.4,-0.08793007063823349,-0.15348961723381904,57.4,-0.13785818215123435,0.11052752644127939,-3.0,0
2018_04_SF_LAC,2018,4,2018-09-30,SF,LAC,27.0,29.0,2.0,10.0,0,True,0.6394287120565181,LAC,0.6394287120565181,LAC,True,0.18974108515530227,-0.0010701758682296835,63.8,0.09037372170333906,-0.004259505734334234,62.0,0.09936736345196322,0.003189329866104551,1.7999999999999972,0
2018_04_NO_NYG,2018,4,2018-09-30,NO,NYG,33.0,18.0,-15.0,-3.5,0,True,0.4679258512168137,NO,0.5320741487831864,NO,True,-0.13628330068034167,-0.08381413410431568,65.6,0.0687058107151471,0.10966274176054513,62.6,-0.20498911139548875,-0.19347687586486081,2.999999999999993,0
2018_04_BAL_PIT,2018,4,2018-09-30,BAL,PIT,26.0,14.0,-12.0,3.0,1,True,0.5545481416853355,PIT,0.5545481416853355,BAL,False,0.0679683658703167,0.01226988327826756,65.2,-0.030374219485038857,-0.12290557025776683,72.6,0.09834258535535556,0.13517545353603438,-7.3999999999999915,-1
2018_04_KC_DEN,2018,4,2018-10-01,KC,DEN,27.0,23.0,-4.0,-3.5,1,True,0.3178947052111586,KC,0.6821052947888414,KC,True,-0.08796443893555084,0.012415046666258523,66.6,0.2303143113090854,0.09384191463027698,61.8,-0.31827875024463625,-0.08142686796401846,4.799999999999997,0
2018_05_IND_NE,2018,5,2018-10-04,IND,NE,24.0,38.0,14.0,10.5,0,True,0.5825534699373972,NE,0.5825534699373972,NE,True,-0.04033242063611322,-0.09030591686027395,66.2,-0.048707852607669515,-0.044436651957243084,67.2,0.008375431971556296,-0.045869264903030865,-1.0,0
2018_05_TEN_BUF,2018,5,2018-10-07,TEN,BUF,12.0,13.0,1.0,-6.0,0,True,0.4709008143238828,TEN,0.5290991856761171,BUF,False,-0.21096775229610815,-0.024841796122891325,60.2,-0.13413876456940438,-0.06487656691813123,62.4,-0.07682898772670377,0.04003477079523991,-2.1999999999999957,0
2018_05_NYG_CAR,2018,5,2018-10-07,NYG,CAR,31.0,33.0,2.0,7.0,0,True,0.5880880727288331,CAR,0.5880880727288331,CAR,True,-0.048473464574471686,0.020563926783540642,61.0,-0.045641094224707406,-0.0008005801739698948,64.0,-0.0028323703497642808,0.021364506957510538,-3.0,7
2018_05_MIA_CIN,2018,5,2018-10-07,MIA,CIN,17.0,27.0,10.0,6.0,0,True,0.6652485865406503,CIN,0.6652485865406503,CIN,True,0.08492024143040594,-0.019822589645938814,64.0,-0.05004002358440488,-0.050921697384303945,52.4,0.13496026501481082,0.03109910773836513,11.600000000000001,0
2018_05_BAL_CLE,2018,5,2018-10-07,BAL,CLE,9.0,12.0,3.0,-3.0,1,True,0.4857122863809318,BAL,0.5142877136190682,CLE,False,-0.060339119109732754,-0.10873152558990637,71.2,-0.031184103634542333,-0.1776868969791662,73.4,-0.02915501547519042,0.06895537138925983,-2.200000000000003,0
2018_05_GB_DET,2018,5,2018-10-07,GB,DET,23.0,31.0,8.0,1.0,1,True,0.6468771349910395,DET,0.6468771349910395,DET,True,0.026474109846553122,-0.02429053826835943,63.0,-0.09427049004588901,-0.00788042887652025,66.4,0.12074459989244213,-0.01641010939183918,-3.4000000000000057,0
2018_05_JAX_KC,2018,5,2018-10-07,JAX,KC,14.0,30.0,16.0,3.0,0,True,0.6683568150329235,KC,0.6683568150329235,KC,True,0.2573181307140657,0.12758499992415695,61.6,-0.05159739482206377,-0.190798836676417,63.8,0.30891552553612944,0.31838383660057396,-2.1999999999999957,-1
2018_05_DEN_NYJ,2018,5,2018-10-07,DEN,NYJ,16.0,34.0,18.0,-1.0,0,True,0.5569003577928578,NYJ,0.5569003577928578,NYJ,True,-0.13498387085030633,-0.13011119688095998,58.0,-0.03401337407671009,0.06821028619125233,64.2,-0.10097049677359624,-0.1983214830722123,-6.200000000000003,1
2018_05_ATL_PIT,2018,5,2018-10-07,ATL,PIT,17.0,41.0,24.0,3.5,0,True,0.4541517142469238,ATL,0.5458482857530762,PIT,False,-0.017703999104905138,0.08957375747419198,66.0,0.08962062849947727,0.06281353686335892,64.6,-0.10732462760438241,0.026760220610833066,1.4000000000000057,0
2018_05_MIN_PHI,2018,5,2018-10-07,MIN,PHI,23.0,21.0,-2.0,3.5,0,True,0.48588035405832125,MIN,0.5141196459416788,MIN,True,-0.10567511224024997,-0.06453909834816482,69.2,-0.04475168892368385,-0.062328347578907074,68.6,-0.060923423316566125,-0.0022107507692577452,0.6000000000000085,-3
2018_05_LA_SEA,2018,5,2018-10-07,LA,SEA,33.0,31.0,-2.0,-7.5,1,True,0.37008452988964485,LA,0.6299154701103551,LA,True,-0.056758813704567236,-0.12759751453524276,59.4,0.17464859245069705,-0.019373166328558948,63.2,-0.23140740615526428,-0.10822434820668381,-3.8000000000000043,-3
2018_05_ARI_SF,2018,5,2018-10-07,ARI,SF,28.0,18.0,-10.0,3.0,1,True,0.7572000127866667,SF,0.7572000127866667,ARI,False,0.026072783560683533,-0.004699745911059561,60.8,-0.21292621163800868,0.05621086220787952,53.0,0.23899899519869222,-0.06091060811893908,7.799999999999997,0
2018_05_DAL_HOU,2018,5,2018-10-07,DAL,HOU,16.0,19.0,3.0,3.5,0,True,0.5525236333346509,HOU,0.5525236333346509,HOU,True,0.001525366993767824,0.04768235954899755,65.4,-0.030061939663516852,-0.041460850388332006,58.0,0.031587306657284674,0.08914320993732955,7.400000000000006,0
2018_05_WAS_NO,2018,5,2018-10-08,WAS,NO,19.0,43.0,24.0,5.5,0,True,0.5585931548971379,NO,0.5585931548971379,NO,True,0.14058330825950618,0.1427261546691353,64.0,-0.05038947938069936,-0.12401277909688455,63.2,0.19097278764020553,0.26673893376601987,0.7999999999999972,-7
2018_06_PHI_NYG,2018,6,2018-10-11,PHI,NYG,34.0,13.0,-21.0,-1.5,1,True,0.525563772176271,NYG,0.525563772176271,PHI,False,-0.01256800734770871,0.05287830060993435,60.6,-0.04427975516126052,-0.03012619508754117,69.2,0.031711747813551815,0.08300449569747552,-8.600000000000001,0
2018_06_TB_ATL,2018,6,2018-10-14,TB,ATL,29.0,34.0,5.0,3.0,1,True,0.4712441963643458,TB,0.5287558036356542,ATL,False,0.07883929468929844,0.17789214969172895,64.6,0.11186460120219426,0.1862678230983725,65.0,-0.03302530651289581,-0.008375673406643552,-0.4000000000000057,-7
2018_06_PIT_CIN,2018,6,2018-10-14,PIT,CIN,28.0,21.0,-7.0,1.0,1,True,0.5929450238089891,CIN,0.5929450238089891,PIT,False,0.0725805607215592,-0.01721654585681643,61.0,0.05417875501291717,0.07376991764022259,66.0,0.018401805708642034,-0.09098646349703901,-5.0,0
2018_06_LAC_CLE,2018,6,2018-10-14,LAC,CLE,38.0,14.0,-24.0,1.0,0,True,0.41683029632443896,LAC,0.583169703675561,LAC,True,-0.07919633281479874,-0.1264463478654601,73.6,0.18828205185343747,0.04911342794516628,60.8,-0.2674783846682362,-0.17555977581062637,12.799999999999997,0
2018_06_BUF_HOU,2018,6,2018-10-14,BUF,HOU,13.0,20.0,7.0,10.5,0,True,0.7327855502647411,HOU,0.7327855502647411,HOU,True,-0.006967564754408209,0.011917431418330493,70.0,-0.2645879648564324,-0.07200420177610856,60.6,0.2576204001020242,0.08392163319443904,9.399999999999999,0
2018_06_CHI_MIA,2018,6,2018-10-14,CHI,MIA,28.0,31.0,3.0,-7.5,0,True,0.4362489545796293,CHI,0.5637510454203707,MIA,False,-0.08598440972229385,-0.08432227697351033,50.6,-0.03304030596689199,-0.12469713437931292,61.2,-0.05294410375540186,0.040374857405802586,-10.600000000000001,-7
2018_06_ARI_MIN,2018,6,2018-10-14,ARI,MIN,17.0,27.0,10.0,10.0,0,True,0.7377400131155547,MIN,0.7377400131155547,MIN,True,-0.02211718549199622,0.010467643666421975,67.4,-0.22212014789813495,0.03270439631101668,48.6,0.20000296240613874,-0.022236752644594706,18.800000000000004,0
2018_06_IND_NYJ,2018,6,2018-10-14,IND,NYJ,34.0,42.0,8.0,2.5,0,True,0.5674870447791798,NYJ,0.5674870447791798,NYJ,True,-0.07503102181734775,-0.12176889770842889,58.4,-0.05655273241673601,0.015528043096613042,71.4,-0.01847828940061174,-0.13729694080504193,-13.000000000000007,-3
2018_06_CAR_WAS,2018,6,2018-10-14,CAR,WAS,17.0,23.0,6.0,-1.0,0,True,0.5416602277478706,WAS,0.5416602277478706,WAS,True,-0.07522755912072027,-0.005033192824783039,62.6,-0.039967199791258776,0.04446945406725587,62.4,-0.03526035932946149,-0.04950264689203891,0.20000000000000284,-1
2018_06_LA_DEN,2018,6,2018-10-14,LA,DEN,23.0,20.0,-3.0,-7.0,0,True,0.28531354268126524,LA,0.7146864573187348,LA,True,-0.020965373379792374,0.10010077380197202,65.8,0.26165435459152536,-0.00390561742992101,62.8,-0.28261972797131774,0.10400639123189304,3.0,0
2018_06_JAX_DAL,2018,6,2018-10-14,JAX,DAL,7.0,40.0,33.0,-3.0,0,True,0.48371569631205963,JAX,0.5162843036879403,DAL,False,-0.03927818053258818,0.009478584901697711,57.2,-0.023973136278835662,-0.10152972861568696,68.4,-0.015305044253752516,0.11100831351738467,-11.200000000000003,0
2018_06_BAL_TEN,2018,6,2018-10-14,BAL,TEN,21.0,0.0,-21.0,-2.5,0,True,0.39495109942236734,BAL,0.6050489005776327,BAL,True,-0.11491451648782414,-0.04025155556363935,60.6,-0.021111966021624635,-0.19438646229214057,75.4,-0.09380255046619951,0.15413490672850122,-14.800000000000004,0
2018_06_KC_NE,2018,6,2018-10-14,KC,NE,40.0,43.0,3.0,4.0,0,True,0.43862975013556427,KC,0.5613702498644357,NE,False,0.0181709482154946,-0.0646694369526051,63.2,0.2729700425372653,0.11827743400417874,62.2,-0.2547990943217707,-0.18294687095678386,1.0,3
2018_06_SF_GB,2018,6,2018-10-15,SF,GB,30.0,33.0,3.0,9.0,0,True,0.613625356075032,GB,0.613625356075032,GB,True,0.01131108876051896,-0.014134314861241438,69.0,-0.04176139032940638,0.011875446118266514,67.6,0.05307247908992534,-0.026009760979507954,1.4000000000000057,0
2018_07_DEN_ARI,2018,7,2018-10-18,DEN,ARI,45.0,10.0,-35.0,-1.0,0,True,0.4017524972814686,DEN,0.5982475027185314,DEN,True,-0.2560893953187007,-0.02892335419907715,49.4,-0.0005412748692547903,0.1493435875332402,63.2,-0.25554812044944586,-0.17826694173231736,-13.800000000000004,0
2018_07_NE_CHI,2018,7,2018-10-21,NE,CHI,38.0,31.0,-7.0,-1.0,0,True,0.629010706146828,CHI,0.629010706146828,NE,False,0.07733519502613342,-0.10008017754195489,63.2,0.047705748513827195,0.013570811220319352,63.6,0.02962944651230623,-0.11365098876227424,-0.3999999999999986,0
2018_07_BUF_IND,2018,7,2018-10-21,BUF,IND,5.0,37.0,32.0,7.0,0,True,0.5998978022394138,IND,0.5998978022394138,IND,True,-0.05553474184125072,0.016310218296227464,69.2,-0.18646212869041848,-0.1619302262237298,60.0,0.13092738684916777,0.17824044451995727,9.200000000000003,0
2018_07_HOU_JAX,2018,7,2018-10-21,HOU,JAX,20.0,7.0,-13.0,4.0,1,True,0.4951406277181196,HOU,0.5048593722818804,HOU,True,-0.10620125403694045,-0.03448527676363224,65.8,-0.05378029361013507,-0.03796414067168985,67.2,-0.05242096042680538,0.003478863908057607,-1.4000000000000057,0
2018_07_DET_MIA,2018,7,2018-10-21,DET,MIA,32.0,21.0,-11.0,-3.0,0,True,0.4628491015804504,DET,0.5371508984195497,DET,True,-0.06778206140943532,-0.004975760918557332,54.4,0.020220223861831945,0.08129104053804855,63.4,-0.08800228527126727,-0.08626680145660588,-9.0,-7
2018_07_MIN_NYJ,2018,7,2018-10-21,MIN,NYJ,37.0,17.0,-20.0,-3.5,0,True,0.5036837554122425,NYJ,0.5036837554122425,MIN,False,-0.09488589860029274,-0.05681385620294797,60.4,-0.011091668736567525,0.0014739400605845888,66.8,-0.08379422986372521,-0.05828779626353255,-6.399999999999999,0
2018_07_CAR_PHI,2018,7,2018-10-21,CAR,PHI,21.0,17.0,-4.0,5.0,0,True,0.5959190044278777,PHI,0.5959190044278777,CAR,False,0.01846461577097943,-0.01629484956565721,70.0,0.03344772735107142,0.04126081689761095,62.4,-0.014983111580091989,-0.05755566646326816,7.600000000000001,3
2018_07_CLE_TB,2018,7,2018-10-21,CLE,TB,23.0,26.0,3.0,3.5,0,True,0.6427470532034155,TB,0.6427470532034155,TB,True,0.13137714899872815,0.2070573389676534,61.2,-0.11331718606415922,-0.04624897995735787,71.4,0.24469433506288737,0.25330631892501126,-10.200000000000003,0
2018_07_NO_BAL,2018,7,2018-10-21,NO,BAL,24.0,23.0,-1.0,2.5,0,True,0.46571004646613484,NO,0.5342899535338652,NO,True,0.00457197936911854,-0.1367728852618369,74.6,0.18819818297008634,0.08451075474412,64.4,-0.1836262036009678,-0.2212836400059569,10.199999999999989,-6
2018_07_LA_SF,2018,7,2018-10-21,LA,SF,39.0,10.0,-29.0,-8.0,1,True,0.35480233409195855,LA,0.6451976659080414,LA,True,0.07318906791035043,0.07510789931160716,66.4,0.26961569519467277,0.03409114038181457,65.0,-0.19642662728432234,0.04101675892979259,1.4000000000000057,-1
2018_07_DAL_WAS,2018,7,2018-10-21,DAL,WAS,17.0,20.0,3.0,-1.5,1,True,0.49279596237038875,DAL,0.5072040376296112,WAS,False,-0.005850510163635897,0.0244136243886955,64.6,0.007437829151011039,-0.07495003919946328,60.2,-0.013288339314646937,0.09936366358815878,4.3999999999999915,0
2018_07_CIN_KC,2018,7,2018-10-21,CIN,KC,10.0,45.0,35.0,6.5,0,True,0.6961723241997051,KC,0.6961723241997051,KC,True,0.27539242258667773,0.09658763482234724,61.8,0.08476406885375991,0.06583249198568057,62.6,0.1906283537329178,0.030755142836666666,-0.8000000000000043,0
2018_07_TEN_LAC,2018,7,2018-10-21,TEN,LAC,19.0,20.0,1.0,6.5,0,True,0.8075709506313521,LAC,0.8075709506313521,LAC,True,0.1896190652871826,-0.05916880945080842,56.6,-0.1295348940604711,-0.0030575112599236453,55.2,0.31915395934765367,-0.05611129819088478,1.3999999999999986,0
2018_07_NYG_ATL,2018,7,2018-10-22,NYG,ATL,20.0,23.0,3.0,4.5,0,True,0.6219930627751635,ATL,0.6219930627751635,ATL,True,0.1692328837950924,0.24149053188954622,64.4,0.004433432907116347,0.10840337543085429,60.8,0.16479945088797607,0.13308715645869193,3.6000000000000085,-3
2018_08_MIA_HOU,2018,8,2018-10-25,MIA,HOU,23.0,42.0,19.0,7.5,0,True,0.6087127699388993,HOU,0.6087127699388993,HOU,True,-0.07617607562271464,-0.09717980219851534,67.0,-0.010153392780173687,0.1251149635759051,54.2,-0.06602268284254095,-0.22229476577442042,12.799999999999997,0
2018_08_BAL_CAR,2018,8,2018-10-28,BAL,CAR,21.0,36.0,15.0,-2.5,0,True,0.4844178499457594,BAL,0.5155821500542406,CAR,False,0.09085341884690704,0.08861231717891761,62.4,0.058951477420298645,-0.11887065665234339,71.4,0.03190194142660839,0.20748297383126102,-9.000000000000007,0
2018_08_NYJ_CHI,2018,8,2018-10-28,NYJ,CHI,10.0,24.0,14.0,8.5,0,True,0.7413624920426953,CHI,0.7413624920426953,CHI,True,0.08449049797533582,-0.06847127780509017,65.2,-0.1313746441904147,-0.03145265534201987,61.6,0.21586514216575053,-0.037018622463070305,3.6000000000000014,0
2018_08_TB_CIN,2018,8,2018-10-28,TB,CIN,34.0,37.0,3.0,3.5,0,True,0.527862795008168,CIN,0.527862795008168,CIN,True,0.009757945909002096,0.1700038430677225,59.4,0.020316789520767382,0.14206631142760315,67.0,-0.010558843611765286,0.027937531640119362,-7.600000000000001,0
2018_08_SEA_DET,2018,8,2018-10-28,SEA,DET,28.0,14.0,-14.0,3.0,0,True,0.523959158460575,DET,0.523959158460575,SEA,False,0.17589073583691733,0.08810868669243552,61.6,0.0659712366064521,-0.09950743007549066,60.4,0.10991949923046523,0.18761611676792617,1.2000000000000028,-7
2018_08_DEN_KC,2018,8,2018-10-28,DEN,KC,23.0,30.0,7.0,8.5,1,True,0.7350423374416636,KC,0.7350423374416636,KC,True,0.24954287844599693,-0.006728023023263463,65.4,-0.00917800973693124,0.0018739812078832686,60.8,0.25872088818292815,-0.008602004231146732,4.6000000000000085,-3
2018_08_WAS_NYG,2018,8,2018-10-28,WAS,NYG,20.0,13.0,-7.0,-1.0,1,True,0.599965434455562,NYG,0.599965434455562,WAS,False,0.05258454556182921,0.11522076200875006,60.2,-0.051397575004308284,0.06075347069895073,61.4,0.1039821205661375,0.05446729130979933,-1.1999999999999957,-1
2018_08_CLE_PIT,2018,8,2018-10-28,CLE,PIT,18.0,33.0,15.0,8.5,1,True,0.7271995367082457,PIT,0.7271995367082457,PIT,True,0.14874110986849742,0.12180058075682709,63.6,-0.12019933740468966,-0.03554312125231368,71.8,0.2689404472731871,0.15734370200914077,-8.199999999999996,7
2018_08_SF_ARI,2018,8,2018-10-28,SF,ARI,15.0,18.0,3.0,-2.5,1,True,0.39787868756608175,SF,0.6021213124339182,ARI,False,-0.3070604136538636,-0.05803335384570816,54.0,-0.05406275945811889,0.08756979718115859,66.2,-0.2529976541957447,-0.14560315102686675,-12.200000000000003,3
2018_08_GB_LA,2018,8,2018-10-28,GB,LA,27.0,29.0,2.0,7.5,0,True,0.6954542085604922,LA,0.6954542085604922,LA,True,0.25930505218989935,0.014865357850675687,62.6,0.040397185097721576,0.035804592079978416,71.0,0.21890786709217777,-0.02093923422930273,-8.399999999999999,-6
2018_08_NO_MIN,2018,8,2018-10-28,NO,MIN,30.0,20.0,-10.0,-2.5,0,True,0.40692345848005546,NO,0.5930765415199446,NO,True,-0.05133339685675823,-0.09359905347644738,65.8,0.1821548411961728,0.021885598738220137,66.0,-0.23348823805293104,-0.11548465221466753,-0.20000000000000284,0
2018_08_PHI_JAX,2018,8,2018-10-28,PHI,JAX,24.0,18.0,-6.0,-4.0,0,True,0.37343497795782193,PHI,0.6265650220421781,PHI,True,-0.19982486578132402,-0.03793214215109676,65.8,0.03926817896413128,0.013403003249521572,68.2,-0.2390930447454553,-0.051335145400618336,-2.4000000000000057,0
2018_08_NE_BUF,2018,8,2018-10-29,NE,BUF,25.0,6.0,-19.0,-13.5,1,True,0.31109486762438476,NE,0.6889051323756152,NE,True,-0.26915874539873474,-0.1597203067465247,59.2,0.0719388268889273,-0.028119540049771574,64.4,-0.341097572287662,-0.13160076669675314,-5.200000000000003,0
2018_09_PIT_BAL,2018,9,2018-11-04,PIT,BAL,23.0,16.0,-7.0,1.5,1,True,0.5071752299506568,BAL,0.5071752299506568,PIT,False,0.053041573243789907,-0.05712270331971936,71.0,0.13026050069351494,-0.008462450608636141,62.0,-0.07721892744972503,-0.04866025271108322,9.0,0
2018_09_CHI_BUF,2018,9,2018-11-04,CHI,BUF,41.0,9.0,-32.0,-10.5,0,True,0.19237134039863849,CHI,0.8076286596013615,CHI,True,-0.3441479085128193,-0.06987942719071048,59.0,0.1351721446637148,-0.04295448194476773,65.8,-0.4793200531765341,-0.02692494524594275,-6.799999999999997,-1
2018_09_TB_CAR,2018,9,2018-11-04,TB,CAR,28.0,42.0,14.0,6.0,1,True,0.6526279199245423,CAR,0.6526279199245423,CAR,True,0.10979287244794031,0.052155548935644516,61.8,0.01976052468682844,0.16017974426845988,72.4,0.09003234776111187,-0.10802419533281536,-10.600000000000009,0
2018_09_KC_CLE,2018,9,2018-11-04,KC,CLE,37.0,21.0,-16.0,-7.5,0,True,0.2534053776012599,KC,0.7465946223987401,KC,True,-0.1371960803268571,0.0173737367434992,69.2,0.21695878717641973,-0.045719760046862574,63.0,-0.35415486750327685,0.06309349679036177,6.200000000000003,0
2018_09_NYJ_MIA,2018,9,2018-11-04,NYJ,MIA,6.0,13.0,7.0,3.0,1,True,0.511894185950095,MIA,0.511894185950095,MIA,True,-0.0960795616517675,0.17441629454083607,59.6,-0.11843923741784519,0.013260887283378342,59.8,0.022359675766077697,0.16115540725745772,-0.19999999999999574,3
2018_09_DET_MIN,2018,9,2018-11-04,DET,MIN,9.0,24.0,15.0,4.5,1,True,0.49997660161889934,DET,0.5000233983811007,MIN,False,-0.005189735983497479,-0.09386361520005962,65.8,0.1552845894721292,0.10558938717603275,58.2,-0.16047432545562668,-0.19945300237609237,7.599999999999994,0
2018_09_ATL_WAS,2018,9,2018-11-04,ATL,WAS,38.0,14.0,-24.0,1.5,0,True,0.4592274106453236,ATL,0.5407725893546764,ATL,True,-0.020396913549215818,0.019301549719001332,60.4,0.1552535075562371,0.24344545083165947,64.6,-0.17565042110545293,-0.22414390111265814,-4.199999999999996,-6
2018_09_HOU_DEN,2018,9,2018-11-04,HOU,DEN,19.0,17.0,-2.0,1.0,0,True,0.49640795855489495,HOU,0.503592041445105,HOU,True,0.018077729519858105,0.019203362517337418,62.6,-0.02803302431117759,-0.1569972610174291,65.6,0.046110753831035696,0.17620062353476654,-2.999999999999993,-3
2018_09_LAC_SEA,2018,9,2018-11-04,LAC,SEA,25.0,17.0,-8.0,1.0,0,True,0.5095853317569116,SEA,0.5095853317569116,LAC,False,0.15442984753089764,-0.08674911618637546,60.4,0.20027220874986917,-0.011580239559365624,54.4,-0.045842361218971533,-0.07516887662700983,6.0,-7
2018_09_LA_NO,2018,9,2018-11-04,LA,NO,35.0,45.0,10.0,-2.5,0,True,0.5525971603173988,NO,0.5525971603173988,NO,True,0.21593041558012502,0.01269823198965211,64.4,0.2242865442866732,0.018179424362625967,63.8,-0.008356128706548172,-0.005481192372973858,0.6000000000000085,0
2018_09_GB_NE,2018,9,2018-11-04,GB,NE,17.0,31.0,14.0,5.0,0,True,0.6657394100824204,NE,0.6657394100824204,NE,True,0.1405716798968662,-0.11376871735845728,69.0,0.06784638860688356,0.017919436932248633,67.6,0.07272529128998263,-0.1316881542907059,1.4000000000000057,-1
2018_09_TEN_DAL,2018,9,2018-11-05,TEN,DAL,28.0,14.0,-14.0,4.5,0,True,0.669216028157223,DAL,0.669216028157223,TEN,False,-0.02632557262919432,-0.0661015138768563,62.8,-0.10496073534764154,0.03831250314352521,57.4,0.07863516271844723,-0.1044140170203815,5.399999999999999,0
2018_10_CAR_PIT,2018,10,2018-11-08,CAR,PIT,21.0,52.0,31.0,3.5,0,True,0.5867662051890156,PIT,0.5867662051890156,PIT,True,0.144432206203832,-0.018822312604489883,65.2,0.1404569977847469,0.030744024615190206,59.8,0.00397520841908508,-0.04956633721968009,5.400000000000006,0
2018_10_DET_CHI,2018,10,2018-11-11,DET,CHI,22.0,34.0,12.0,7.5,1,True,0.6493025873172701,CHI,0.6493025873172701,CHI,True,0.11839235264614575,-0.06906714855150589,60.6,0.09787371598429073,0.13732365652888173,58.2,0.020518636661855022,-0.20639080508038762,2.3999999999999986,0
2018_10_NO_CIN,2018,10,2018-11-11,NO,CIN,51.0,14.0,-37.0,-5.5,0,True,0.35987148390941537,NO,0.6401285160905846,NO,True,0.011438437748463681,0.16523407799992834,59.6,0.21273671197993388,0.003730524608027219,62.8,-0.2012982742314702,0.16150355339190112,-3.1999999999999957,7
2018_10_ATL_CLE,2018,10,2018-11-11,ATL,CLE,16.0,28.0,12.0,-5.5,0,True,0.3243140431689268,ATL,0.6756859568310731,CLE,False,-0.1283924998596888,0.12091799050102589,68.6,0.18406522754556262,0.1798068477793976,65.2,-0.31245772740525146,-0.058888857278371703,3.3999999999999915,0
2018_10_JAX_IND,2018,10,2018-11-11,JAX,IND,26.0,29.0,3.0,3.0,1,True,0.7800591635319677,IND,0.7800591635319677,IND,True,0.11955815628132135,0.006707826466008049,71.8,-0.18144110905528782,0.02629194823496787,67.2,0.30099926533660915,-0.019584121768959822,4.599999999999994,0
2018_10_ARI_KC,2018,10,2018-11-11,ARI,KC,14.0,26.0,12.0,16.5,0,True,0.8696061659531973,KC,0.8696061659531973,KC,True,0.2699153958743453,-0.04332439566353913,60.2,-0.28135734000268037,-0.0765197314271985,57.4,0.5512727358770257,0.03319533576365938,2.8000000000000043,-7
2018_10_BUF_NYJ,2018,10,2018-11-11,BUF,NYJ,41.0,10.0,-31.0,6.5,1,True,0.6798342905697905,NYJ,0.6798342905697905,BUF,False,-0.14084256319706218,-0.05515218823208671,62.2,-0.3303506742361577,-0.09320761476670292,64.2,0.18950811103909554,0.03805542653461621,-2.0,0
2018_10_WAS_TB,2018,10,2018-11-11,WAS,TB,16.0,3.0,-13.0,3.5,0,True,0.5896720685663053,TB,0.5896720685663053,WAS,False,0.015489367542628547,0.18556752330602808,71.8,-0.0483180090521627,0.1153178090528942,62.6,0.06380737659479124,0.07024971425313388,9.199999999999996,0
2018_10_NE_TEN,2018,10,2018-11-11,NE,TEN,10.0,34.0,24.0,-6.0,0,True,0.34152342778840045,NE,0.6584765722115995,TEN,False,-0.055520245897363416,0.04697776331997851,59.0,0.14578449695209786,-0.02569721002103901,67.6,-0.20130474284946126,0.07267497334101752,-8.599999999999994,-1
2018_10_MIA_GB,2018,10,2018-11-11,MIA,GB,12.0,31.0,19.0,13.0,0,True,0.7162509134364661,GB,0.7162509134364661,GB,True,0.09309338095103498,0.026157924138343468,68.2,-0.07550387857990047,0.07587993217720143,61.2,0.16859725953093546,-0.049722008038857964,7.0,0
2018_10_SEA_LA,2018,10,2018-11-11,SEA,LA,31.0,36.0,5.0,10.0,1,True,0.5560583359455958,LA,0.5560583359455958,LA,True,0.16704340451223249,0.038630208263345886,65.0,0.13600968028137417,-0.00039361540642888213,61.8,0.031033724230858317,0.03902382366977477,3.200000000000003,0
2018_10_DAL_PHI,2018,10,2018-11-11,DAL,PHI,27.0,20.0,-7.0,7.5,1,True,0.6428986028723355,PHI,0.6428986028723355,DAL,False,0.09466559857986451,0.03682330445754885,64.6,-0.0028786920254360417,-0.04621951726517106,62.4,0.09754429060530055,0.0830428217227199,2.1999999999999957,8
2018_10_NYG_SF,2018,10,2018-11-12,NYG,SF,27.0,23.0,-4.0,3.0,0,True,0.5596006407376364,SF,0.5596006407376364,NYG,False,-0.05671137608358222,-0.021955647339590316,64.4,-0.025056313513812163,0.10206123391261265,61.8,-0.031655062569770055,-0.12401688125220298,2.6000000000000085,-4
2018_11_GB_SEA,2018,11,2018-11-15,GB,SEA,24.0,27.0,3.0,3.0,0,True,0.5686808576311109,SEA,0.5686808576311109,SEA,True,0.178051207929261,0.08963266037864179,62.2,0.15088665766846368,0.06750588380805914,63.8,0.02716455026079731,0.02212677657058265,-1.5999999999999943,0
2018_11_DAL_ATL,2018,11,2018-11-18,DAL,ATL,22.0,19.0,-3.0,3.5,0,True,0.5378393370470018,ATL,0.5378393370470018,DAL,False,0.13761575657126598,0.20005681681435084,66.4,0.001997995054734536,-0.11798343706485,63.2,0.13561776151653146,0.3180402538792008,3.200000000000003,0
2018_11_CIN_BAL,2018,11,2018-11-18,CIN,BAL,21.0,24.0,3.0,6.5,1,True,0.7461718142137833,BAL,0.7461718142137833,BAL,True,0.021401934319270625,0.031068645003710055,67.8,-0.07344099307206012,0.22222566717471412,54.4,0.09484292739133074,-0.19115702217100405,13.399999999999999,7
2018_11_CAR_DET,2018,11,2018-11-18,CAR,DET,19.0,20.0,1.0,-4.0,0,True,0.3919809001066495,CAR,0.6080190998933506,DET,False,0.0073785865446757744,0.15416065700617634,62.4,0.15778213458083912,0.1056509883658295,58.0,-0.15040354803616335,0.04850966864034684,4.399999999999999,-3
2018_11_TEN_IND,2018,11,2018-11-18,TEN,IND,10.0,38.0,28.0,2.0,1,True,0.7180188347333233,IND,0.7180188347333233,IND,True,0.18151897244214094,0.0187145679452089,64.8,-0.035458705066287115,0.010172579580825337,58.2,0.21697767750842806,0.008541988364383562,6.599999999999994,0
2018_11_PIT_JAX,2018,11,2018-11-18,PIT,JAX,20.0,16.0,-4.0,-4.0,0,True,0.15863106768908633,PIT,0.8413689323109137,PIT,True,-0.1599082192548437,0.13029098243905415,66.8,0.2794688851081075,-0.04463237081006459,64.8,-0.4393771043629512,0.17492335324911873,2.0,-3
2018_11_TB_NYG,2018,11,2018-11-18,TB,NYG,35.0,38.0,3.0,3.0,0,True,0.5332104253281699,NYG,0.5332104253281699,NYG,True,-0.017365709915744425,0.05246835552559749,61.0,0.016997919840321476,0.10961630149095239,73.2,-0.0343636297560659,-0.0571479459653549,-12.200000000000003,-1
2018_11_HOU_WAS,2018,11,2018-11-18,HOU,WAS,23.0,21.0,-2.0,-3.0,0,True,0.4663015335085265,HOU,0.5336984664914735,HOU,True,-0.001536306099279941,0.01918804769797059,61.4,-0.03957518442661281,-0.1557544298832777,61.4,0.03803887832733287,0.17494247758124828,0.0,-7
2018_11_DEN_LAC,2018,11,2018-11-18,DEN,LAC,23.0,22.0,-1.0,7.5,1,True,0.7031095841973406,LAC,0.7031095841973406,DEN,False,0.2362299564413247,-0.10135721699115638,51.8,0.006793730445022773,-0.026100441955252164,63.6,0.22943622599630192,-0.07525677503590422,-11.800000000000004,-7
2018_11_PHI_NO,2018,11,2018-11-18,PHI,NO,7.0,48.0,41.0,7.0,0,True,0.7441931259908825,NO,0.7441931259908825,NO,True,0.26966794881564427,-0.026520569997774312,64.2,0.07706099175119957,0.06707325439520635,61.6,0.1926069570644447,-0.09359382439298067,2.6000000000000014,0
2018_11_MIN_CHI,2018,11,2018-11-18,MIN,CHI,20.0,25.0,5.0,2.5,1,True,0.5551338188667401,CHI,0.5551338188667401,CHI,True,0.0849826255447525,-0.07427900937210889,60.2,-0.06553553743247047,-0.23543686306468228,60.6,0.15051816297722298,0.1611578536925734,-0.3999999999999986,-7
2018_11_KC_LA,2018,11,2018-11-19,KC,LA,51.0,54.0,3.0,3.0,0,True,0.45479552063142054,KC,0.5452044793685795,LA,False,0.19078291873941358,0.0376137077504055,65.4,0.2778863856471785,-0.041421890260958875,58.0,-0.08710346690776491,0.07903559801136437,7.400000000000006,0
2018_12_CHI_DET,2018,12,2018-11-22,CHI,DET,23.0,16.0,-7.0,-3.0,1,True,0.3710080483095903,CHI,0.6289919516904097,CHI,True,-0.002069897208085312,0.15073889746457994,63.6,0.06284061220985628,-0.12598269475882792,61.6,-0.06491050941794159,0.27672159222340786,2.0,0
2018_12_WAS_DAL,2018,12,2018-11-22,WAS,DAL,23.0,31.0,8.0,7.0,1,True,0.6456153637110459,DAL,0.6456153637110459,DAL,True,0.05181341300390433,-0.08942727208451592,64.0,-0.035042548830108045,-0.021034942598984745,62.4,0.08685596183401237,-0.06839232948553117,1.6000000000000014,0
2018_12_ATL_NO,2018,12,2018-11-22,ATL,NO,17.0,31.0,14.0,11.5,1,True,0.7378238364773838,NO,0.7378238364773838,NO,True,0.27875435115186853,-0.07486513781148252,65.8,0.15431705599618997,0.16563756335080057,63.4,0.12443729515567856,-0.2405027011622831,2.3999999999999986,0
2018_12_JAX_BUF,2018,12,2018-11-25,JAX,BUF,21.0,24.0,3.0,-3.0,0,True,0.6241381128669753,BUF,0.6241381128669753,BUF,True,-0.23873036496784666,-0.11809384189464955,65.6,-0.15532840226150146,0.09375852818718884,63.6,-0.0834019627063452,-0.21185237008183838,1.999999999999993,7
2018_12_SEA_CAR,2018,12,2018-11-25,SEA,CAR,30.0,27.0,-3.0,3.0,0,True,0.5548459630617697,CAR,0.5548459630617697,SEA,False,0.1800339112517431,0.11717023699210186,57.8,0.13397504188436177,0.08323268168084579,64.4,0.04605886936738132,0.03393755531125607,-6.6000000000000085,-3
2018_12_CLE_CIN,2018,12,2018-11-25,CLE,CIN,35.0,20.0,-15.0,-1.0,1,True,0.41892355054080394,CLE,0.581076449459196,CLE,True,-0.058567134014666754,0.2730647918374153,53.8,-0.038265997151166985,0.15636396735531388,63.2,-0.02030113686349977,0.1167008244821014,-9.400000000000006,-7
2018_12_NE_NYJ,2018,12,2018-11-25,NE,NYJ,27.0,13.0,-14.0,-13.0,1,True,0.27408757577868875,NE,0.7259124242213113,NE,True,-0.25201222609167867,0.011113307230592196,61.2,0.0738122301003425,0.012897346678038244,67.4,-0.32582445619202116,-0.0017840394474460484,-6.200000000000003,0
2018_12_NYG_PHI,2018,12,2018-11-25,NYG,PHI,22.0,25.0,3.0,4.5,1,True,0.5265614771030899,PHI,0.5265614771030899,PHI,True,0.014574093493439567,0.13536195280869415,60.2,0.02425717935260564,0.11665642637594136,60.4,-0.009683085859166073,0.018705526432752792,-0.19999999999999574,0
2018_12_SF_TB,2018,12,2018-11-25,SF,TB,9.0,27.0,18.0,1.5,0,True,0.5150902255185984,TB,0.5150902255185984,TB,True,0.010873845646972063,0.12143036478384364,74.2,-0.02507463885654742,0.01051361006004237,58.6,0.03594848450351948,0.11091675472380128,15.600000000000001,-6
2018_12_ARI_LAC,2018,12,2018-11-25,ARI,LAC,10.0,45.0,35.0,14.0,0,True,0.881085729590782,LAC,0.881085729590782,LAC,True,0.19898339587036912,-0.0628916984530306,55.0,-0.30366335497341124,-0.02634766838079724,61.2,0.5026467508437804,-0.036544030072233356,-6.200000000000003,0
2018_12_PIT_DEN,2018,12,2018-11-25,PIT,DEN,17.0,24.0,7.0,-3.0,0,True,0.396489834683562,PIT,0.603510165316438,DEN,False,0.035033837254865106,-0.034006585268759826,59.4,0.20469960110289245,-0.055966428866072906,65.2,-0.16966576384802734,0.02195984359731308,-5.800000000000004,0
2018_12_MIA_IND,2018,12,2018-11-25,MIA,IND,24.0,27.0,3.0,9.0,0,True,0.8211517361952474,IND,0.8211517361952474,IND,True,0.25256640224979887,-0.06039527600577692,60.0,-0.07718985491839561,0.14232403335647478,62.6,0.32975625716819446,-0.2027193093622517,-2.6000000000000014,-7
2018_12_GB_MIN,2018,12,2018-11-25,GB,MIN,17.0,24.0,7.0,4.0,1,True,0.4216111476421057,GB,0.5783888523578943,MIN,False,-0.1152567694135191,-0.2199993666518821,61.6,0.14897030099749414,0.05867288703695449,58.0,-0.26422707041101323,-0.2786722536888366,3.6000000000000014,-3
2018_12_TEN_HOU,2018,12,2018-11-26,TEN,HOU,17.0,34.0,17.0,3.5,1,True,0.6419371144995454,HOU,0.6419371144995454,HOU,True,-0.040253727509797894,-0.1668065719052519,57.6,-0.019037365382551286,0.11317177587985058,59.4,-0.021216362127246608,-0.27997834778510244,-1.7999999999999972,0
2018_13_NO_DAL,2018,13,2018-11-29,NO,DAL,10.0,13.0,3.0,-7.0,0,True,0.32009440150657437,NO,0.6799055984934257,DAL,False,0.051519597663631046,-0.013523526437243426,63.0,0.2750667228211154,-0.13471552250556465,62.2,-0.22354712515748434,0.12119199606832122,0.7999999999999972,0
2018_13_BAL_ATL,2018,13,2018-12-02,BAL,ATL,26.0,16.0,-10.0,2.5,0,True,0.5701710618053902,ATL,0.5701710618053902,BAL,False,0.07474051202235692,0.14740857916182076,64.4,0.05911751117900181,0.10285379512315504,64.8,0.015623000843355106,0.04455478403866572,-0.3999999999999915,3
2018_13_DEN_CIN,2018,13,2018-12-02,DEN,CIN,24.0,10.0,-14.0,-3.5,0,True,0.3049284709071109,DEN,0.695071529092889,DEN,True,-0.07967582088160834,0.26601183333906037,55.6,0.056905190508053705,-0.060207883601831845,57.6,-0.13658101138966205,0.3262197169408922,-2.0,0
2018_13_LA_DET,2018,13,2018-12-02,LA,DET,30.0,16.0,-14.0,-10.5,0,True,0.2853195308878936,LA,0.7146804691121065,LA,True,-0.10801476900690535,0.10299654887640113,65.2,0.17708977858474628,0.058561829024047884,66.0,-0.2851045475916516,0.04443471985235324,-0.7999999999999972,-3
2018_13_ARI_GB,2018,13,2018-12-02,ARI,GB,20.0,17.0,-3.0,13.5,0,True,0.8334436677102139,GB,0.8334436677102139,ARI,False,0.09517311464855734,0.024711640624974825,54.4,-0.2863543812088454,0.07224002047956617,59.0,0.3815274958574027,-0.04752837985459134,-4.600000000000001,0
2018_13_CLE_HOU,2018,13,2018-12-02,CLE,HOU,13.0,29.0,16.0,5.0,0,True,0.6412977314205718,HOU,0.6412977314205718,HOU,True,0.09141823611029924,-0.1093839943247569,58.4,0.08575486858843975,0.10069795956385375,60.4,0.005663367521859489,-0.21008195388861065,-2.0,-1
2018_13_IND_JAX,2018,13,2018-12-02,IND,JAX,0.0,6.0,6.0,-4.0,1,True,0.21530130576170933,IND,0.7846986942382906,JAX,False,-0.0660396320620497,0.09424841323271456,67.2,0.29269685484993885,-0.052798861642904926,59.8,-0.35873648691198856,0.14704727487561947,7.400000000000006,0
2018_13_BUF_MIA,2018,13,2018-12-02,BUF,MIA,17.0,21.0,4.0,3.5,1,True,0.5297174156119439,MIA,0.5297174156119439,MIA,True,-0.08111317138638793,0.1437769761491209,57.6,-0.16636096610101841,-0.039337521648290914,64.4,0.08524779471463048,0.18311449779741182,-6.800000000000004,0
2018_13_CHI_NYG,2018,13,2018-12-02,CHI,NYG,27.0,30.0,3.0,-3.5,0,True,0.4514650999166624,CHI,0.5485349000833376,NYG,False,0.09024378839456827,0.09909861561305158,59.2,0.04648663006741669,-0.1855473164785316,57.8,0.04375715832715158,0.2846459320915832,1.4000000000000057,-3
2018_13_CAR_TB,2018,13,2018-12-02,CAR,TB,17.0,24.0,7.0,-3.5,1,True,0.4744714580121825,CAR,0.5255285419878175,TB,False,0.062428602950209036,0.1294649149106571,70.4,0.16992454842217003,0.15428021389599328,57.6,-0.107495945471961,-0.024815298985336187,12.800000000000004,0
2018_13_NYJ_TEN,2018,13,2018-12-02,NYJ,TEN,22.0,26.0,4.0,10.5,0,True,0.7813610673532919,TEN,0.7813610673532919,TEN,True,0.05889747133365395,0.12923376966158334,61.8,-0.2636716456436004,0.10273156916349549,60.6,0.3225691169772544,0.026502200498087852,1.1999999999999957,-1
2018_13_MIN_NE,2018,13,2018-12-02,MIN,NE,10.0,24.0,14.0,6.0,0,True,0.6705070842547504,NE,0.6705070842547504,NE,True,0.12079124432928871,-0.038716506885891906,65.8,-0.07904832943237382,-0.16781514111043772,61.2,0.19983957376166253,0.12909863422454582,4.599999999999994,0
2018_13_SF_SEA,2018,13,2018-12-02,SF,SEA,16.0,43.0,27.0,10.0,1,True,0.6669717019195402,SEA,0.6669717019195402,SEA,True,0.14232732271268259,0.17861908325522421,64.2,-0.08562067996284155,0.015716208744228473,59.4,0.22794800267552412,0.16290287451099575,4.800000000000004,0
2018_13_LAC_PIT,2018,13,2018-12-02,LAC,PIT,33.0,30.0,-3.0,3.5,0,True,0.5027751205093476,PIT,0.5027751205093476,LAC,False,0.14927085162510725,-0.05121820242000001,67.0,0.21951050496411292,-0.060708942617070064,56.6,-0.07023965333900567,0.009490740197070052,10.399999999999999,0
2018_13_WAS_PHI,2018,13,2018-12-03,WAS,PHI,13.0,28.0,15.0,5.5,1,True,0.4660656200027595,WAS,0.5339343799972405,PHI,False,-0.002983717269450209,0.20134856185065675,58.8,-0.03874855591247826,0.009633532366382784,62.8,0.03576483864302805,0.19171502948427396,-4.0,-3
2018_14_JAX_TEN,2018,14,2018-12-06,JAX,TEN,9.0,30.0,21.0,5.5,1,True,0.6039368722440619,TEN,0.6039368722440619,TEN,True,0.009555682925261186,0.04056914269791386,60.0,-0.07073630885863855,0.03436054454918367,64.4,0.08029199178389973,0.0062085981487301906,-4.400000000000006,0
2018_14_NYJ_BUF,2018,14,2018-12-09,NYJ,BUF,27.0,23.0,-4.0,4.5,1,True,0.739490991420317,BUF,0.739490991420317,NYJ,False,-0.05551312780289889,-0.11691148152491551,66.8,-0.19605119994833803,0.08612544184305945,59.8,0.14053807214543915,-0.20303692336797496,7.0,0
2018_14_CAR_CLE,2018,14,2018-12-09,CAR,CLE,20.0,26.0,6.0,-1.0,0,True,0.5207911640902324,CLE,0.5207911640902324,CLE,True,0.07126788738758619,0.138075774714783,58.2,0.11664599352746292,0.14442986772210828,58.0,-0.04537810613987674,-0.006354093007325284,0.20000000000000284,0
2018_14_ATL_GB,2018,14,2018-12-09,ATL,GB,20.0,34.0,14.0,4.0,0,True,0.6853092348950766,GB,0.6853092348950766,GB,True,0.0669375288190235,0.01837170916515684,58.8,-0.05392807463739284,0.09972160018197024,61.2,0.12086560345641634,-0.08134989101681339,-2.4000000000000057,0
2018_14_IND_HOU,2018,14,2018-12-09,IND,HOU,24.0,21.0,-3.0,4.0,1,True,0.5193986801626231,HOU,0.5193986801626231,IND,False,0.10760103300508017,-0.09773470229240792,61.0,0.17748641373586108,-0.011000172079389792,62.6,-0.0698853807307809,-0.08673453021301814,-1.6000000000000014,0
2018_14_BAL_KC,2018,14,2018-12-09,BAL,KC,24.0,27.0,3.0,6.5,0,True,0.7059250342128878,KC,0.7059250342128878,KC,True,0.23428740893581884,0.02236596506126917,60.2,0.012523823909756676,-0.029236165826295957,67.0,0.22176358502606217,0.05160213088756513,-6.799999999999997,0
2018_14_NE_MIA,2018,14,2018-12-09,NE,MIA,33.0,34.0,1.0,-8.5,1,True,0.2665658088177131,NE,0.7334341911822869,MIA,False,-0.1350892116043029,0.08247228009726093,56.4,0.11963552160994921,-0.06729612074530697,67.0,-0.2547247332142521,0.1497684008425679,-10.600000000000001,0
2018_14_NO_TB,2018,14,2018-12-09,NO,TB,28.0,14.0,-14.0,-8.5,1,True,0.29727178996074716,NO,0.7027282100392529,NO,True,0.0391651405207015,0.10311189884699241,65.4,0.2045355859334534,-0.12413677358722115,61.4,-0.1653704454127519,0.22724867243421357,4.000000000000007,-3
2018_14_NYG_WAS,2018,14,2018-12-09,NYG,WAS,40.0,16.0,-24.0,-3.0,1,True,0.42626781892534915,NYG,0.5737321810746508,NYG,True,-0.07022656648900875,0.06872798912922551,58.4,0.044427087903871856,0.04522129292949952,60.0,-0.11465365439288061,0.023506696199725986,-1.6000000000000014,-1
2018_14_CIN_LAC,2018,14,2018-12-09,CIN,LAC,21.0,26.0,5.0,17.0,0,True,0.8373877080735544,LAC,0.8373877080735544,LAC,True,0.21184219276604982,-0.07008375335148567,60.4,-0.055626593318834794,0.2012456260369755,57.6,0.2674687860848846,-0.27132937938846113,2.799999999999997,0
2018_14_DEN_SF,2018,14,2018-12-09,DEN,SF,14.0,20.0,6.0,-3.0,0,True,0.49240546712306493,DEN,0.5075945328769351,SF,False,-0.0075893912899512445,0.058986975889018176,62.4,0.05849683008996741,0.03252369510552432,58.4,-0.06608622137991865,0.02646328078349386,4.0,0
2018_14_DET_ARI,2018,14,2018-12-09,DET,ARI,17.0,3.0,-14.0,-2.5,0,True,0.5488909330083473,ARI,0.5488909330083473,DET,False,-0.14277683684500947,0.06333316409054708,57.0,-0.148781482618431,0.05614048089401532,66.8,0.006004645773421524,0.007192683196531761,-9.799999999999997,0
2018_14_PHI_DAL,2018,14,2018-12-09,PHI,DAL,23.0,29.0,6.0,3.5,1,True,0.6878865235493689,DAL,0.6878865235493689,DAL,True,0.044847608055602645,-0.07121085549655777,63.4,-0.0001606282695918726,0.12196617473911753,59.6,0.04500823632519452,-0.19317703023567528,3.799999999999997,4
2018_14_LA_CHI,2018,14,2018-12-09,LA,CHI,6.0,15.0,9.0,-3.0,0,True,0.5424412138665129,CHI,0.5424412138665129,CHI,True,-0.011653918624249509,-0.18846277078698834,60.2,0.1491342084061284,0.11055910122648123,66.8,-0.1607881270303779,-0.2990218720134696,-6.599999999999994,0
2018_14_MIN_SEA,2018,14,2018-12-10,MIN,SEA,7.0,21.0,14.0,3.0,0,True,0.691069612769744,SEA,0.691069612769744,SEA,True,0.1666975920537043,0.1638863861141555,61.6,-0.10674884196919457,-0.048771643824309235,60.2,0.27344643402289887,0.21265802993846475,1.3999999999999986,0
2018_15_LAC_KC,2018,15,2018-12-13,LAC,KC,29.0,28.0,-1.0,3.5,1,True,0.5508233101345857,KC,0.5508233101345857,LAC,False,0.22856706737808005,0.028173421708448703,66.0,0.1857309421397892,-0.04942403501894597,61.4,0.04283612523829086,0.07759745672739467,4.600000000000001,0
2018_15_HOU_NYJ,2018,15,2018-12-15,HOU,NYJ,29.0,22.0,-7.0,-7.0,0,True,0.32462869410005263,HOU,0.6753713058999473,HOU,True,-0.1684167480741581,0.05598856866015789,59.0,0.04803537984437979,-0.05433562882754557,63.8,-0.2164521279185379,0.11032419748770346,-4.799999999999997,0
2018_15_CLE_DEN,2018,15,2018-12-15,CLE,DEN,17.0,16.0,-1.0,1.0,0,True,0.5370051152746561,DEN,0.5370051152746561,CLE,False,0.027769421875101657,0.013139004359551731,58.4,0.1064347234069333,0.11426446171818452,54.8,-0.07866530153183164,-0.10112545735863279,3.6000000000000014,0
2018_15_ARI_ATL,2018,15,2018-12-16,ARI,ATL,14.0,40.0,26.0,10.0,0,True,0.5805006403188515,ATL,0.5805006403188515,ATL,True,-0.1290421915038592,0.1260756243517294,62.0,-0.18864200627497194,0.052320764281818644,57.0,0.05959981477111273,0.07375486006991075,5.0,0
2018_15_TB_BAL,2018,15,2018-12-16,TB,BAL,12.0,20.0,8.0,8.5,0,True,0.5934192376248458,BAL,0.5934192376248458,BAL,True,0.021568859509513726,-0.049447014926484054,67.8,0.03294900528410181,0.053011349644596674,65.4,-0.011380145774588082,-0.10245836457108073,2.3999999999999915,0
2018_15_DET_BUF,2018,15,2018-12-16,DET,BUF,13.0,14.0,1.0,2.5,0,True,0.7409330425819116,BUF,0.7409330425819116,BUF,True,0.0215287395514698,-0.11977610126598123,68.6,-0.14441805302700775,0.011952895611544046,64.0,0.16594679257847755,-0.1317289968775253,4.599999999999994,0
2018_15_GB_CHI,2018,15,2018-12-16,GB,CHI,17.0,24.0,7.0,6.0,1,True,0.5301699522065362,CHI,0.5301699522065362,CHI,True,-0.023437987855006816,-0.1830453650596604,64.4,0.08594728926631334,-0.014788459698140442,57.0,-0.10938527712132015,-0.16825690536151997,7.400000000000006,0
2018_15_DAL_IND,2018,15,2018-12-16,DAL,IND,0.0,23.0,23.0,3.0,0,True,0.5503734333714418,IND,0.5503734333714418,IND,True,0.11394678948671086,-0.04984284670689928,61.2,0.08118557814160582,-0.10677901260330462,70.8,0.03276121134510504,0.05693616589640534,-9.599999999999994,0
2018_15_WAS_JAX,2018,15,2018-12-16,WAS,JAX,16.0,13.0,-3.0,7.5,0,True,0.5965988603762643,JAX,0.5965988603762643,WAS,False,-0.09820063779244328,0.04478084380583162,65.0,-0.13099753741851522,0.009849190372287259,57.4,0.032796899626071935,0.03493165343354436,7.600000000000001,3
2018_15_MIA_MIN,2018,15,2018-12-16,MIA,MIN,17.0,41.0,24.0,7.5,0,True,0.5109185652418629,MIN,0.5109185652418629,MIN,True,-0.13882294656111513,-0.06544088105897175,58.0,-0.026122942278557815,0.05369376206170291,52.4,-0.11270000428255732,-0.11913464312067466,5.600000000000001,-1
2018_15_TEN_NYG,2018,15,2018-12-16,TEN,NYG,17.0,0.0,-17.0,-2.5,0,True,0.6098684903902091,NYG,0.6098684903902091,TEN,False,0.09823498911749433,-0.019516349324708006,59.0,0.03475958311769565,0.02282331031369203,57.6,0.06347540599979867,-0.042339659638400036,1.3999999999999986,-3
2018_15_SEA_SF,2018,15,2018-12-16,SEA,SF,23.0,26.0,3.0,-3.5,1,True,0.4402165157322485,SEA,0.5597834842677515,SF,False,0.033089192753778446,0.05837506233183041,62.2,0.16650108377156658,0.0638960890658071,59.6,-0.13341189101778814,-0.00552102673397669,2.6000000000000014,1
2018_15_NE_PIT,2018,15,2018-12-16,NE,PIT,10.0,17.0,7.0,-2.5,0,True,0.5533052752038496,PIT,0.5533052752038496,PIT,True,0.13062335708458414,0.07492590190281859,62.6,0.13957935654929896,0.0971546881485846,68.0,-0.008955999464714814,-0.02222878624576602,-5.399999999999999,0
2018_15_PHI_LA,2018,15,2018-12-16,PHI,LA,30.0,23.0,-7.0,13.5,0,True,0.6962657690869783,LA,0.6962657690869783,PHI,False,0.06163241875149546,0.04124292600964097,63.8,-0.050512386312125235,0.14858564827553783,57.4,0.11214480506362069,-0.10734272226589686,6.399999999999999,0
2018_15_NO_CAR,2018,15,2018-12-17,NO,CAR,12.0,9.0,-3.0,-6.0,1,True,0.32890303780778996,NO,0.67109696219221,NO,True,0.0618131372811371,0.15691479816896775,60.8,0.15104095789417976,-0.17477096017265775,60.0,-0.08922782061304266,0.3316857583416255,0.7999999999999972,0
2018_16_WAS_TEN,2018,16,2018-12-22,WAS,TEN,16.0,25.0,9.0,12.5,0,True,0.6757761104201377,TEN,0.6757761104201377,TEN,True,0.011276809082699419,0.001664614074491122,57.8,-0.15092750123445559,-0.02758402271423429,58.4,0.16220431031715501,0.029248636788725413,-0.6000000000000014,0
2018_16_BAL_LAC,2018,16,2018-12-22,BAL,LAC,22.0,10.0,-12.0,4.0,0,True,0.6287302351558482,LAC,0.6287302351558482,BAL,False,0.19774190927360677,0.03251848464775678,64.4,0.04384648280186651,-0.13114926310234581,70.8,0.15389542647174026,0.1636677477501026,-6.3999999999999915,3
2018_16_ATL_CAR,2018,16,2018-12-23,ATL,CAR,24.0,10.0,-14.0,-2.5,1,True,0.6227339570347837,CAR,0.6227339570347837,ATL,False,0.03679019215839367,0.04189143481801355,60.8,-0.09584284650168215,-0.017595231945798494,60.6,0.1326330386600758,0.05948666676381205,0.19999999999999574,-1
2018_16_CIN_CLE,2018,16,2018-12-23,CIN,CLE,18.0,26.0,8.0,10.0,1,True,0.6619585885441811,CLE,0.6619585885441811,CLE,True,0.0787453750852056,-0.006118052435402338,52.2,-0.042103571273911296,0.052809676137424176,64.2,0.12084894635911689,-0.058927728572826514,-12.0,1
2018_16_TB_DAL,2018,16,2018-12-23,TB,DAL,20.0,27.0,7.0,7.0,0,True,0.6060590761060781,DAL,0.6060590761060781,DAL,True,0.0027615338394471113,-0.07985240083934463,70.0,0.018803966816198704,0.047418628739070226,61.4,-0.01604243297675159,-0.12727102957841485,8.600000000000001,0
2018_16_MIN_DET,2018,16,2018-12-23,MIN,DET,27.0,9.0,-18.0,-6.5,1,True,0.5119984019757607,DET,0.5119984019757607,MIN,False,-0.10449795789275333,-0.04964033398233936,60.4,-0.09524841366873171,-0.10154069551544978,61.0,-0.009249544224021619,0.05190036153311042,-0.6000000000000014,0
2018_16_NYG_IND,2018,16,2018-12-23,NYG,IND,27.0,28.0,1.0,10.0,0,True,0.6299558960621647,IND,0.6299558960621647,IND,True,0.07234897187881534,-0.1097824231266781,63.6,0.04182136008734268,-0.0034845351390152685,60.6,0.03052761179147266,-0.10629788798766283,3.0,0
2018_16_JAX_MIA,2018,16,2018-12-23,JAX,MIA,17.0,7.0,-10.0,3.0,0,True,0.5990538007461165,MIA,0.5990538007461165,JAX,False,-0.04606720094087548,0.14450620576628875,52.4,-0.1871507182718091,-0.016264191944938562,60.2,0.1410835173309336,0.1607703977112273,-7.800000000000004,0
2018_16_BUF_NE,2018,16,2018-12-23,BUF,NE,12.0,24.0,12.0,14.0,1,True,0.4808962407577011,BUF,0.5191037592422989,NE,False,0.11670886296977567,0.1161010925797469,66.2,0.09066453801796995,-0.08138529208519119,64.6,0.026044324951805725,0.1974863846649381,1.6000000000000085,0
2018_16_GB_NYJ,2018,16,2018-12-23,GB,NYJ,44.0,38.0,-6.0,-3.0,0,True,0.41158587079926867,GB,0.5884141292007313,GB,True,-0.10691391144595544,0.12716464148018794,60.6,0.02423123868735526,0.03495565680248381,60.0,-0.1311451501333107,0.09220898467770414,0.6000000000000014,1
2018_16_HOU_PHI,2018,16,2018-12-23,HOU,PHI,30.0,32.0,2.0,1.0,0,True,0.4199394822961349,HOU,0.5800605177038651,PHI,False,-0.018980675314205477,0.08925971309066966,57.4,0.052814388943136725,-0.05851716715597799,61.6,-0.0717950642573422,0.14777688024664765,-4.200000000000003,-1
2018_16_LA_ARI,2018,16,2018-12-23,LA,ARI,31.0,9.0,-22.0,-14.5,1,True,0.3088292345890102,LA,0.6911707654109898,LA,True,-0.2312283640883043,0.06163434972542431,56.2,0.010251252880574109,0.0026180714571131026,66.4,-0.2414796169688784,0.059016278268311205,-10.200000000000003,0
2018_16_CHI_SF,2018,16,2018-12-23,CHI,SF,14.0,9.0,-5.0,-3.5,0,True,0.4743255389529762,CHI,0.5256744610470239,CHI,True,-0.028961796327470847,0.11667885251668335,63.2,-0.07687217402171206,-0.16211066539173297,65.0,0.04791037769424122,0.27878951790841633,-1.7999999999999972,0
2018_16_PIT_NO,2018,16,2018-12-23,PIT,NO,28.0,31.0,3.0,6.5,0,True,0.6250548942308815,NO,0.6250548942308815,NO,True,0.0235976816613508,-0.1725379690139034,59.4,0.06423394756942796,0.09255806317262286,63.0,-0.04063626590807716,-0.2650960321865262,-3.6000000000000014,-1
2018_16_KC_SEA,2018,16,2018-12-23,KC,SEA,31.0,38.0,7.0,-1.0,0,True,0.533852527914225,SEA,0.533852527914225,SEA,True,0.14944076943618168,-0.0023442416508432915,60.8,0.175106477104524,0.0515909809032547,65.2,-0.025665707668342336,-0.053935222554097995,-4.400000000000006,-3
2018_17_MIA_BUF,2018,17,2018-12-30,MIA,BUF,17.0,42.0,25.0,5.5,1,True,0.6447171631154149,BUF,0.6447171631154149,BUF,True,-0.03624625919912189,-0.040487510711770584,62.4,-0.07752508326974013,0.08523935262274525,47.8,0.04127882407061824,-0.12572686333451583,14.600000000000001,0
2018_17_DET_GB,2018,17,2018-12-30,DET,GB,31.0,0.0,-31.0,7.5,1,True,0.679111208556965,GB,0.679111208556965,DET,False,0.05634583854793642,0.08802191086719677,66.2,-0.19036684847511717,-0.0794467637623609,61.8,0.2467126870230536,0.16746867462955767,4.400000000000006,0
2018_17_JAX_HOU,2018,17,2018-12-30,JAX,HOU,3.0,20.0,17.0,7.0,1,True,0.7308948278866739,HOU,0.7308948278866739,HOU,True,0.1081492644548893,0.009233068952466523,62.8,-0.16733290144703986,-0.07170243682425456,58.8,0.27548216590192914,0.08093550577672108,4.0,0
2018_17_NYJ_NE,2018,17,2018-12-30,NYJ,NE,3.0,38.0,35.0,14.0,1,True,0.6679288071733023,NE,0.6679288071733023,NE,True,0.10916150043228331,0.01026428144052155,67.6,0.029674424383266416,0.1380188155104358,61.0,0.07948707604901689,-0.12775453406991424,6.599999999999994,0
2018_17_CAR_NO,2018,17,2018-12-30,CAR,NO,33.0,14.0,-19.0,8.0,1,True,0.5877839489748307,NO,0.5877839489748307,CAR,False,-0.042948616335874955,-0.07765284058011435,57.8,-0.031178870138273536,0.06754977355878253,65.8,-0.011769746197601419,-0.14520261413889687,-8.0,0
2018_17_DAL_NYG,2018,17,2018-12-30,DAL,NYG,36.0,35.0,-1.0,7.5,1,True,0.5453108485485418,NYG,0.5453108485485418,DAL,False,0.03544295582115868,-0.002399012908575737,62.4,-0.022597325926181293,-0.10126721794761417,67.0,0.058040281747339974,0.09886820503903844,-4.600000000000001,0
2018_17_ATL_TB,2018,17,2018-12-30,ATL,TB,34.0,32.0,-2.0,-2.5,1,True,0.5454460181091179,TB,0.5454460181091179,ATL,False,-0.041972150184844514,-0.01594495773593882,62.8,-0.06779386191903092,-0.07055694979405133,59.0,0.025821711734186403,0.05461199205811251,3.799999999999997,0
2018_17_CLE_BAL,2018,17,2018-12-30,CLE,BAL,24.0,26.0,2.0,7.0,1,True,0.5931947059989352,BAL,0.5931947059989352,BAL,True,0.014133895795323587,-0.2124724000959346,68.0,0.08398794000322336,-0.003698060096915001,55.2,-0.06985404420789977,-0.2087743399990196,12.799999999999997,1
2018_17_LAC_DEN,2018,17,2018-12-30,LAC,DEN,23.0,9.0,-14.0,-7.0,1,True,0.45155530117165144,LAC,0.5484446988283486,LAC,True,-0.004925891799216102,-0.023188627716815197,61.2,0.09315027200537983,-0.00874717894624405,61.4,-0.09807616380459593,-0.014441448770571148,-0.19999999999999574,-2
2018_17_SF_LA,2018,17,2018-12-30,SF,LA,32.0,48.0,16.0,10.5,1,True,0.669475703177306,LA,0.669475703177306,LA,True,0.0017415593220962977,-0.06885577252402064,66.8,-0.0457758890292642,0.12723459983786484,60.8,0.0475174483513605,-0.19609037236188548,6.0,0
2018_17_CHI_MIN,2018,17,2018-12-30,CHI,MIN,24.0,10.0,-14.0,6.0,1,True,0.5616623456367135,MIN,0.5616623456367135,CHI,False,-0.05413999319981542,-0.1823561934773572,59.8,-0.06046955216106291,-0.14583265344218382,62.6,0.00632955896124749,-0.036523540035173385,-2.8000000000000043,0
2018_17_CIN_PIT,2018,17,2018-12-30,CIN,PIT,13.0,16.0,3.0,14.0,1,True,0.6570794092890054,PIT,0.6570794092890054,PIT,True,0.10064925063982175,0.13438226170626816,65.2,-0.040662280920536364,0.12199664810293734,62.6,0.1413115315603581,0.01238561360333082,2.6000000000000014,0
2018_17_ARI_SEA,2018,17,2018-12-30,ARI,SEA,24.0,27.0,3.0,15.5,1,True,0.8608013191955645,SEA,0.8608013191955645,SEA,True,0.19776176419286276,-0.0008630307883183252,61.8,-0.2106166130910382,0.12241882897212801,56.4,0.408378377283901,-0.12328185976044634,5.399999999999999,0
2018_17_PHI_WAS,2018,17,2018-12-30,PHI,WAS,24.0,0.0,-24.0,-6.0,1,True,0.3815951729109684,PHI,0.6184048270890317,PHI,True,-0.11394214451324103,0.014442650157096545,56.0,0.08672185672815516,0.035024741488964346,62.4,-0.2006640012413962,-0.0205820913318678,-6.399999999999999,1
2018_17_IND_TEN,2018,17,2018-12-30,IND,TEN,33.0,17.0,-16.0,-5.0,1,True,0.5792712561226299,TEN,0.5792712561226299,IND,False,0.06327715601979883,-0.07136964935552703,57.0,0.045411019366014035,-0.02071500409826794,64.6,0.017866136653784795,-0.05065464525725909,-7.599999999999994,1
2019_01_GB_CHI,2019,1,2019-09-05,GB,CHI,10.0,3.0,-7.0,3.5,1,True,0.6486235590717053,CHI,0.6486235590717053,GB,False,-0.028882115337731044,-0.2012598741726992,63.8,0.013078819679173981,0.1394820592944354,67.0,-0.041960935016905024,-0.3407419334671346,-3.200000000000003,0
2019_01_LA_CAR,2019,1,2019-09-08,LA,CAR,30.0,27.0,-3.0,-1.5,0,True,0.46827512023583445,LA,0.5317248797641656,LA,True,-0.055274728773116566,-0.015922779646451807,68.0,0.008126356081400735,-0.09863111431897738,65.8,-0.0634010848545173,0.08270833467252557,2.200000000000003,0
2019_01_TEN_CLE,2019,1,2019-09-08,TEN,CLE,43.0,13.0,-30.0,5.5,0,True,0.549577979441899,CLE,0.549577979441899,TEN,False,0.04651804832145042,0.020274600930726982,54.6,-0.010002669983417856,-0.10525635349555715,55.6,0.05652071830486828,0.12553095442628412,-1.0,0
2019_01_KC_JAX,2019,1,2019-09-08,KC,JAX,40.0,26.0,-14.0,-3.5,0,True,0.22980724844383243,KC,0.7701927515561675,KC,True,-0.2569967771824459,-0.1029182110660333,55.2,0.22518501574804262,0.04514734216537195,63.0,-0.4821817929304885,-0.14806555323140524,-7.799999999999997,0
2019_01_BAL_MIA,2019,1,2019-09-08,BAL,MIA,59.0,10.0,-49.0,-7.0,0,True,0.282864219499258,BAL,0.717135780500742,BAL,True,-0.1645654787181386,0.11353904173064473,50.0,0.0035452300460633995,-0.17222622564686854,68.8,-0.16811070876420198,0.2857652673775133,-18.799999999999997,0
2019_01_ATL_MIN,2019,1,2019-09-08,ATL,MIN,12.0,28.0,16.0,3.5,0,True,0.4486737795956314,ATL,0.5513262204043686,MIN,False,-0.1506105357936057,-0.13814640648433257,57.0,0.006783585559097427,-0.06916138612374559,59.8,-0.15739412135270311,-0.06898502036058698,-2.799999999999997,0
2019_01_BUF_NYJ,2019,1,2019-09-08,BUF,NYJ,17.0,16.0,-1.0,2.5,1,True,0.39915662603549784,BUF,0.6008433739645022,BUF,True,-0.056330951701703144,0.10940167313432902,59.8,-0.005408391673514768,-0.11358926902701279,63.6,-0.050922560028188374,0.2229909421613418,-3.8000000000000043,0
2019_01_WAS_PHI,2019,1,2019-09-08,WAS,PHI,27.0,32.0,5.0,10.5,1,True,0.8113340032229727,PHI,0.8113340032229727,PHI,True,0.09353169179998973,-0.10076219716396077,64.0,-0.19866325572449184,0.03071570674112556,52.8,0.29219494752448155,-0.13147790390508635,11.200000000000003,0
2019_01_IND_LAC,2019,1,2019-09-08,IND,LAC,24.0,30.0,6.0,6.0,0,True,0.4553496507144887,IND,0.5446503492855113,LAC,False,-0.01629767969484432,0.006836820207114574,59.2,0.039674689691727015,-0.10065319803068636,65.4,-0.05597236938657134,0.10749001823780092,-6.200000000000003,0
2019_01_CIN_SEA,2019,1,2019-09-08,CIN,SEA,20.0,21.0,1.0,9.5,0,True,0.7675173990286319,SEA,0.7675173990286319,SEA,True,0.11506222004748753,-0.11021805534446046,62.2,-0.08067848120797816,0.04653525065919226,58.4,0.1957407012554657,-0.15675330600365273,3.8000000000000043,0
2019_01_NYG_DAL,2019,1,2019-09-08,NYG,DAL,17.0,35.0,18.0,7.0,1,True,0.5525622845993058,DAL,0.5525622845993058,DAL,True,0.007182511660390123,-0.051196364282402665,67.0,0.03444798204469589,0.017917603165801238,64.4,-0.027265470384305764,-0.0691139674482039,2.5999999999999943,0
2019_01_SF_TB,2019,1,2019-09-08,SF,TB,31.0,17.0,-14.0,1.0,0,True,0.589449333597608,TB,0.589449333597608,SF,False,-0.04113696904123587,0.043448441052198514,60.8,-0.03784662280242405,0.1257148368897884,60.6,-0.003290346238811824,-0.08226639583758989,0.19999999999999574,0
2019_01_PIT_NE,2019,1,2019-09-08,PIT,NE,3.0,33.0,30.0,5.5,0,True,0.627268957812912,NE,0.627268957812912,NE,True,0.08054435805617657,-0.07574109464444803,66.6,0.07356364417550701,0.0685091481058119,62.8,0.0069807138806695646,-0.14425024275025994,3.799999999999997,0
2019_01_HOU_NO,2019,1,2019-09-09,HOU,NO,28.0,30.0,2.0,6.5,0,True,0.3998810743697949,HOU,0.6001189256302051,NO,False,-0.09802794605091882,-0.027992410104594884,57.8,0.046244937329659855,-0.08771107598689407,65.4,-0.14427288338057867,0.05971866588229918,-7.6000000000000085,0
2019_02_TB_CAR,2019,2,2019-09-12,TB,CAR,20.0,14.0,-6.0,6.5,1,True,0.5959785684739436,CAR,0.5959785684739436,TB,False,-0.07296073944609913,-0.007737543755762771,67.8,-0.1136554738151081,0.02097762802923183,61.8,0.04069473436900897,-0.0287151717849946,6.0,0
2019_02_ARI_BAL,2019,2,2019-09-15,ARI,BAL,17.0,23.0,6.0,13.0,0,True,0.8703498848593526,BAL,0.8703498848593526,BAL,True,0.1557102228015463,-0.12241367369421216,68.0,-0.2483516702074149,0.032960648760967555,66.0,0.4040618930089612,-0.1553743224551797,2.0,0
2019_02_SF_CIN,2019,2,2019-09-15,SF,CIN,41.0,17.0,-24.0,1.0,0,True,0.5535042042972961,CIN,0.5535042042972961,SF,False,-0.04432936385358895,0.000930059804588651,59.6,-0.049950785763885064,-0.02181011065036622,57.8,0.005621421910296111,0.02274017045495487,1.8000000000000043,0
2019_02_LAC_DET,2019,2,2019-09-15,LAC,DET,10.0,13.0,3.0,-1.0,0,True,0.6311136996123452,DET,0.6311136996123452,DET,True,-0.0451481566606283,-0.1544217040660252,65.6,-0.02844531636262749,0.03843725123936801,58.6,-0.016702840298000808,-0.1928589553053932,6.999999999999993,0
2019_02_MIN_GB,2019,2,2019-09-15,MIN,GB,16.0,21.0,5.0,3.0,1,True,0.49988428956986053,MIN,0.5001157104301395,GB,False,-0.025268561803111194,0.0656712271116129,63.2,-0.08115453188449033,-0.2093447493741781,54.6,0.05588597008137913,0.275015976485791,8.600000000000001,3
2019_02_JAX_HOU,2019,2,2019-09-15,JAX,HOU,12.0,13.0,1.0,7.5,1,True,0.7494063045944651,HOU,0.7494063045944651,HOU,True,0.08751066413370699,0.0036581401204734687,62.6,-0.15984425741359334,0.039010679975354054,54.6,0.24735492154730032,-0.035352539854880585,8.0,-1
2019_02_NE_MIA,2019,2,2019-09-15,NE,MIA,43.0,0.0,-43.0,-18.0,1,True,0.18603877594350712,NE,0.8139612240564928,NE,True,-0.19110451541771084,0.23359503464297404,49.8,0.10204816360792301,-0.09199222983621475,66.0,-0.29315267902563386,0.3255872644791888,-16.200000000000003,0
2019_02_BUF_NYG,2019,2,2019-09-15,BUF,NYG,28.0,14.0,-14.0,-1.0,0,True,0.5594180014714737,NYG,0.5594180014714737,BUF,False,0.07810330227632425,0.12418537039579833,64.0,-0.04256835273788641,-0.11054174348144397,62.6,0.12067165501421066,0.2347271138772423,1.3999999999999986,0
2019_02_SEA_PIT,2019,2,2019-09-15,SEA,PIT,28.0,26.0,-2.0,4.0,0,True,0.4884894064836321,SEA,0.511510593516368,SEA,True,0.00625114609337839,0.060439690482818095,62.2,0.008978544988150377,-0.09091388375962939,62.0,-0.002727398894771987,0.1513535742424475,0.20000000000000284,0
2019_02_IND_TEN,2019,2,2019-09-15,IND,TEN,19.0,17.0,-2.0,3.0,1,True,0.4967572659900887,IND,0.5032427340099113,IND,True,0.03491917191469505,-0.14997338000284474,54.6,0.15398102476455625,-0.0004096995357207811,63.8,-0.1190618528498612,-0.14956368046712396,-9.199999999999996,0
2019_02_DAL_WAS,2019,2,2019-09-15,DAL,WAS,31.0,21.0,-10.0,-6.0,1,True,0.3423880173357593,DAL,0.6576119826642407,DAL,True,-0.11482505118665758,0.05356411175691243,55.8,0.10682573417296466,0.043632171849949525,66.4,-0.22165078535962224,0.009931939906962908,-10.600000000000009,0
2019_02_CHI_DEN,2019,2,2019-09-15,CHI,DEN,16.0,14.0,-2.0,-3.0,0,True,0.4303181628586716,CHI,0.5696818371413284,CHI,True,-0.0599590198829314,0.026912985478286446,66.4,-0.06340740888229823,-0.22035669711704914,61.4,0.003448388999366836,0.24726968259533558,5.000000000000007,-4
2019_02_NO_LA,2019,2,2019-09-15,NO,LA,9.0,27.0,18.0,2.0,0,True,0.6157444463101652,LA,0.6157444463101652,LA,True,0.01253148652921492,-0.07991645845999731,67.4,0.022050027405505414,0.046643280998919234,60.6,-0.009518540876290494,-0.12655973945891655,6.800000000000004,1
2019_02_PHI_ATL,2019,2,2019-09-15,PHI,ATL,20.0,24.0,4.0,-1.0,0,True,0.5054818382430255,ATL,0.5054818382430255,ATL,True,0.06071243981078327,-0.00859520769461461,64.6,0.11638009681577662,-0.016923992626126504,64.4,-0.05566765700499335,0.008328784931511894,0.19999999999998863,0
2019_02_CLE_NYJ,2019,2,2019-09-16,CLE,NYJ,23.0,3.0,-20.0,-6.5,0,True,0.471203644196914,CLE,0.5287963558030859,CLE,True,-0.050635983054570975,0.10214615217671064,60.2,0.016849873382367375,0.031864703617126726,57.0,-0.06748585643693836,0.0702814485595839,3.200000000000003,0
2019_03_TEN_JAX,2019,3,2019-09-19,TEN,JAX,7.0,20.0,13.0,-1.5,1,True,0.41172038796131705,TEN,0.588279612038683,JAX,False,-0.13683912353765967,-0.026794139223029135,53.2,-0.02845203987569418,-0.11292966104593663,54.4,-0.10838708366196549,0.0861355218229075,-1.1999999999999957,0
2019_03_CIN_BUF,2019,3,2019-09-22,CIN,BUF,17.0,21.0,4.0,5.5,0,True,0.6808284623409924,BUF,0.6808284623409924,BUF,True,-0.01249810166663885,-0.13603241990358117,61.4,-0.055254062565345465,0.0780548635726022,59.8,0.04275596089870662,-0.2140872834761834,1.6000000000000014,0
2019_03_MIA_DAL,2019,3,2019-09-22,MIA,DAL,6.0,31.0,25.0,22.0,0,True,0.928021352751807,DAL,0.928021352751807,DAL,True,0.15515990573865157,0.07566251861161608,60.6,-0.42834651938920365,0.23679377232679313,53.0,0.5835064251278552,-0.16113125371517706,7.600000000000001,0
2019_03_DEN_GB,2019,3,2019-09-22,DEN,GB,16.0,27.0,11.0,7.0,0,True,0.5029505749016122,GB,0.5029505749016122,GB,True,-0.0746525906858507,0.050202556876776716,65.0,-0.030400995582878315,0.020583203338450047,67.8,-0.044251595102972385,0.02961935353832667,-2.799999999999997,0
2019_03_ATL_IND,2019,3,2019-09-22,ATL,IND,24.0,27.0,3.0,1.0,0,True,0.600473269087643,IND,0.600473269087643,IND,True,0.12448685822915632,-0.019960880975963206,63.8,0.056249074104041744,-0.05386739220088266,63.0,0.06823778412511458,0.03390651122491945,0.7999999999999972,0
2019_03_BAL_KC,2019,3,2019-09-22,BAL,KC,28.0,33.0,5.0,4.5,0,True,0.5634004547291505,KC,0.5634004547291505,KC,True,0.2716935377628254,0.03050746458340712,58.6,0.17352987989214524,-0.12466173998683353,68.4,0.09816365787068015,0.15516920457024064,-9.800000000000004,0
2019_03_NYJ_NE,2019,3,2019-09-22,NYJ,NE,14.0,30.0,16.0,20.5,1,True,0.8551144785439215,NE,0.8551144785439215,NE,True,0.1052469012917421,-0.32923423380770755,63.8,-0.13579704366703513,0.09006253284914292,62.0,0.24104394495877723,-0.41929676665685045,1.7999999999999972,1
2019_03_DET_PHI,2019,3,2019-09-22,DET,PHI,27.0,24.0,-3.0,4.0,0,True,0.6271164143854959,PHI,0.6271164143854959,DET,False,0.1087103658566271,-0.03258316592828059,69.6,-0.003063447848508536,-0.09461958999761252,66.0,0.11177381370513564,0.062036424069331936,3.5999999999999943,0
2019_03_CAR_ARI,2019,3,2019-09-22,CAR,ARI,38.0,20.0,-18.0,2.5,0,True,0.44813174109281895,CAR,0.551868258907181,CAR,True,-0.16033770743674916,0.10766173056379133,63.8,-0.12087554876947124,-0.006376097303813175,68.6,-0.039462158667277925,0.11403782786760451,-4.799999999999997,-3
2019_03_NYG_TB,2019,3,2019-09-22,NYG,TB,32.0,31.0,-1.0,5.0,0,True,0.560923064365495,TB,0.560923064365495,NYG,False,-0.0935929616796993,-0.03166948833807039,60.2,0.04706017191531657,0.2198341511811522,64.8,-0.14065313359501586,-0.2515036395192226,-4.599999999999994,3
2019_03_HOU_LAC,2019,3,2019-09-22,HOU,LAC,27.0,20.0,-7.0,3.0,0,True,0.42556393650292684,HOU,0.5744360634970731,HOU,True,-0.04783709437938975,0.034212102693271,59.8,0.0655258752854706,-0.03987461149590087,61.4,-0.11336296966486036,0.07408671418917187,-1.6000000000000014,0
2019_03_NO_SEA,2019,3,2019-09-22,NO,SEA,33.0,27.0,-6.0,5.0,0,True,0.6656573277214444,SEA,0.6656573277214444,NO,False,0.036099838012443666,-0.04527471432544225,63.2,-0.025264476692264736,0.08865404092054949,59.8,0.061364314704708406,-0.13392875524599174,3.4000000000000057,0
2019_03_PIT_SF,2019,3,2019-09-22,PIT,SF,20.0,24.0,4.0,6.0,0,True,0.6301317443037756,SF,0.6301317443037756,SF,True,0.029770230214250126,-0.006771511854085546,58.6,-0.037117009147336094,0.04088952082553764,61.0,0.06688723936158622,-0.04766103267962318,-2.3999999999999986,0
2019_03_LA_CLE,2019,3,2019-09-22,LA,CLE,20.0,13.0,-7.0,-4.0,0,True,0.4329811292558404,LA,0.5670188707441596,LA,True,0.001172830400116627,-0.041832043347802425,60.0,0.1093145994873933,-0.08158303212936449,66.8,-0.10814176908727668,0.039750988781562066,-6.799999999999997,-1
2019_03_CHI_WAS,2019,3,2019-09-23,CHI,WAS,31.0,15.0,-16.0,-5.0,0,True,0.4339147953045773,CHI,0.5660852046954227,CHI,True,-0.033272162872843944,0.09685877280848382,54.8,-0.01898112331156894,-0.1450122518435904,59.8,-0.014291039561275004,0.24187102465207422,-5.0,0
2019_04_PHI_GB,2019,4,2019-09-26,PHI,GB,34.0,27.0,-7.0,3.5,0,True,0.45583342254170356,PHI,0.5441665774582964,PHI,True,-0.0329717916462606,0.02275268485149626,61.8,0.05749228452435431,-0.008266500569908918,71.2,-0.09046407617061492,0.03101918542140518,-9.400000000000006,0
2019_04_TEN_ATL,2019,4,2019-09-29,TEN,ATL,24.0,10.0,-14.0,3.5,0,True,0.6173797678250805,ATL,0.6173797678250805,TEN,False,0.10413250373821337,0.06948391424640232,60.4,-0.0631277822236603,-0.08007654437853798,56.6,0.16726028596187367,0.1495604586249403,3.799999999999997,-3
2019_04_CLE_BAL,2019,4,2019-09-29,CLE,BAL,40.0,25.0,-15.0,7.5,1,True,0.7300101647335013,BAL,0.7300101647335013,CLE,False,0.20403514504019374,-0.02994798107504012,70.4,-0.014975524665283435,-0.015699238049530453,60.6,0.21901066970547717,-0.014248743025509665,9.800000000000004,0
2019_04_NE_BUF,2019,4,2019-09-29,NE,BUF,16.0,10.0,-6.0,-7.0,1,True,0.3356781788472613,NE,0.6643218211527386,NE,True,-0.013923213167007833,-0.18497062893467042,63.4,0.08082064808653704,-0.47862678027976024,66.8,-0.09474386125354486,0.2936561513450898,-3.3999999999999986,0
2019_04_KC_DET,2019,4,2019-09-29,KC,DET,34.0,30.0,-4.0,-7.5,0,True,0.39297691133090723,KC,0.6070230886690928,KC,True,-0.0012710644157393467,-0.12266358288879027,66.4,0.2794944695115483,0.03792599926480274,60.2,-0.28076553392728765,-0.160589582153593,6.200000000000003,0
2019_04_CAR_HOU,2019,4,2019-09-29,CAR,HOU,16.0,10.0,-6.0,5.5,0,True,0.6732265877438255,HOU,0.6732265877438255,CAR,False,0.10167293790855006,-0.02833258167179014,62.2,-0.035149752876298734,-0.0002840749024049183,68.8,0.1368226907848488,-0.028048506769385223,-6.599999999999994,0
2019_04_LAC_MIA,2019,4,2019-09-29,LAC,MIA,30.0,10.0,-20.0,-15.0,0,True,0.21025556802155865,LAC,0.7897444319784414,LAC,True,-0.4055329507364185,0.2598213689717538,56.0,-0.0775735255366762,0.030338351518148184,60.0,-0.3279594251997423,0.2294830174536056,-4.0,0
2019_04_WAS_NYG,2019,4,2019-09-29,WAS,NYG,3.0,24.0,21.0,3.0,1,True,0.7002668620809711,NYG,0.7002668620809711,NYG,True,0.12154383581056347,0.2296123303369837,64.4,-0.0841330921530824,0.17616999216887047,56.6,0.20567692796364587,0.053442338168113224,7.800000000000004,1
2019_04_SEA_ARI,2019,4,2019-09-29,SEA,ARI,27.0,10.0,-17.0,-5.5,1,True,0.3872511227607564,SEA,0.6127488772392435,SEA,True,-0.10644850585367283,0.12916323379017736,65.6,-0.0004152415057118032,-0.02535949575695982,64.4,-0.10603326434796102,0.15452272954713717,1.1999999999999886,0
2019_04_TB_LA,2019,4,2019-09-29,TB,LA,55.0,40.0,-15.0,9.0,0,True,0.7303095530721281,LA,0.7303095530721281,TB,False,0.13061786951044588,-0.13546663871106585,64.8,-0.033339591922318,-0.01936173412401187,65.2,0.16395746143276388,-0.11610490458705397,-0.4000000000000057,0
2019_04_MIN_CHI,2019,4,2019-09-29,MIN,CHI,6.0,16.0,10.0,-1.0,1,True,0.5668233540142344,CHI,0.5668233540142344,CHI,True,-0.005630579543346842,-0.1905972775307349,60.0,-0.012410058399293067,-0.1462877822753906,54.8,0.006779478855946226,-0.044309495255344306,5.200000000000003,-1
2019_04_JAX_DEN,2019,4,2019-09-29,JAX,DEN,26.0,24.0,-2.0,2.5,0,True,0.5533949189115182,DEN,0.5533949189115182,JAX,False,-0.03516926991765237,0.0706710329244131,68.6,-0.0949012704117885,-0.04462991958007402,53.2,0.059732000494136135,0.11530095250448712,15.399999999999991,-3
2019_04_DAL_NO,2019,4,2019-09-29,DAL,NO,10.0,12.0,2.0,-2.5,0,True,0.32676983422392675,DAL,0.6732301657760733,NO,False,0.018797213562869945,0.11366902470672806,56.4,0.23155552102532506,0.001165322393418533,61.0,-0.2127583074624551,0.11250370231330953,-4.600000000000001,0
2019_04_CIN_PIT,2019,4,2019-09-30,CIN,PIT,3.0,27.0,24.0,3.5,1,True,0.5669446343275127,PIT,0.5669446343275127,PIT,True,-0.11683536129441992,0.004595725481050833,59.4,-0.08696985177525395,0.1116493585740592,56.6,-0.029865509519165973,-0.10705363309300836,2.799999999999997,0
2019_05_LA_SEA,2019,5,2019-10-03,LA,SEA,29.0,30.0,1.0,1.5,1,True,0.47831989542420494,LA,0.5216801045757951,SEA,False,-0.02224212471982981,-0.0858459305364068,62.0,0.06162749075834391,-0.05464216786461666,68.2,-0.08386961547817372,-0.031203762671790133,-6.200000000000003,0
2019_05_JAX_CAR,2019,5,2019-10-06,JAX,CAR,27.0,34.0,7.0,3.0,0,True,0.6295114217936773,CAR,0.6295114217936773,CAR,True,-0.043667150530282986,-0.08937305293334522,65.2,-0.05517960889946705,0.03981790345814611,56.4,0.011512458369184062,-0.12919095639149134,8.800000000000004,0
2019_05_ARI_CIN,2019,5,2019-10-06,ARI,CIN,26.0,23.0,-3.0,3.0,0,True,0.5112071050839895,CIN,0.5112071050839895,ARI,False,-0.16798763576600328,0.053124280573293804,60.2,-0.10530022236999156,0.10228821701481283,66.6,-0.06268741339601172,-0.04916393644151903,-6.3999999999999915,-1
2019_05_ATL_HOU,2019,5,2019-10-06,ATL,HOU,32.0,53.0,21.0,4.0,0,True,0.6142710869653647,HOU,0.6142710869653647,HOU,True,0.014532777012027542,-0.09669437331132777,61.8,0.047810878376788865,0.11393127528512345,66.0,-0.03327810136476132,-0.21062564859645122,-4.200000000000003,0
2019_05_TB_NO,2019,5,2019-10-06,TB,NO,24.0,31.0,7.0,3.0,1,True,0.43859167996672066,TB,0.5614083200332793,NO,False,-0.02435110236138735,0.06309219506427641,56.8,0.043491650406764504,-0.02485070642494492,64.6,-0.06784275276815185,0.08794290148922132,-7.799999999999997,0
2019_05_MIN_NYG,2019,5,2019-10-06,MIN,NYG,28.0,10.0,-18.0,-5.5,0,True,0.6144417499048247,NYG,0.6144417499048247,MIN,False,0.06666834245056565,0.077577984044683,65.4,-0.06873798977912948,-0.07749487635389732,55.0,0.13540633222969511,0.15507286039858031,10.400000000000006,0
2019_05_NYJ_PHI,2019,5,2019-10-06,NYJ,PHI,6.0,31.0,25.0,14.0,0,True,0.8129766826702359,PHI,0.8129766826702359,PHI,True,0.08885869193309519,-0.0018140429347956789,68.4,-0.25281216190383426,0.06790085649650816,57.0,0.34167085383692947,-0.06971489943130384,11.400000000000006,-4
2019_05_BAL_PIT,2019,5,2019-10-06,BAL,PIT,26.0,23.0,-3.0,-3.5,1,True,0.3279899068868282,BAL,0.6720100931131718,BAL,True,-0.11404403194932104,-0.08929053884353613,56.0,0.22741252635903017,0.12769176907877358,72.0,-0.3414565583083512,-0.21698230792230971,-16.0,-1
2019_05_BUF_TEN,2019,5,2019-10-06,BUF,TEN,14.0,7.0,-7.0,3.5,0,True,0.4469289890372028,BUF,0.5530710109627972,BUF,True,-0.06620138938507794,-0.1026996963633076,57.8,0.0018761225115191626,-0.20249193833970244,65.4,-0.06807751189659711,0.09979224197639484,-7.6000000000000085,0
2019_05_NE_WAS,2019,5,2019-10-06,NE,WAS,33.0,7.0,-26.0,-15.5,0,True,0.14465821901132628,NE,0.8553417809886737,NE,True,-0.19007112752816627,0.15836157090018335,54.4,0.06329933868150502,-0.4628274446012332,64.4,-0.2533704662096713,0.6211890155014166,-10.000000000000007,0
2019_05_DEN_LAC,2019,5,2019-10-06,DEN,LAC,20.0,13.0,-7.0,4.0,1,True,0.6390104987322376,LAC,0.6390104987322376,DEN,False,0.06038633749000595,0.026507815570574578,61.0,-0.02753356917432419,0.09359450542185017,66.8,0.08791990666433014,-0.0670866898512756,-5.799999999999997,0
2019_05_GB_DAL,2019,5,2019-10-06,GB,DAL,34.0,24.0,-10.0,3.5,0,True,0.7571602063568807,DAL,0.7571602063568807,GB,False,0.20240282367723078,-0.006779335369856232,62.0,-0.06727922819846208,0.023162095965211814,60.6,0.26968205187569283,-0.029941431335068047,1.3999999999999986,-3
2019_05_IND_KC,2019,5,2019-10-06,IND,KC,19.0,13.0,-6.0,10.5,0,True,0.7168160169056786,KC,0.7168160169056786,IND,False,0.2638766969544223,-0.0345670824503703,61.4,0.10889225079608209,0.06723606346014026,64.6,0.1549844461583402,-0.10180314591051057,-3.1999999999999957,0
2019_05_CLE_SF,2019,5,2019-10-07,CLE,SF,3.0,31.0,28.0,5.0,0,True,0.6509610232123453,SF,0.6509610232123453,SF,True,0.004962337994795896,-0.09236324188884248,61.8,-0.014794235470077055,-0.016527382091106442,60.2,0.019756573464872952,-0.07583585979773605,1.5999999999999943,7
2019_06_NYG_NE,2019,6,2019-10-10,NYG,NE,14.0,35.0,21.0,16.5,0,True,0.8044394451582977,NE,0.8044394451582977,NE,True,0.044364713728265115,-0.4697054755250535,67.0,-0.008572643003615665,0.09601993344773108,64.2,0.05293735673188078,-0.5657254089727846,2.799999999999997,0
2019_06_CAR_TB,2019,6,2019-10-13,CAR,TB,37.0,26.0,-11.0,-2.0,1,True,0.5640885689431896,TB,0.5640885689431896,CAR,False,0.01742165633973648,-0.03825100953481789,64.0,-0.02301926965752083,-0.07024950375433517,63.8,0.04044092599725731,0.03199849421951728,0.20000000000000284,0
2019_06_CIN_BAL,2019,6,2019-10-13,CIN,BAL,17.0,23.0,6.0,10.5,1,True,0.786742453096586,BAL,0.786742453096586,BAL,True,0.19141481433208488,0.08265095406005782,72.4,-0.1029483038170054,0.12754841554338095,63.4,0.2943631181490903,-0.04489746148332313,9.000000000000007,0
2019_06_SEA_CLE,2019,6,2019-10-13,SEA,CLE,32.0,28.0,-4.0,1.0,0,True,0.3807980957678264,SEA,0.6192019042321736,SEA,True,-0.1377927636487406,0.009801434696129502,58.2,0.034784117243125905,0.01516902220262667,63.2,-0.1725768808918665,-0.005367587506497167,-5.0,-4
2019_06_NO_JAX,2019,6,2019-10-13,NO,JAX,13.0,6.0,-7.0,2.5,0,True,0.54337476247238,JAX,0.54337476247238,NO,False,0.02961793575607562,0.087794792015528,62.2,0.02949581572335077,0.05116689019059577,59.8,0.00012212003272485047,0.03662790182493224,2.4000000000000057,0
2019_06_HOU_KC,2019,6,2019-10-13,HOU,KC,31.0,24.0,-7.0,3.5,0,True,0.6034027747226142,KC,0.6034027747226142,HOU,False,0.19101100087814168,0.03424557702125674,62.0,0.12577266989120686,0.011824855026240186,60.6,0.06523833098693482,0.022420721995016553,1.3999999999999986,0
2019_06_WAS_MIA,2019,6,2019-10-13,WAS,MIA,17.0,16.0,-1.0,-6.0,0,True,0.38742020605682037,WAS,0.6125797939431796,WAS,True,-0.35509309036047415,0.32415470602651075,56.8,-0.1901655955551635,0.1493464351230776,56.2,-0.16492749480531066,0.17480827090343315,0.5999999999999943,7
2019_06_PHI_MIN,2019,6,2019-10-13,PHI,MIN,20.0,38.0,18.0,3.5,0,True,0.6381011957947833,MIN,0.6381011957947833,MIN,True,0.08694899306685427,-0.13290986663781565,57.2,0.027148030641854292,-0.03684359684271885,66.0,0.05980096242499998,-0.0960662697950968,-8.799999999999997,0
2019_06_ATL_ARI,2019,6,2019-10-13,ATL,ARI,33.0,34.0,1.0,-3.0,0,True,0.5723698811271647,ARI,0.5723698811271647,ARI,True,0.020194262221033064,0.14716308871131217,67.6,0.02340889004321309,0.1836974712863356,65.0,-0.0032146278221800266,-0.03653438257502342,2.5999999999999943,0
2019_06_SF_LA,2019,6,2019-10-13,SF,LA,20.0,7.0,-13.0,3.0,1,True,0.48359798153298406,SF,0.5164020184670159,SF,True,0.06559353247441595,-0.012626005475115725,68.2,0.0694624044816241,-0.21079169131386885,64.6,-0.003868872007208146,0.19816568583875313,3.6000000000000085,4
2019_06_TEN_DEN,2019,6,2019-10-13,TEN,DEN,0.0,16.0,16.0,1.0,0,True,0.507382224455462,DEN,0.507382224455462,DEN,True,0.023399150468526343,0.05701130663699135,62.6,-0.014498315762791722,-0.1377506848059132,59.6,0.03789746623131807,0.19476199144290457,3.0,0
2019_06_DAL_NYJ,2019,6,2019-10-13,DAL,NYJ,22.0,24.0,2.0,-7.0,0,True,0.13150451734737054,DAL,0.8684954826526294,NYJ,False,-0.4458532980224664,-0.02678647930079032,56.8,0.16486563597435944,-0.017962256973689493,62.2,-0.6107189339968259,-0.008824222327100829,-5.400000000000006,0
2019_06_PIT_LAC,2019,6,2019-10-13,PIT,LAC,24.0,17.0,-7.0,6.0,0,True,0.6283151953234606,LAC,0.6283151953234606,PIT,False,0.02380313870514713,0.07744053521342512,63.0,-0.12109334120606467,-0.061299389555397675,53.2,0.1448964799112118,0.1387399247688228,9.799999999999997,0
2019_06_DET_GB,2019,6,2019-10-14,DET,GB,22.0,23.0,1.0,3.5,1,True,0.42859722648327286,DET,0.5714027735167271,GB,False,0.028840651229754682,-0.02506074931575279,62.0,0.06104122618978895,-0.10548831193274295,67.2,-0.03220057496003427,0.08042756261699016,-5.200000000000003,-7
2019_07_KC_DEN,2019,7,2019-10-17,KC,DEN,30.0,6.0,-24.0,-3.0,1,True,0.4710580993528001,KC,0.5289419006471999,KC,True,-0.033555409697644714,-0.08567901282751161,62.6,0.11837708494200964,0.041132753643241544,59.4,-0.15193249463965436,-0.12681176647075315,3.200000000000003,0
2019_07_LA_ATL,2019,7,2019-10-20,LA,ATL,37.0,10.0,-27.0,-3.0,0,True,0.6299420070338233,ATL,0.6299420070338233,LA,False,0.13262163170307179,0.19579344689577535,63.8,-0.056723635105334,-0.0028222337735678118,64.2,0.1893452668084058,0.19861568066934315,-0.4000000000000057,0
2019_07_MIA_BUF,2019,7,2019-10-20,MIA,BUF,21.0,31.0,10.0,17.0,1,True,0.8789109366886888,BUF,0.8789109366886888,BUF,True,-0.06721088471327295,-0.14368666320143614,66.0,-0.3175896650333926,0.2700472756945785,58.4,0.2503787803201196,-0.4137339388960146,7.600000000000001,7
2019_07_JAX_CIN,2019,7,2019-10-20,JAX,CIN,27.0,17.0,-10.0,-4.0,0,True,0.423591776862647,JAX,0.5764082231373531,JAX,True,-0.12410114869760377,0.1941215000430982,60.4,-0.06345597880801004,0.013467079278840884,62.8,-0.06064516988959373,0.1806544207642573,-2.3999999999999986,0
2019_07_MIN_DET,2019,7,2019-10-20,MIN,DET,42.0,30.0,-12.0,-2.5,1,True,0.448098596697928,MIN,0.5519014033020719,MIN,True,0.0005434990475901674,-0.03734053546608109,64.0,0.07027126053204535,-0.11033191618998403,60.6,-0.06972776148445518,0.07299138072390293,3.3999999999999986,-1
2019_07_HOU_IND,2019,7,2019-10-20,HOU,IND,23.0,30.0,7.0,1.5,1,True,0.5060862111913449,IND,0.5060862111913449,IND,True,0.09393780791969063,0.11817646829750506,65.2,0.11607019163843275,-0.030189572543557336,65.2,-0.022132383718742127,0.1483660408410624,0.0,7
2019_07_ARI_NYG,2019,7,2019-10-20,ARI,NYG,27.0,21.0,-6.0,3.5,0,True,0.46039560780758554,ARI,0.5396043921924145,ARI,True,-0.14403447712619016,-0.0002693051892638687,60.4,0.09107050764546479,0.20334769684180695,63.4,-0.23510498477165495,-0.20361700203107083,-3.0,3
2019_07_SF_WAS,2019,7,2019-10-20,SF,WAS,9.0,0.0,-9.0,-10.0,0,True,0.16328056194878562,SF,0.8367194380512144,SF,True,-0.24820943069504078,0.0657039120768022,56.2,0.06311650676225862,-0.35602572671880134,67.8,-0.3113259374572994,0.42172963879560355,-11.599999999999994,0
2019_07_LAC_TEN,2019,7,2019-10-20,LAC,TEN,20.0,23.0,3.0,3.0,0,True,0.530771805932882,TEN,0.530771805932882,TEN,True,-0.12237498067753354,-0.09872369723346268,61.0,-0.03833143173087402,0.011713670706956355,63.0,-0.08404354894665952,-0.11043736794041903,-2.0,0
2019_07_NO_CHI,2019,7,2019-10-20,NO,CHI,36.0,25.0,-11.0,4.0,0,True,0.5983136607840668,CHI,0.5983136607840668,NO,False,-0.051315548664966994,-0.12275228725103657,59.4,-0.014212408647001814,-0.05849667924824879,59.8,-0.03710314001796518,-0.06425560800278778,-0.3999999999999986,7
2019_07_BAL_SEA,2019,7,2019-10-20,BAL,SEA,30.0,16.0,-14.0,3.0,0,True,0.6106848171954024,SEA,0.6106848171954024,BAL,False,0.10747095195834344,0.005118796169388366,68.4,0.09183704821973769,0.11126551153916553,72.8,0.01563390373860575,-0.10614671536977716,-4.3999999999999915,0
2019_07_PHI_DAL,2019,7,2019-10-20,PHI,DAL,10.0,37.0,27.0,3.0,1,True,0.6381305064576318,DAL,0.6381305064576318,DAL,True,0.10338789603370635,-0.005480036797340748,65.4,-0.04170223787927035,-0.06801992288979034,64.8,0.1450901339129767,0.06253988609244959,0.6000000000000085,0
2019_07_NE_NYJ,2019,7,2019-10-21,NE,NYJ,33.0,0.0,-33.0,-9.5,1,True,0.13812033243294425,NE,0.8618796675670557,NE,True,-0.31458631537628173,-0.05215400706242797,56.0,-0.0174964963958129,-0.5345007502550944,68.8,-0.2970898189804688,0.4823467431926664,-12.799999999999997,-3
2019_08_WAS_MIN,2019,8,2019-10-24,WAS,MIN,9.0,19.0,10.0,16.5,0,True,0.886987155721042,MIN,0.886987155721042,MIN,True,0.17376148202593095,-0.053508555375110955,62.0,-0.3245058963414749,-0.009409809558683974,53.6,0.49826737836740587,-0.04409874581642698,8.399999999999999,0
2019_08_SEA_ATL,2019,8,2019-10-27,SEA,ATL,27.0,20.0,-7.0,-7.5,0,True,0.4929742753128848,SEA,0.5070257246871153,SEA,True,0.08359550471027813,0.24404414028374424,62.2,0.053726033105930125,0.0531250189088646,68.2,0.029869471604348004,0.19091912137487965,-6.0,0
2019_08_PHI_BUF,2019,8,2019-10-27,PHI,BUF,31.0,13.0,-18.0,1.0,0,True,0.6666983241671252,BUF,0.6666983241671252,PHI,False,-0.0004891974322726089,-0.11469752517291151,64.0,-0.09286267610569915,-0.0373110408253499,61.4,0.09237347867342655,-0.07738648434756161,2.6000000000000014,0
2019_08_LAC_CHI,2019,8,2019-10-27,LAC,CHI,17.0,16.0,-1.0,3.5,0,True,0.5804464582357018,CHI,0.5804464582357018,LAC,False,-0.03584741858985523,-0.04059317588425475,59.2,-0.02396439211198048,0.04580885686272522,62.6,-0.011883026477874752,-0.08640203274697997,-3.3999999999999986,0
2019_08_NYG_DET,2019,8,2019-10-27,NYG,DET,26.0,31.0,5.0,6.5,0,True,0.6801842986880621,DET,0.6801842986880621,DET,True,0.025367248068795596,0.0706324276799625,62.0,-0.16967199082574852,-0.017340244700742084,60.2,0.1950392388945441,0.08797267238070458,1.7999999999999972,0
2019_08_DEN_IND,2019,8,2019-10-27,DEN,IND,13.0,15.0,2.0,6.0,0,True,0.6186672744347723,IND,0.6186672744347723,IND,True,0.056400834513978745,0.07978410347068157,65.6,-0.12171569781680372,-0.0917619230946709,60.2,0.17811653233078245,0.17154602656535248,5.3999999999999915,-3
2019_08_NYJ_JAX,2019,8,2019-10-27,NYJ,JAX,15.0,29.0,14.0,7.0,0,True,0.8388084024628095,JAX,0.8388084024628095,JAX,True,-0.040238875145304935,-0.03364671199485738,66.4,-0.4217644036288279,-0.020863119567775826,53.0,0.38152552848352295,-0.012783592427081554,13.400000000000006,1
2019_08_CIN_LA,2019,8,2019-10-27,CIN,LA,10.0,24.0,14.0,12.0,0,True,0.7106444514396743,LA,0.7106444514396743,LA,True,-0.05910177873132798,-0.012948079942385537,67.4,-0.18324871473682527,0.10867573187957394,60.4,0.1241469360054973,-0.12162381182195947,7.000000000000007,0
2019_08_ARI_NO,2019,8,2019-10-27,ARI,NO,9.0,31.0,22.0,12.5,0,True,0.6545053932665795,NO,0.6545053932665795,NO,True,0.07234648429416846,-0.132460636119323,62.8,0.08540268639926174,0.13083327809118797,64.2,-0.013056202105093284,-0.26329391421051096,-1.4000000000000057,0
2019_08_TB_TEN,2019,8,2019-10-27,TB,TEN,23.0,27.0,4.0,2.0,0,True,0.427849201556174,TB,0.572150798443826,TEN,False,-0.07198007699857595,-0.08624895265409005,62.2,0.05724529490898145,-0.010313604242008044,66.6,-0.1292253719075574,-0.07593534841208201,-4.3999999999999915,-7
2019_08_CAR_SF,2019,8,2019-10-27,CAR,SF,13.0,51.0,38.0,4.5,0,True,0.6756261885833853,SF,0.6756261885833853,SF,True,0.08034793906790841,-0.33737523798814056,68.4,0.0001333332853048888,-0.11112960584965145,63.6,0.08021460578260352,-0.2262456321384891,4.800000000000004,-7
2019_08_CLE_NE,2019,8,2019-10-27,CLE,NE,13.0,27.0,14.0,9.5,0,True,0.7512400457583611,NE,0.7512400457583611,NE,True,-0.049683947158404136,-0.5152416013628355,71.4,-0.07725015441299413,0.02137600992025231,57.8,0.02756620725458999,-0.5366176112830878,13.600000000000009,-8
2019_08_GB_KC,2019,8,2019-10-27,GB,KC,31.0,24.0,-7.0,-5.0,0,True,0.5024341510424116,KC,0.5024341510424116,GB,False,0.06967137554154365,-0.008400908987322953,57.4,0.20206374336726,0.09040620282423159,61.0,-0.13239236782571634,-0.09880711181155455,-3.6000000000000014,3
2019_08_MIA_PIT,2019,8,2019-10-28,MIA,PIT,14.0,27.0,13.0,14.0,0,True,0.8184457750178743,PIT,0.8184457750178743,PIT,True,-0.08790727659815138,-0.12751213903620823,52.4,-0.2590139647597269,0.17955300899887777,62.0,0.17110668816157548,-0.307065148035086,-9.600000000000001,7
2019_09_SF_ARI,2019,9,2019-10-31,SF,ARI,28.0,25.0,-3.0,-10.5,1,True,0.31205844275025696,SF,0.687941557249743,SF,True,0.03753111763542102,0.12137476558062296,59.4,0.0269479129209045,-0.43055942330174996,67.4,0.010583204714516518,0.5519341888823729,-8.000000000000007,0
2019_09_HOU_JAX,2019,9,2019-11-03,HOU,JAX,26.0,3.0,-23.0,1.0,1,True,0.47867922976280586,HOU,0.5213207702371941,HOU,True,0.002376362463498957,-0.05351066856913365,69.8,0.129333540908894,0.045722619060741855,68.4,-0.12695717844539506,-0.0992332876298755,1.3999999999999915,0
2019_09_WAS_BUF,2019,9,2019-11-03,WAS,BUF,9.0,24.0,15.0,10.5,0,True,0.7632873854161474,BUF,0.7632873854161474,BUF,True,-0.0688676564775691,-0.07092071682975701,62.6,-0.32280507081509635,-0.021455111082336435,48.0,0.25393741433752726,-0.04946560574742057,14.600000000000001,-3
2019_09_TEN_CAR,2019,9,2019-11-03,TEN,CAR,20.0,30.0,10.0,3.5,0,True,0.5901673531617092,CAR,0.5901673531617092,CAR,True,-0.051601423584837415,-0.08251263621479288,61.8,-0.08737268535964418,-0.08337680741400387,58.2,0.035771261774806766,0.0008641711992109918,3.5999999999999943,0
2019_09_MIN_KC,2019,9,2019-11-03,MIN,KC,23.0,26.0,3.0,-5.5,0,True,0.3927482208233896,MIN,0.6072517791766103,KC,False,0.029913538196351553,0.009003604272838328,56.8,0.13665957280408264,-0.09671313979867165,64.0,-0.10674603460773109,0.10571674407150998,-7.200000000000003,-3
2019_09_NYJ_MIA,2019,9,2019-11-03,NYJ,MIA,18.0,26.0,8.0,-3.5,1,True,0.6752708408047314,MIA,0.6752708408047314,MIA,True,-0.16052542497102762,0.15210844547875046,61.0,-0.3902176304413784,0.011810356003328524,51.6,0.2296922054703508,0.14029808947542194,9.399999999999999,-1
2019_09_CHI_PHI,2019,9,2019-11-03,CHI,PHI,14.0,22.0,8.0,5.0,0,True,0.5884700020996427,PHI,0.5884700020996427,PHI,True,-0.03149622973554987,-0.08408129284350964,60.6,-0.0622570783202673,-0.06514452487879867,63.0,0.030760848584717428,-0.01893676796471097,-2.3999999999999986,0
2019_09_IND_PIT,2019,9,2019-11-03,IND,PIT,24.0,26.0,2.0,1.0,0,True,0.564634422284371,PIT,0.564634422284371,PIT,True,-0.062077113654822935,-0.1869914515052133,55.4,0.03945718634190554,0.06833543234377022,64.8,-0.10153429999672847,-0.2553268838489835,-9.399999999999999,-1
2019_09_TB_SEA,2019,9,2019-11-03,TB,SEA,34.0,40.0,6.0,4.0,0,True,0.5831489307240049,SEA,0.5831489307240049,SEA,True,0.10025437366346997,0.0548742112440143,63.8,0.03313718867716773,-7.742048290759195e-05,70.6,0.06711718498630223,0.05495163172692189,-6.799999999999997,0
2019_09_CLE_DEN,2019,9,2019-11-03,CLE,DEN,19.0,24.0,5.0,-4.0,0,True,0.6516401726359369,DEN,0.6516401726359369,DEN,True,-0.12636708067262786,-0.1457230563081086,58.4,-0.12222859590801778,0.088152692414011,57.8,-0.004138484764610081,-0.2338757487221196,0.6000000000000014,0
2019_09_GB_LAC,2019,9,2019-11-03,GB,LAC,11.0,26.0,15.0,-4.0,0,True,0.3853772205490298,GB,0.6146227794509702,LAC,False,-0.043699001856278855,-0.02204375121259098,57.2,0.22790586923938747,0.13013949544256728,63.0,-0.27160487109566633,-0.15218324665515826,-5.799999999999997,0
2019_09_NE_BAL,2019,9,2019-11-03,NE,BAL,20.0,37.0,17.0,-3.0,0,True,0.5035124320953103,BAL,0.5035124320953103,BAL,True,0.09118950823106928,0.04698824970651425,69.4,-0.04324888318502093,-0.4443942250824059,70.4,0.1344383914160902,0.49138247478892016,-1.0,7
2019_09_DAL_NYG,2019,9,2019-11-04,DAL,NYG,37.0,18.0,-19.0,-6.5,1,True,0.25319729564371823,DAL,0.7468027043562817,DAL,True,-0.19727879349361205,-0.023951207604522077,61.6,0.0701034332303058,-0.0963405527445856,65.8,-0.26738222672391787,0.07238934514006352,-4.199999999999996,-7
2019_10_DET_CHI,2019,10,2019-11-10,DET,CHI,13.0,20.0,7.0,6.0,1,True,0.4670006870212953,DET,0.5329993129787047,CHI,False,-0.1034801684421924,0.0021399768300914444,59.8,0.05539087505560199,0.1486518980773049,63.2,-0.1588710434977944,-0.14651192124721343,-3.4000000000000057,0
2019_10_BAL_CIN,2019,10,2019-11-10,BAL,CIN,49.0,13.0,-36.0,-10.5,1,True,0.3084925491971991,BAL,0.691507450802801,BAL,True,-0.13675361427894434,0.18892837954743996,64.4,0.08780738813124907,-0.03215979825180536,65.6,-0.2245610024101934,0.22108817779924533,-1.1999999999999886,7
2019_10_BUF_CLE,2019,10,2019-11-10,BUF,CLE,16.0,19.0,3.0,3.0,0,True,0.45413917188320063,BUF,0.5458608281167994,CLE,False,-0.09497121844227974,0.08563120720613622,59.8,-0.04702784321351515,-0.05485207835053757,59.8,-0.04794337522876459,0.14048328555667378,0.0,0
2019_10_ATL_NO,2019,10,2019-11-10,ATL,NO,26.0,9.0,-17.0,14.0,1,True,0.7640862489093487,NO,0.7640862489093487,ATL,False,0.09752934584077842,-0.19223243468707113,66.6,0.02432139658046726,0.23301060578098287,65.8,0.07320794926031116,-0.425243040468054,0.7999999999999972,0
2019_10_NYG_NYJ,2019,10,2019-11-10,NYG,NYJ,27.0,34.0,7.0,-3.0,0,True,0.5619009417574262,NYJ,0.5619009417574262,NYJ,True,-0.2668399909044311,0.045400638604343804,54.6,-0.24246951157155766,0.1072225323323952,62.0,-0.02437047933287345,-0.0618218937280514,-7.399999999999999,1
2019_10_ARI_TB,2019,10,2019-11-10,ARI,TB,27.0,30.0,3.0,5.5,0,True,0.5510610074212404,TB,0.5510610074212404,TB,True,0.045083742064975785,0.018709745574788664,70.6,0.10205032659978348,0.13435406163945363,58.0,-0.0569665845348077,-0.11564431606466496,12.599999999999994,-3
2019_10_KC_TEN,2019,10,2019-11-10,KC,TEN,32.0,35.0,3.0,-5.0,0,True,0.4891899364373828,KC,0.5108100635626172,TEN,False,-0.08771536430063834,-0.03946484146570537,58.6,0.035503870126961046,0.039716743806098846,54.8,-0.12321923442759938,-0.07918158527180422,3.8000000000000043,0
2019_10_MIA_IND,2019,10,2019-11-10,MIA,IND,16.0,12.0,-4.0,11.0,0,True,0.6719412267643213,IND,0.6719412267643213,MIA,False,-0.024531663805247926,-0.04752619748778143,66.0,-0.08079005589308456,0.10613376305755476,59.8,0.05625839208783664,-0.1536599605453362,6.200000000000003,0
2019_10_CAR_GB,2019,10,2019-11-10,CAR,GB,16.0,24.0,8.0,5.0,0,True,0.6964205716556248,GB,0.6964205716556248,GB,True,0.1809278627354533,0.12263500960332581,58.4,-0.08916331502426325,-0.05372713220744267,63.6,0.2700911777597166,0.17636214181076848,-5.200000000000003,0
2019_10_LA_PIT,2019,10,2019-11-10,LA,PIT,12.0,17.0,5.0,-4.0,0,True,0.5464921016576967,PIT,0.5464921016576967,PIT,True,-0.041769354454993565,-0.17476475385394794,57.0,0.008115506401225336,0.028149592562506116,66.2,-0.049884860856218904,-0.20291434641645406,-9.200000000000003,-7
2019_10_MIN_DAL,2019,10,2019-11-10,MIN,DAL,28.0,24.0,-4.0,3.5,0,True,0.4325156791400426,MIN,0.5674843208599574,MIN,True,0.046597767379605776,-0.0861069147096,65.6,0.19910106045790762,-0.05582856896870793,65.4,-0.15250329307830185,-0.030278345740892068,0.19999999999998863,-1
2019_10_SEA_SF,2019,10,2019-11-11,SEA,SF,27.0,24.0,-3.0,6.5,1,True,0.7282729153526499,SF,0.7282729153526499,SEA,False,0.09559072158199744,-0.3337137304646981,66.4,0.1107954579810532,0.11230783342204642,65.8,-0.015204736399055757,-0.4460215638867445,0.6000000000000085,3
2019_11_PIT_CLE,2019,11,2019-11-14,PIT,CLE,7.0,21.0,14.0,3.0,1,True,0.4008332819462419,PIT,0.5991667180537581,CLE,False,-0.16329812352771209,0.09008869571820162,60.6,-0.1328460766174232,-0.17991473423436366,59.8,-0.030452046910288882,0.27000342995256527,0.8000000000000043,0
2019_11_HOU_BAL,2019,11,2019-11-17,HOU,BAL,7.0,41.0,34.0,4.0,0,True,0.5631726362198555,BAL,0.5631726362198555,BAL,True,0.19382134768058,-0.1813525653684144,61.0,0.2308096170610742,0.03142717571440408,68.8,-0.03698826938049421,-0.2127797410828185,-7.799999999999997,-7
2019_11_ATL_CAR,2019,11,2019-11-17,ATL,CAR,29.0,3.0,-26.0,3.5,1,True,0.50951139499301,CAR,0.50951139499301,ATL,False,-0.05156965969736368,0.04263066433097791,64.6,0.05159244560946641,0.16907699704354695,64.8,-0.10316210530683009,-0.12644633271256905,-0.20000000000000284,0
2019_11_DAL_DET,2019,11,2019-11-17,DAL,DET,35.0,27.0,-8.0,-7.5,0,True,0.43542485625517957,DAL,0.5645751437448204,DAL,True,0.04349265414063481,0.11221790051971998,63.2,0.11521842354059404,-0.011179486726286558,69.0,-0.07172576939995923,0.12339738724600655,-5.799999999999997,0
2019_11_JAX_IND,2019,11,2019-11-17,JAX,IND,13.0,33.0,20.0,2.5,1,True,0.5456960669276937,IND,0.5456960669276937,IND,True,-0.08420021174142797,-0.13187747556207188,66.0,-0.08666960278530851,-0.01996684793840761,67.8,0.0024693910438805394,-0.11191062762366427,-1.7999999999999972,-7
2019_11_BUF_MIA,2019,11,2019-11-17,BUF,MIA,37.0,20.0,-17.0,-7.0,1,True,0.4521645658488001,BUF,0.5478354341512,BUF,True,-0.11385652872791878,-0.020794262504947536,62.6,0.012627435909114165,0.009756177062337078,58.2,-0.12648396463703293,-0.030550439567284614,4.399999999999999,0
2019_11_DEN_MIN,2019,11,2019-11-17,DEN,MIN,23.0,27.0,4.0,10.0,0,True,0.6876929272245511,MIN,0.6876929272245511,MIN,True,0.1788368960345957,0.01890146043465969,66.8,-0.1286831824814683,-0.1851919234018796,55.8,0.307520078516064,0.20409338383653927,11.0,-7
2019_11_NO_TB,2019,11,2019-11-17,NO,TB,34.0,17.0,-17.0,-5.0,1,True,0.39307530734315205,NO,0.6069246926568479,NO,True,-0.009517514307597431,0.04031650675037775,71.8,0.07267356962128087,-0.15695518377904835,66.4,-0.0821910839288783,0.1972716905294261,5.3999999999999915,0
2019_11_NYJ_WAS,2019,11,2019-11-17,NYJ,WAS,34.0,17.0,-17.0,1.0,0,True,0.531669776721857,WAS,0.531669776721857,NYJ,False,-0.23576845982312927,-0.0005365584205203778,48.2,-0.13064210566852036,0.058598786148272373,55.4,-0.10512635415460891,-0.05913534456879275,-7.199999999999996,7
2019_11_ARI_SF,2019,11,2019-11-17,ARI,SF,26.0,36.0,10.0,10.0,1,True,0.6554242429291224,SF,0.6554242429291224,SF,True,-0.02045758175235237,-0.2903937080685969,68.2,0.05629938712090976,0.11734428954923552,56.8,-0.07675696887326214,-0.4077379976178324,11.400000000000006,-1
2019_11_NE_PHI,2019,11,2019-11-17,NE,PHI,17.0,10.0,-7.0,-4.5,0,True,0.3995719397010758,NE,0.6004280602989243,NE,True,-0.0769452898073491,-0.1408600264161255,64.2,-0.009569758368077752,-0.35321909768898285,71.6,-0.06737553143927136,0.21235907127285736,-7.3999999999999915,0
2019_11_CHI_LA,2019,11,2019-11-17,CHI,LA,7.0,17.0,10.0,5.0,0,True,0.6479988906783529,LA,0.6479988906783529,LA,True,-0.0645167796404287,-0.10125423849098288,63.6,-0.10461992710042307,0.021970104035688783,56.8,0.04010314745999437,-0.12322434252667167,6.800000000000004,0
2019_11_KC_LAC,2019,11,2019-11-18,KC,LAC,24.0,17.0,-7.0,-5.5,1,True,0.5221385962357512,LAC,0.5221385962357512,KC,False,-0.0026178618875891736,-0.0015268091778068954,58.6,0.08121680055941445,0.07078046925542152,59.2,-0.08383466244700362,-0.07230727843322841,-0.6000000000000014,3
2019_12_IND_HOU,2019,12,2019-11-21,IND,HOU,17.0,20.0,3.0,3.5,1,True,0.5211422225415289,HOU,0.5211422225415289,HOU,True,0.04900913879532258,0.09736618633980483,66.8,-0.042947560874849716,-0.1413285653379364,63.8,0.0919566996701723,0.23869475167774123,3.0,0
2019_12_TB_ATL,2019,12,2019-11-24,TB,ATL,35.0,22.0,-13.0,3.5,1,True,0.6499733573420274,ATL,0.6499733573420274,TB,False,0.06773830408799786,0.010446164491440512,63.2,-0.05212407444147853,0.05120018985354604,73.0,0.11986237852947638,-0.040754025362105525,-9.799999999999997,0
2019_12_DEN_BUF,2019,12,2019-11-24,DEN,BUF,3.0,20.0,17.0,3.5,0,True,0.7045681220760076,BUF,0.7045681220760076,BUF,True,0.08567765789728905,-0.016503918377117666,59.2,-0.1424266429961875,-0.0982484404544155,60.0,0.22810430089347655,0.08174452207729783,-0.7999999999999972,0
2019_12_NYG_CHI,2019,12,2019-11-24,NYG,CHI,14.0,19.0,5.0,6.0,0,True,0.5881996859562026,CHI,0.5881996859562026,CHI,True,-0.14869875447568756,-0.01242509930818007,61.4,-0.21471042228920312,0.0406195508028445,62.6,0.06601166781351556,-0.05304465011102456,-1.2000000000000028,-7
2019_12_PIT_CIN,2019,12,2019-11-24,PIT,CIN,16.0,10.0,-6.0,-5.5,1,True,0.3642645560462788,PIT,0.6357354439537213,PIT,True,-0.1942525416359096,0.22824601139647313,65.2,-0.21232850299528133,-0.1840060463756285,62.6,0.01807596135937173,0.4122520577721016,2.6000000000000014,-3
2019_12_MIA_CLE,2019,12,2019-11-24,MIA,CLE,24.0,41.0,17.0,11.0,0,True,0.6493984496554279,CLE,0.6493984496554279,CLE,True,-0.0819241030484271,-0.059227878934439794,64.8,-0.11881477435618878,0.03727638259036754,62.0,0.03689067130776169,-0.09650426152480734,2.799999999999997,3
2019_12_CAR_NO,2019,12,2019-11-24,CAR,NO,31.0,34.0,3.0,10.0,1,True,0.8116571257619429,NO,0.8116571257619429,NO,True,0.08355725272444915,-0.19956174391292947,65.6,-0.1469374879276727,0.08249820649153464,66.4,0.23049474065212183,-0.2820599504044641,-0.8000000000000114,0
2019_12_SEA_PHI,2019,12,2019-11-24,SEA,PHI,17.0,9.0,-8.0,-1.0,0,True,0.426554710917011,SEA,0.573445289082989,SEA,True,-0.09982141255173756,-0.021506949344510824,65.8,0.019450594829288802,0.00909976598764034,67.0,-0.11927200738102636,-0.030606715332151164,-1.2000000000000028,-6
2019_12_DET_WAS,2019,12,2019-11-24,DET,WAS,16.0,19.0,3.0,-4.0,0,True,0.3993232559099195,DET,0.6006767440900804,WAS,False,-0.1923546801489749,0.0087694233713907,50.2,0.058257953498325334,0.17108266190223415,63.8,-0.25061263364730024,-0.16231323853084345,-13.599999999999994,0
2019_12_JAX_TEN,2019,12,2019-11-24,JAX,TEN,20.0,42.0,22.0,4.5,1,True,0.6300661688030383,TEN,0.6300661688030383,TEN,True,-0.0382806593170228,0.007210986213747892,57.8,-0.10631351344320703,-0.013627905520403365,64.4,0.06803285412618423,0.02083889173415126,-6.6000000000000085,7
2019_12_DAL_NE,2019,12,2019-11-24,DAL,NE,9.0,13.0,4.0,5.5,0,True,0.5008883253523391,NE,0.5008883253523391,NE,True,-0.05205368187922839,-0.3018888312456671,71.0,0.15792794948256342,-0.020505936750840368,69.2,-0.20998163136179182,-0.28138289449482673,1.7999999999999972,0
2019_12_GB_SF,2019,12,2019-11-24,GB,SF,8.0,37.0,29.0,3.0,0,True,0.4886011569197794,GB,0.5113988430802205,SF,False,0.007637460507346575,-0.19061105757087687,66.8,0.19457581787541303,0.10712928345475245,57.6,-0.18693835736806647,-0.2977403410256293,9.199999999999996,-7
2019_12_BAL_LA,2019,12,2019-11-25,BAL,LA,45.0,6.0,-39.0,-3.5,0,True,0.21443576938077427,BAL,0.7855642306192258,BAL,True,-0.11968738634686862,-0.1795423579079764,60.0,0.29400589307151703,-0.23800403288250122,58.8,-0.41369327941838563,0.05846167497452481,1.2000000000000028,0
2019_13_CHI_DET,2019,13,2019-11-28,CHI,DET,24.0,20.0,-4.0,-5.5,1,True,0.6055031251981925,DET,0.6055031251981925,CHI,False,0.007910586050223026,0.0313225897352465,64.4,-0.13385439577416797,-0.10846896501131546,61.8,0.14176498182439098,0.13979155474656196,2.6000000000000085,0
2019_13_BUF_DAL,2019,13,2019-11-28,BUF,DAL,26.0,15.0,-11.0,6.5,0,True,0.5988199982829846,DAL,0.5988199982829846,BUF,False,0.11129915565267874,-0.086444585483462,65.8,0.061617144947818246,-0.09237872072033418,63.0,0.049682010704860495,0.005934135236872182,2.799999999999997,0
2019_13_NO_ATL,2019,13,2019-11-28,NO,ATL,26.0,18.0,-8.0,-7.0,1,True,0.38587674454000936,NO,0.6141232554599907,NO,True,-0.02691836629156269,-0.003066431352780602,66.8,0.10040563214416857,-0.12128644004639202,64.6,-0.12732399843573128,0.11822000869361142,2.200000000000003,0
2019_13_SF_BAL,2019,13,2019-12-01,SF,BAL,17.0,20.0,3.0,5.5,0,True,0.7933857444735546,BAL,0.7933857444735546,BAL,True,0.36082072120767855,-0.2606872799126527,58.4,0.05622354837217597,-0.1968964132461933,63.2,0.3045971728355026,-0.06379086666645942,-4.800000000000004,-1
2019_13_WAS_CAR,2019,13,2019-12-01,WAS,CAR,29.0,21.0,-8.0,10.5,0,True,0.6273492890650103,CAR,0.6273492890650103,WAS,False,-0.11838327876172569,0.14201688935391,68.0,-0.23937681735729618,0.02848824255117688,49.8,0.1209935385955705,0.11352864680273311,18.200000000000003,0
2019_13_NYJ_CIN,2019,13,2019-12-01,NYJ,CIN,6.0,22.0,16.0,-2.5,0,True,0.23125049667006226,NYJ,0.7687495033299377,CIN,False,-0.24891486232844792,0.18190056578430852,64.4,0.0339191224175759,-0.08771200932672138,59.4,-0.28283398474602384,0.2696125751110299,5.000000000000007,0
2019_13_TEN_IND,2019,13,2019-12-01,TEN,IND,31.0,17.0,-14.0,-1.0,1,True,0.5046761366710454,IND,0.5046761366710454,TEN,False,-0.05351901396241965,-0.1325702253024867,63.6,0.11462978797564058,0.04502171341951827,55.2,-0.16814880193806023,-0.17759193872200496,8.399999999999999,3
2019_13_TB_JAX,2019,13,2019-12-01,TB,JAX,28.0,11.0,-17.0,-3.0,0,True,0.4851668149163671,TB,0.514833185083633,TB,True,-0.04687660997989822,0.051465466817529504,69.6,0.02262897552102508,0.02357609032664979,69.2,-0.0695055855009233,0.027889376490879712,0.3999999999999915,0
2019_13_PHI_MIA,2019,13,2019-12-01,PHI,MIA,31.0,37.0,6.0,-10.5,0,True,0.5032132484974127,MIA,0.5032132484974127,MIA,True,-0.13876732120788962,0.04466014897094292,61.4,-0.13875825241418513,-0.06452471685434918,67.2,-9.068793704491984e-06,0.1091848658252921,-5.800000000000004,0
2019_13_GB_NYG,2019,13,2019-12-01,GB,NYG,31.0,13.0,-18.0,-6.5,0,True,0.36577603065413394,GB,0.634223969345866,GB,True,-0.15588548567896052,0.026428217441906477,64.8,0.13591960692816066,0.14239438210181998,58.4,-0.2918050926071212,-0.11596616465991351,6.399999999999999,0
2019_13_CLE_PIT,2019,13,2019-12-01,CLE,PIT,13.0,20.0,7.0,-1.0,1,True,0.43523151691310474,CLE,0.5647684830868953,PIT,False,-0.21413182590047236,-0.2406595108488701,64.4,-0.023149864842219862,-0.10874262446342828,65.8,-0.1909819610582525,-0.13191688638544183,-1.3999999999999915,0
2019_13_LA_ARI,2019,13,2019-12-01,LA,ARI,34.0,7.0,-27.0,-2.5,1,True,0.5655731189464454,ARI,0.5655731189464454,LA,False,-0.013620673672528647,0.06505792971499236,56.8,-0.046152440737642075,-0.0636510229013078,59.4,0.03253176706511343,0.12870895261630017,-2.6000000000000014,8
2019_13_LAC_DEN,2019,13,2019-12-01,LAC,DEN,20.0,23.0,3.0,-4.5,1,True,0.3519767549619089,LAC,0.6480232450380912,DEN,False,-0.17792729972891014,0.00011203593612456597,57.8,0.009074472475564109,0.021024279644824416,61.2,-0.18700177220447425,-0.02091224370869985,-3.4000000000000057,-6
2019_13_NE_HOU,2019,13,2019-12-01,NE,HOU,22.0,28.0,6.0,-3.5,0,True,0.5027557124588884,HOU,0.5027557124588884,HOU,True,0.015578916108076995,0.09426911981409694,61.4,-0.06550483023894492,-0.2182495724531918,68.6,0.08108374634702191,0.31251869226728873,-7.199999999999996,3
2019_13_MIN_SEA,2019,13,2019-12-02,MIN,SEA,30.0,37.0,7.0,2.5,0,True,0.3661501320797925,MIN,0.6338498679202075,SEA,False,-0.03837970364486354,-0.042859997454413934,63.6,0.16675217744134135,0.030255592352025656,65.8,-0.2051318810862049,-0.07311558980643959,-2.1999999999999957,-7
2019_14_DAL_CHI,2019,14,2019-12-05,DAL,CHI,24.0,31.0,7.0,-3.0,0,True,0.45711142108437014,DAL,0.5428885789156299,CHI,False,-0.08927575211983281,-0.09636356770380194,59.0,0.07537256512137573,0.018866171408855707,67.2,-0.16464831724120854,-0.11522973911265766,-8.200000000000003,0
2019_14_CAR_ATL,2019,14,2019-12-08,CAR,ATL,20.0,40.0,20.0,3.5,1,True,0.6425937553452007,ATL,0.6425937553452007,ATL,True,-0.02690761722365017,-0.03265096412362469,73.4,-0.04037244805685911,0.12227939861397016,69.8,0.013464830833208943,-0.15493036273759486,3.6000000000000085,3
2019_14_BAL_BUF,2019,14,2019-12-08,BAL,BUF,24.0,17.0,-7.0,-6.5,0,True,0.38357214394693945,BAL,0.6164278560530605,BAL,True,0.13034995246664732,-0.13102879098561318,63.8,0.32649522261984576,-0.1994700726453175,60.2,-0.19614527015319844,0.06844128165970431,3.5999999999999943,3
2019_14_CIN_CLE,2019,14,2019-12-08,CIN,CLE,19.0,27.0,8.0,6.5,1,True,0.790519603394868,CLE,0.790519603394868,CLE,True,0.017759949290785632,-0.09681965340148857,66.8,-0.1891638881318188,0.14574145757684448,63.2,0.20692383742260445,-0.24256111097833305,3.5999999999999943,0
2019_14_WAS_GB,2019,14,2019-12-08,WAS,GB,15.0,20.0,5.0,13.0,0,True,0.7255656357705447,GB,0.7255656357705447,GB,True,0.07193335308433908,0.07775617209392496,59.4,-0.16522036130901796,0.021651800060038334,53.6,0.23715371439335703,0.05610437203388663,5.799999999999997,0
2019_14_DEN_HOU,2019,14,2019-12-08,DEN,HOU,38.0,24.0,-14.0,8.0,0,True,0.6723620740320626,HOU,0.6723620740320626,DEN,False,0.04208914328859262,0.08888057063733958,59.0,-0.13903246430627492,0.0037620114525103317,55.4,0.18112160759486753,0.08511855918482925,3.6000000000000014,0
2019_14_DET_MIN,2019,14,2019-12-08,DET,MIN,7.0,20.0,13.0,12.0,1,True,0.6037031858188554,MIN,0.6037031858188554,MIN,True,0.07374810885856237,0.017670684619176456,62.8,-0.012038262409754238,0.05841427823497569,66.0,0.0857863712683166,-0.04074359361579924,-3.200000000000003,-4
2019_14_SF_NO,2019,14,2019-12-08,SF,NO,48.0,46.0,-2.0,1.0,0,True,0.6008293665444808,NO,0.6008293665444808,SF,False,0.05395897216858726,-0.12951248963865003,59.8,0.03825878687134107,-0.09936934335272166,61.4,0.01570018529724619,-0.030143146285928374,-1.6000000000000014,3
2019_14_MIA_NYJ,2019,14,2019-12-08,MIA,NYJ,21.0,22.0,1.0,5.0,1,True,0.6933767778021822,NYJ,0.6933767778021822,NYJ,True,0.04402568012829529,-0.11675343270848829,62.8,-0.05248477302784331,0.06005364899103902,63.0,0.0965104531561386,-0.1768070816995273,-0.20000000000000284,0
2019_14_IND_TB,2019,14,2019-12-08,IND,TB,35.0,38.0,3.0,3.0,0,True,0.5850651644899796,TB,0.5850651644899796,TB,True,0.028470352832610856,-0.03472362505747541,67.0,-0.04782734032911209,-0.12369176063242926,65.0,0.07629769316172294,0.08896813557495385,2.0,0
2019_14_LAC_JAX,2019,14,2019-12-08,LAC,JAX,45.0,10.0,-35.0,-3.5,0,True,0.36624120040756597,LAC,0.6337587995924341,LAC,True,-0.14697064306899882,0.10635614933879359,67.0,0.002740281772701269,-0.054516483869355314,61.4,-0.1497109248417001,0.1608726332081489,5.600000000000001,0
2019_14_PIT_ARI,2019,14,2019-12-08,PIT,ARI,23.0,17.0,-6.0,-2.5,0,True,0.4776964349957216,PIT,0.5223035650042784,PIT,True,-0.12681164345246435,0.14801473270411236,57.4,-0.2191558618013454,-0.2054672348951853,61.4,0.09234421834888104,0.3534819675992977,-4.0,0
2019_14_KC_NE,2019,14,2019-12-08,KC,NE,23.0,16.0,-7.0,3.0,0,True,0.49292258417829926,KC,0.5070774158217007,KC,True,-0.06089831065221735,-0.0597999123962625,69.2,0.09206686320234586,0.07858484621857827,62.0,-0.1529651738545632,-0.13838475861484076,7.200000000000003,0
2019_14_SEA_LA,2019,14,2019-12-08,SEA,LA,12.0,28.0,16.0,1.0,1,True,0.5111045497448661,LA,0.5111045497448661,LA,True,-0.029974082905275617,-0.10854504348308351,59.6,0.023631314966259014,-0.07926406758905612,65.0,-0.053605397871534635,-0.029280975894027395,-5.399999999999999,1
2019_14_NYG_PHI,2019,14,2019-12-09,NYG,PHI,17.0,23.0,6.0,9.5,1,True,0.675316094119151,PHI,0.675316094119151,PHI,True,-0.041041246970642084,-0.054024062736417036,69.2,-0.13853815868852096,0.06200742255784704,64.6,0.09749691171787887,-0.11603148529426408,4.6000000000000085,0
2019_15_NYJ_BAL,2019,15,2019-12-12,NYJ,BAL,21.0,42.0,21.0,17.0,0,True,0.7734776105678877,BAL,0.7734776105678877,BAL,True,0.2870452286259395,-0.24131521107425247,59.2,0.040976064715262404,-0.14495146361665795,63.8,0.2460691639106771,-0.09636374745759452,-4.599999999999994,0
2019_15_SEA_CAR,2019,15,2019-12-15,SEA,CAR,30.0,24.0,-6.0,-6.0,0,True,0.4409896029601123,SEA,0.5590103970398876,SEA,True,-0.0672173966160121,0.14334290311173994,70.2,-0.04147900054955872,-0.07909520958872897,66.8,-0.02573839606645338,0.22243811270046893,3.4000000000000057,0
2019_15_NE_CIN,2019,15,2019-12-15,NE,CIN,34.0,13.0,-21.0,-10.5,0,True,0.4363065091610549,NE,0.563693490838945,NE,True,-0.1990856518391531,0.0803917788988316,62.0,-0.10972995217124511,-0.004382937842249093,68.6,-0.089355699667908,0.0847747167410807,-6.599999999999994,0
2019_15_TB_DET,2019,15,2019-12-15,TB,DET,38.0,17.0,-21.0,-5.5,0,True,0.44958645624377397,TB,0.5504135437562261,TB,True,-0.08386102216886142,0.002352803418961588,67.0,-8.41862274595373e-05,-0.07664881976901002,67.6,-0.08377683594140188,0.0790016231879716,-0.5999999999999943,0
2019_15_CHI_GB,2019,15,2019-12-15,CHI,GB,13.0,21.0,8.0,4.0,1,True,0.5287206262432154,GB,0.5287206262432154,GB,True,0.02683691417949004,0.04873391269440634,58.6,-0.057698721277820844,-0.09313760174832396,63.8,0.08453563545731088,0.1418715144427303,-5.199999999999996,-3
2019_15_DEN_KC,2019,15,2019-12-15,DEN,KC,3.0,23.0,20.0,10.0,1,True,0.6845405766321218,KC,0.6845405766321218,KC,True,0.07614091523968652,-0.034963644244085115,63.8,-0.06156165513966041,0.013055280799675323,53.6,0.13770257037934694,-0.04801892504376044,10.199999999999996,0
2019_15_MIA_NYG,2019,15,2019-12-15,MIA,NYG,20.0,36.0,16.0,3.5,0,True,0.4894314934718413,MIA,0.5105685065281587,NYG,False,-0.15466189998233468,0.04456830424470086,61.2,-0.08068280393601299,0.05700403357800614,63.6,-0.07397909604632169,-0.012435729333305279,-2.3999999999999986,-1
2019_15_HOU_TEN,2019,15,2019-12-15,HOU,TEN,24.0,21.0,-3.0,3.0,1,True,0.7220526832205861,TEN,0.7220526832205861,HOU,False,0.18960704297711342,0.023401345941798372,54.8,-0.006386752381100534,0.09406819899635213,59.6,0.19599379535821396,-0.07066685305455375,-4.800000000000004,0
2019_15_PHI_WAS,2019,15,2019-12-15,PHI,WAS,37.0,27.0,-10.0,-7.0,1,True,0.459794913050068,PHI,0.540205086949932,PHI,True,-0.12376182399870392,0.028459867866325837,57.2,-0.07267386945552638,-0.03984123286146435,73.2,-0.051087954543177536,0.06830110072779019,-16.0,1
2019_15_CLE_ARI,2019,15,2019-12-15,CLE,ARI,24.0,38.0,14.0,-3.0,0,True,0.36193535083058204,CLE,0.638064649169418,ARI,False,-0.09259581345650054,0.08930080521006825,59.0,0.0346899474551381,-0.10544202857160648,62.4,-0.12728576091163865,0.19474283378167473,-3.3999999999999986,0
2019_15_MIN_LAC,2019,15,2019-12-15,MIN,LAC,39.0,10.0,-29.0,-1.0,0,True,0.6697892072438382,LAC,0.6697892072438382,MIN,False,0.14870592053933043,-0.06447630802235041,64.2,0.05665474678596696,0.025210758795677975,63.2,0.09205117375336347,-0.08968706681802838,1.0,0
2019_15_LA_DAL,2019,15,2019-12-15,LA,DAL,21.0,44.0,23.0,-1.0,0,True,0.6197777819769645,DAL,0.6197777819769645,DAL,True,0.07004505323919194,0.07642426830041946,68.6,-0.08381112062277535,-0.1405121627409453,61.4,0.1538561738619673,0.21693643104136476,7.199999999999996,3
2019_15_ATL_SF,2019,15,2019-12-15,ATL,SF,29.0,22.0,-7.0,10.5,0,True,0.6271462152063835,SF,0.6271462152063835,ATL,False,0.06447752956921397,-0.11724021366138866,60.4,-0.016777468907406334,-0.08287533257274941,72.4,0.08125499847662031,-0.03436488108863925,-12.000000000000007,0
2019_15_BUF_PIT,2019,15,2019-12-15,BUF,PIT,17.0,10.0,-7.0,1.0,0,True,0.3905498312228854,BUF,0.6094501687771146,BUF,True,-0.1978485983821884,-0.22459622838011742,60.8,0.04914236568113328,-0.10985831834224043,66.0,-0.2469909640633217,-0.11473791003787699,-5.200000000000003,0
2019_15_IND_NO,2019,15,2019-12-16,IND,NO,7.0,34.0,27.0,8.0,0,True,0.5723164979826387,NO,0.5723164979826387,NO,True,0.03260484458394162,0.006467187549946307,59.8,-0.035774635772066576,-0.08279395284160758,63.8,0.06837948035600819,0.08926114039155389,-4.0,0
2019_16_HOU_TB,2019,16,2019-12-21,HOU,TB,23.0,20.0,-3.0,-3.0,0,True,0.7469656283445353,TB,0.7469656283445353,HOU,False,0.04841532081677867,-0.1614867886213429,65.8,-0.02375488801916002,0.16926971574977273,59.6,0.07217020883593869,-0.33075650437111564,6.199999999999996,0
2019_16_BUF_NE,2019,16,2019-12-21,BUF,NE,17.0,24.0,7.0,7.0,1,True,0.4182859306940903,BUF,0.5817140693059097,NE,False,-0.07979753640318625,-0.08948039556068779,67.8,0.012033279398508534,-0.1993019309831901,66.2,-0.09183081580169479,0.10982153542250231,1.5999999999999943,0
2019_16_LA_SF,2019,16,2019-12-21,LA,SF,31.0,34.0,3.0,7.0,1,True,0.671748852689451,SF,0.671748852689451,SF,True,0.1241019541653069,-0.04250181795821291,57.4,-0.019191890875115147,-0.005943611303218544,61.4,0.14329384504042203,-0.03655820665499437,-4.0,0
2019_16_JAX_ATL,2019,16,2019-12-22,JAX,ATL,12.0,24.0,12.0,7.5,0,True,0.7772700470968729,ATL,0.7772700470968729,ATL,True,-0.0024060334013066343,-0.04198067312818475,70.6,-0.14505558333719562,0.24400205718746726,63.8,0.142649549935889,-0.285982730315652,6.799999999999997,0
2019_16_BAL_CLE,2019,16,2019-12-22,BAL,CLE,31.0,15.0,-16.0,-9.5,1,True,0.28779272838371545,BAL,0.7122072716162846,BAL,True,0.04625579625699599,-0.05460503769991406,62.6,0.26194515096882964,-0.20051633729396898,62.2,-0.21568935471183365,0.1459112995940549,0.3999999999999986,-3
2019_16_CAR_IND,2019,16,2019-12-22,CAR,IND,6.0,38.0,32.0,7.5,0,True,0.6396112419308079,IND,0.6396112419308079,IND,True,-0.009289484567919493,0.026913188032948142,60.6,-0.06049754351068115,0.16123572586912363,70.4,0.05120805894276166,-0.13432253783617548,-9.800000000000004,-1
2019_16_CIN_MIA,2019,16,2019-12-22,CIN,MIA,35.0,38.0,3.0,-1.5,0,True,0.61074888300299,MIA,0.61074888300299,MIA,True,-0.03619534972527326,0.13876314488762742,65.2,-0.17471647250654962,-0.01924233371537826,60.0,0.13852112278127637,0.15800547860300568,5.200000000000003,0
2019_16_PIT_NYJ,2019,16,2019-12-22,PIT,NYJ,10.0,16.0,6.0,-3.0,0,True,0.7016968894937341,NYJ,0.7016968894937341,NYJ,True,0.00914871889913189,-0.0493162384293158,63.4,-0.20583602675016896,-0.17190820582108768,58.6,0.21498474564930084,0.12259196739177189,4.799999999999997,3
2019_16_NO_TEN,2019,16,2019-12-22,NO,TEN,38.0,28.0,-10.0,-3.5,0,True,0.5819307960375694,TEN,0.5819307960375694,NO,False,0.19789103663248503,0.030829967838104756,55.2,0.13634506312559427,-0.03685829866004095,59.6,0.061545973506890755,0.0676882664981457,-4.399999999999999,1
2019_16_NYG_WAS,2019,16,2019-12-22,NYG,WAS,41.0,35.0,-6.0,-1.0,1,True,0.5172840282042106,WAS,0.5172840282042106,NYG,False,-0.09828635125846744,0.05328188853083441,57.6,-0.0935078432978009,0.009287369263665888,60.2,-0.004778507960666534,0.04399451926716852,-2.6000000000000014,0
2019_16_DET_DEN,2019,16,2019-12-22,DET,DEN,17.0,27.0,10.0,9.5,0,True,0.5636993448886058,DEN,0.5636993448886058,DEN,True,-0.12031325699810622,0.04575609128809948,57.0,-0.12664317240632045,0.0674925767886585,64.8,0.006329915408214232,-0.021736485500559018,-7.799999999999997,0
2019_16_DAL_PHI,2019,16,2019-12-22,DAL,PHI,9.0,17.0,8.0,-2.0,1,True,0.43711992246588566,DAL,0.5628800775341143,PHI,False,-0.042982490520245144,-0.014690564809079168,72.4,0.09828438534105133,0.010228141284020836,68.0,-0.14126687586129646,-0.024918706093100006,4.400000000000006,0
2019_16_ARI_SEA,2019,16,2019-12-22,ARI,SEA,27.0,13.0,-14.0,8.0,1,True,0.6620417819501689,SEA,0.6620417819501689,ARI,False,-0.028309703385728524,-0.11120196223888683,65.2,-0.07746856421785084,0.06585589202728677,60.6,0.049158860832122314,-0.1770578542661736,4.600000000000001,0
2019_16_KC_CHI,2019,16,2019-12-22,KC,CHI,26.0,3.0,-23.0,-6.5,0,True,0.4322941262540211,KC,0.5677058737459789,KC,True,-0.06734688790373353,-0.0818523985123896,69.8,0.07467774747952266,-0.09868627123651355,65.0,-0.1420246353832562,0.016833872724123955,4.799999999999997,0
2019_16_GB_MIN,2019,16,2019-12-23,GB,MIN,23.0,10.0,-13.0,4.0,1,True,0.6114435215014812,MIN,0.6114435215014812,GB,False,0.06418371333870061,-0.09362515483027012,61.8,0.019483323786091508,-0.025716663571451005,60.2,0.044700389552609104,-0.06790849125881912,1.5999999999999943,0
2019_17_NYJ_BUF,2019,17,2019-12-29,NYJ,BUF,13.0,6.0,-7.0,-1.5,1,True,0.6143916897177559,BUF,0.6143916897177559,NYJ,False,-0.04002339122199546,-0.1365576499552043,63.6,-0.06801273648334763,-0.027723524352391383,62.4,0.027989345261352168,-0.10883412560281293,1.2000000000000028,0
2019_17_NO_CAR,2019,17,2019-12-29,NO,CAR,42.0,10.0,-32.0,-13.5,1,True,0.3509643995043518,NO,0.6490356004956481,NO,True,-0.03994574941044442,0.14960304656224624,70.6,0.13067654188797295,0.011076330140847803,59.8,-0.17062229129841738,0.13852671642139844,10.799999999999997,0
2019_17_CLE_CIN,2019,17,2019-12-29,CLE,CIN,23.0,33.0,10.0,-2.5,1,True,0.45357711889237,CLE,0.5464228811076299,CIN,False,-0.11896431922616839,0.009826570125644063,65.8,0.040563241629766086,0.10498842174748302,59.8,-0.15952756085593447,-0.09516185162183896,6.0,0
2019_17_GB_DET,2019,17,2019-12-29,GB,DET,23.0,20.0,-3.0,-13.5,1,True,0.3809516485562921,GB,0.619048351443708,GB,True,-0.1590255888924394,0.04440794239632357,63.2,-0.0497354206086887,-0.13137830628903352,63.2,-0.1092901682837507,0.17578624868535708,0.0,1
2019_17_LAC_KC,2019,17,2019-12-29,LAC,KC,21.0,31.0,10.0,10.0,1,True,0.6528689144815463,KC,0.6528689144815463,KC,True,0.08480736328385548,-0.18144521783170126,61.8,0.03922954001695493,-0.011738315881966171,61.0,0.04557782326690055,-0.1697069019497351,0.7999999999999972,0
2019_17_CHI_MIN,2019,17,2019-12-29,CHI,MIN,21.0,19.0,-2.0,-5.5,1,True,0.5699880276375714,MIN,0.5699880276375714,CHI,False,-0.09269862821006274,-0.15986790963811015,58.4,-0.07048886403922952,-0.019994508281923985,66.6,-0.022209764170833216,-0.13987340135618617,-8.199999999999996,-1
2019_17_MIA_NE,2019,17,2019-12-29,MIA,NE,27.0,24.0,-3.0,17.5,1,True,0.5252554314566831,NE,0.5252554314566831,MIA,False,-0.04382722139189255,-0.037638556054802555,67.0,0.04230654728719056,0.09494585884826048,68.8,-0.08613376867908312,-0.13258441490306305,-1.7999999999999972,0
2019_17_ATL_TB,2019,17,2019-12-29,ATL,TB,28.0,22.0,-6.0,1.0,1,True,0.6813526934006673,TB,0.6813526934006673,ATL,False,0.04572300135936387,-0.24909312086854718,68.0,0.001492729747903193,0.008981550104842362,72.6,0.044230271611460675,-0.25807467097338954,-4.599999999999994,0
2019_17_PIT_BAL,2019,17,2019-12-29,PIT,BAL,10.0,28.0,18.0,-2.0,1,True,0.801195926290798,BAL,0.801195926290798,BAL,True,0.23436401918682956,-0.14614111708777483,63.6,-0.13664990878768296,-0.19158087419560485,59.0,0.3710139279745125,0.04543975710783002,4.600000000000001,0
2019_17_WAS_DAL,2019,17,2019-12-29,WAS,DAL,16.0,47.0,31.0,13.0,1,True,0.6153487271785422,DAL,0.6153487271785422,DAL,True,0.012196950007558438,0.005851460210281925,66.6,-0.011564202856639621,0.10906237637928999,58.4,0.02376115286419806,-0.10321091616900807,8.199999999999996,0
2019_17_TEN_HOU,2019,17,2019-12-29,TEN,HOU,35.0,14.0,-21.0,-10.0,1,True,0.4010572025326747,TEN,0.5989427974673254,TEN,True,0.008928769800731966,0.045591491990362346,60.6,0.17449590255230124,0.0352483890589604,56.8,-0.16556713275156928,0.010343102931401948,3.8000000000000043,0
2019_17_IND_JAX,2019,17,2019-12-29,IND,JAX,20.0,38.0,18.0,-5.0,1,True,0.37091047991331194,IND,0.6290895200866881,JAX,False,-0.1259627417908247,0.2375748841934752,63.8,-0.031248100017998735,0.0155956004465287,60.2,-0.09471464177282596,0.2219792837469465,3.5999999999999943,0
2019_17_ARI_LA,2019,17,2019-12-29,ARI,LA,24.0,31.0,7.0,7.0,1,True,0.6020123286558662,LA,0.6020123286558662,LA,True,0.013506896318056905,0.026888522626336665,65.4,-0.057780689966438606,0.013858673590354387,61.2,0.07128758628449551,0.013029849035982278,4.200000000000003,0
2019_17_PHI_NYG,2019,17,2019-12-29,PHI,NYG,34.0,17.0,-17.0,-4.0,1,True,0.4966007667978787,PHI,0.5033992332021213,PHI,True,0.011076004312772359,0.038160497984663234,61.0,0.015687623237772685,-0.030599821612675226,73.4,-0.004611618925000326,0.06876031959733846,-12.400000000000006,0
2019_17_SF_SEA,2019,17,2019-12-29,SF,SEA,26.0,21.0,-5.0,-3.5,1,True,0.4472082924409674,SF,0.5527917075590326,SF,True,-0.018123201027570986,-0.009577428179951058,62.0,0.09891298652703606,-0.015556210848196273,54.8,-0.11703618755460704,0.0059787826682452146,7.200000000000003,0
2020_01_HOU_KC,2020,1,2020-09-10,HOU,KC,20.0,34.0,14.0,9.5,0,True,0.7610291163351607,KC,0.7610291163351607,KC,True,0.11526141529520788,-0.14834593871441393,59.2,-0.011549244275259492,0.14033928891805908,62.6,0.12681065957046736,-0.288685227632473,-3.3999999999999986,0
2020_01_SEA_ATL,2020,1,2020-09-13,SEA,ATL,38.0,25.0,-13.0,1.0,0,True,0.6281978524267078,ATL,0.6281978524267078,SEA,False,-0.002365814569586122,-0.07026567108466761,73.6,0.022425540644394247,0.12721248473594896,64.8,-0.02479135521398037,-0.19747815582061656,8.799999999999997,0
2020_01_CLE_BAL,2020,1,2020-09-13,CLE,BAL,6.0,38.0,32.0,7.0,1,True,0.7654538858887231,BAL,0.7654538858887231,BAL,True,0.11341020063108469,-0.18695494614973565,63.0,-0.003676470831681512,0.14459815210967014,57.2,0.1170866714627662,-0.3315530982594058,5.799999999999997,0
2020_01_NYJ_BUF,2020,1,2020-09-13,NYJ,BUF,17.0,27.0,10.0,6.5,1,True,0.591736364584543,BUF,0.591736364584543,BUF,True,-0.10837748257448077,-0.09148741605071746,61.4,-0.12914842380335717,-0.015451765612292745,63.2,0.020770941228876405,-0.07603565043842471,-1.8000000000000043,0
2020_01_LV_CAR,2020,1,2020-09-13,LV,CAR,34.0,30.0,-4.0,-3.0,0,True,0.40362159294587624,LV,0.5963784070541238,LV,True,-0.13336207342382775,0.17862848220335006,70.4,0.0037067745502690776,0.08155176570207989,64.2,-0.13706884797409682,0.09707671650127017,6.200000000000003,0
2020_01_CHI_DET,2020,1,2020-09-13,CHI,DET,27.0,23.0,-4.0,2.5,1,True,0.3856700842275156,CHI,0.6143299157724844,CHI,True,-0.17007008781430644,0.10815002250605579,60.2,-0.047691584072104,0.0038430422821773614,68.4,-0.12237850374220244,0.10430698022387844,-8.200000000000003,0
2020_01_IND_JAX,2020,1,2020-09-13,IND,JAX,20.0,27.0,7.0,-7.0,1,True,0.46525164249976014,IND,0.5347483575002399,JAX,False,-0.10371714849977039,0.13751200106808006,60.6,-0.0648143410803082,0.030747228702066913,58.4,-0.038902807419462185,0.10676477236601314,2.200000000000003,0
2020_01_GB_MIN,2020,1,2020-09-13,GB,MIN,43.0,34.0,-9.0,1.0,1,True,0.3805672369477953,GB,0.6194327630522047,GB,True,-0.13177610373857854,-0.15435310707960626,56.0,0.027067456376293132,-0.19497857579329722,66.0,-0.15884356011487166,0.040625468713690965,-10.0,0
2020_01_MIA_NE,2020,1,2020-09-13,MIA,NE,11.0,21.0,10.0,7.5,1,True,0.477540951460287,MIA,0.5224590485397129,NE,False,-0.008463304683731715,0.016715389798906643,65.6,0.0811772852019355,0.053324453280573246,70.0,-0.08964058988566721,-0.03660906348166661,-4.400000000000006,0
2020_01_PHI_WAS,2020,1,2020-09-13,PHI,WAS,17.0,27.0,10.0,-5.5,1,True,0.31486627464702943,PHI,0.6851337253529706,WAS,False,-0.05163478112247577,0.16729548194808325,59.2,0.09097945793046211,-0.061095022116732414,73.4,-0.14261423905293788,0.22839050406481565,-14.200000000000003,0
2020_01_LAC_CIN,2020,1,2020-09-13,LAC,CIN,16.0,13.0,-3.0,-2.5,0,True,0.4849556512804005,LAC,0.5150443487195995,LAC,True,-0.01468367222858572,0.028399569073582997,68.6,0.07232881913424223,0.018715736129386217,61.4,-0.08701249136282795,0.00968383294419678,7.199999999999996,0
2020_01_TB_NO,2020,1,2020-09-13,TB,NO,23.0,34.0,11.0,4.0,1,True,0.627423525641961,NO,0.627423525641961,NO,True,0.15970197752907675,-0.08233999387253556,60.8,-0.03352421983014609,-0.2529516651860365,65.8,0.19322619735922283,0.17061167131350097,-5.0,0
2020_01_ARI_SF,2020,1,2020-09-13,ARI,SF,24.0,20.0,-4.0,7.0,1,True,0.6696542752008054,SF,0.6696542752008054,ARI,False,0.13928372434345637,0.06892520649030728,55.8,-0.04509672320302132,0.021481722401823573,60.8,0.1843804475464777,0.047443484088483714,-5.0,0
2020_01_DAL_LA,2020,1,2020-09-13,DAL,LA,17.0,20.0,3.0,1.0,0,True,0.5660647629747423,LA,0.5660647629747423,LA,True,0.07624131880521484,-0.07708747214441103,71.6,0.07891092749484754,-0.05628948862686883,69.0,-0.002669608689632702,-0.020797983517542196,2.5999999999999943,0
2020_01_PIT_NYG,2020,1,2020-09-14,PIT,NYG,26.0,16.0,-10.0,-6.0,0,True,0.6540995284417633,NYG,0.6540995284417633,PIT,False,0.012562780984748301,0.08044383830616073,63.8,-0.20721113052397602,-0.13764795266630442,55.8,0.21977391150872433,0.21809179097246514,8.0,0
2020_01_TEN_DEN,2020,1,2020-09-14,TEN,DEN,16.0,14.0,-2.0,-3.0,0,True,0.3660998937062669,TEN,0.6339001062937331,TEN,True,-0.034839092867415225,-0.006696153381644766,57.0,0.2027470574169123,0.021864340018485022,58.6,-0.2375861502843275,-0.02856049340012979,-1.6000000000000014,0
2020_02_CIN_CLE,2020,2,2020-09-17,CIN,CLE,30.0,35.0,5.0,6.0,1,True,0.4819775613608729,CIN,0.5180224386391271,CLE,False,-0.03999917098933363,0.17957470413378146,58.0,-0.05299716303707706,0.04183236181357633,70.0,0.012997992047743427,0.13774234232020513,-12.0,0
2020_02_NYG_CHI,2020,2,2020-09-20,NYG,CHI,13.0,17.0,4.0,4.5,0,True,0.5495538253475133,CHI,0.5495538253475133,CHI,True,-0.04794242504285158,0.004833144730162853,69.2,0.005341206687939531,0.06535411001506371,63.8,-0.05328363173079111,-0.060520965284900856,5.400000000000006,1
2020_02_ATL_DAL,2020,2,2020-09-20,ATL,DAL,39.0,40.0,1.0,3.0,0,True,0.6144425103470308,DAL,0.6144425103470308,DAL,True,0.08300064720558926,-0.07850761436720458,68.2,0.04715245646240783,-0.004070807711197821,72.2,0.035848190743181435,-0.07443680665600676,-4.0,0
2020_02_DET_GB,2020,2,2020-09-20,DET,GB,21.0,42.0,21.0,7.0,1,True,0.7874473468383666,GB,0.7874473468383666,GB,True,0.03859758137763438,-0.11150836784053249,69.4,-0.16907998536632093,0.10789918153530823,61.0,0.20767756674395532,-0.21940754937584073,8.400000000000006,0
2020_02_MIN_IND,2020,2,2020-09-20,MIN,IND,11.0,28.0,17.0,3.5,0,True,0.49772603976943924,MIN,0.5022739602305608,IND,False,-0.04418667077376291,0.0752972571086208,59.0,-0.06642137742268259,-0.11064535498699875,56.0,0.022234706648919675,0.18594261209561955,3.0,0
2020_02_BUF_MIA,2020,2,2020-09-20,BUF,MIA,31.0,28.0,-3.0,-5.5,1,True,0.5925056475118838,MIA,0.5925056475118838,BUF,False,0.008329307174037941,0.05984499645696426,68.8,-0.13549281553872122,-0.11810770621338285,64.8,0.14382212271275915,0.1779527026703471,4.0,0
2020_02_SF_NYJ,2020,2,2020-09-20,SF,NYJ,31.0,13.0,-18.0,-7.0,0,True,0.3894124799658724,SF,0.6105875200341275,SF,True,-0.13262492259598893,-0.00369093189352276,59.6,0.11095711206634813,0.08488794171596067,57.6,-0.24358203466233708,-0.08857887360948344,2.0,0
2020_02_LA_PHI,2020,2,2020-09-20,LA,PHI,37.0,19.0,-18.0,2.0,0,True,0.5882426783849554,PHI,0.5882426783849554,LA,False,0.0035497028443395306,-0.1308259239447964,73.4,0.04374446051043267,0.015704686674037523,70.8,-0.04019475766609314,-0.1465306106188339,2.6000000000000085,0
2020_02_DEN_PIT,2020,2,2020-09-20,DEN,PIT,21.0,26.0,5.0,6.0,0,True,0.4873553564813,DEN,0.5126446435187,PIT,False,-0.17613565431439948,-0.1536234241729811,58.0,-0.011442712404231326,0.012337820119911021,58.2,-0.16469294191016814,-0.16596124429289213,-0.20000000000000284,0
2020_02_CAR_TB,2020,2,2020-09-20,CAR,TB,17.0,31.0,14.0,7.5,1,True,0.7307315765780761,TB,0.7307315765780761,TB,True,-0.055021306849755744,-0.20155776115972485,65.8,-0.08827804172485612,0.21079044927629872,69.0,0.03325673487510038,-0.41234821043602354,-3.200000000000003,0
2020_02_JAX_TEN,2020,2,2020-09-20,JAX,TEN,30.0,33.0,3.0,7.0,1,True,0.7640320143416305,TEN,0.7640320143416305,TEN,True,0.24149451304823916,0.02036411338880505,63.2,0.01817546616089215,0.15254713479269524,57.0,0.223319046887347,-0.13218302140389018,6.200000000000003,-1
2020_02_WAS_ARI,2020,2,2020-09-20,WAS,ARI,15.0,30.0,15.0,7.5,0,True,0.7491678140793991,ARI,0.7491678140793991,ARI,True,0.06634557952702282,-0.031941143733854906,63.6,-0.10026200641531555,0.12692490486234687,60.6,0.16660758594233838,-0.15886604859620176,3.0,0
2020_02_BAL_HOU,2020,2,2020-09-20,BAL,HOU,33.0,16.0,-17.0,-7.5,0,True,0.2667413300411533,BAL,0.7332586699588467,BAL,True,-0.012384739626762791,0.1723602252858665,64.4,0.15551215554600797,-0.25503697123763003,62.0,-0.16789689517277076,0.4273971965234965,2.4000000000000057,3
2020_02_KC_LAC,2020,2,2020-09-20,KC,LAC,23.0,20.0,-3.0,-8.5,1,True,0.39152326782431623,KC,0.6084767321756838,KC,True,0.05264046837199236,0.01575168067105389,63.2,0.15073069622062918,-0.10065266056957087,61.0,-0.09809022784863682,0.11640434124062476,2.200000000000003,-3
2020_02_NE_SEA,2020,2,2020-09-20,NE,SEA,30.0,35.0,5.0,4.0,0,True,0.5246816445021665,SEA,0.5246816445021665,SEA,True,0.06715995592943642,0.1282345294600498,61.2,0.013587106168491753,-0.04907030920943355,62.0,0.053572849760944674,0.17730483866948335,-0.7999999999999972,0
2020_02_NO_LV,2020,2,2020-09-21,NO,LV,24.0,34.0,10.0,-4.0,0,True,0.4469009875064654,NO,0.5530990124935347,LV,False,0.07035611760389728,0.09855483163411165,65.0,0.11758750469524268,-0.06186205113526242,64.2,-0.0472313870913454,0.16041688276937408,0.7999999999999972,0
2020_03_MIA_JAX,2020,3,2020-09-24,MIA,JAX,31.0,13.0,-18.0,3.0,0,True,0.6195947290323103,JAX,0.6195947290323103,MIA,False,0.10107630348113195,0.07596225616197994,59.2,0.04678304829701164,0.14276148393888252,70.2,0.05429325518412031,-0.06679922777690259,-11.0,0
2020_03_CHI_ATL,2020,3,2020-09-27,CHI,ATL,30.0,26.0,-4.0,2.5,0,True,0.6214088517660616,ATL,0.6214088517660616,CHI,False,0.03741454701528892,0.018841158539044715,73.6,-0.06014024565861833,-0.0318549866052974,68.8,0.09755479267390725,0.05069614514434211,4.799999999999997,0
2020_03_LA_BUF,2020,3,2020-09-27,LA,BUF,32.0,35.0,3.0,1.5,0,True,0.5073384023693203,BUF,0.5073384023693203,BUF,True,0.006796746312071644,-0.08517699896069461,62.4,0.10903634456171052,0.021489624121532745,70.4,-0.10223959824963888,-0.10666662308222735,-8.000000000000007,0
2020_03_WAS_CLE,2020,3,2020-09-27,WAS,CLE,20.0,34.0,14.0,7.5,0,True,0.6486603001497611,CLE,0.6486603001497611,CLE,True,0.01802457280708325,0.19605745231289715,59.0,-0.10330173547800145,0.1360372595560851,61.2,0.1213263082850847,0.06002019275681206,-2.200000000000003,3
2020_03_TEN_MIN,2020,3,2020-09-27,TEN,MIN,31.0,30.0,-1.0,-3.0,0,True,0.3378153784882798,TEN,0.6621846215117202,TEN,True,-0.1129279365647411,-0.052189810044539375,51.6,0.20411422924046377,0.08486341908092394,63.0,-0.31704216580520483,-0.1370532291254633,-11.399999999999999,0
2020_03_LV_NE,2020,3,2020-09-27,LV,NE,20.0,36.0,16.0,7.0,0,True,0.5800359072839424,NE,0.5800359072839424,NE,True,0.10681865972611522,-0.007430704341226396,63.4,0.10716472114508373,0.04326113322642021,68.2,-0.0003460614189685074,-0.05069183756764661,-4.800000000000004,1
2020_03_SF_NYG,2020,3,2020-09-27,SF,NYG,36.0,9.0,-27.0,-3.0,0,True,0.4858999904195439,SF,0.5141000095804561,SF,True,0.0053881605738137885,0.06332998632069685,65.6,0.07683833371090808,0.02097383076586491,56.6,-0.07145017313709429,0.04235615555483194,8.999999999999993,0
2020_03_HOU_PIT,2020,3,2020-09-27,HOU,PIT,21.0,28.0,7.0,4.0,0,True,0.5733634166786581,PIT,0.5733634166786581,PIT,True,-0.1842495038501908,-0.15971760266131257,59.2,-0.041508627938378354,0.1636674514717011,60.8,-0.14274087591181245,-0.32338505413301366,-1.5999999999999943,0
2020_03_NYJ_IND,2020,3,2020-09-27,NYJ,IND,7.0,36.0,29.0,12.5,0,True,0.6806467645908297,IND,0.6806467645908297,IND,True,-0.030858123879295964,0.012029695026963638,59.8,-0.16821804081664543,0.03979204727787568,58.4,0.13735991693734947,-0.027762352250912038,1.3999999999999986,0
2020_03_CAR_LAC,2020,3,2020-09-27,CAR,LAC,21.0,16.0,-5.0,6.0,0,True,0.6301371662107177,LAC,0.6301371662107177,CAR,False,-0.06963606727820354,0.07140325870034804,67.6,-0.10784744032275158,0.17462283521752278,69.6,0.03821137304454804,-0.10321957651717474,-2.0,0
2020_03_DET_ARI,2020,3,2020-09-27,DET,ARI,26.0,23.0,-3.0,4.5,0,True,0.8226362399494562,ARI,0.8226362399494562,DET,False,0.12028324620587927,-0.033102050342912345,66.8,-0.1309644704401089,0.19937532335874128,59.2,0.25124771664598816,-0.2324773737016536,7.599999999999994,0
2020_03_TB_DEN,2020,3,2020-09-27,TB,DEN,28.0,10.0,-18.0,-6.0,0,True,0.4254731192305589,TB,0.574526880769441,TB,True,-0.09961844711233374,0.0029065501067219975,62.0,-0.06536905868136875,-0.2304489171193984,62.2,-0.03424938843096499,0.2333554672261204,-0.20000000000000284,0
2020_03_DAL_SEA,2020,3,2020-09-27,DAL,SEA,31.0,38.0,7.0,5.5,0,True,0.5028106203846423,SEA,0.5028106203846423,SEA,True,0.1348950417487941,0.14429588648789687,60.8,0.08044828618055806,-0.0651572629638966,70.0,0.05444675556823604,0.20945314945179347,-9.200000000000003,0
2020_03_GB_NO,2020,3,2020-09-27,GB,NO,37.0,30.0,-7.0,3.5,0,True,0.5611305021773809,NO,0.5611305021773809,GB,False,0.1292283716944983,-0.10914961843823626,61.6,0.10617229332218454,-0.10731131604813293,71.0,0.023056078372313757,-0.0018383023901033246,-9.399999999999999,-1
2020_03_KC_BAL,2020,3,2020-09-28,KC,BAL,34.0,20.0,-14.0,3.5,0,True,0.6607102885538395,BAL,0.6607102885538395,KC,False,0.1992158144155341,-0.23250917188293235,63.0,0.17257894440561766,-0.037709155833615934,61.8,0.026636870009916436,-0.1948000160493164,1.2000000000000028,0
2020_04_DEN_NYJ,2020,4,2020-10-01,DEN,NYJ,37.0,28.0,-9.0,1.0,0,True,0.46352975438817506,DEN,0.5364702456118249,DEN,True,-0.22230056153733607,-0.01700802277066104,58.8,-0.10231830429080313,0.01430790214264617,62.4,-0.11998225724653294,-0.03131592491330721,-3.6000000000000014,0
2020_04_ARI_CAR,2020,4,2020-10-04,ARI,CAR,21.0,31.0,10.0,-3.0,0,True,0.33211090377894836,ARI,0.6678890962210516,CAR,False,-0.1309123994145058,0.09544818361275273,65.6,0.06243946126110415,-0.04752460396293706,67.6,-0.19335186067560994,0.1429727875756898,-2.0,0
2020_04_JAX_CIN,2020,4,2020-10-04,JAX,CIN,25.0,33.0,8.0,1.0,0,True,0.5104307502725081,CIN,0.5104307502725081,CIN,True,0.010454457134461831,0.08382080982259757,74.8,0.06704201426306304,0.10331591020314965,61.2,-0.05658755712860121,-0.019495100380552077,13.599999999999994,-3
2020_04_CLE_DAL,2020,4,2020-10-04,CLE,DAL,49.0,38.0,-11.0,3.5,0,True,0.6590939219071277,DAL,0.6590939219071277,CLE,False,0.044935181107703046,-0.0317569799918244,72.6,0.011962018826889773,0.11580550148819269,58.2,0.032973162280813276,-0.14756248148001708,14.399999999999991,0
2020_04_NO_DET,2020,4,2020-10-04,NO,DET,35.0,29.0,-6.0,-3.0,0,True,0.3507683451622943,NO,0.6492316548377057,NO,True,-0.05050607153060318,0.14760355858254537,59.2,0.1030216864589624,-0.026938730625514086,61.0,-0.15352775798956558,0.17454228920805945,-1.7999999999999972,0
2020_04_MIN_HOU,2020,4,2020-10-04,MIN,HOU,31.0,23.0,-8.0,3.5,0,True,0.5592846965011292,HOU,0.5592846965011292,MIN,False,-0.0575883416047529,0.175302343463991,57.6,-0.12310725390728058,0.04006034488921479,52.4,0.06551891230252768,0.13524199857477623,5.200000000000003,0
2020_04_SEA_MIA,2020,4,2020-10-04,SEA,MIA,31.0,23.0,-8.0,-4.5,0,True,0.6125406172529784,MIA,0.6125406172529784,SEA,False,0.09629510393051903,0.09819180027067516,67.6,0.09445652496872158,0.16829681963417334,62.6,0.0018385789617974546,-0.07010501936349818,4.999999999999993,3
2020_04_LAC_TB,2020,4,2020-10-04,LAC,TB,31.0,38.0,7.0,7.5,0,True,0.5881228401852067,TB,0.5881228401852067,TB,True,-0.07854631828711096,-0.21147789060460953,60.8,-0.002963411420485723,0.03232925504347216,70.2,-0.07558290686662524,-0.2438071456480817,-9.400000000000006,0
2020_04_BAL_WAS,2020,4,2020-10-04,BAL,WAS,31.0,17.0,-14.0,-14.5,0,True,0.2819596783129271,BAL,0.7180403216870729,BAL,True,-0.12909154980476473,0.10828521595259336,63.4,0.09276427756212698,-0.13729459645682246,61.6,-0.2218558273668917,0.24557981240941582,1.7999999999999972,1
2020_04_NYG_LA,2020,4,2020-10-04,NYG,LA,9.0,17.0,8.0,13.5,0,True,0.8061161151346897,LA,0.8061161151346897,LA,True,0.19427044319754133,-0.001867151720785304,70.0,-0.0716938848861185,0.14020403585575902,62.8,0.26596432808365983,-0.14207118757654433,7.200000000000003,0
2020_04_IND_CHI,2020,4,2020-10-04,IND,CHI,19.0,11.0,-8.0,-3.5,0,True,0.4586138831362507,IND,0.5413861168637493,IND,True,-0.03112412413444741,-0.017867315736214712,67.6,0.0376749826014491,-0.124176002954938,60.2,-0.06879910673589651,0.10630868721872329,7.3999999999999915,0
2020_04_BUF_LV,2020,4,2020-10-04,BUF,LV,30.0,23.0,-7.0,-3.0,0,True,0.5633590756729556,LV,0.5633590756729556,BUF,False,0.08394687196048924,0.0689694788851529,65.0,0.0765804971680643,0.06140375997116334,61.4,0.00736637479242494,0.007565718913989557,3.6000000000000014,0
2020_04_PHI_SF,2020,4,2020-10-04,PHI,SF,25.0,20.0,-5.0,8.5,0,True,0.7252771097847297,SF,0.7252771097847297,PHI,False,0.15133825567924225,-0.058531176304680146,58.4,-0.06422150463625335,-0.025563357499549983,73.0,0.21555976031549562,-0.03296781880513017,-14.600000000000001,0
2020_04_NE_KC,2020,4,2020-10-05,NE,KC,10.0,26.0,16.0,7.0,0,True,0.6338896089938816,KC,0.6338896089938816,KC,True,0.2104592457703159,-0.00897915252338144,63.8,0.12646642946800182,0.024843033111591743,64.2,0.08399281630231409,-0.03382218563497318,-0.4000000000000057,-1
2020_04_ATL_GB,2020,4,2020-10-05,ATL,GB,16.0,30.0,14.0,5.0,0,True,0.7102858994085754,GB,0.7102858994085754,GB,True,0.16583507498913144,-0.05851976972992643,71.0,0.016253402314059955,0.035704607606561196,74.2,0.1495816726750715,-0.09422437733648763,-3.200000000000003,0
2020_05_TB_CHI,2020,5,2020-10-08,TB,CHI,19.0,20.0,1.0,-3.5,0,True,0.5211082243564974,CHI,0.5211082243564974,CHI,True,-0.011571718474679577,-0.05685734049591984,67.8,-0.002805143345968092,-0.13860059230479616,60.4,-0.008766575128711485,0.08174325180887632,7.399999999999999,0
2020_05_CAR_ATL,2020,5,2020-10-11,CAR,ATL,23.0,16.0,-7.0,2.5,1,True,0.5591775816528326,ATL,0.5591775816528326,CAR,False,-0.012913344244562044,0.10068309424084813,73.8,-0.034586552050598574,0.0900442041554858,65.2,0.02167320780603653,0.01063889008536234,8.599999999999994,-1
2020_05_CIN_BAL,2020,5,2020-10-11,CIN,BAL,3.0,27.0,24.0,12.5,1,True,0.6499184115099956,BAL,0.6499184115099956,BAL,True,0.0925766067752336,-0.11623087247414979,58.6,0.04885160277879066,0.08083197151817187,71.2,0.04372500399644295,-0.19706284399232166,-12.600000000000001,0
2020_05_JAX_HOU,2020,5,2020-10-11,JAX,HOU,14.0,30.0,16.0,6.5,1,True,0.37903419354883433,JAX,0.6209658064511656,HOU,False,-0.003775925637682952,0.2672097360561092,57.6,0.10741589454606144,0.11602396835748603,62.0,-0.11119182018374439,0.15118576769862319,-4.399999999999999,0
2020_05_LV_KC,2020,5,2020-10-11,LV,KC,40.0,32.0,-8.0,11.0,1,True,0.6903844090599399,KC,0.6903844090599399,LV,False,0.18270786151348223,-0.001488166493035331,61.8,0.048493836552021,0.11809326114805652,66.2,0.13421402496146123,-0.11958142764109185,-4.400000000000006,-1
2020_05_ARI_NYJ,2020,5,2020-10-11,ARI,NYJ,30.0,10.0,-20.0,-7.0,0,True,0.3642083649769844,ARI,0.6357916350230156,ARI,True,-0.2162775407779823,0.02618468155058646,62.0,0.04789143620226032,0.06032240410645427,65.2,-0.2641689769802426,-0.03413772255586781,-3.200000000000003,3
2020_05_PHI_PIT,2020,5,2020-10-11,PHI,PIT,29.0,38.0,9.0,7.5,0,True,0.6521456698849178,PIT,0.6521456698849178,PIT,True,-0.07298010529647275,-0.1201699881685955,62.6,-0.0891077845906334,-0.010990712994756624,71.0,0.016127679294160646,-0.10917927517383888,-8.399999999999999,7
2020_05_LA_WAS,2020,5,2020-10-11,LA,WAS,30.0,10.0,-20.0,-7.0,0,True,0.2518661355739556,LA,0.7481338644260445,LA,True,-0.1651371990395161,0.0715229960594838,64.0,0.16463287699998325,-0.02334356431644726,66.8,-0.32977007603949937,0.09486656037593105,-2.799999999999997,0
2020_05_MIA_SF,2020,5,2020-10-11,MIA,SF,43.0,17.0,-26.0,8.5,0,True,0.7012817890221154,SF,0.7012817890221154,MIA,False,0.14786564550419784,-0.08324197108574921,61.6,0.07361805307105997,0.134152583554291,64.6,0.07424759243313787,-0.2173945546400402,-2.999999999999993,0
2020_05_IND_CLE,2020,5,2020-10-11,IND,CLE,23.0,32.0,9.0,1.0,0,True,0.5544677006937392,CLE,0.5544677006937392,CLE,True,0.11820261673185364,0.09085907130326973,61.8,0.016099820342816866,-0.11641649275953689,61.4,0.10210279638903677,0.20727556406280662,0.3999999999999986,0
2020_05_NYG_DAL,2020,5,2020-10-11,NYG,DAL,34.0,37.0,3.0,7.5,1,True,0.798928374646012,DAL,0.798928374646012,DAL,True,0.10689385177167728,0.037509792570364096,76.6,-0.19860469275705606,0.09025543661024131,62.2,0.3054985445287333,-0.052745644039877214,14.399999999999991,0
2020_05_MIN_SEA,2020,5,2020-10-11,MIN,SEA,26.0,27.0,1.0,6.5,0,True,0.6602663178593898,SEA,0.6602663178593898,SEA,True,0.19097718502191358,0.15105250979535456,63.2,0.03739760703095687,0.07707503128373493,54.4,0.1535795779909567,0.07397747851161963,8.800000000000004,0
2020_05_LAC_NO,2020,5,2020-10-12,LAC,NO,27.0,30.0,3.0,7.0,0,True,0.6658942415860124,NO,0.6658942415860124,NO,True,0.12810580868162602,-0.023644340610616724,61.6,0.015894202865225738,0.03583197384867533,69.0,0.11221160581640029,-0.05947631445929205,-7.399999999999999,0
2020_05_BUF_TEN,2020,5,2020-10-13,BUF,TEN,16.0,42.0,26.0,-3.0,0,True,0.6387755948758599,TEN,0.6387755948758599,TEN,True,0.18606803019847376,0.06869230662359369,64.4,0.12788684996812488,0.03711761775523198,62.2,0.05818118023034888,0.031574688868361706,2.200000000000003,7
2020_06_CHI_CAR,2020,6,2020-10-18,CHI,CAR,23.0,16.0,-7.0,2.0,0,True,0.5981758613885256,CAR,0.5981758613885256,CHI,False,0.08371762174366858,0.04768954044672423,63.8,-0.02997797538990739,-0.032108764784649066,64.4,0.11369559713357597,0.0797983052313733,-0.6000000000000085,-3
2020_06_CIN_IND,2020,6,2020-10-18,CIN,IND,27.0,31.0,4.0,7.5,0,True,0.7171938892673911,IND,0.7171938892673911,IND,True,0.035200914936545015,-0.13775059345936072,60.6,-0.07917937189639862,0.06226381628677842,71.2,0.11438028683294363,-0.20001440974613915,-10.600000000000001,0
2020_06_DET_JAX,2020,6,2020-10-18,DET,JAX,34.0,16.0,-18.0,-3.0,0,True,0.5836621139613047,JAX,0.5836621139613047,DET,False,0.06826552826264867,0.18419686685584047,63.8,-0.019262634787776227,0.1744489489587974,60.8,0.0875281630504249,0.009747917897043074,3.0,-7
2020_06_ATL_MIN,2020,6,2020-10-18,ATL,MIN,40.0,23.0,-17.0,3.5,0,True,0.6322036648952752,MIN,0.6322036648952752,ATL,False,0.08342736505864981,0.09663532628459767,61.8,0.032295711612480606,0.1910823671967458,68.8,0.051131653446169205,-0.09444704091214812,-7.0,0
2020_06_DEN_NE,2020,6,2020-10-18,DEN,NE,18.0,12.0,-6.0,7.0,0,True,0.675389129737769,NE,0.675389129737769,DEN,False,0.06414898829824475,0.032903540970873266,65.6,-0.12563064154672743,-0.0026172807756826956,61.0,0.18977962984497218,0.035520821746555964,4.599999999999994,-4
2020_06_WAS_NYG,2020,6,2020-10-18,WAS,NYG,19.0,20.0,1.0,2.0,1,True,0.5401756985840911,NYG,0.5401756985840911,NYG,True,-0.14837304141840746,0.08259856778470107,60.2,-0.16300045031519333,0.05231933372991593,62.6,0.014627408896785876,0.030279234054785137,-2.3999999999999986,0
2020_06_BAL_PHI,2020,6,2020-10-18,BAL,PHI,30.0,28.0,-2.0,-10.5,0,True,0.3311768371845381,BAL,0.668823162815462,BAL,True,-0.07393804129582111,0.08191185764884061,68.2,0.1003749952991978,-0.1311464447521825,57.2,-0.1743130365950189,0.21305830240102314,11.0,0
2020_06_CLE_PIT,2020,6,2020-10-18,CLE,PIT,7.0,38.0,31.0,3.0,1,True,0.48582213000648894,CLE,0.5141778699935111,PIT,False,0.005428644149345824,-0.05029716582739489,62.4,0.12087468912079893,0.05326150509220284,65.6,-0.11544604497145311,-0.10355867091959772,-3.1999999999999957,0
2020_06_HOU_TEN,2020,6,2020-10-18,HOU,TEN,36.0,42.0,6.0,4.0,1,True,0.7347681378952358,TEN,0.7347681378952358,TEN,True,0.23381713157522693,0.03983996804742104,65.2,0.043302963011561627,0.15646898396332978,56.2,0.19051416856366532,-0.11662901591590874,9.0,-2
2020_06_NYJ_MIA,2020,6,2020-10-18,NYJ,MIA,0.0,24.0,24.0,9.5,1,True,0.8086898004214195,MIA,0.8086898004214195,MIA,True,0.11285440926903438,0.06604790590590115,63.2,-0.2214032530781136,0.1285751320467507,62.2,0.334257662347148,-0.06252722614084955,1.0,0
2020_06_GB_TB,2020,6,2020-10-18,GB,TB,10.0,38.0,28.0,-3.0,0,True,0.4242153076751174,GB,0.5757846923248826,TB,False,0.03476734713301494,-0.12825749125913133,63.6,0.2554640431776489,0.05869478681932176,68.2,-0.220696696044634,-0.1869522780784531,-4.600000000000001,-3
2020_06_LA_SF,2020,6,2020-10-18,LA,SF,16.0,24.0,8.0,-2.0,1,True,0.38142288246043526,LA,0.6185771175395647,SF,False,0.012083651020482223,-0.037368065699831254,63.6,0.1666174047045909,-0.10670465427331526,64.0,-0.15453375368410868,0.069336588573484,-0.3999999999999986,0
2020_06_KC_BUF,2020,6,2020-10-19,KC,BUF,26.0,17.0,-9.0,-5.5,0,True,0.5132972004956501,BUF,0.5132972004956501,KC,False,0.1829139984430914,0.11633900623337592,64.0,0.17481259721594417,0.03592387978102408,66.0,0.008101401227147226,0.08041512645235185,-2.0,-2
2020_06_ARI_DAL,2020,6,2020-10-19,ARI,DAL,38.0,10.0,-28.0,1.0,0,True,0.48887639717099307,ARI,0.5111236028290069,ARI,True,0.07243230755295023,0.12818870046208036,75.2,0.10411194844770115,0.014302090705144894,66.2,-0.03167964089475092,0.11388660975693547,9.0,0
2020_07_NYG_PHI,2020,7,2020-10-22,NYG,PHI,21.0,22.0,1.0,5.0,1,True,0.5932046637215842,PHI,0.5932046637215842,PHI,True,-0.032409059408704935,0.1295080382986788,68.4,-0.12017446617195619,0.04456322554742475,56.2,0.08776540676325126,0.08494481275125404,12.200000000000003,0
2020_07_DET_ATL,2020,7,2020-10-25,DET,ATL,23.0,22.0,-1.0,1.0,0,True,0.5982174323894691,ATL,0.5982174323894691,DET,False,0.0712106571462037,0.10458285070933171,68.8,0.044440884839796566,0.13537567299351802,63.0,0.026769772306407133,-0.03079282228418631,5.799999999999997,0
2020_07_CLE_CIN,2020,7,2020-10-25,CLE,CIN,37.0,34.0,-3.0,-4.5,1,True,0.46167735608735777,CLE,0.5383226439126423,CLE,True,0.004588721396688649,0.12354731374867989,72.4,0.06693394291244106,0.038034027681374045,63.0,-0.06234522151575241,0.08551328606730585,9.400000000000006,0
2020_07_GB_HOU,2020,7,2020-10-25,GB,HOU,35.0,20.0,-15.0,-2.5,0,True,0.41738571022863963,GB,0.5826142897713604,GB,True,0.06851847847331771,0.19612314976748618,58.0,0.18200440733951234,0.11197606731493263,63.4,-0.11348592886619463,0.08414708245255355,-5.399999999999999,0
2020_07_CAR_NO,2020,7,2020-10-25,CAR,NO,24.0,27.0,3.0,7.0,1,True,0.6164326979179675,NO,0.6164326979179675,NO,True,0.0673299990502521,0.04750751000127106,64.0,0.0030792849643702324,-0.0013639983723023378,63.0,0.06425071408588186,0.0488715083735734,1.0,6
2020_07_BUF_NYJ,2020,7,2020-10-25,BUF,NYJ,18.0,10.0,-8.0,-9.5,1,True,0.2621273724781509,BUF,0.7378726275218491,BUF,True,-0.2519833617373632,0.10702069169978863,65.8,0.1706973762523696,0.21746726767402924,58.2,-0.4226807379897328,-0.11044657597424061,7.599999999999994,1
2020_07_PIT_TEN,2020,7,2020-10-25,PIT,TEN,27.0,24.0,-3.0,1.0,0,True,0.5448714827316158,TEN,0.5448714827316158,PIT,False,0.21592734073030656,0.1024498893787312,68.0,0.11545593708297523,-0.13161562966655457,64.2,0.10047140364733133,0.23406551904528577,3.799999999999997,0
2020_07_DAL_WAS,2020,7,2020-10-25,DAL,WAS,3.0,25.0,22.0,-1.0,1,True,0.4155178062713634,DAL,0.5844821937286366,WAS,False,-0.1327541278765684,0.11298909777022167,63.2,0.041070716544991656,0.18142087039075494,78.2,-0.17382484442156004,-0.06843177262053327,-15.0,1
2020_07_TB_LV,2020,7,2020-10-25,TB,LV,45.0,20.0,-25.0,-3.5,0,True,0.48912339165593177,TB,0.5108766083440682,TB,True,0.11676202984845951,0.1752729797353087,65.2,0.0904515044091543,-0.14434768149651123,62.6,0.02631052543930522,0.3196206612318199,2.6000000000000014,7
2020_07_KC_DEN,2020,7,2020-10-25,KC,DEN,43.0,16.0,-27.0,-7.0,1,True,0.2981699114559432,KC,0.7018300885440568,KC,True,-0.1284319306212291,-0.05320426193474309,61.8,0.19850943259349205,-2.3726994872974583e-05,66.8,-0.3269413632147211,-0.053180534939870114,-5.0,1
2020_07_JAX_LAC,2020,7,2020-10-25,JAX,LAC,29.0,39.0,10.0,8.0,0,True,0.6706691731731046,LAC,0.6706691731731046,LAC,True,-0.006916903004350472,-0.013053453817519295,67.8,0.016062987263775086,0.21377104251971693,66.8,-0.02297989026812556,-0.22682449633723623,1.0,6
2020_07_SF_NE,2020,7,2020-10-25,SF,NE,33.0,6.0,-27.0,3.0,0,True,0.5087411607459099,NE,0.5087411607459099,SF,False,0.0012331658920689992,-0.021979455462665286,65.4,0.044216894304992996,-0.04831636779726558,65.0,-0.042983728412924,0.026336912334600292,0.4000000000000057,0
2020_07_SEA_ARI,2020,7,2020-10-25,SEA,ARI,34.0,37.0,3.0,-3.5,1,True,0.5146893114701193,ARI,0.5146893114701193,ARI,True,0.15429994767094235,-0.011739465668079587,63.0,0.183244325096741,0.09469811588760324,59.8,-0.02894437742579864,-0.10643758155568282,3.200000000000003,-8
2020_07_CHI_LA,2020,7,2020-10-26,CHI,LA,10.0,24.0,14.0,6.5,0,True,0.7182431239512782,LA,0.7182431239512782,LA,True,0.15871327331258994,-0.07989144562353857,61.2,-0.05187440885813296,-0.08590000073844604,63.4,0.2105876821707229,0.006008555114907471,-2.1999999999999957,0
2020_08_ATL_CAR,2020,8,2020-10-29,ATL,CAR,25.0,17.0,-8.0,1.5,1,True,0.5819459305952215,CAR,0.5819459305952215,ATL,False,0.0915387264532777,0.052710589192855914,57.4,0.06450451698273123,0.11474764985456772,68.4,0.027034209470546466,-0.0620370606617118,-11.000000000000007,0
2020_08_PIT_BAL,2020,8,2020-11-01,PIT,BAL,28.0,24.0,-4.0,4.0,1,True,0.5620183064059563,BAL,0.5620183064059563,PIT,False,0.07578843545859992,-0.10174142300794542,58.8,0.10279892263107074,-0.09500553678340931,66.2,-0.027010487172470815,-0.006735886224536108,-7.400000000000006,7
2020_08_NE_BUF,2020,8,2020-11-01,NE,BUF,21.0,24.0,3.0,4.0,1,True,0.6975582696895283,BUF,0.6975582696895283,BUF,True,0.11831000559766285,0.1343970338651787,60.8,-0.09796112464195308,0.09078643779184134,62.8,0.21627113023961592,0.043610596073337365,-2.0,0
2020_08_TEN_CIN,2020,8,2020-11-01,TEN,CIN,20.0,31.0,11.0,-7.5,0,True,0.4245095287564353,TEN,0.5754904712435647,CIN,False,0.041687356493667484,0.14367093380988635,69.6,0.2028876088958834,0.143686285336645,63.6,-0.16120025240221592,-1.5351526758633494e-05,5.999999999999993,0
2020_08_LV_CLE,2020,8,2020-11-01,LV,CLE,16.0,6.0,-10.0,1.0,0,True,0.6483122895245756,CLE,0.6483122895245756,LV,False,0.08705756297364751,0.07513266277835287,61.6,0.04585990543808498,0.22206399762227086,65.6,0.04119765753556254,-0.146931334843918,-3.999999999999993,0
2020_08_IND_DET,2020,8,2020-11-01,IND,DET,41.0,21.0,-20.0,-3.5,0,True,0.3993135597985121,IND,0.600686440201488,IND,True,0.07065442911315008,0.12888259909898953,59.8,0.0735609197449268,-0.12407223740952791,58.6,-0.002906490631776726,0.25295483650851747,1.1999999999999957,-7
2020_08_MIN_GB,2020,8,2020-11-01,MIN,GB,28.0,22.0,-6.0,5.5,1,True,0.6538795436340089,GB,0.6538795436340089,MIN,False,0.17715460992316998,0.04547234804049178,60.4,-0.0005009106125893864,0.06967301260278547,61.8,0.17765552053575936,-0.024200664562293688,-1.3999999999999986,-7
2020_08_NYJ_KC,2020,8,2020-11-01,NYJ,KC,9.0,35.0,26.0,20.0,0,True,0.8863512789698715,KC,0.8863512789698715,KC,True,0.18763499186782584,-0.05855487938647589,62.2,-0.26397779439091795,0.09703788754393607,63.8,0.4516127862587438,-0.15559276693041196,-1.5999999999999943,0
2020_08_LA_MIA,2020,8,2020-11-01,LA,MIA,17.0,28.0,11.0,-3.5,0,True,0.6322179431440358,MIA,0.6322179431440358,MIA,True,0.13251918799373394,-0.03199310330086991,62.8,0.051120050229191506,-0.13839382402939332,61.6,0.08139913776454244,0.10640072072852341,1.1999999999999957,8
2020_08_LAC_DEN,2020,8,2020-11-01,LAC,DEN,30.0,31.0,1.0,-3.0,1,True,0.39327555331971353,LAC,0.6067244466802865,DEN,False,-0.16195625665760277,-0.06139764726530457,65.2,0.04866104811312586,0.015165918939262484,68.6,-0.21061730477072862,-0.07656356620456706,-3.3999999999999915,0
2020_08_NO_CHI,2020,8,2020-11-01,NO,CHI,26.0,23.0,-3.0,-5.5,0,True,0.4006331601614287,NO,0.5993668398385713,NO,True,-0.12583652200978931,-0.0852940194334994,62.8,0.1612011903342144,0.13835187857245254,64.0,-0.2870377123440037,-0.22364589800595194,-1.2000000000000028,-1
2020_08_SF_SEA,2020,8,2020-11-01,SF,SEA,27.0,37.0,10.0,1.0,1,True,0.5079214157607784,SEA,0.5079214157607784,SEA,True,0.1414157809834912,0.1114324932626726,64.8,0.08614232706442017,-0.0749847358591281,66.2,0.05527345391907103,0.1864172291218007,-1.4000000000000057,0
2020_08_DAL_PHI,2020,8,2020-11-01,DAL,PHI,9.0,23.0,14.0,10.0,1,True,0.6431920013069653,PHI,0.6431920013069653,PHI,True,-0.006811991326420808,0.031153949671142357,69.0,-0.03212416873145173,0.1814218077620038,72.8,0.02531217740503092,-0.15026785809086146,-3.799999999999997,3
2020_08_TB_NYG,2020,8,2020-11-02,TB,NYG,25.0,23.0,-2.0,-13.0,0,True,0.26503793241592916,TB,0.7349620675840709,TB,True,-0.11032935041114751,0.05470055888390729,55.0,0.1654756517097214,-0.13682947108145474,64.8,-0.2758050021208689,0.19153002996536203,-9.799999999999997,3
2020_09_GB_SF,2020,9,2020-11-05,GB,SF,34.0,17.0,-17.0,-6.0,0,True,0.5371826806117211,SF,0.5371826806117211,GB,False,0.06233898803077921,0.04359782518509091,65.2,0.1343180900763056,0.12964065854390577,60.6,-0.07197910204552639,-0.08604283335881487,4.600000000000001,0
2020_09_DEN_ATL,2020,9,2020-11-08,DEN,ATL,27.0,34.0,7.0,4.5,0,True,0.7032159928841607,ATL,0.7032159928841607,ATL,True,0.11123481264344495,0.09937397585140272,68.8,-0.10837114608826148,-0.03281865580995499,62.0,0.21960595873170644,0.1321926316613577,6.799999999999997,3
2020_09_SEA_BUF,2020,9,2020-11-08,SEA,BUF,34.0,44.0,10.0,-3.0,0,True,0.5285635923049731,BUF,0.5285635923049731,BUF,True,0.11361911415640202,0.08755775603166131,59.8,0.15221966335045384,0.11226923463578849,65.6,-0.038600549194051814,-0.024711478604127174,-5.799999999999997,0
2020_09_BAL_IND,2020,9,2020-11-08,BAL,IND,24.0,10.0,-14.0,1.0,0,True,0.6414226591677124,IND,0.6414226591677124,BAL,False,0.09829517903627136,-0.11050461741906081,60.6,0.017961704789512933,-0.06384029562706309,62.0,0.08033347424675842,-0.046664321791997726,-1.3999999999999986,0
2020_09_HOU_JAX,2020,9,2020-11-08,HOU,JAX,27.0,25.0,-2.0,-7.0,1,True,0.4216251170784033,HOU,0.5783748829215967,HOU,True,-0.049935119133520944,0.197854914545189,64.4,0.10500551124547133,0.21270777245582434,59.6,-0.15494063037899228,-0.014852857910635342,4.800000000000004,0
2020_09_CAR_KC,2020,9,2020-11-08,CAR,KC,31.0,33.0,2.0,10.0,0,True,0.6892082078972954,KC,0.6892082078972954,KC,True,0.1825458734213921,-0.08527583244385942,61.0,0.10170576157698696,0.11761360966592108,57.6,0.08084011184440515,-0.2028894421097805,3.3999999999999986,-3
2020_09_DET_MIN,2020,9,2020-11-08,DET,MIN,20.0,34.0,14.0,3.0,1,True,0.6244125046627538,MIN,0.6244125046627538,MIN,True,0.13342029184684506,0.09472627174914489,62.2,0.03446915714759672,0.08572707939711029,60.0,0.09895113469924835,0.008999192352034599,2.200000000000003,0
2020_09_CHI_TEN,2020,9,2020-11-08,CHI,TEN,17.0,24.0,7.0,6.5,0,True,0.7415773491125104,TEN,0.7415773491125104,TEN,True,0.19630935996642035,0.14622559846895053,64.4,-0.14727133567353626,-0.06624580157177527,61.4,0.34358069563995663,0.2124714000407258,3.000000000000007,0
2020_09_NYG_WAS,2020,9,2020-11-08,NYG,WAS,23.0,20.0,-3.0,3.0,1,True,0.5380188196193316,WAS,0.5380188196193316,NYG,False,-0.0959197867445533,0.030628452745363844,63.8,-0.03907936006522681,-0.002804418724278914,59.0,-0.05684042667932649,0.03343287146964276,4.799999999999997,8
2020_09_LV_LAC,2020,9,2020-11-08,LV,LAC,31.0,26.0,-5.0,-1.0,1,True,0.6181718250671446,LAC,0.6181718250671446,LV,False,0.0479037655435946,0.007739128270626827,69.8,0.052903594459893,0.18044014747354756,64.2,-0.004999828916298396,-0.17270101920292072,5.599999999999994,0
2020_09_MIA_ARI,2020,9,2020-11-08,MIA,ARI,34.0,31.0,-3.0,6.0,0,True,0.6473739703200455,ARI,0.6473739703200455,MIA,False,0.14604260166190602,0.025348421856279592,63.8,0.002523868370829019,-0.16175109720062134,57.8,0.143518733291077,0.18709951905690092,6.0,7
2020_09_PIT_DAL,2020,9,2020-11-08,PIT,DAL,24.0,19.0,-5.0,-14.0,0,True,0.287071836130165,PIT,0.712928163869835,PIT,True,-0.12785115486107326,0.1052418745400816,72.4,0.12100743171352653,-0.07334930655855929,63.8,-0.2488585865745998,0.1785911810986409,8.600000000000009,0
2020_09_NO_TB,2020,9,2020-11-08,NO,TB,38.0,3.0,-35.0,3.0,1,True,0.6053855134166871,TB,0.6053855134166871,NO,False,0.13301258813665642,-0.07483934527716293,65.6,0.13842866373803903,0.0990492065099134,66.8,-0.005416075601382603,-0.17388855178707635,-1.2000000000000028,-1
2020_09_NE_NYJ,2020,9,2020-11-09,NE,NYJ,30.0,27.0,-3.0,-9.5,1,True,0.42683524576927434,NE,0.5731647542307257,NE,True,-0.2294634552008973,0.13035910619202845,62.8,-0.11673372765936925,0.0816764007502763,61.2,-0.11272972754152806,0.048682705441752155,1.5999999999999943,0
2020_10_IND_TEN,2020,10,2020-11-12,IND,TEN,34.0,17.0,-17.0,-1.0,1,True,0.6344453791895912,TEN,0.6344453791895912,IND,False,0.17578496331227164,0.10512116055902361,60.6,-0.002179606338857798,-0.02566881005311978,62.4,0.17796456965112945,0.1307899706121434,-1.7999999999999972,0
2020_10_TB_CAR,2020,10,2020-11-15,TB,CAR,46.0,23.0,-23.0,-6.0,1,True,0.5533236273818815,CAR,0.5533236273818815,TB,False,0.10764755618612436,0.1527247982227701,58.8,-0.010991052432096615,-0.053530475124249056,60.6,0.11863860861822097,0.20625527334701915,-1.8000000000000043,0
2020_10_HOU_CLE,2020,10,2020-11-15,HOU,CLE,7.0,10.0,3.0,4.5,0,True,0.580984173255164,CLE,0.580984173255164,CLE,True,0.06649108307596287,0.12845232238363966,58.6,0.11604201718051181,0.1833430205451187,62.0,-0.049550934104548944,-0.05489069816147904,-3.3999999999999986,7
2020_10_WAS_DET,2020,10,2020-11-15,WAS,DET,27.0,30.0,3.0,2.5,0,True,0.5781875223529312,DET,0.5781875223529312,DET,True,0.008930690750113665,0.14175328887288252,62.2,-0.07482115745866172,0.024773933671391246,61.4,0.08375184820877539,0.11697935520149128,0.8000000000000043,0
2020_10_JAX_GB,2020,10,2020-11-15,JAX,GB,20.0,24.0,4.0,13.5,0,True,0.7376851330962616,GB,0.7376851330962616,GB,True,0.15166385780424235,0.08994515911024847,61.4,-0.016382505168670618,0.1820623174593844,65.4,0.16804636297291298,-0.09211715834913592,-4.000000000000007,3
2020_10_PHI_NYG,2020,10,2020-11-15,PHI,NYG,17.0,27.0,10.0,-4.5,1,True,0.5263419013592585,NYG,0.5263419013592585,NYG,True,0.004994281000944086,0.015275290316955426,60.0,-0.060656583305925105,-0.037445963660426504,63.6,0.06565086430686919,0.05272125397738193,-3.6000000000000014,-7
2020_10_BUF_ARI,2020,10,2020-11-15,BUF,ARI,30.0,32.0,2.0,3.0,0,True,0.6358814546427279,ARI,0.6358814546427279,ARI,True,0.17700128872181603,0.048051068449575,64.0,0.11021150483241063,0.09654965526938537,60.6,0.0667897838894054,-0.048498586819810376,3.3999999999999986,0
2020_10_DEN_LV,2020,10,2020-11-15,DEN,LV,12.0,37.0,25.0,3.5,1,True,0.5796073363911963,LV,0.5796073363911963,LV,True,0.1038745401491133,0.17707712422408262,63.0,-0.059934394702463256,-0.05801891269735234,64.4,0.16380893485157655,0.23509603692143496,-1.4000000000000057,0
2020_10_LAC_MIA,2020,10,2020-11-15,LAC,MIA,21.0,29.0,8.0,1.0,0,True,0.528784751807773,MIA,0.528784751807773,MIA,True,-0.0039787478340515435,-0.09962669750193472,57.2,0.09662460140569154,0.0639537588602201,70.0,-0.10060334923974308,-0.16358045636215482,-12.799999999999997,0
2020_10_SEA_LA,2020,10,2020-11-15,SEA,LA,16.0,23.0,7.0,3.0,1,True,0.5919293798062467,LA,0.5919293798062467,LA,True,-0.0662597971355418,-0.27606324669609045,66.4,0.14250795415733172,0.13623838017940842,64.2,-0.2087677512928735,-0.41230162687549887,2.200000000000003,7
2020_10_SF_NO,2020,10,2020-11-15,SF,NO,13.0,27.0,14.0,9.5,0,True,0.6880011200737323,NO,0.6880011200737323,NO,True,0.15859787909849288,-0.04981398906153248,69.0,0.06491405526976526,0.11574696586848945,61.8,0.09368382382872761,-0.16556095493002193,7.200000000000003,-3
2020_10_CIN_PIT,2020,10,2020-11-15,CIN,PIT,10.0,36.0,26.0,6.5,1,True,0.6201796072303599,PIT,0.6201796072303599,PIT,True,0.0947993129202769,-0.10787440314827612,62.0,0.09538711986259392,0.19859877516831065,69.6,-0.0005878069423170124,-0.30647317831658677,-7.599999999999994,-7
2020_10_BAL_NE,2020,10,2020-11-15,BAL,NE,17.0,23.0,6.0,-7.0,0,True,0.2846163831979655,BAL,0.7153836168020344,NE,False,-0.09935453688963738,0.15726927033883437,63.0,0.04156221990804982,-0.20272541809671835,64.2,-0.1409167567976872,0.3599946884355527,-1.2000000000000028,-1
2020_10_MIN_CHI,2020,10,2020-11-16,MIN,CHI,19.0,13.0,-6.0,-3.5,1,True,0.3386097549744858,MIN,0.6613902450255142,MIN,True,-0.14957756028715438,-0.08511703486329897,64.6,0.180092577830398,0.07418640565500653,60.6,-0.3296701381175524,-0.1593034405183055,3.999999999999993,0
2020_11_ARI_SEA,2020,11,2020-11-19,ARI,SEA,21.0,28.0,7.0,3.0,1,True,0.37908730967575854,ARI,0.6209126903242415,SEA,False,0.0585621288238863,0.14021949958982471,65.4,0.1720903519452832,-0.012273783084395213,67.2,-0.11352822312139689,0.15249328267421994,-1.7999999999999972,0
2020_11_TEN_BAL,2020,11,2020-11-22,TEN,BAL,30.0,24.0,-6.0,6.0,0,True,0.5795120526987597,BAL,0.5795120526987597,TEN,False,-0.003945428766847415,-0.15778824977592396,66.2,0.10531322808607264,0.14220699405163043,60.2,-0.10925865685292006,-0.2999952438275544,6.0,-3
2020_11_DET_CAR,2020,11,2020-11-22,DET,CAR,0.0,20.0,20.0,-3.0,0,True,0.48627380011212606,DET,0.5137261998878739,CAR,False,0.010029183155556436,0.21639375971407587,56.0,0.03390789059544547,0.11557120079161214,61.8,-0.02387870743988903,0.10082255892246374,-5.799999999999997,0
2020_11_PHI_CLE,2020,11,2020-11-22,PHI,CLE,17.0,22.0,5.0,2.5,0,True,0.5387480711296022,CLE,0.5387480711296022,CLE,True,-0.0024265466948583227,0.10084900732337325,56.4,-0.03178861686479386,0.020625398426590648,64.6,0.02936207016993554,0.0802236088967826,-8.199999999999996,0
2020_11_NE_HOU,2020,11,2020-11-22,NE,HOU,20.0,27.0,7.0,-2.5,0,True,0.6706104851241985,HOU,0.6706104851241985,HOU,True,0.11375869873198634,0.14246840768712182,60.2,-0.0183979547598375,0.15575517230455113,59.4,0.13215665349182384,-0.013286764617429309,0.8000000000000043,0
2020_11_PIT_JAX,2020,11,2020-11-22,PIT,JAX,27.0,3.0,-24.0,-11.0,0,True,0.3079346101577944,PIT,0.6920653898422056,PIT,True,-0.08829311901541015,0.12364350054227062,65.0,0.06172432767683924,-0.17873045174797803,62.4,-0.1500174466922494,0.30237395229024866,2.6000000000000014,0
2020_11_ATL_NO,2020,11,2020-11-22,ATL,NO,9.0,24.0,15.0,3.5,1,True,0.5203389613067855,NO,0.5203389613067855,NO,True,0.07743768548037604,-0.10133443373988063,66.2,0.11627180393052935,0.03520740158074161,68.6,-0.03883411845015332,-0.13654183532062225,-2.3999999999999915,-7
2020_11_CIN_WAS,2020,11,2020-11-22,CIN,WAS,9.0,20.0,11.0,2.0,0,True,0.5899165243859555,WAS,0.5899165243859555,WAS,True,-0.03673659867666036,0.007763050599407034,63.8,0.0036416985406966806,0.1757819492397356,68.6,-0.04037829721735704,-0.16801889864032857,-4.799999999999997,0
2020_11_MIA_DEN,2020,11,2020-11-22,MIA,DEN,13.0,20.0,7.0,-4.0,0,True,0.4125950554225456,MIA,0.5874049445774544,DEN,False,-0.1312779779342808,-0.002961788091455192,66.6,-0.02546053904902266,-0.15433315064740227,54.4,-0.10581743888525814,0.15137136255594708,12.199999999999996,0
2020_11_NYJ_LAC,2020,11,2020-11-22,NYJ,LAC,28.0,34.0,6.0,10.0,0,True,0.7457701196350944,LAC,0.7457701196350944,LAC,True,0.06507813130210849,0.020882920772527902,72.6,-0.1336605509389714,0.16769259559319555,56.6,0.19873868224107988,-0.14680967482066765,15.999999999999993,-6
2020_11_GB_IND,2020,11,2020-11-22,GB,IND,31.0,34.0,3.0,1.5,0,True,0.5616508650619838,IND,0.5616508650619838,IND,True,0.03933271875380432,-0.00858003704732958,63.0,0.0852919868284722,0.04325779768383521,61.2,-0.045959268074667874,-0.051837834731164795,1.7999999999999972,3
2020_11_DAL_MIN,2020,11,2020-11-22,DAL,MIN,31.0,28.0,-3.0,7.0,0,True,0.7548585871108423,MIN,0.7548585871108423,DAL,False,0.12240910222071122,-0.017975558067454878,62.0,-0.1838217597529454,0.03109483068582584,70.0,0.3062308619736566,-0.04907038875328072,-8.0,-8
2020_11_KC_LV,2020,11,2020-11-22,KC,LV,35.0,31.0,-4.0,-7.5,1,True,0.3995640228887666,KC,0.6004359771112334,KC,True,0.12789896263958406,0.05945428031532981,62.2,0.22258960427673496,0.021293718963205855,62.0,-0.09469064163715091,0.03816056135212395,0.20000000000000284,-7
2020_11_LA_TB,2020,11,2020-11-23,LA,TB,27.0,24.0,-3.0,4.0,0,True,0.5442194262235194,TB,0.5442194262235194,LA,False,0.06578904460195009,-0.07656724640926546,62.8,-0.028997135228588634,-0.27771437468685045,69.0,0.09478617983053872,0.201147128277585,-6.200000000000003,0
2020_12_HOU_DET,2020,12,2020-11-26,HOU,DET,41.0,25.0,-16.0,-3.0,0,True,0.4028735842855579,HOU,0.597126415714442,HOU,True,-0.07664341885435584,0.1306929685392677,59.2,0.13051220597858704,0.1856626679542382,59.8,-0.20715562483294286,-0.054969699414970485,-0.5999999999999943,0
2020_12_WAS_DAL,2020,12,2020-11-26,WAS,DAL,41.0,16.0,-25.0,2.5,1,True,0.33746121585147726,WAS,0.6625387841485227,WAS,True,-0.15722478131533452,0.04835532179977893,69.8,0.04388903342281781,-0.050304099671081536,65.0,-0.20111381473815232,0.09865942147086046,4.799999999999997,0
2020_12_LV_ATL,2020,12,2020-11-29,LV,ATL,6.0,43.0,37.0,-3.5,0,True,0.5507287875615311,ATL,0.5507287875615311,ATL,True,0.043375652293841716,-0.007432673895517631,68.2,0.11284370034794251,0.09737511627517212,60.4,-0.0694680480541008,-0.10480779017068975,7.800000000000004,0
2020_12_LAC_BUF,2020,12,2020-11-29,LAC,BUF,17.0,27.0,10.0,4.5,0,True,0.6039758621964237,BUF,0.6039758621964237,BUF,True,0.1041648102229273,0.050111081706192565,60.4,0.07048392963827405,0.0204767390291914,74.6,0.03368088058465325,0.029634342677001164,-14.199999999999996,7
2020_12_NYG_CIN,2020,12,2020-11-29,NYG,CIN,19.0,17.0,-2.0,-6.5,0,True,0.4665713995115129,NYG,0.5334286004884872,NYG,True,0.06602289980196725,0.18222592664337878,68.8,0.04540269808789853,0.023164705672921226,60.6,0.020620201714068725,0.15906122097045755,8.199999999999996,-7
2020_12_TEN_IND,2020,12,2020-11-29,TEN,IND,45.0,26.0,-19.0,3.0,1,True,0.60387636218677,IND,0.60387636218677,TEN,False,0.05301580574843053,-0.024882153190956952,67.6,0.05876088050925767,0.10941177533043342,59.6,-0.00574507476082714,-0.13429392852139038,7.999999999999993,0
2020_12_CLE_JAX,2020,12,2020-11-29,CLE,JAX,27.0,25.0,-2.0,-7.5,0,True,0.44331907423124073,CLE,0.5566809257687593,CLE,True,-0.16599146625224573,0.10204831936527621,61.6,-0.046125314047174855,0.06201093811541889,54.6,-0.11986615220507088,0.04003738124985732,7.0,0
2020_12_CAR_MIN,2020,12,2020-11-29,CAR,MIN,27.0,28.0,1.0,3.0,0,True,0.6681845308532821,MIN,0.6681845308532821,MIN,True,0.12152071275349455,0.0008903168981249821,57.4,0.05605572418557865,0.1401971235836974,57.0,0.0654649885679159,-0.1393068066855724,0.3999999999999986,0
2020_12_ARI_NE,2020,12,2020-11-29,ARI,NE,17.0,20.0,3.0,-1.0,0,True,0.3858958302423877,ARI,0.6141041697576123,NE,False,0.06994962782505063,0.2396049061256919,61.2,0.14723383757985323,0.055715008243466556,66.8,-0.0772842097548026,0.18388989788222534,-5.599999999999994,-3
2020_12_MIA_NYJ,2020,12,2020-11-29,MIA,NYJ,20.0,3.0,-17.0,-7.5,1,True,0.4534260835092886,MIA,0.5465739164907114,MIA,True,-0.11511041302084413,0.12460110845372863,54.8,-0.1253452408606674,-0.10191000130903552,54.4,0.010234827839823268,0.22651110976276415,0.3999999999999986,0
2020_12_NO_DEN,2020,12,2020-11-29,NO,DEN,31.0,3.0,-28.0,-17.0,0,True,0.3110977404552563,NO,0.6889022595447437,NO,True,-0.11270039218248742,0.019929571072772333,67.2,0.09293440286090286,-0.16679390912836262,63.6,-0.20563479504339027,0.18672348020113494,3.6000000000000014,0
2020_12_SF_LA,2020,12,2020-11-29,SF,LA,23.0,20.0,-3.0,5.0,1,True,0.4922567883948281,SF,0.5077432116051719,SF,True,-0.04792948595283438,-0.22997494455024614,70.2,0.08716608822604338,0.025513177839634665,63.2,-0.13509557417887777,-0.25548812238988083,7.0,-8
2020_12_KC_TB,2020,12,2020-11-29,KC,TB,27.0,24.0,-3.0,-3.5,0,True,0.3422920200709176,KC,0.6577079799290824,KC,True,0.0011727679073130048,-0.014567502449897334,64.0,0.2605104402365773,0.006238456671564291,62.8,-0.2593376723292643,-0.020805959121461624,1.2000000000000028,-1
2020_12_CHI_GB,2020,12,2020-11-29,CHI,GB,25.0,41.0,16.0,7.5,1,True,0.7324955706351042,GB,0.7324955706351042,GB,True,0.1361954791879095,0.023718603276306198,60.0,-0.21244931845834927,-0.08918839677898431,62.8,0.3486447976462588,0.1129070000552905,-2.799999999999997,-6
2020_12_SEA_PHI,2020,12,2020-11-30,SEA,PHI,23.0,17.0,-6.0,-6.5,0,True,0.45903010747349005,SEA,0.54096989252651,SEA,True,-0.10821035937157834,-0.058864565081894304,66.0,0.08607285746295916,0.1482535476781403,67.0,-0.1942832168345375,-0.2071181127600346,-1.0,-3
2020_12_BAL_PIT,2020,12,2020-12-02,BAL,PIT,14.0,19.0,5.0,10.5,1,True,0.6197794330841733,PIT,0.6197794330841733,PIT,True,0.05469149365693139,-0.16388798458493992,64.8,0.032813959831898644,-0.02258403633725876,66.8,0.021877533825032748,-0.14130394824768117,-2.0,0
2020_13_NO_ATL,2020,13,2020-12-06,NO,ATL,21.0,16.0,-5.0,-2.5,1,True,0.3891651040166406,NO,0.6108348959833594,NO,True,-0.010096219435003667,-0.13010245306931978,66.4,0.052433149160579805,-0.37035031520941314,63.2,-0.06252936859558347,0.24024786214009336,3.200000000000003,0
2020_13_DET_CHI,2020,13,2020-12-06,DET,CHI,34.0,30.0,-4.0,3.0,1,True,0.523993627723194,CHI,0.523993627723194,DET,False,-0.20514837994969426,0.03553515450200926,64.0,-0.13599139150217404,0.17252906477864466,63.6,-0.06915698844752022,-0.1369939102766354,0.3999999999999986,-3
2020_13_IND_HOU,2020,13,2020-12-06,IND,HOU,26.0,20.0,-6.0,-3.5,1,True,0.6271015109834877,HOU,0.6271015109834877,IND,False,0.13243867241966348,0.06756075795672618,55.8,0.006818285210152188,0.003439190727586805,69.4,0.1256203872095113,0.06412156722913938,-13.600000000000009,3
2020_13_CIN_MIA,2020,13,2020-12-06,CIN,MIA,7.0,19.0,12.0,10.5,0,True,0.5999298113628508,MIA,0.5999298113628508,MIA,True,-0.11899343448162188,-0.10515988037974497,56.4,-0.051585078625547134,0.14489554097739762,63.4,-0.06740835585607474,-0.2500554213571426,-7.0,0
2020_13_JAX_MIN,2020,13,2020-12-06,JAX,MIN,24.0,27.0,3.0,10.5,0,True,0.7934689019016329,MIN,0.7934689019016329,MIN,True,0.14227402560047447,-0.029719472212085624,61.0,-0.11160600056716477,0.10921085643690245,61.6,0.25388002616763927,-0.13893032864898808,-0.6000000000000014,0
2020_13_LV_NYJ,2020,13,2020-12-06,LV,NYJ,31.0,28.0,-3.0,-7.5,0,True,0.40367047081953294,LV,0.5963295291804671,LV,True,-0.11836029209155359,0.13095291483277413,51.6,-0.01028448210791344,0.009402852860012578,59.4,-0.10807580998364015,0.12155006197276155,-7.799999999999997,0
2020_13_CLE_TEN,2020,13,2020-12-06,CLE,TEN,41.0,35.0,-6.0,4.0,0,True,0.5724796168478173,TEN,0.5724796168478173,CLE,False,0.11960288508728442,0.08246576057884836,61.4,0.09875036665494358,0.06535615530984015,56.0,0.020852518432340844,0.017109605269008205,5.399999999999999,0
2020_13_LA_ARI,2020,13,2020-12-06,LA,ARI,38.0,28.0,-10.0,-2.5,1,True,0.5695656170979936,ARI,0.5695656170979936,LA,False,0.069743917478144,0.045318061061398976,69.0,-0.14669662797655328,-0.31592868917253447,70.8,0.21644054545469726,0.36124675023393343,-1.7999999999999972,0
2020_13_NYG_SEA,2020,13,2020-12-06,NYG,SEA,17.0,12.0,-5.0,11.0,0,True,0.4774463260513223,NYG,0.5225536739486777,NYG,True,0.05134335808385715,0.1011652000248497,62.8,0.05208473509113036,-0.052893683555564085,67.4,-0.0007413770072732112,0.15405888358041378,-4.6000000000000085,-1
2020_13_PHI_GB,2020,13,2020-12-06,PHI,GB,16.0,30.0,14.0,8.0,0,True,0.7200232774633052,GB,0.7200232774633052,GB,True,0.1458775512234869,0.03590197426156462,61.4,-0.12126302208528283,-0.08709060806331012,65.6,0.2671405733087697,0.12299258232487474,-4.199999999999996,1
2020_13_NE_LAC,2020,13,2020-12-06,NE,LAC,45.0,0.0,-45.0,2.5,0,True,0.5626824684137841,LAC,0.5626824684137841,NE,False,0.019462566053590497,0.02823752416989378,75.8,0.09063448949493222,0.148697688993717,61.4,-0.07117192344134173,-0.12046016482382321,14.399999999999999,0
2020_13_DEN_KC,2020,13,2020-12-06,DEN,KC,16.0,22.0,6.0,13.0,1,True,0.8464443158047935,KC,0.8464443158047935,KC,True,0.2476342256278671,0.041353538316363396,62.8,-0.2062924274639823,0.01679675612784918,60.6,0.45392665309184943,0.024556782188514217,2.1999999999999957,0
2020_13_WAS_PIT,2020,13,2020-12-07,WAS,PIT,23.0,17.0,-6.0,5.5,0,True,0.5153423891193543,PIT,0.5153423891193543,WAS,False,0.010075939764394215,-0.24786340257264716,64.2,0.06262190613603746,-0.1486276987081812,63.8,-0.05254596637164325,-0.09923570386446595,0.4000000000000057,-6
2020_13_BUF_SF,2020,13,2020-12-07,BUF,SF,34.0,24.0,-10.0,1.5,0,True,0.4907183809150305,BUF,0.5092816190849695,BUF,True,0.0012123436037550506,-0.07325396418408421,63.6,0.10228726578387193,-0.02955130066904288,61.8,-0.10107492218011688,-0.04370266351504133,1.8000000000000043,0
2020_13_DAL_BAL,2020,13,2020-12-08,DAL,BAL,17.0,34.0,17.0,8.5,0,True,0.6600641548403371,BAL,0.6600641548403371,BAL,True,-0.05948238782747578,-0.023297891194086654,63.6,-0.22071643289256912,0.0011029969272161933,64.4,0.16123404506509334,-0.02440088812130285,-0.8000000000000043,-6
2020_14_NE_LA,2020,14,2020-12-10,NE,LA,3.0,24.0,21.0,5.0,0,True,0.5511083540930901,LA,0.5511083540930901,LA,True,-0.08769066516709362,-0.27564955501430066,73.0,0.0910759896499251,0.037390088830231503,61.8,-0.1787666548170187,-0.31303964384453214,11.200000000000003,0
2020_14_DEN_CAR,2020,14,2020-12-13,DEN,CAR,32.0,27.0,-5.0,4.0,0,True,0.7401317974689264,CAR,0.7401317974689264,DEN,False,0.0025568403326304513,0.08888906486660483,61.0,-0.20426921617354582,0.042854013696787964,61.6,0.20682605650617628,0.04603505116981687,-0.6000000000000014,7
2020_14_HOU_CHI,2020,14,2020-12-13,HOU,CHI,7.0,36.0,29.0,-1.0,0,True,0.3326674429511703,HOU,0.6673325570488298,CHI,False,-0.10964095392999455,0.10063734573680891,65.2,0.1320576499458938,0.026907615817595366,55.4,-0.24169860387588837,0.07372972991921355,9.800000000000004,0
2020_14_DAL_CIN,2020,14,2020-12-13,DAL,CIN,30.0,7.0,-23.0,-3.0,0,True,0.5536109227303129,CIN,0.5536109227303129,DAL,False,-0.15155057294135343,0.05320003658199457,58.8,-0.1546616759050209,0.032957124647329875,69.0,0.003111102963667456,0.020242911934664695,-10.200000000000003,2
2020_14_TEN_JAX,2020,14,2020-12-13,TEN,JAX,31.0,10.0,-21.0,-7.5,1,True,0.39185596135594974,TEN,0.6081440386440502,TEN,True,-0.11462281887739201,0.048125021603173064,63.0,0.08047627294938398,0.08237267866498442,62.8,-0.19509909182677598,-0.034247657061811355,0.20000000000000284,0
2020_14_KC_MIA,2020,14,2020-12-13,KC,MIA,33.0,27.0,-6.0,-7.5,0,True,0.3946868760983324,KC,0.6053131239016676,KC,True,-0.023131270188697324,-0.10281628369171805,60.0,0.26820768376655413,0.11008206891615387,65.6,-0.29133895395525145,-0.21289835260787193,-5.599999999999994,0
2020_14_ARI_NYG,2020,14,2020-12-13,ARI,NYG,26.0,7.0,-19.0,-3.0,0,True,0.6581554247803652,NYG,0.6581554247803652,ARI,False,0.05375329538402557,-0.10860111248012541,67.6,0.0185992836217046,0.06154482020634725,65.8,0.03515401176232097,-0.17014593268647266,1.7999999999999972,0
2020_14_MIN_TB,2020,14,2020-12-13,MIN,TB,14.0,26.0,12.0,7.0,0,True,0.4615779607094702,MIN,0.5384220392905298,TB,False,-0.04026622573962308,0.06048084344279531,61.2,0.04194195955134532,-0.08613091896182172,68.2,-0.0822081852909684,0.14661176240461704,-7.0,7
2020_14_IND_LV,2020,14,2020-12-13,IND,LV,44.0,27.0,-17.0,-2.5,0,True,0.5355763439674402,LV,0.5355763439674402,IND,False,-0.03274769362629073,0.0351608208173414,60.2,-0.013105956062823994,0.0418481309112783,67.4,-0.019641737563466734,-0.006687310093936902,-7.200000000000003,0
2020_14_NYJ_SEA,2020,14,2020-12-13,NYJ,SEA,3.0,40.0,37.0,16.5,0,True,0.5885293316609501,SEA,0.5885293316609501,SEA,True,-0.05152103349724514,0.052873457340523324,64.0,-0.046676763680041956,0.11234740754452369,53.6,-0.004844269817203185,-0.05947395020400036,10.399999999999999,0
2020_14_GB_DET,2020,14,2020-12-13,GB,DET,31.0,24.0,-7.0,-9.5,1,True,0.28141733418072723,GB,0.7185826658192728,GB,True,-0.04763202529705866,0.1530485392257022,64.8,0.17068213460072287,-0.0620688779647028,59.8,-0.21831415989778152,0.215117417190405,5.0,0
2020_14_ATL_LAC,2020,14,2020-12-13,ATL,LAC,17.0,20.0,3.0,1.0,0,True,0.49176411462829855,ATL,0.5082358853717015,LAC,False,-0.06480547431232345,0.03202030321138797,73.0,-0.06625567908280168,-0.13866508158746962,64.8,0.0014502047704782334,0.1706853847988576,8.200000000000003,0
2020_14_NO_PHI,2020,14,2020-12-13,NO,PHI,21.0,24.0,3.0,-7.5,0,True,0.2405976154763409,NO,0.759402384523659,PHI,False,-0.1492513480312248,-0.013203772984091778,62.8,0.054484745731460005,-0.39462268502192516,64.0,-0.2037360937626848,0.3814189120378334,-1.2000000000000028,0
2020_14_WAS_SF,2020,14,2020-12-13,WAS,SF,23.0,15.0,-8.0,3.0,0,True,0.4160149883893742,WAS,0.5839850116106258,WAS,True,-0.05981301679081663,0.034795640185186376,63.0,0.02366685098576502,-0.12002070794610006,64.8,-0.08347986777658165,0.15481634813128645,-1.7999999999999972,0
2020_14_PIT_BUF,2020,14,2020-12-13,PIT,BUF,15.0,26.0,11.0,2.0,0,True,0.5410661515916342,BUF,0.5410661515916342,BUF,True,0.117546267043412,0.03944824355308788,61.2,-0.017929048040359764,-0.24861273426231137,67.6,0.13547531508377178,0.28806097781539924,-6.3999999999999915,0
2020_14_BAL_CLE,2020,14,2020-12-14,BAL,CLE,47.0,42.0,-5.0,-3.0,1,True,0.586759605413086,CLE,0.586759605413086,BAL,False,0.06318540005978592,0.022058983985087533,60.0,0.010577463353246164,-0.013855112773373502,58.8,0.05260793670653975,0.03591409675846104,1.2000000000000028,2
2020_15_LAC_LV,2020,15,2020-12-17,LAC,LV,30.0,27.0,-3.0,3.5,1,True,0.5038351911366022,LV,0.5038351911366022,LAC,False,-0.06817607173989411,0.0894240725066866,63.8,-0.07910492928079245,-0.0027282142041850066,72.2,0.01092885754089834,0.09215228671087161,-8.400000000000006,0
2020_15_BUF_DEN,2020,15,2020-12-19,BUF,DEN,48.0,19.0,-29.0,-5.5,0,True,0.3223265972897504,BUF,0.6776734027102496,BUF,True,-0.16818550421942174,0.04185359198215403,58.6,0.06588201046406857,-0.0374555551080971,64.4,-0.2340675146834903,0.07930914709025114,-5.800000000000004,0
2020_15_CAR_GB,2020,15,2020-12-19,CAR,GB,16.0,24.0,8.0,9.5,0,True,0.7175234463709543,GB,0.7175234463709543,GB,True,0.1845446818896337,-0.017278562283810434,59.8,0.024324394599460616,0.07759523471812627,63.6,0.16022028729017307,-0.0948737970019367,-3.8000000000000043,0
2020_15_TB_ATL,2020,15,2020-12-20,TB,ATL,31.0,27.0,-4.0,-6.0,1,True,0.5488820721237982,ATL,0.5488820721237982,TB,False,-0.10572641233042668,-0.1183769098689708,62.6,-0.0022075148843972436,0.08546206738639363,57.0,-0.10351889744602943,-0.20383897725536443,5.600000000000001,0
2020_15_JAX_BAL,2020,15,2020-12-20,JAX,BAL,14.0,40.0,26.0,13.0,0,True,0.7113543049321153,BAL,0.7113543049321153,BAL,True,0.08827675134461507,0.11005400539136259,57.6,-0.14218561696513676,0.06880841465927143,63.2,0.23046236830975184,0.041245590732091164,-5.600000000000001,-1
2020_15_SF_DAL,2020,15,2020-12-20,SF,DAL,33.0,41.0,8.0,-4.0,0,True,0.6003751201936425,DAL,0.6003751201936425,DAL,True,-0.05290170654052636,0.04277067995262396,63.2,-0.169909846410575,-0.08091531526709725,65.2,0.11700813987004863,0.1236859952197212,-2.0,0
2020_15_HOU_IND,2020,15,2020-12-20,HOU,IND,20.0,27.0,7.0,7.5,1,True,0.61914077851462,IND,0.61914077851462,IND,True,0.14018286258550877,0.042481454846783014,66.2,0.0792314172789528,0.07742307428080542,56.2,0.06095144530655597,-0.0349416194340224,10.0,0
2020_15_NE_MIA,2020,15,2020-12-20,NE,MIA,12.0,22.0,10.0,-1.5,1,True,0.5809377586533332,MIA,0.5809377586533332,MIA,True,-0.053669654207323905,-0.12772272297582593,64.6,-0.06411023747062194,-0.029007223453297048,58.6,0.01044058326329804,-0.09871549952252888,5.999999999999993,-3
2020_15_CHI_MIN,2020,15,2020-12-20,CHI,MIN,33.0,27.0,-6.0,2.5,1,True,0.6352914745142526,MIN,0.6352914745142526,CHI,False,0.01846888993459056,-0.023471462617568318,72.6,-0.041303726781721076,0.05457893548754471,63.2,0.059772616716311636,-0.07805039810511302,9.399999999999991,0
2020_15_DET_TEN,2020,15,2020-12-20,DET,TEN,25.0,46.0,21.0,9.5,0,True,0.7025325419788311,TEN,0.7025325419788311,TEN,True,0.14009532867534708,0.08894729632102102,65.2,0.0017074659406081105,0.1685715435034562,61.8,0.13838786273473896,-0.07962424718243519,3.4000000000000057,0
2020_15_SEA_WAS,2020,15,2020-12-20,SEA,WAS,20.0,15.0,-5.0,-6.0,0,True,0.5981177924122587,WAS,0.5981177924122587,SEA,False,-0.03583008125876339,-0.19985910046562733,66.4,-0.0148279501924914,-0.06500358031001512,65.0,-0.02100213106627199,-0.1348555201556122,1.4000000000000057,0
2020_15_PHI_ARI,2020,15,2020-12-20,PHI,ARI,26.0,33.0,7.0,6.5,0,True,0.6652655981718791,ARI,0.6652655981718791,ARI,True,-0.0023341985033767955,-0.04190916547331715,68.2,-0.07430137327114333,0.06688399206685071,63.4,0.07196717476776654,-0.10879315754016786,4.800000000000004,0
2020_15_NYJ_LA,2020,15,2020-12-20,NYJ,LA,23.0,20.0,-3.0,17.5,0,True,0.7514591463536597,LA,0.7514591463536597,NYJ,False,-0.04247535203399414,-0.2868917051068444,67.0,-0.06335022391349454,0.09457364355452196,53.0,0.0208748718795004,-0.3814653486613664,14.0,3
2020_15_KC_NO,2020,15,2020-12-20,KC,NO,32.0,29.0,-3.0,-2.5,0,True,0.5767986937667346,NO,0.5767986937667346,KC,False,0.02042606760944793,-0.2721011486978381,63.0,0.21427559548956232,0.15902479645421913,64.2,-0.1938495278801144,-0.4311259451520572,-1.2000000000000028,0
2020_15_CLE_NYG,2020,15,2020-12-20,CLE,NYG,20.0,6.0,-14.0,-6.0,0,True,0.5116142737864713,NYG,0.5116142737864713,CLE,False,-0.027500797111918433,-0.10470734914268547,63.6,0.11842016800610371,0.06945894396946714,66.0,-0.14592096511802213,-0.1741662931121526,-2.3999999999999986,1
2020_15_PIT_CIN,2020,15,2020-12-21,PIT,CIN,17.0,27.0,10.0,-14.5,1,True,0.27795362781697996,PIT,0.72204637218302,CIN,False,-0.25678557289360826,0.038936451165614186,59.0,-0.08015264536367261,-0.24020664932992314,66.0,-0.17663292752993565,0.2791431004955373,-7.0,0
2020_16_MIN_NO,2020,16,2020-12-25,MIN,NO,33.0,52.0,19.0,6.5,0,True,0.6676054101248595,NO,0.6676054101248595,NO,True,0.016820623256054556,-0.22267908458641883,63.2,0.0302802441316998,0.09100728700312524,71.6,-0.013459620875645246,-0.31368637158954404,-8.399999999999991,0
2020_16_TB_DET,2020,16,2020-12-26,TB,DET,47.0,7.0,-40.0,-12.0,0,True,0.3426820974676997,TB,0.6573179025323004,TB,True,-0.00966479702584111,0.2355599981033004,63.8,0.15213556690311053,0.0458052936343822,60.8,-0.16180036392895164,0.18975470446891818,3.0,0
2020_16_SF_ARI,2020,16,2020-12-26,SF,ARI,20.0,12.0,-8.0,6.0,1,True,0.6052444334018906,ARI,0.6052444334018906,SF,False,-0.009972075547179276,-0.03636331124115917,67.6,-0.1383915168056847,-0.13702143937790398,70.8,0.12841944125850543,0.10065812813674481,-3.200000000000003,0
2020_16_MIA_LV,2020,16,2020-12-26,MIA,LV,26.0,25.0,-1.0,-2.0,0,True,0.3784546355792227,MIA,0.6215453644207773,MIA,True,-0.0638594419624707,0.2024391148478423,65.8,-0.007146491304616326,-0.13996950424647353,67.8,-0.05671295065785438,0.34240861909431586,-2.0,3
2020_16_NYG_BAL,2020,16,2020-12-27,NYG,BAL,13.0,27.0,14.0,10.0,0,True,0.6588767217487966,BAL,0.6588767217487966,BAL,True,0.1376288294994966,0.06490767471858971,57.2,-0.048840709697398885,-0.050435685427504526,60.0,0.18646953919689546,0.11534336014609424,-2.799999999999997,0
2020_16_CIN_HOU,2020,16,2020-12-27,CIN,HOU,37.0,31.0,-6.0,7.5,0,True,0.7628095184847486,HOU,0.7628095184847486,CIN,False,0.10698245612083875,0.12416410272283969,59.0,-0.23776556106885907,-0.03811274197718888,57.2,0.34474801718969783,0.16227684470002857,1.7999999999999972,1
2020_16_CHI_JAX,2020,16,2020-12-27,CHI,JAX,41.0,17.0,-24.0,-9.5,0,True,0.42312534922442785,CHI,0.5768746507755722,CHI,True,-0.10955097051117961,0.1364891893307991,62.2,0.01833440750780809,0.0788082099115776,61.0,-0.1278853780189877,0.0576809794192215,1.2000000000000028,0
2020_16_ATL_KC,2020,16,2020-12-27,ATL,KC,14.0,17.0,3.0,11.0,0,True,0.7346077224428447,KC,0.7346077224428447,KC,True,0.1741389517905885,0.0679756677479209,70.8,-0.11283284790624774,-0.06657466641315579,62.2,0.2869717996968362,0.1345503341610767,8.599999999999994,0
2020_16_CLE_NYJ,2020,16,2020-12-27,CLE,NYJ,16.0,23.0,7.0,-6.5,0,True,0.3348228950096087,CLE,0.6651771049903913,NYJ,False,-0.1215501320446809,-0.0035176086584193245,56.4,0.16060934660028264,0.054406158930625545,66.6,-0.28215947864496355,-0.05792376758904487,-10.199999999999996,0
2020_16_IND_PIT,2020,16,2020-12-27,IND,PIT,24.0,28.0,4.0,-1.0,0,True,0.4172954768972936,IND,0.5827045231027064,PIT,False,-0.15720183850647568,-0.22118663750517387,64.8,0.15576711562197074,0.08587552601203219,63.0,-0.3129689541284464,-0.30706216351720605,1.7999999999999972,-1
2020_16_DEN_LAC,2020,16,2020-12-27,DEN,LAC,16.0,19.0,3.0,2.5,1,True,0.6955355107024792,LAC,0.6955355107024792,LAC,True,-0.021900092767614315,0.029727921937729947,72.2,-0.13125013521877377,0.12166036924858155,57.4,0.10935004245115945,-0.0919324473108516,14.800000000000004,2
2020_16_CAR_WAS,2020,16,2020-12-27,CAR,WAS,20.0,13.0,-7.0,-1.0,0,True,0.6465192131708617,WAS,0.6465192131708617,CAR,False,-0.06709915605690576,-0.22274563894723592,66.0,-0.04401099830467066,0.042083876574907995,61.6,-0.023088157752235106,-0.2648295155221439,4.399999999999999,-1
2020_16_PHI_DAL,2020,16,2020-12-27,PHI,DAL,17.0,37.0,20.0,-3.0,1,True,0.5758693259787137,DAL,0.5758693259787137,DAL,True,-0.026241389880175787,0.05482534677912001,60.8,-0.08436381543088713,0.02934759337458852,66.6,0.05812242555071134,0.025477753404531487,-5.799999999999997,0
2020_16_LA_SEA,2020,16,2020-12-27,LA,SEA,9.0,20.0,11.0,1.5,1,True,0.5956186078259874,SEA,0.5956186078259874,SEA,True,0.03707434422250385,-0.08154780822234294,62.0,-0.11248390751085965,-0.24764569558598862,64.8,0.1495582517333635,0.16609788736364567,-2.799999999999997,0
2020_16_TEN_GB,2020,16,2020-12-27,TEN,GB,14.0,40.0,26.0,3.0,0,True,0.545207428031231,GB,0.545207428031231,GB,True,0.20891984915268771,0.017779991216053698,60.2,0.2520375632309862,0.07428401633341095,66.0,-0.04311771407829848,-0.05650402511735725,-5.799999999999997,1
2020_16_BUF_NE,2020,16,2020-12-28,BUF,NE,38.0,9.0,-29.0,-7.0,1,True,0.30495214851762276,BUF,0.6950478514823772,BUF,True,-0.12271864523480842,-0.00021549621275847585,57.8,0.11474452478174775,-0.06875863449071548,65.2,-0.23746317001655617,0.06854313827795701,-7.400000000000006,-1
2020_17_MIA_BUF,2020,17,2021-01-03,MIA,BUF,26.0,56.0,30.0,-3.5,1,True,0.6427220388572837,BUF,0.6427220388572837,BUF,True,0.19640176625127634,-0.11060007262241318,65.0,0.04805221991243112,-0.12927107837148247,68.0,0.14834954633884523,0.018671005749069283,-3.0,-2
2020_17_BAL_CIN,2020,17,2021-01-03,BAL,CIN,38.0,3.0,-35.0,-13.5,1,True,0.29875651446314416,BAL,0.7012434855368559,BAL,True,-0.13073347361798784,0.018073192966570024,58.0,0.1675853562348123,0.018293045397550573,57.2,-0.2983188298528001,-0.0002198524309805494,0.7999999999999972,0
2020_17_PIT_CLE,2020,17,2021-01-03,PIT,CLE,22.0,24.0,2.0,10.5,1,True,0.7286087853354075,CLE,0.7286087853354075,CLE,True,0.16933283150858558,0.0988053861916279,68.6,-0.17745372930567593,-0.13241775946535816,63.2,0.3467865608142615,0.23122314565698607,5.3999999999999915,0
2020_17_MIN_DET,2020,17,2021-01-03,MIN,DET,37.0,35.0,-2.0,-3.0,1,True,0.3670975214169445,MIN,0.6329024785830555,MIN,True,-0.05203126570123208,0.3231496632900579,63.0,0.04481452819139705,0.13963806814132912,71.6,-0.09684579389262912,0.18351159514872878,-8.599999999999994,-1
2020_17_NYJ_NE,2020,17,2021-01-03,NYJ,NE,14.0,28.0,14.0,3.0,1,True,0.445093639211117,NYJ,0.554906360788883,NE,False,-0.18630790576031905,0.022654614248084726,54.4,-0.11654921387147987,-0.039561123849101106,58.6,-0.06975869188883918,0.062215738097185835,-4.200000000000003,-1
2020_17_DAL_NYG,2020,17,2021-01-03,DAL,NYG,19.0,23.0,4.0,-1.5,1,True,0.4929520040447792,DAL,0.5070479959552208,NYG,False,-0.10050168486915698,-0.011318017361137278,58.8,-0.027160589275725667,0.023732341507718285,61.2,-0.07334109559343131,-0.03505035886885556,-2.4000000000000057,0
2020_17_ATL_TB,2020,17,2021-01-03,ATL,TB,27.0,44.0,17.0,7.5,1,True,0.6853168154362196,TB,0.6853168154362196,TB,True,0.15525967905730206,-0.02495280540609455,59.8,-0.03910505098596775,-0.0715645019999239,62.6,0.19436473004326982,0.04661169659382935,-2.8000000000000043,1
2020_17_NO_CAR,2020,17,2021-01-03,NO,CAR,33.0,7.0,-26.0,-6.0,1,True,0.4065106360852193,NO,0.5934893639147807,NO,True,-0.018948647684519142,-0.059558130743000745,64.6,0.0903423050066366,-0.1279669915835694,64.8,-0.10929095269115574,0.06840886084056864,-0.20000000000000284,-2
2020_17_GB_CHI,2020,17,2021-01-03,GB,CHI,35.0,16.0,-19.0,-4.5,1,True,0.4078528749770614,GB,0.5921471250229386,GB,True,0.157114748268566,0.059802494856034435,64.8,0.28459213355451934,-0.008537008817920138,61.4,-0.12747738528595334,0.06833950367395457,3.3999999999999986,0
2020_17_LV_DEN,2020,17,2021-01-03,LV,DEN,32.0,31.0,-1.0,-2.5,1,True,0.5239216674906104,DEN,0.5239216674906104,LV,False,-0.11889160853857653,0.1500570518713533,60.0,-0.10972663415518433,0.15397063326316182,66.4,-0.0091649743833922,-0.003913581391808529,-6.400000000000006,-1
2020_17_TEN_HOU,2020,17,2021-01-03,TEN,HOU,41.0,38.0,-3.0,-7.0,1,True,0.43648537787580094,TEN,0.5635146221241991,TEN,True,0.09883528658376267,0.16147753140024407,58.0,0.1946328452170958,0.11813502361320793,63.4,-0.09579755863333314,0.04334250778703613,-5.399999999999999,0
2020_17_JAX_IND,2020,17,2021-01-03,JAX,IND,14.0,28.0,14.0,15.5,1,True,0.7296512540663523,IND,0.7296512540663523,IND,True,0.1516267507338233,0.09311391719700363,61.6,-0.047125459546016275,0.16944276192714827,61.8,0.19875221027983958,-0.07632884473014465,-0.19999999999999574,0
2020_17_LAC_KC,2020,17,2021-01-03,LAC,KC,38.0,21.0,-17.0,-7.0,1,True,0.6650046462655949,KC,0.6650046462655949,LAC,False,0.10573483425584837,0.03107609942772485,69.6,-0.03464987162864389,0.042079371819959785,67.6,0.14038470588449226,-0.011003272392234933,2.0,0
2020_17_ARI_LA,2020,17,2021-01-03,ARI,LA,7.0,18.0,11.0,1.0,1,True,0.5411320515326733,LA,0.5411320515326733,LA,True,-0.14152893319713583,-0.2004913603341989,65.8,-0.07249633889699905,-0.04203399494169767,71.0,-0.06903259430013678,-0.15845736539250121,-5.200000000000003,-1
2020_17_SEA_SF,2020,17,2021-01-03,SEA,SF,26.0,23.0,-3.0,-7.0,1,True,0.505331964526577,SF,0.505331964526577,SEA,False,-0.06444535391643269,-0.14981518225267543,68.4,0.0028357908922302653,-0.13510190397302083,61.6,-0.06728114480866296,-0.014713278279654601,6.800000000000004,1
2020_17_WAS_PHI,2020,17,2021-01-03,WAS,PHI,20.0,14.0,-6.0,-6.5,1,True,0.441492000832225,WAS,0.558507999167775,WAS,True,-0.04994952664207407,0.09719274406035605,67.8,-0.08717684100810488,-0.20814623967483095,68.2,0.037227314366030814,0.305338983735187,-0.4000000000000057,0
2021_01_DAL_TB,2021,1,2021-09-09,DAL,TB,29.0,31.0,2.0,10.0,0,True,0.7322391829841393,TB,0.7322391829841393,TB,True,0.2782163404808576,-0.013742716560029577,58.4,0.05146742053540167,0.0005552490551439332,65.8,0.22674891994545593,-0.01429796561517351,-7.399999999999999,0
2021_01_PHI_ATL,2021,1,2021-09-12,PHI,ATL,32.0,6.0,-26.0,3.5,0,True,0.5722186859853379,ATL,0.5722186859853379,PHI,False,-0.008833896022126178,0.1556850849636593,63.0,-0.07762276406924742,0.06678310084405985,67.6,0.06878886804712124,0.08890198411959944,-4.599999999999994,0
2021_01_PIT_BUF,2021,1,2021-09-12,PIT,BUF,23.0,16.0,-7.0,6.5,0,True,0.8552626416047078,BUF,0.8552626416047078,PIT,False,0.2542479368090031,-0.13089991485662864,65.6,-0.13481762065155245,-0.02152335894638422,62.4,0.38906555746055554,-0.10937655591024442,3.1999999999999957,0
2021_01_NYJ_CAR,2021,1,2021-09-12,NYJ,CAR,14.0,19.0,5.0,3.5,0,True,0.5050402960847076,CAR,0.5050402960847076,CAR,True,-0.08903746075952006,0.04905026778334822,63.2,-0.040914916761684274,0.018817409740058678,60.4,-0.04812254399783578,0.030232858043289543,2.8000000000000043,0
2021_01_MIN_CIN,2021,1,2021-09-12,MIN,CIN,24.0,27.0,3.0,-3.0,0,True,0.3490689677240048,MIN,0.6509310322759951,CIN,False,-0.17043034775694613,0.08170370786334966,57.0,0.11312289986809354,0.18916048563889767,71.8,-0.28355324762503964,-0.10745677777554802,-14.799999999999997,0
2021_01_SF_DET,2021,1,2021-09-12,SF,DET,41.0,33.0,-8.0,-9.5,0,True,0.4178729819675746,SF,0.5821270180324254,SF,True,0.039153518086739884,0.3326649031272586,58.8,0.003180625934956283,-0.03771691106260884,67.2,0.0359728921517836,0.37038181418986743,-8.400000000000006,0
2021_01_JAX_HOU,2021,1,2021-09-12,JAX,HOU,21.0,37.0,16.0,-3.5,1,True,0.6784045577421993,HOU,0.6784045577421993,HOU,True,0.0909462340432728,0.254592862146824,61.0,-0.12793335394244582,0.15402319655322833,62.6,0.2188795879857186,0.10056966559359565,-1.6000000000000014,0
2021_01_SEA_IND,2021,1,2021-09-12,SEA,IND,28.0,16.0,-12.0,-3.0,0,True,0.6484509363774169,IND,0.6484509363774169,SEA,False,0.18078141382530263,-0.02751075248159516,60.6,0.031892001093887415,-0.0978933716791559,62.2,0.1488894127314152,0.07038261919756075,-1.6000000000000014,0
2021_01_ARI_TEN,2021,1,2021-09-12,ARI,TEN,38.0,13.0,-25.0,2.5,0,True,0.7185635783105161,TEN,0.7185635783105161,ARI,False,0.1832979692933912,0.17054244496014226,64.2,-0.12361326456832744,-0.023797565699985916,66.6,0.30691123386171865,0.19434001066012818,-2.3999999999999915,0
2021_01_LAC_WAS,2021,1,2021-09-12,LAC,WAS,20.0,16.0,-4.0,2.5,0,True,0.5043553161848962,WAS,0.5043553161848962,LAC,False,-0.14719554170782329,-0.16968932293179873,67.8,0.04522038967843904,0.08268601736373407,65.0,-0.19241593138626234,-0.25237534029553277,2.799999999999997,0
2021_01_CLE_KC,2021,1,2021-09-12,CLE,KC,29.0,33.0,4.0,5.5,0,True,0.49792051768828716,CLE,0.5020794823117128,KC,False,0.085414042193567,0.0680950044904837,65.4,0.16227420108021234,0.0921501109031824,68.6,-0.07686015888664534,-0.0240551064126987,-3.1999999999999886,0
2021_01_MIA_NE,2021,1,2021-09-12,MIA,NE,17.0,16.0,-1.0,3.5,1,True,0.4088960558185111,MIA,0.5911039441814889,MIA,True,-0.0906647019667922,0.042400690721386566,57.0,0.02300211485588547,-0.010270310857909104,71.0,-0.11366681682267768,0.05267100157929567,-14.0,0
2021_01_GB_NO,2021,1,2021-09-12,GB,NO,3.0,38.0,35.0,-4.0,0,True,0.4050497218597688,GB,0.5949502781402312,NO,False,0.11350093841225939,-0.0642909152701815,64.8,0.3126140998460333,-0.039511911153489655,57.0,-0.1991131614337739,-0.02477900411669185,7.799999999999997,0
2021_01_DEN_NYG,2021,1,2021-09-12,DEN,NYG,27.0,13.0,-14.0,-3.0,0,True,0.4731000022798371,DEN,0.5268999977201629,DEN,True,-0.11224535251459564,0.04566219354422781,53.6,0.024504508137403007,0.15374626412059586,66.6,-0.13674986065199865,-0.10808407057636804,-12.999999999999993,0
2021_01_CHI_LA,2021,1,2021-09-12,CHI,LA,14.0,34.0,20.0,9.5,0,True,0.5123031871428759,LA,0.5123031871428759,LA,True,-0.07398574193589262,-0.20111952699988808,67.8,0.12613984593299649,0.08782446114754835,66.4,-0.20012558786888912,-0.28894398814743644,1.3999999999999915,0
2021_01_BAL_LV,2021,1,2021-09-13,BAL,LV,27.0,33.0,6.0,-3.0,0,True,0.2495612849354712,BAL,0.7504387150645289,LV,False,0.04819247513160981,0.17017131032967384,67.6,0.31346180848583705,-0.07822499186272765,62.0,-0.26526933335422725,0.2483963021924015,5.599999999999994,0
2021_02_NYG_WAS,2021,2,2021-09-16,NYG,WAS,29.0,30.0,1.0,4.0,1,True,0.6310792030144492,WAS,0.6310792030144492,WAS,True,-0.15047670440033026,-0.116289186908399,63.6,-0.10888366063826545,0.1505839022840823,54.0,-0.04159304376206481,-0.2668730891924813,9.600000000000001,0
2021_02_NO_CAR,2021,2,2021-09-19,NO,CAR,7.0,26.0,19.0,-3.0,1,True,0.2841952975085978,NO,0.7158047024914023,CAR,False,-0.09805560931958114,0.013189526493516091,62.6,0.16266027240057873,-0.10178784473937523,61.4,-0.26071588172015986,0.11497737123289133,1.2000000000000028,0
2021_02_CIN_CHI,2021,2,2021-09-19,CIN,CHI,17.0,20.0,3.0,2.0,0,True,0.7180615884001785,CHI,0.7180615884001785,CHI,True,0.08851054861487251,0.13165882055724704,66.8,-0.1277556078690087,0.09398546800828268,60.4,0.2162661564838812,0.03767335254896435,6.399999999999999,0
2021_02_HOU_CLE,2021,2,2021-09-19,HOU,CLE,21.0,31.0,10.0,13.5,0,True,0.6224569836447784,CLE,0.6224569836447784,CLE,True,0.16397745166687744,0.1519413865712528,66.2,0.12716953546336623,0.22806603955660706,63.4,0.036807916203511204,-0.07612465298535426,2.8000000000000043,0
2021_02_LA_IND,2021,2,2021-09-19,LA,IND,27.0,24.0,-3.0,-4.0,0,True,0.6124364697842628,IND,0.6124364697842628,LA,False,0.14349726711804503,0.016926177781413622,62.2,-0.02405515410085395,-0.18352053245654618,61.6,0.167552421218899,0.2004467102379598,0.6000000000000014,0
2021_02_DEN_JAX,2021,2,2021-09-19,DEN,JAX,23.0,13.0,-10.0,-6.0,0,True,0.3583290858130104,DEN,0.6416709141869896,DEN,True,-0.11829197091091773,0.2086339217371751,62.2,0.06256064372453563,0.11464102850797657,67.4,-0.18085261463545335,0.09399289322919853,-5.200000000000003,0
2021_02_BUF_MIA,2021,2,2021-09-19,BUF,MIA,35.0,0.0,-35.0,-3.5,1,True,0.3230394560308213,BUF,0.6769605439691787,BUF,True,0.03232780563302999,0.04365096564374725,67.8,0.1929436516096975,-0.16034002110223716,68.0,-0.1606158459766675,0.20399098674598443,-0.20000000000000284,0
2021_02_NE_NYJ,2021,2,2021-09-19,NE,NYJ,25.0,6.0,-19.0,-5.5,1,True,0.6024799582087558,NYJ,0.6024799582087558,NE,False,-0.09790112138065861,0.00799360350517143,60.6,-0.10538189846331772,0.12591761472950486,58.2,0.00748077708265911,-0.11792401122433342,2.3999999999999986,0
2021_02_SF_PHI,2021,2,2021-09-19,SF,PHI,17.0,11.0,-6.0,-3.0,0,True,0.49986378512947993,SF,0.5001362148705201,SF,True,-0.012616370079490735,-0.05218042603661567,69.2,0.03599159222654928,-0.09465846259219732,65.8,-0.04860796230604002,0.04247803655558165,3.4000000000000057,0
2021_02_LV_PIT,2021,2,2021-09-19,LV,PIT,26.0,17.0,-9.0,5.5,0,True,0.48891529073569473,LV,0.5110847092643053,LV,True,-0.11589659811119277,-0.024719098251664285,59.4,0.04382562922975307,0.1406329721364097,68.6,-0.15972222734094582,-0.165352070388074,-9.199999999999996,1
2021_02_MIN_ARI,2021,2,2021-09-19,MIN,ARI,33.0,34.0,1.0,4.0,0,True,0.5304621752627878,ARI,0.5304621752627878,ARI,True,-0.04984645646586687,-0.12789516992385663,67.8,0.14588087609733189,0.20131840631808937,69.6,-0.19572733256319874,-0.329213576241946,-1.7999999999999972,0
2021_02_ATL_TB,2021,2,2021-09-19,ATL,TB,25.0,48.0,23.0,13.5,1,True,0.8345083225886079,TB,0.8345083225886079,TB,True,0.25849424994947984,-0.042713052599729094,60.4,-0.024330573457369255,0.18468507459323164,63.2,0.2828248234068491,-0.22739812719296074,-2.8000000000000043,3
2021_02_DAL_LAC,2021,2,2021-09-19,DAL,LAC,20.0,17.0,-3.0,3.0,0,True,0.5632762784989408,LAC,0.5632762784989408,DAL,False,0.14451309589010491,0.04294386359557752,66.0,0.06972240424420842,-0.043866457525622383,65.8,0.0747906916458965,0.08681032112119991,0.20000000000000284,-3
2021_02_TEN_SEA,2021,2,2021-09-19,TEN,SEA,33.0,30.0,-3.0,6.5,0,True,0.6689421812060045,SEA,0.6689421812060045,TEN,False,0.12007424427650706,-0.10800706810531742,58.8,0.11014488468856394,0.1542317266169508,63.4,0.009929359587943123,-0.26223879472226824,-4.600000000000001,0
2021_02_KC_BAL,2021,2,2021-09-19,KC,BAL,35.0,36.0,1.0,-3.5,0,True,0.7256662010702719,BAL,0.7256662010702719,BAL,True,0.24953069276676124,-0.08116685901304183,64.4,0.11989213881434693,0.10489732496473522,65.0,0.1296385539524143,-0.18606418397777705,-0.5999999999999943,-1
2021_02_DET_GB,2021,2,2021-09-20,DET,GB,17.0,35.0,18.0,11.5,1,True,0.7971967400870132,GB,0.7971967400870132,GB,True,0.17165032093140714,0.045653827195014055,55.8,-0.021211076661727845,0.36425703194605297,63.0,0.19286139759313498,-0.3186032047510389,-7.200000000000003,0
2021_03_CAR_HOU,2021,3,2021-09-23,CAR,HOU,24.0,9.0,-15.0,-8.0,0,True,0.6451968641044764,HOU,0.6451968641044764,CAR,False,0.17943247172079088,0.20566580746947008,62.4,-0.096706023286489,-0.12297910370650884,64.2,0.2761384950072799,0.32864491117597894,-1.8000000000000043,0
2021_03_WAS_BUF,2021,3,2021-09-26,WAS,BUF,21.0,43.0,22.0,7.5,0,True,0.8200761203483252,BUF,0.8200761203483252,BUF,True,0.2425095045548308,-0.19399267060732653,66.6,-0.06917413828320426,-0.029323933480655838,65.6,0.31168364283803507,-0.16466873712667068,1.0,-3
2021_03_CHI_CLE,2021,3,2021-09-26,CHI,CLE,6.0,26.0,20.0,7.5,0,True,0.6787862932673413,CLE,0.6787862932673413,CLE,True,0.14438212917471566,0.09354846467021487,61.6,-0.010996128459632331,0.09581382851917317,66.6,0.15537825763434798,-0.002265363848958299,-4.999999999999993,0
2021_03_BAL_DET,2021,3,2021-09-26,BAL,DET,19.0,17.0,-2.0,-7.5,0,True,0.18853724551992415,BAL,0.8114627544800759,BAL,True,-0.053078233815181564,0.35275131207677096,62.6,0.20722866987697808,-0.07233008955260165,66.6,-0.26030690369215964,0.4250814016293726,-3.999999999999993,-1
2021_03_ARI_JAX,2021,3,2021-09-26,ARI,JAX,31.0,19.0,-12.0,-8.0,0,True,0.36881822214849036,ARI,0.6311817778515096,ARI,True,-0.142929467307157,0.1966561535497837,58.6,-0.035901386662252975,-0.015017436287934305,64.6,-0.10702808064490402,0.211673589837718,-5.999999999999993,0
2021_03_LAC_KC,2021,3,2021-09-26,LAC,KC,30.0,24.0,-6.0,6.5,1,True,0.5238471952932087,KC,0.5238471952932087,LAC,False,0.17277411069329354,0.14167333070417615,62.8,0.1531392947133346,0.062273219818070526,64.4,0.019634815979958947,0.07940011088610563,-1.6000000000000085,0
2021_03_NO_NE,2021,3,2021-09-26,NO,NE,28.0,13.0,-15.0,3.0,0,True,0.4396839095565564,NO,0.5603160904434437,NO,True,-0.006309111983192883,0.06759444984099923,58.0,0.04470798731436894,-0.10204367162718064,57.2,-0.05101709929756182,0.16963812146817986,0.7999999999999972,0
2021_03_ATL_NYG,2021,3,2021-09-26,ATL,NYG,17.0,14.0,-3.0,3.0,0,True,0.6290745642751977,NYG,0.6290745642751977,ATL,False,-0.018499980077821908,0.1610547946278135,56.8,-0.07995789946884231,0.1872407372357883,66.2,0.0614579193910204,-0.0261859426079748,-9.400000000000006,3
2021_03_CIN_PIT,2021,3,2021-09-26,CIN,PIT,24.0,10.0,-14.0,2.5,1,True,0.6086052261297609,PIT,0.6086052261297609,CIN,False,-0.058216299731819465,0.036147154309721076,59.4,-0.14480782439034062,0.013823038072275019,57.4,0.08659152465852116,0.022324116237446057,2.0,0
2021_03_IND_TEN,2021,3,2021-09-26,IND,TEN,16.0,25.0,9.0,4.5,1,True,0.5137873173393391,TEN,0.5137873173393391,TEN,True,0.10224317060198211,0.21100040012352617,66.8,0.04867016398700075,0.03156558287054591,64.0,0.053573006614981364,0.17943481725298027,2.799999999999997,0
2021_03_NYJ_DEN,2021,3,2021-09-26,NYJ,DEN,0.0,26.0,26.0,10.5,0,True,0.6506293548167734,DEN,0.6506293548167734,DEN,True,0.06164584336040842,0.05243380878164389,69.2,-0.09494304419487394,-0.0443742961902862,63.6,0.15658888755528236,0.09680810497193008,5.600000000000001,0
2021_03_MIA_LV,2021,3,2021-09-26,MIA,LV,28.0,31.0,3.0,4.0,0,True,0.6782295014172525,LV,0.6782295014172525,LV,True,0.08677270276311194,0.06215605695809465,67.8,-0.05723833183235545,0.07049088143892472,66.4,0.14401103459546738,-0.008334824480830068,1.3999999999999915,0
2021_03_TB_LA,2021,3,2021-09-26,TB,LA,24.0,34.0,10.0,-1.0,0,True,0.3443578744874144,TB,0.6556421255125856,LA,False,-0.0030687387411342526,-0.08964037079689505,61.4,0.227774204159513,-0.1289681681183164,62.8,-0.23084294290064725,0.03932779732142136,-1.3999999999999986,0
2021_03_SEA_MIN,2021,3,2021-09-26,SEA,MIN,17.0,30.0,13.0,-2.0,0,True,0.5218938018975232,MIN,0.5218938018975232,MIN,True,0.1525232932937119,0.18109852860391737,66.2,0.10945644895861913,-0.00836079822658049,55.6,0.043066844335092766,0.18945932683049785,10.600000000000001,0
2021_03_GB_SF,2021,3,2021-09-26,GB,SF,30.0,28.0,-2.0,3.5,0,True,0.564729057901673,SF,0.564729057901673,GB,False,0.12636544343212283,-0.03596678653385484,63.4,0.16014460106212508,0.01378667004156034,54.8,-0.03377915763000225,-0.04975345657541518,8.600000000000001,1
2021_03_PHI_DAL,2021,3,2021-09-27,PHI,DAL,21.0,41.0,20.0,3.5,1,True,0.5860461784943176,DAL,0.5860461784943176,DAL,True,0.057418998167818036,0.0268113652831658,68.0,-0.028730402349034335,-0.04395623261610115,67.8,0.08614940051685237,0.07076759789926695,0.20000000000000284,0
2021_04_JAX_CIN,2021,4,2021-09-30,JAX,CIN,21.0,24.0,3.0,7.5,0,True,0.6671097863749635,CIN,0.6671097863749635,CIN,True,-0.0933174294681669,0.04737676176764017,54.2,-0.16801922293965776,0.1810566361123274,60.4,0.07470179347149086,-0.13367987434468723,-6.199999999999996,0
2021_04_WAS_ATL,2021,4,2021-10-03,WAS,ATL,34.0,30.0,-4.0,-1.0,0,True,0.5229005006938741,ATL,0.5229005006938741,WAS,False,-0.0789616793121741,0.1505695200724966,65.0,-0.10824393718208639,0.0026333748199405538,59.6,0.029282257869912287,0.14793614525255605,5.399999999999999,0
2021_04_HOU_BUF,2021,4,2021-10-03,HOU,BUF,0.0,40.0,40.0,19.0,0,True,0.7721327993366122,BUF,0.7721327993366122,BUF,True,0.18986219200798152,-0.20594769052227552,68.6,0.09083268783040678,0.18756198874130217,58.6,0.09902950417757474,-0.3935096792635777,9.999999999999993,-3
2021_04_DET_CHI,2021,4,2021-10-03,DET,CHI,14.0,24.0,10.0,3.0,1,True,0.555109380397723,CHI,0.555109380397723,CHI,True,-0.15948573771375116,0.09923040635884331,62.2,-0.08802117455497327,0.2659121282422177,61.6,-0.07146456315877789,-0.1666817218833744,0.6000000000000014,0
2021_04_CAR_DAL,2021,4,2021-10-03,CAR,DAL,28.0,36.0,8.0,4.5,0,True,0.5748665885767236,DAL,0.5748665885767236,DAL,True,0.07617815393563976,-0.03094768973508078,70.0,-0.05402431411508113,-0.19672874528481357,64.6,0.1302024680507209,0.1657810555497328,5.400000000000006,-4
2021_04_IND_MIA,2021,4,2021-10-03,IND,MIA,27.0,17.0,-10.0,2.5,0,True,0.4409309813957367,IND,0.5590690186042633,IND,True,-0.10977228071411207,0.0933707193073615,67.8,-0.017228755457200318,0.0037559974464768343,65.0,-0.09254352525691176,0.08961472186088466,2.799999999999997,0
2021_04_CLE_MIN,2021,4,2021-10-03,CLE,MIN,14.0,7.0,-7.0,-1.0,0,True,0.5583174508830034,MIN,0.5583174508830034,CLE,False,0.1936499041953235,0.17313572913945738,67.8,0.10061201986562625,-0.015288255198304767,64.0,0.09303788432969724,0.18842398433776214,3.799999999999997,0
2021_04_NYG_NO,2021,4,2021-10-03,NYG,NO,27.0,21.0,-6.0,7.5,0,True,0.7318178168993354,NO,0.7318178168993354,NYG,False,0.08450563325321538,-0.16633065251634757,58.6,0.002414857225404685,0.11537670037057376,59.0,0.08209077602781069,-0.28170735288692134,-0.3999999999999986,0
2021_04_TEN_NYJ,2021,4,2021-10-03,TEN,NYJ,24.0,27.0,3.0,-5.5,0,True,0.4492640693627807,TEN,0.5507359306372193,NYJ,False,-0.1995991490667938,0.005650031938766001,62.0,0.0058854217875231,0.17534901370339717,66.8,-0.2054845708543169,-0.16969898176463116,-4.799999999999997,0
2021_04_KC_PHI,2021,4,2021-10-03,KC,PHI,42.0,30.0,-12.0,-7.5,0,True,0.44422342341081056,KC,0.5557765765891894,KC,True,-0.07323430615985954,-0.02765630231537509,62.2,0.1757452789893895,0.21509621695826966,60.0,-0.24897958514924903,-0.24275251927364475,2.200000000000003,-1
2021_04_ARI_LA,2021,4,2021-10-03,ARI,LA,37.0,20.0,-17.0,3.5,1,True,0.6203631468291602,LA,0.6203631468291602,ARI,False,0.09490664540300515,-0.055431792396857985,62.4,0.003953347542730501,-0.05014569995952369,63.8,0.09095329786027466,-0.005286092437334293,-1.3999999999999986,0
2021_04_SEA_SF,2021,4,2021-10-03,SEA,SF,28.0,21.0,-7.0,2.5,1,True,0.5727031376966444,SF,0.5727031376966444,SEA,False,0.11797004843995065,-0.012620982100771404,60.2,0.11362910093621356,0.037212064288061474,56.0,0.0043409475037370915,-0.049833046388832875,4.200000000000003,0
2021_04_BAL_DEN,2021,4,2021-10-03,BAL,DEN,23.0,7.0,-16.0,1.0,0,True,0.5288912321437194,DEN,0.5288912321437194,BAL,False,0.08532062290885603,-0.1494832018318611,69.2,0.16048218433642047,-0.07431112837098262,65.4,-0.07516156142756444,-0.07517207346087847,3.799999999999997,0
2021_04_PIT_GB,2021,4,2021-10-03,PIT,GB,17.0,27.0,10.0,6.5,0,True,0.7250849863962471,GB,0.7250849863962471,GB,True,0.16888253579414675,0.02626102724999116,54.2,-0.024662576036454296,0.08763754923189478,62.6,0.19354511183060105,-0.06137652198190362,-8.399999999999999,0
2021_04_TB_NE,2021,4,2021-10-03,TB,NE,19.0,17.0,-2.0,-6.0,0,True,0.2872368171104078,TB,0.7127631828895922,TB,True,-0.03987543130534699,0.04247314049810021,61.6,0.21925788114243705,-0.0894157358865967,64.2,-0.25913331244778404,0.1318888763846969,-2.6000000000000014,0
2021_04_LV_LAC,2021,4,2021-10-04,LV,LAC,14.0,28.0,14.0,3.0,1,True,0.5873210686284135,LAC,0.5873210686284135,LAC,True,0.150282811518756,0.05194087282507283,64.2,0.06562836377544226,-0.0017383060905885677,68.8,0.08465444774331374,0.053679178915661395,-4.599999999999994,0
2021_05_LA_SEA,2021,5,2021-10-07,LA,SEA,26.0,17.0,-9.0,-2.5,1,True,0.47562065184661495,LA,0.524379348153385,LA,True,0.09295129183708287,0.08041731273176773,54.6,0.12366807553332788,-0.0010855854935300723,60.0,-0.030716783696245017,0.08150289822529781,-5.399999999999999,0
2021_05_NYJ_ATL,2021,5,2021-10-10,NYJ,ATL,20.0,27.0,7.0,3.0,0,True,0.5972010414836594,ATL,0.5972010414836594,ATL,True,-0.06910494634792279,0.19670658185872172,67.0,-0.19036169761674465,0.03761348094742141,60.6,0.12125675126882186,0.1590931009113003,6.399999999999999,0
2021_05_PHI_CAR,2021,5,2021-10-10,PHI,CAR,21.0,18.0,-3.0,2.5,0,True,0.6242630962686115,CAR,0.6242630962686115,PHI,False,-0.015626458118631135,-0.11743126595588102,65.6,-0.00881542910468569,0.04712538239523343,62.0,-0.006811029013945445,-0.16455664835111444,3.5999999999999943,0
2021_05_GB_CIN,2021,5,2021-10-10,GB,CIN,25.0,22.0,-3.0,-2.0,0,True,0.3876486787214954,GB,0.6123513212785046,GB,True,-0.09794652277051322,0.03527972906238709,51.2,0.10997507564124209,0.019348583539636293,56.0,-0.2079215984117553,0.015931145522750798,-4.799999999999997,3
2021_05_NE_HOU,2021,5,2021-10-10,NE,HOU,25.0,22.0,-3.0,-8.0,0,True,0.39823233983167705,NE,0.601767660168323,NE,True,-0.12427204519672971,0.14082859674957315,56.8,-0.02580285558590789,-0.017195992713431522,62.6,-0.09846918961082182,0.15802458946300468,-5.800000000000004,0
2021_05_TEN_JAX,2021,5,2021-10-10,TEN,JAX,37.0,19.0,-18.0,-4.0,1,True,0.3967535116997152,TEN,0.6032464883002848,TEN,True,-0.10563746906258635,0.19497722773401943,60.6,0.03179595827860008,0.11448899806120241,74.6,-0.13743342734118644,0.08048822967281702,-13.999999999999993,3
2021_05_DET_MIN,2021,5,2021-10-10,DET,MIN,17.0,19.0,2.0,10.0,1,True,0.680122774736606,MIN,0.680122774736606,MIN,True,0.10900259884370174,0.07809272008970629,68.0,0.02008982426699975,0.22729470083970482,65.0,0.08891277457670199,-0.14920198074999852,3.0,0
2021_05_DEN_PIT,2021,5,2021-10-10,DEN,PIT,19.0,27.0,8.0,-2.0,0,True,0.3823308890996494,DEN,0.6176691109003506,PIT,False,-0.0514336647145884,0.09484599211780323,61.8,0.037218534579426865,-0.12480172333629806,65.8,-0.08865219929401527,0.21964771545410128,-4.0,0
2021_05_MIA_TB,2021,5,2021-10-10,MIA,TB,17.0,45.0,28.0,11.0,0,True,0.8195288038681556,TB,0.8195288038681556,TB,True,0.16210352835168235,0.01200728846902189,64.6,-0.15173149364845992,0.12820448572378318,65.2,0.31383502200014224,-0.11619719725476128,-0.6000000000000085,0
2021_05_NO_WAS,2021,5,2021-10-10,NO,WAS,33.0,22.0,-11.0,-2.5,0,True,0.41955093730173454,NO,0.5804490626982655,NO,True,-0.032048093698111915,0.04616212854402691,58.4,0.028643770367636646,-0.1512807218103796,57.6,-0.06069186406574856,0.1974428503544065,0.7999999999999972,0
2021_05_CLE_LAC,2021,5,2021-10-10,CLE,LAC,42.0,47.0,5.0,2.5,0,True,0.5675183749029306,LAC,0.5675183749029306,LAC,True,0.16398304258950258,0.0013314541198253648,67.8,0.11424065712709353,-0.06429320969101684,64.4,0.049742385462409056,0.06562466381084221,3.3999999999999915,-1
2021_05_CHI_LV,2021,5,2021-10-10,CHI,LV,20.0,9.0,-11.0,5.5,0,True,0.7533393132722043,LV,0.7533393132722043,CHI,False,0.016679045875400998,-0.014840103614117675,68.2,-0.17235271924895193,0.1148687925579148,59.6,0.18903176512435294,-0.12970889617203246,8.600000000000001,-1
2021_05_SF_ARI,2021,5,2021-10-10,SF,ARI,10.0,17.0,7.0,6.0,1,True,0.583553465765469,ARI,0.583553465765469,ARI,True,0.10099249534739334,-0.08367491276112912,62.4,0.09888465395172874,0.009394149701432828,64.0,0.0021078413956645975,-0.09306906246256196,-1.6000000000000014,0
2021_05_NYG_DAL,2021,5,2021-10-10,NYG,DAL,20.0,44.0,24.0,7.5,1,True,0.6201058990811374,DAL,0.6201058990811374,DAL,True,0.09645531476322662,-0.0015788612499363307,68.2,0.06051212118982664,0.08773551363847679,59.4,0.03594319357339998,-0.08931437488841312,8.800000000000004,0
2021_05_BUF_KC,2021,5,2021-10-10,BUF,KC,38.0,20.0,-18.0,2.5,0,True,0.4126110214649467,BUF,0.5873889785350532,BUF,True,0.2794885005035944,0.25487210076491396,59.4,0.13341325865220174,-0.3414514729803655,69.2,0.14607524185139267,0.5963235737452794,-9.800000000000004,0
2021_05_IND_BAL,2021,5,2021-10-11,IND,BAL,25.0,31.0,6.0,7.5,0,True,0.6849297803717901,BAL,0.6849297803717901,BAL,True,0.12800642900389902,-0.10765770259183864,66.6,0.019313877809613186,-0.014019008049300808,64.4,0.10869255119428584,-0.09363869454253783,2.1999999999999886,0
2021_06_TB_PHI,2021,6,2021-10-14,TB,PHI,28.0,22.0,-6.0,-7.0,0,True,0.3795636927305518,TB,0.6204363072694482,TB,True,0.00038350797932416023,0.02976205523647988,61.0,0.1842124039125678,-0.0068142665628052514,66.0,-0.18382889593324364,0.03657632179928513,-5.0,0
2021_06_MIA_JAX,2021,6,2021-10-17,MIA,JAX,20.0,23.0,3.0,-2.5,0,True,0.5904207671680451,JAX,0.5904207671680451,JAX,True,-0.06647298179205527,0.22073843612708802,61.0,-0.12366396500612944,0.18246768694803212,59.2,0.057190983214074176,0.0382707491790559,1.7999999999999972,0
2021_06_LAC_BAL,2021,6,2021-10-17,LAC,BAL,6.0,34.0,28.0,3.0,0,True,0.493582351506934,LAC,0.506417648493066,BAL,False,0.11631704520200514,0.07149400888177479,66.6,0.15839589173928056,0.028718631694981865,68.2,-0.04207884653727542,0.042775377186792925,-1.6000000000000085,-1
2021_06_MIN_CAR,2021,6,2021-10-17,MIN,CAR,34.0,28.0,-6.0,-2.5,0,True,0.6153333118201684,CAR,0.6153333118201684,MIN,False,0.005022739913139218,-0.20138269376719392,67.6,0.02950088341348429,-0.01806931941674056,66.4,-0.024478143500345072,-0.18331337435045336,1.1999999999999886,0
2021_06_GB_CHI,2021,6,2021-10-17,GB,CHI,24.0,14.0,-10.0,-5.5,1,True,0.40525208740506036,GB,0.5947479125949396,GB,True,-0.1482936919998153,-0.017208538475498268,56.6,0.0410923105434068,0.04508899171110421,59.6,-0.18938600254322208,-0.06229753018660248,-3.0,0
2021_06_CIN_DET,2021,6,2021-10-17,CIN,DET,34.0,11.0,-23.0,-3.5,0,True,0.41617629969883896,CIN,0.583823700301161,CIN,True,-0.0760722152394471,0.1477929854094874,66.6,0.02136451604962071,-0.00702356239784826,56.4,-0.09743673128906781,0.15481654780733567,10.199999999999996,0
2021_06_HOU_IND,2021,6,2021-10-17,HOU,IND,3.0,31.0,28.0,10.5,1,True,0.6953613213986827,IND,0.6953613213986827,IND,True,0.05512334979051693,0.09597530751269483,64.6,-0.1355689990248746,0.0865491583535212,55.6,0.19069234881539154,0.009426149159173627,8.999999999999993,-1
2021_06_LA_NYG,2021,6,2021-10-17,LA,NYG,38.0,11.0,-27.0,-7.5,0,True,0.36714083108064144,LA,0.6328591689193586,LA,True,0.040132787146617804,0.14327411369953258,61.8,0.19416005466486017,0.045914775369815794,59.2,-0.15402726751824236,0.09735933832971679,2.5999999999999943,-3
2021_06_KC_WAS,2021,6,2021-10-17,KC,WAS,31.0,13.0,-18.0,-6.0,0,True,0.40757673738860434,KC,0.5924232626113957,KC,True,-0.01866586661858479,0.13346647640727066,61.4,0.21469236077884482,0.25859792083610195,65.2,-0.23335822739742962,-0.12513144442883128,-3.8000000000000043,0
2021_06_ARI_CLE,2021,6,2021-10-17,ARI,CLE,37.0,14.0,-23.0,3.0,0,True,0.5107116971506086,CLE,0.5107116971506086,ARI,False,0.1400482229786375,-0.025506058138157695,65.8,0.1623124971329271,-0.09093785688045133,64.2,-0.02226427415428961,0.06543179874229364,1.5999999999999943,0
2021_06_LV_DEN,2021,6,2021-10-17,LV,DEN,34.0,24.0,-10.0,5.0,1,True,0.6587358569088546,DEN,0.6587358569088546,LV,False,0.06466464740519894,-0.11060735395119256,62.4,-0.032320521065275734,-0.013387396269327603,67.6,0.09698516847047467,-0.09721995768186496,-5.199999999999996,0
2021_06_DAL_NE,2021,6,2021-10-17,DAL,NE,35.0,29.0,-6.0,-3.5,0,True,0.3472358998934036,DAL,0.6527641001065965,DAL,True,-0.07257795684253794,0.014105433881769644,62.0,0.15199391482428243,-0.021958195293145168,67.0,-0.22457187166682036,0.03606362917491481,-5.0,0
2021_06_SEA_PIT,2021,6,2021-10-17,SEA,PIT,20.0,23.0,3.0,5.5,0,True,0.46699241102593464,SEA,0.5330075889740653,PIT,False,-0.046206505528713845,0.08676588105833145,60.6,0.05914997908171893,0.11890173903610832,53.8,-0.10535648461043277,-0.03213585797777686,6.800000000000004,-3
2021_06_BUF_TEN,2021,6,2021-10-18,BUF,TEN,31.0,34.0,3.0,-6.0,0,True,0.29454655078946346,BUF,0.7054534492105365,TEN,False,0.026608085603066454,0.052060014389986455,73.0,0.15330443931227625,-0.33948239476665576,67.4,-0.12669635370920979,0.39154240915664223,5.599999999999994,0
2021_07_DEN_CLE,2021,7,2021-10-21,DEN,CLE,14.0,17.0,3.0,2.0,0,True,0.580620533708126,CLE,0.580620533708126,CLE,True,0.030964280446914506,-0.048564291460687234,65.4,0.008057186419884496,-0.04002301894537762,64.6,0.02290709402703001,-0.008541272515309617,0.8000000000000114,0
2021_07_CIN_BAL,2021,7,2021-10-24,CIN,BAL,41.0,17.0,-24.0,6.5,1,True,0.5909506458727345,BAL,0.5909506458727345,CIN,False,0.1375222639030807,0.0025124884642297118,66.6,0.06734122896150523,-0.04940820731949499,56.0,0.07018103494157547,0.0519206957837247,10.599999999999994,0
2021_07_WAS_GB,2021,7,2021-10-24,WAS,GB,10.0,24.0,14.0,8.5,0,True,0.7633374730258228,GB,0.7633374730258228,GB,True,0.1675354779577632,-0.015180373412624015,59.8,-0.032574445467845464,0.13641174818654006,63.2,0.20010992342560865,-0.15159212159916408,-3.4000000000000057,0
2021_07_ATL_MIA,2021,7,2021-10-24,ATL,MIA,30.0,28.0,-2.0,-1.5,0,True,0.4159265633678356,ATL,0.5840734366321644,ATL,True,-0.10332637437905115,0.19490995894597807,62.8,-0.04321559320090396,0.10778310476007413,67.6,-0.06011078117814719,0.08712685418590393,-4.799999999999997,-7
2021_07_NYJ_NE,2021,7,2021-10-24,NYJ,NE,13.0,54.0,41.0,7.0,1,True,0.5951118166616077,NE,0.5951118166616077,NE,True,-0.08041477683376871,0.03987171596993934,57.8,-0.20376437864825103,0.026963279122892453,58.8,0.12334960181448232,0.012908436847046886,-1.0,-7
2021_07_CAR_NYG,2021,7,2021-10-24,CAR,NYG,3.0,25.0,22.0,-3.0,0,True,0.46943638696412054,CAR,0.5305636130358795,NYG,False,-0.006853824630746413,0.12012189666082713,65.2,-0.046721767049465755,-0.14890774343744492,69.2,0.03986794241871934,0.26902964009827207,-4.0,0
2021_07_KC_TEN,2021,7,2021-10-24,KC,TEN,3.0,27.0,24.0,-4.0,0,True,0.5823625606534918,TEN,0.5823625606534918,TEN,True,0.14216403457566612,0.03927342583121061,70.2,0.17212694421414748,0.1699044354954909,68.8,-0.02996290963848136,-0.1306310096642803,1.4000000000000057,-1
2021_07_DET_LA,2021,7,2021-10-24,DET,LA,19.0,28.0,9.0,17.0,0,True,0.7781806401586044,LA,0.7781806401586044,LA,True,0.13839944801527576,0.012304986785775952,63.0,-0.09367213896866494,0.13772356883999054,61.6,0.2320715869839407,-0.12541858205421458,1.3999999999999986,0
2021_07_PHI_LV,2021,7,2021-10-24,PHI,LV,22.0,33.0,11.0,1.0,0,True,0.6581701554894813,LV,0.6581701554894813,LV,True,0.02908540699935353,-0.004115365494227824,62.2,-0.039516332293432536,0.13860261600498053,57.2,0.06860173929278607,-0.14271798149920836,5.0,-3
2021_07_HOU_ARI,2021,7,2021-10-24,HOU,ARI,5.0,31.0,26.0,20.5,0,True,0.8793482949240781,ARI,0.8793482949240781,ARI,True,0.1700466056780025,-0.079855812077025,64.0,-0.21164196961866616,0.1516027774714011,55.6,0.38168857529666866,-0.2314585895484261,8.399999999999999,0
2021_07_CHI_TB,2021,7,2021-10-24,CHI,TB,3.0,38.0,35.0,12.5,0,True,0.8213115825737045,TB,0.8213115825737045,TB,True,0.22725732892395864,-0.027226801998815088,67.2,-0.12516432693441862,-0.057539731085185994,54.2,0.35242165585837726,0.030312929086370906,13.0,3
2021_07_IND_SF,2021,7,2021-10-24,IND,SF,30.0,18.0,-12.0,3.5,0,True,0.5550886011427716,SF,0.5550886011427716,IND,False,0.059614157005214816,-0.010087522131743198,63.0,0.13093429302543755,0.01168870807598793,59.6,-0.07132013602022273,-0.021776230207731128,3.3999999999999986,7
2021_07_NO_SEA,2021,7,2021-10-25,NO,SEA,13.0,10.0,-3.0,-6.0,0,True,0.39543525782379624,NO,0.6045647421762037,NO,True,0.009342693574915968,0.13827904028736657,55.6,0.022797753335557634,-0.09988596954032859,55.8,-0.013455059760641666,0.23816500982769517,-0.19999999999999574,-7
2021_08_GB_ARI,2021,8,2021-10-28,GB,ARI,24.0,21.0,-3.0,6.5,0,True,0.6739085510589556,ARI,0.6739085510589556,GB,False,0.17413888607215716,-0.21035120731511353,65.4,0.12684991775890786,-0.034394220335315105,59.0,0.0472889683132493,-0.17595698697979842,6.400000000000006,0
2021_08_CAR_ATL,2021,8,2021-10-31,CAR,ATL,19.0,13.0,-6.0,2.5,1,True,0.6197309498919253,ATL,0.6197309498919253,CAR,False,0.03591024629005452,0.08478940736816473,67.0,-0.13076792893158626,-0.06383793915738559,67.0,0.16667817522164077,0.14862734652555032,0.0,0
2021_08_MIA_BUF,2021,8,2021-10-31,MIA,BUF,11.0,26.0,15.0,15.0,1,True,0.8594074808577993,BUF,0.8594074808577993,BUF,True,0.19720336492776733,-0.2768810042399469,66.4,0.00877823261490315,0.18593972025921207,63.0,0.18842513231286417,-0.46282072449915895,3.4000000000000057,6
2021_08_SF_CHI,2021,8,2021-10-31,SF,CHI,33.0,22.0,-11.0,-4.5,0,True,0.4234746440084338,SF,0.5765253559915662,SF,True,-0.16517708875965892,0.03937227252556703,55.6,-0.04572964068878802,-0.014140196485345192,63.0,-0.1194474480708709,0.05351246901091222,-7.399999999999999,0
2021_08_PIT_CLE,2021,8,2021-10-31,PIT,CLE,15.0,10.0,-5.0,5.5,1,True,0.648338411373212,CLE,0.648338411373212,PIT,False,0.047750482213457075,-0.04574610060422746,67.8,-0.03389812298633972,0.09617242821129827,64.2,0.0816486051997968,-0.14191852881552575,3.5999999999999943,-4
2021_08_PHI_DET,2021,8,2021-10-31,PHI,DET,44.0,6.0,-38.0,-3.0,0,True,0.5453874485398643,DET,0.5453874485398643,PHI,False,-0.07718610613025181,0.11384935054574867,63.4,-0.031022030268129646,0.17021809284099473,59.8,-0.046164075862122164,-0.05636874229524606,3.6000000000000014,0
2021_08_LA_HOU,2021,8,2021-10-31,LA,HOU,38.0,22.0,-16.0,-17.0,0,True,0.15996739509085456,LA,0.8400326049091454,LA,True,-0.32286033961005633,0.14916320490185148,53.8,0.15868382886227309,0.043144002269902296,63.0,-0.4815441684723294,0.10601920263194918,-9.200000000000003,0
2021_08_TEN_IND,2021,8,2021-10-31,TEN,IND,34.0,31.0,-3.0,3.0,1,True,0.5390540932467099,IND,0.5390540932467099,TEN,False,0.12760281035015683,-0.05879235205348835,58.6,0.14737698727200993,-0.011820768722397934,66.2,-0.0197741769218531,-0.046971583331090416,-7.600000000000001,0
2021_08_CIN_NYJ,2021,8,2021-10-31,CIN,NYJ,31.0,34.0,3.0,-11.5,0,True,0.20193597919433043,CIN,0.7980640208056695,NYJ,False,-0.19000152056557967,0.12522532154447108,58.8,0.1966433247207418,-0.030220656167870195,57.4,-0.3866448452863215,0.15544597771234128,1.3999999999999986,0
2021_08_NE_LAC,2021,8,2021-10-31,NE,LAC,27.0,24.0,-3.0,3.5,0,True,0.6501596870192998,LAC,0.6501596870192998,NE,False,0.07052013437348872,0.06008308023987471,63.8,0.025629069192568188,0.08069370514417609,60.6,0.044891065180920536,-0.020610624904301385,3.1999999999999957,7
2021_08_JAX_SEA,2021,8,2021-10-31,JAX,SEA,7.0,31.0,24.0,4.0,0,True,0.555676551529674,SEA,0.555676551529674,SEA,True,-0.045997147535124946,0.0759369894677776,56.0,-0.04026763553272676,0.21626720843166933,60.0,-0.005729512002398185,-0.14033021896389172,-4.0,-8
2021_08_WAS_DEN,2021,8,2021-10-31,WAS,DEN,10.0,17.0,7.0,4.0,0,True,0.6689494790722563,DEN,0.6689494790722563,DEN,True,0.0016064559981209038,0.05707870368122203,61.4,-0.07328135947652223,0.1390681778920103,63.2,0.07488781547464313,-0.08198947421078825,-1.8000000000000043,3
2021_08_TB_NO,2021,8,2021-10-31,TB,NO,27.0,36.0,9.0,-4.0,1,True,0.26670989619584756,TB,0.7332901038041524,NO,False,-0.0712057266560375,-0.04642886726476968,57.4,0.24250982938526464,-0.06014190544970662,69.8,-0.31371555604130213,0.013713038184936945,-12.399999999999999,-1
2021_08_DAL_MIN,2021,8,2021-10-31,DAL,MIN,20.0,16.0,-4.0,4.5,0,True,0.4644300074501005,DAL,0.5355699925498996,DAL,True,0.03545431891196742,-0.06689085323340291,68.6,0.15968180079803035,-0.03443869699487164,68.2,-0.12422748188606293,-0.03245215623853127,0.3999999999999915,0
2021_08_NYG_KC,2021,8,2021-11-01,NYG,KC,17.0,20.0,3.0,10.5,0,True,0.6184703020976652,KC,0.6184703020976652,KC,True,0.09369130675069451,0.17237146455961286,72.4,-0.044551901079581034,0.029323050101661318,65.4,0.13824320783027555,0.14304841445795155,7.0,0
2021_09_NYJ_IND,2021,9,2021-11-04,NYJ,IND,30.0,45.0,15.0,10.5,0,True,0.7900365536482123,IND,0.7900365536482123,IND,True,0.1085387269285307,-0.041591532905831216,61.6,-0.11569916283682824,0.1405938188811154,60.8,0.22423788976535894,-0.18218535178694661,0.8000000000000043,0
2021_09_MIN_BAL,2021,9,2021-11-07,MIN,BAL,31.0,34.0,3.0,7.5,0,True,0.6632861537606138,BAL,0.6632861537606138,BAL,True,0.07409606694953055,0.0046909680819181565,67.2,-0.04914369821721615,-0.08510988567127414,68.6,0.1232397651667467,0.0898008537531923,-1.3999999999999915,7
2021_09_NE_CAR,2021,9,2021-11-07,NE,CAR,24.0,6.0,-18.0,-3.5,0,True,0.41437579588973944,NE,0.5856242041102606,NE,True,-0.15742692849328913,-0.05074016431141781,67.8,0.07317977642126175,0.06176779216191704,61.6,-0.23060670491455088,-0.11250795647333485,6.199999999999996,0
2021_09_CLE_CIN,2021,9,2021-11-07,CLE,CIN,41.0,16.0,-25.0,2.5,1,True,0.693712520533979,CIN,0.693712520533979,CLE,False,0.17285744729076477,0.013388802015375807,60.2,0.018824377555569104,0.08710035614064277,64.4,0.15403306973519568,-0.07371155412526696,-4.200000000000003,0
2021_09_DEN_DAL,2021,9,2021-11-07,DEN,DAL,30.0,16.0,-14.0,10.5,0,True,0.7591459232550074,DAL,0.7591459232550074,DEN,False,0.1441783365242054,-0.09938179991197842,69.8,0.020164322039819958,0.15594808654711304,59.0,0.12401401448438543,-0.25532988645909144,10.799999999999997,0
2021_09_BUF_JAX,2021,9,2021-11-07,BUF,JAX,6.0,9.0,3.0,-14.5,0,True,0.23860557236035682,BUF,0.7613944276396432,JAX,False,-0.01971687619860448,0.19416966614494618,64.4,0.1739422464641843,-0.20961431862106328,67.2,-0.19365912266278879,0.40378398476600946,-2.799999999999997,0
2021_09_HOU_MIA,2021,9,2021-11-07,HOU,MIA,9.0,17.0,8.0,4.0,0,True,0.7634716540808623,MIA,0.7634716540808623,MIA,True,-0.0006875138183303209,0.19184846256606974,60.4,-0.2880765574905501,0.1538645984701302,56.0,0.2873890436722198,0.03798386409593954,4.399999999999999,0
2021_09_ATL_NO,2021,9,2021-11-07,ATL,NO,27.0,25.0,-2.0,7.0,1,True,0.6071750775007678,NO,0.6071750775007678,ATL,False,0.044780618490951565,-0.06562178550746856,63.2,0.04514876727215787,0.08407045938464486,63.0,-0.0003681487812063067,-0.1496922448921134,0.20000000000000284,0
2021_09_LV_NYG,2021,9,2021-11-07,LV,NYG,16.0,23.0,7.0,-3.0,0,True,0.4084383956462739,LV,0.5915616043537262,NYG,False,-0.06433154863852403,0.02563348915079718,63.6,0.036618422405885157,0.0012639082512612137,61.8,-0.10094997104440918,0.024369580899535965,1.8000000000000043,-8
2021_09_LAC_PHI,2021,9,2021-11-07,LAC,PHI,27.0,24.0,-3.0,-1.0,0,True,0.5490725383470927,PHI,0.5490725383470927,LAC,False,0.05650455055445587,0.06952597141192707,61.4,0.0458659377540112,0.03365522650412009,62.6,0.010638612800444668,0.03587074490780698,-1.2000000000000028,0
2021_09_GB_KC,2021,9,2021-11-07,GB,KC,7.0,13.0,6.0,7.0,0,True,0.4449244049127726,GB,0.5550755950872275,KC,False,0.08275148386852291,0.11430378526876953,72.4,0.1195480322486158,-0.032865700355567004,61.8,-0.036796548380092886,0.14716948562433652,10.600000000000009,-4
2021_09_ARI_SF,2021,9,2021-11-07,ARI,SF,31.0,17.0,-14.0,5.5,1,True,0.3533847193844404,ARI,0.6466152806155596,ARI,True,0.02876155059042662,0.006753067968548433,60.2,0.14097571030387096,-0.16194153242952844,63.6,-0.11221415971344434,0.16869460039807688,-3.3999999999999986,-3
2021_09_TEN_LA,2021,9,2021-11-07,TEN,LA,28.0,16.0,-12.0,7.0,0,True,0.5413522774322544,LA,0.5413522774322544,TEN,False,0.15695513573242745,-0.016937907069690415,64.0,0.16457780641966704,-0.030884852144024068,66.8,-0.007622670687239597,0.013946945074333653,-2.799999999999997,0
2021_09_CHI_PIT,2021,9,2021-11-08,CHI,PIT,27.0,29.0,2.0,7.0,0,True,0.605195954899948,PIT,0.605195954899948,PIT,True,-0.02265389112335698,0.0322457781782324,67.0,-0.025796627703691656,0.12478154775047698,60.6,0.0031427365803346763,-0.09253576957224457,6.399999999999999,0
2021_10_BAL_MIA,2021,10,2021-11-11,BAL,MIA,10.0,22.0,12.0,-8.5,0,True,0.43962223772407083,BAL,0.5603777622759292,MIA,False,-0.019610970598198905,0.09349022508360787,65.0,0.0830779792163463,0.047763981352666525,73.8,-0.10268894981454521,0.04572624373094134,-8.799999999999997,0
2021_10_ATL_DAL,2021,10,2021-11-14,ATL,DAL,3.0,43.0,40.0,8.0,0,True,0.627973435882724,DAL,0.627973435882724,DAL,True,0.09233306218567741,-0.025948103214550117,68.0,0.05773138850798386,0.060980192184937554,62.2,0.034601673677693554,-0.08692829539948767,5.799999999999997,0
2021_10_JAX_IND,2021,10,2021-11-14,JAX,IND,17.0,23.0,6.0,10.5,1,True,0.7454684160353806,IND,0.7454684160353806,IND,True,0.15947433548030304,0.018651203730378468,60.8,-0.030011975835162574,0.11771465689825007,62.6,0.18948631131546562,-0.0990634531678716,-1.8000000000000043,3
2021_10_CLE_NE,2021,10,2021-11-14,CLE,NE,7.0,45.0,38.0,2.5,0,True,0.6050492662357304,NE,0.6050492662357304,NE,True,0.08097195800505813,-0.05695841350550186,62.2,0.09516023420978498,0.07586083385383893,58.6,-0.014188276204726846,-0.1328192473593408,3.6000000000000014,0
2021_10_BUF_NYJ,2021,10,2021-11-14,BUF,NYJ,45.0,17.0,-28.0,-13.0,1,True,0.31978139953622764,BUF,0.6802186004637724,BUF,True,0.027312537256232457,0.23148460957021708,65.2,0.09367226251301257,-0.21295402132707753,65.2,-0.0663597252567801,0.44443863089729463,0.0,3
2021_10_NO_TEN,2021,10,2021-11-14,NO,TEN,21.0,23.0,2.0,3.0,0,True,0.6909786573219933,TEN,0.6909786573219933,TEN,True,0.14473333535647961,-0.08526383735210499,59.0,0.01702755987459095,0.006968722982312839,65.4,0.12770577548188866,-0.09223256033441783,-6.400000000000006,0
2021_10_TB_WAS,2021,10,2021-11-14,TB,WAS,19.0,29.0,10.0,-10.0,0,True,0.2781024748241674,TB,0.7218975251758326,WAS,False,-0.03823158740739459,0.10780575612721362,66.8,0.19975586180841556,-0.09606218199064775,67.4,-0.23798744921581017,0.20386793811786136,-0.6000000000000085,0
2021_10_CAR_ARI,2021,10,2021-11-14,CAR,ARI,34.0,10.0,-24.0,7.0,0,True,0.8495589424695151,ARI,0.8495589424695151,CAR,False,0.12876871770909182,-0.1867026437810983,62.4,-0.2720718938261727,-0.11151021701120341,65.6,0.4008406115352645,-0.07519242676989489,-3.1999999999999957,0
2021_10_MIN_LAC,2021,10,2021-11-14,MIN,LAC,27.0,20.0,-7.0,3.0,0,True,0.5922527514357374,LAC,0.5922527514357374,MIN,False,0.05761368145252841,0.06441538021814933,63.4,-0.06064923261532823,-0.08330525988903337,64.4,0.11826291406785663,0.1477206401071827,-1.000000000000007,0
2021_10_PHI_DEN,2021,10,2021-11-14,PHI,DEN,30.0,13.0,-17.0,1.0,0,True,0.5641162818763457,DEN,0.5641162818763457,PHI,False,0.096868547868475,0.1033951053740215,61.6,0.05004488673975869,0.021735774012741647,58.8,0.04682366112871631,0.08165933136127984,2.8000000000000043,0
2021_10_SEA_GB,2021,10,2021-11-14,SEA,GB,0.0,17.0,17.0,3.0,0,True,0.6687759988807589,GB,0.6687759988807589,GB,True,0.11059266040782452,-0.03537708336322782,59.8,-0.058832057142287175,-0.0002276952300056756,56.0,0.16942471755011168,-0.035149388133222145,3.799999999999997,-7
2021_10_KC_LV,2021,10,2021-11-14,KC,LV,41.0,14.0,-27.0,-2.5,1,True,0.6204182910939539,LV,0.6204182910939539,KC,False,0.024084399905772914,0.005898352722054569,59.4,-0.05452278081998746,0.06210448178433292,72.2,0.07860718072576037,-0.05620612906227835,-12.800000000000004,0
2021_10_LA_SF,2021,10,2021-11-15,LA,SF,10.0,31.0,21.0,-3.5,1,True,0.38818776433864943,LA,0.6118122356613506,SF,False,-0.0026443545636544415,0.0314852911374177,58.4,0.10657576324000613,-0.09361230154378426,66.2,-0.10922011780366057,0.12509759268120196,-7.800000000000004,0
2021_11_NE_ATL,2021,11,2021-11-18,NE,ATL,25.0,0.0,-25.0,-7.0,0,True,0.28774597656745476,NE,0.7122540234325452,NE,True,-0.055568837914977375,0.049407073144088196,58.6,0.17687602641749317,-0.13130237495356392,62.2,-0.23244486433247055,0.1807094480976521,-3.6000000000000014,0
2021_11_IND_BUF,2021,11,2021-11-21,IND,BUF,41.0,15.0,-26.0,7.5,0,True,0.6362603259227884,BUF,0.6362603259227884,IND,False,0.16256680766678885,-0.0801279959419594,61.4,0.08779882316691288,-0.0422285138198857,59.8,0.07476798449987597,-0.037899482122073704,1.6000000000000014,0
2021_11_WAS_CAR,2021,11,2021-11-21,WAS,CAR,27.0,21.0,-6.0,3.5,0,True,0.5524587618760544,CAR,0.5524587618760544,WAS,False,-0.21156093173428644,-0.1761305373793393,65.6,-0.07853169976775735,0.08292172527717495,68.6,-0.1330292319665291,-0.25905226265651426,-3.0,0
2021_11_BAL_CHI,2021,11,2021-11-21,BAL,CHI,16.0,13.0,-3.0,-5.0,0,True,0.4977649604858474,BAL,0.5022350395141526,BAL,True,-0.040525493942070806,0.1383817234363868,61.2,0.007899258958017208,0.08067876918141634,73.2,-0.04842475290008801,0.05770295425497046,-12.0,3
2021_11_DET_CLE,2021,11,2021-11-21,DET,CLE,10.0,13.0,3.0,13.0,0,True,0.6675475912012042,CLE,0.6675475912012042,CLE,True,-0.0013964236080576732,0.11383548696427297,56.6,-0.1608975619246126,0.08302974535463206,63.4,0.15950113831655494,0.030805741609640905,-6.799999999999997,0
2021_11_SF_JAX,2021,11,2021-11-21,SF,JAX,30.0,10.0,-20.0,-6.5,0,True,0.48303107681929974,SF,0.5169689231807002,SF,True,-0.06943170718679749,0.04288532185191401,64.2,0.0125140768906536,0.0021563530240683248,56.4,-0.0819457840774511,0.040728968827845685,7.800000000000004,1
2021_11_GB_MIN,2021,11,2021-11-21,GB,MIN,31.0,34.0,3.0,-1.0,1,True,0.47926297080450525,GB,0.5207370291954947,MIN,False,0.01866797001363078,-0.09420402697713867,65.8,0.09592942141682162,-0.09847377390298706,61.4,-0.07726145140319084,0.004269746925848389,4.399999999999999,0
2021_11_MIA_NYJ,2021,11,2021-11-21,MIA,NYJ,24.0,17.0,-7.0,-3.5,1,True,0.36925771627953363,MIA,0.6307422837204664,MIA,True,-0.012086638274732161,0.31934901952855443,67.4,-0.02535770749443026,-0.06607164759839114,67.0,0.0132710692196981,0.38542066712694556,0.4000000000000057,-3
2021_11_NO_PHI,2021,11,2021-11-21,NO,PHI,29.0,40.0,11.0,2.5,0,True,0.6111545932580675,PHI,0.6111545932580675,PHI,True,0.12807423079698038,0.02930825626988155,59.0,0.014192650222640962,-0.05365559483593481,64.8,0.11388158057433942,0.08296385110581636,-5.799999999999997,0
2021_11_HOU_TEN,2021,11,2021-11-21,HOU,TEN,22.0,13.0,-9.0,10.5,1,True,0.7557203034079413,TEN,0.7557203034079413,HOU,False,0.07921375653126554,-0.05018705595140387,58.0,-0.1829228481867341,0.0921443798666252,60.8,0.26213660471799966,-0.14233143581802907,-2.799999999999997,-7
2021_11_CIN_LV,2021,11,2021-11-21,CIN,LV,32.0,13.0,-19.0,-1.0,0,True,0.48439658564439136,CIN,0.5156034143556086,CIN,True,0.03792768054251625,0.0745132401790087,58.4,0.04382334161862372,0.03908536146523511,63.4,-0.005895661076107471,0.03542787871377359,-5.0,-7
2021_11_DAL_KC,2021,11,2021-11-21,DAL,KC,9.0,19.0,10.0,2.5,0,True,0.4970585346172361,DAL,0.502941465382764,KC,False,0.0550265727514313,-0.04104948764987908,71.2,0.07765830729986996,-0.13411743190987502,70.8,-0.022631734548438656,0.09306794425999594,0.4000000000000057,0
2021_11_ARI_SEA,2021,11,2021-11-21,ARI,SEA,23.0,13.0,-10.0,2.5,1,True,0.37275225559447095,ARI,0.6272477444055291,ARI,True,-0.10565498698297585,-0.0037065618726440015,57.4,0.01539970943547182,-0.15120283821777333,61.6,-0.12105469641844767,0.14749627634512932,-4.200000000000003,0
2021_11_PIT_LAC,2021,11,2021-11-21,PIT,LAC,37.0,41.0,4.0,5.5,0,True,0.4932434064835074,PIT,0.5067565935164926,LAC,False,0.023349584225491635,0.1379865153506149,59.8,0.01594659963685831,-0.0011068587606957697,68.8,0.007402984588633324,0.13909337411131067,-9.0,0
2021_11_NYG_TB,2021,11,2021-11-22,NYG,TB,10.0,30.0,20.0,11.5,0,True,0.7645564427884084,TB,0.7645564427884084,TB,True,0.17592148835147794,-0.07090169591238668,62.6,-0.12130983980631646,-0.009060204105394577,62.0,0.2972313281577944,-0.061841491806992104,0.6000000000000014,-7
2021_12_CHI_DET,2021,12,2021-11-25,CHI,DET,16.0,14.0,-2.0,-2.0,1,True,0.4707976998350222,CHI,0.5292023001649778,CHI,True,-0.16875039123722463,0.08302222617991792,59.8,-0.04876062098207104,0.15654746339933404,61.0,-0.11998977025515359,-0.07352523721941612,-1.2000000000000028,0
2021_12_LV_DAL,2021,12,2021-11-25,LV,DAL,36.0,33.0,-3.0,7.0,0,True,0.6305338364325547,DAL,0.6305338364325547,LV,False,-0.009825847218072952,-0.12257287961166718,68.8,0.01855776388751066,0.07747315682303928,55.6,-0.028383611105583614,-0.20004603643470648,13.199999999999996,0
2021_12_BUF_NO,2021,12,2021-11-25,BUF,NO,31.0,6.0,-25.0,-7.0,0,True,0.4510538205763688,BUF,0.5489461794236312,BUF,True,-0.04750555386177257,-0.02340896661610308,66.4,0.09466979780289123,0.004833430127935296,62.2,-0.1421753516646638,-0.028242396744038376,4.200000000000003,0
2021_12_PIT_CIN,2021,12,2021-11-28,PIT,CIN,10.0,41.0,31.0,3.5,1,True,0.6240681793157188,CIN,0.6240681793157188,CIN,True,0.04510187734032301,-0.04347912112534825,64.2,-0.015702806214392552,0.03992256315539187,69.8,0.06080468355471556,-0.08340168428074012,-5.599999999999994,0
2021_12_NYJ_HOU,2021,12,2021-11-28,NYJ,HOU,21.0,14.0,-7.0,3.0,0,True,0.45437539348769057,NYJ,0.5456246065123094,NYJ,True,-0.23753491375689392,0.05166022469875862,62.0,0.008127497599294825,0.31643326562546337,68.6,-0.24566241135618874,-0.26477304092670473,-6.599999999999994,0
2021_12_TB_IND,2021,12,2021-11-28,TB,IND,38.0,31.0,-7.0,-3.0,0,True,0.4919759045425604,TB,0.5080240954574395,TB,True,0.08465335635735391,0.0049972743533782255,63.6,0.09254713228917971,-0.14211179860378187,64.0,-0.007893775931825803,0.14710907295716008,-0.3999999999999986,1
2021_12_ATL_JAX,2021,12,2021-11-28,ATL,JAX,21.0,14.0,-7.0,-1.5,0,True,0.6634260343786998,JAX,0.6634260343786998,ATL,False,-0.07624824121940102,0.030909133832621782,59.6,-0.21701530754430368,0.043947862019579946,54.2,0.14076706632490266,-0.013038728186958164,5.399999999999999,-3
2021_12_CAR_MIA,2021,12,2021-11-28,CAR,MIA,10.0,33.0,23.0,-1.0,0,True,0.6197031554242255,MIA,0.6197031554242255,MIA,True,-0.015869893050042598,-0.06984961844184848,66.8,-0.12672948620032223,-0.15180782785782626,61.6,0.11085959315027963,0.08195820941597778,5.199999999999996,0
2021_12_TEN_NE,2021,12,2021-11-28,TEN,NE,13.0,36.0,23.0,7.5,0,True,0.7789106598367692,NE,0.7789106598367692,NE,True,0.16770380056467732,-0.2857739676965029,63.8,-0.008552198341361405,-0.09060424034548147,63.8,0.1762559989060387,-0.1951697273510214,0.0,3
2021_12_PHI_NYG,2021,12,2021-11-28,PHI,NYG,7.0,13.0,6.0,-4.0,1,True,0.2769670225827559,PHI,0.7230329774172441,NYG,False,-0.1720257786640767,-0.02302395632022673,60.0,0.12511103817606817,-0.058411985709797144,64.4,-0.29713681684014487,0.03538802938957042,-4.400000000000006,-1
2021_12_LAC_DEN,2021,12,2021-11-28,LAC,DEN,13.0,28.0,15.0,-2.5,1,True,0.5680155929087835,DEN,0.5680155929087835,DEN,True,0.017924074969021552,0.10274807339120502,60.8,0.030060772053103025,0.07320767430983996,59.2,-0.012136697084081473,0.029540399081365062,1.5999999999999943,7
2021_12_LA_GB,2021,12,2021-11-28,LA,GB,28.0,36.0,8.0,-2.0,0,True,0.6136132924801577,GB,0.6136132924801577,GB,True,0.1376561403610476,-0.045490099971085406,61.4,0.020411915246112973,-0.04539028377130322,63.8,0.11724422511493462,-9.981619978218642e-05,-2.3999999999999986,-6
2021_12_MIN_SF,2021,12,2021-11-28,MIN,SF,26.0,34.0,8.0,3.5,0,True,0.5698282631234175,SF,0.5698282631234175,SF,True,0.08752407200638697,-0.014947783897308664,57.4,0.088005372058886,0.03675869021747252,66.2,-0.00048130005249903685,-0.05170647411478119,-8.800000000000004,0
2021_12_CLE_BAL,2021,12,2021-11-28,CLE,BAL,10.0,16.0,6.0,3.0,1,True,0.4700271893651079,CLE,0.5299728106348921,BAL,False,-0.0677434746729548,0.01092158856560534,73.8,0.04027385421201904,0.020557531900129218,58.4,-0.10801732888497384,-0.009635943334523878,15.399999999999999,0
2021_12_SEA_WAS,2021,12,2021-11-29,SEA,WAS,15.0,17.0,2.0,-1.0,0,True,0.6118489363482615,WAS,0.6118489363482615,WAS,True,-0.009755525217640604,0.08601853155413648,65.8,-0.11212144843485357,-0.010682474959862109,55.2,0.10236592321721297,0.09670100651399859,10.599999999999994,0
2021_13_DAL_NO,2021,13,2021-12-02,DAL,NO,27.0,17.0,-10.0,-6.0,0,True,0.443484340888736,DAL,0.556515659111264,DAL,True,-0.08588053941965798,0.030644012833136353,64.6,-0.025291067321836093,-0.10578053903367794,66.2,-0.06058947209782189,0.1364245518668143,-1.6000000000000085,0
2021_13_TB_ATL,2021,13,2021-12-05,TB,ATL,30.0,17.0,-13.0,-11.0,1,True,0.24632452842257752,TB,0.7536754715774225,TB,True,-0.21857138787513955,0.02014776897698227,53.4,0.05856334941280368,-0.14975907561582977,62.4,-0.27713473728794324,0.16990684459281202,-9.0,0
2021_13_ARI_CHI,2021,13,2021-12-05,ARI,CHI,33.0,22.0,-11.0,-7.5,0,True,0.3908689092336928,ARI,0.6091310907663072,ARI,True,-0.04301986595747958,0.101338888074442,62.8,0.006672124502072063,-0.12035510132696374,63.8,-0.049691990459551645,0.22169398940140572,-1.0,-4
2021_13_LAC_CIN,2021,13,2021-12-05,LAC,CIN,41.0,22.0,-19.0,2.5,0,True,0.5845128965528856,CIN,0.5845128965528856,LAC,False,0.043531081726431914,-0.0726024979044165,64.2,0.09443302591434921,0.08624549257728709,61.6,-0.0509019441879173,-0.1588479904817036,2.6000000000000014,0
2021_13_MIN_DET,2021,13,2021-12-05,MIN,DET,27.0,29.0,2.0,-7.0,1,True,0.4262983196438237,MIN,0.5737016803561763,DET,False,-0.1424912812844201,0.052740336702484555,56.6,0.0452906194353085,0.11592220087540701,59.8,-0.1877819007197286,-0.06318186417292246,-3.1999999999999957,3
2021_13_IND_HOU,2021,13,2021-12-05,IND,HOU,31.0,0.0,-31.0,-10.0,1,True,0.29044820066344446,IND,0.7095517993365555,IND,True,-0.24820642107485685,-0.014695712886410467,58.2,0.10055326620196028,0.07924630302522914,64.8,-0.34875968727681717,-0.09394201591163961,-6.599999999999994,0
2021_13_NYG_MIA,2021,13,2021-12-05,NYG,MIA,9.0,20.0,11.0,6.5,0,True,0.6785687489011778,MIA,0.6785687489011778,MIA,True,-0.023232670893678975,-0.15582222990713473,66.8,-0.13019944145718323,-0.09408052118451123,56.6,0.10696677056350426,-0.06174170872262351,10.199999999999996,0
2021_13_PHI_NYJ,2021,13,2021-12-05,PHI,NYJ,33.0,18.0,-15.0,-5.0,0,True,0.3869053112491572,PHI,0.6130946887508428,PHI,True,0.02161284064147583,0.16581097869235686,68.6,0.08148455080046871,-0.12039480951009351,63.6,-0.05987171015899288,0.28620578820245035,4.999999999999993,0
2021_13_JAX_LA,2021,13,2021-12-05,JAX,LA,7.0,37.0,30.0,14.0,0,True,0.6102723105387047,LA,0.6102723105387047,LA,True,-0.036248552969599446,0.022246260036567225,63.0,-0.09666675109073208,0.02573749670909862,61.6,0.06041819812113264,-0.0034912366725313934,1.3999999999999986,0
2021_13_WAS_LV,2021,13,2021-12-05,WAS,LV,17.0,15.0,-2.0,1.0,0,True,0.4988147666889756,WAS,0.5011852333110244,WAS,True,-0.032026040455614316,0.0946197670701132,60.6,0.028906846525685086,0.04216386679175304,69.8,-0.0609328869812994,0.05245590027836016,-9.199999999999996,4
2021_13_BAL_PIT,2021,13,2021-12-05,BAL,PIT,19.0,20.0,1.0,-4.0,1,True,0.536446913582041,PIT,0.536446913582041,PIT,True,-0.07785980981020071,0.08861493057110367,67.6,-0.10553100782312504,0.03663120161667248,75.4,0.027671198012924322,0.051983728954431194,-7.800000000000011,0
2021_13_SF_SEA,2021,13,2021-12-05,SF,SEA,23.0,30.0,7.0,-3.0,1,True,0.28731837024917006,SF,0.7126816297508299,SEA,False,-0.12047022087302928,-0.005810542210263174,52.0,0.16716371706028058,-0.022871705476372173,59.8,-0.2876339379333098,0.017061163266109,-7.799999999999997,-1
2021_13_DEN_KC,2021,13,2021-12-05,DEN,KC,9.0,22.0,13.0,8.5,1,True,0.6182203008329167,KC,0.6182203008329167,KC,True,0.015386158028898225,-0.05952819195440166,68.4,0.04289508116244446,0.03673287877027688,56.8,-0.027508923133546238,-0.09626107072467854,11.600000000000009,7
2021_13_NE_BUF,2021,13,2021-12-06,NE,BUF,14.0,10.0,-4.0,3.0,1,True,0.47249768632199135,NE,0.5275023136780086,NE,True,0.10006828171603792,-0.11371804935884593,59.8,0.11940755391841676,-0.2803606077923494,61.0,-0.01933927220237884,0.16664255843350345,-1.2000000000000028,3
2021_14_PIT_MIN,2021,14,2021-12-09,PIT,MIN,28.0,36.0,8.0,3.5,0,True,0.6980490370755028,MIN,0.6980490370755028,MIN,True,0.10081353939944815,0.09622479470292238,62.4,-0.06682424424277994,0.11999542463310461,65.0,0.1676377836422281,-0.023770629930182238,-2.6000000000000014,0
2021_14_ATL_CAR,2021,14,2021-12-12,ATL,CAR,29.0,21.0,-8.0,2.5,1,True,0.7087443575917067,CAR,0.7087443575917067,ATL,False,-0.11847742350078883,-0.11640213862346487,60.0,-0.18391813073410576,0.04949505741356856,57.2,0.06544070723331694,-0.16589719603703343,2.799999999999997,7
2021_14_BAL_CLE,2021,14,2021-12-12,BAL,CLE,22.0,24.0,2.0,3.0,1,True,0.5990798576238425,CLE,0.5990798576238425,CLE,True,-0.046204946318024805,-0.027679193202068898,56.6,-0.06646783447336205,-0.001201464725771001,75.2,0.020262888155337243,-0.026477728476297896,-18.6,7
2021_14_SEA_HOU,2021,14,2021-12-12,SEA,HOU,33.0,13.0,-20.0,-10.0,0,True,0.42651753773184686,SEA,0.5734824622681531,SEA,True,-0.28089660174872594,-0.008543733971924284,58.4,-0.10809831413299678,0.024105576420020907,54.6,-0.17279828761572916,-0.03264931039194519,3.799999999999997,0
2021_14_LV_KC,2021,14,2021-12-12,LV,KC,9.0,48.0,39.0,10.0,1,True,0.7260596149498753,KC,0.7260596149498753,KC,True,0.027542450538895046,-0.1243684784662517,65.4,-0.08722649278727003,0.09308411055276072,59.6,0.11476894332616508,-0.21745258901901243,5.800000000000004,0
2021_14_NO_NYJ,2021,14,2021-12-12,NO,NYJ,30.0,9.0,-21.0,-4.5,0,True,0.5917207028389216,NYJ,0.5917207028389216,NO,False,0.012792817103331359,0.20701574074871595,64.4,-0.14901389084192612,0.015334792042237705,64.2,0.16180670794525748,0.19168094870647825,0.20000000000000284,-3
2021_14_JAX_TEN,2021,14,2021-12-12,JAX,TEN,0.0,20.0,20.0,8.5,1,True,0.6932768026928257,TEN,0.6932768026928257,TEN,True,-0.06421799465226725,-0.023512550789366288,63.6,-0.14309797183514933,0.06732583375694272,58.0,0.07887997718288207,-0.090838384546309,5.600000000000001,7
2021_14_DAL_WAS,2021,14,2021-12-12,DAL,WAS,27.0,20.0,-7.0,-6.5,1,True,0.5592743772870464,WAS,0.5592743772870464,DAL,False,0.05396151598352876,0.01933105936847171,68.2,-0.051801036054490365,-0.11359146198414613,65.0,0.10576255203801913,0.13292252135261784,3.200000000000003,-3
2021_14_DET_DEN,2021,14,2021-12-12,DET,DEN,10.0,38.0,28.0,13.0,0,True,0.7100462921888483,DEN,0.7100462921888483,DEN,True,-0.006205468130488575,-0.01790057599711984,61.6,-0.17192650818732075,0.026691521002835682,57.4,0.16572104005683216,-0.04459209699995552,4.200000000000003,0
2021_14_NYG_LAC,2021,14,2021-12-12,NYG,LAC,21.0,37.0,16.0,9.5,0,True,0.7284242553800292,LAC,0.7284242553800292,LAC,True,0.1034972257981027,0.034714278779097184,62.6,-0.14132304876843885,-0.029668543841822444,56.2,0.24482027456654154,0.06438282262091963,6.399999999999999,0
2021_14_SF_CIN,2021,14,2021-12-12,SF,CIN,26.0,23.0,-3.0,-2.5,0,True,0.4304667995390907,SF,0.5695332004609093,SF,True,-0.07428597850555356,-0.0412350856632236,66.2,0.07339999902174399,-0.05302533477514619,60.6,-0.14768597752729756,0.011790249111922592,5.600000000000001,0
2021_14_BUF_TB,2021,14,2021-12-12,BUF,TB,27.0,33.0,6.0,3.5,0,True,0.5765459273174625,TB,0.5765459273174625,TB,True,0.07193918940456412,-0.07295219404180109,61.8,0.0527741128168915,-0.08881638580995048,58.0,0.019165076587672622,0.01586419176814939,3.799999999999997,1
2021_14_CHI_GB,2021,14,2021-12-12,CHI,GB,30.0,45.0,15.0,11.5,1,True,0.7410808626178976,GB,0.7410808626178976,GB,True,0.1338511680701026,-0.04813016472291666,66.4,0.010433013781258087,0.09753063965285122,64.2,0.12341815428884452,-0.1456608043757679,2.200000000000003,7
2021_14_LA_ARI,2021,14,2021-12-13,LA,ARI,30.0,23.0,-7.0,3.0,1,True,0.5601909629948014,ARI,0.5601909629948014,LA,False,0.003523928071837756,-0.06221946251599636,60.8,-0.023739580711558468,-0.06893665756262536,64.2,0.027263508783396225,0.0067171950466290015,-3.4000000000000057,0
2021_15_KC_LAC,2021,15,2021-12-16,KC,LAC,34.0,28.0,-6.0,-3.0,1,True,0.47598441434632677,KC,0.5240155856536732,KC,True,0.08934461357504395,-0.024203958530815098,63.2,0.09459149597753823,-0.17268356899299825,61.0,-0.005246882402494282,0.14847961046218316,2.200000000000003,0
2021_15_NE_IND,2021,15,2021-12-18,NE,IND,17.0,27.0,10.0,-1.0,0,True,0.4947473511318998,NE,0.5052526488681002,IND,False,0.16221682614587224,-0.06517350392186896,64.2,0.12641633786268178,-0.31291017780794245,55.6,0.03580048828319046,0.24773667388607348,8.600000000000001,1
2021_15_CAR_BUF,2021,15,2021-12-19,CAR,BUF,14.0,31.0,17.0,14.0,0,True,0.7442109555515534,BUF,0.7442109555515534,BUF,True,0.10113017462953619,-0.013024223690313131,60.2,-0.16557918431902577,-0.06392066358536849,58.2,0.26670935894856196,0.050896439895055365,2.0,0
2021_15_ARI_DET,2021,15,2021-12-19,ARI,DET,12.0,30.0,18.0,-13.0,0,True,0.44275128383126033,ARI,0.5572487161687396,DET,False,-0.11720712665879889,0.030944366040168474,58.0,-0.018609445545036872,-0.03552509062411252,64.8,-0.09859768111376202,0.066469456664281,-6.799999999999997,1
2021_15_HOU_JAX,2021,15,2021-12-19,HOU,JAX,30.0,16.0,-14.0,6.0,1,True,0.5824623503651806,JAX,0.5824623503651806,HOU,False,-0.18760196665956258,0.10801622346475907,57.0,-0.285540296918862,0.01676414441864076,61.6,0.09793833025929943,0.09125207904611832,-4.600000000000001,0
2021_15_NYJ_MIA,2021,15,2021-12-19,NYJ,MIA,24.0,31.0,7.0,10.5,1,True,0.7851353781704175,MIA,0.7851353781704175,MIA,True,-0.0060574160656073645,-0.19757345479470284,67.2,-0.09458743487469708,0.1486495579680097,61.8,0.08853001880908971,-0.3462230127627125,5.400000000000006,7
2021_15_DAL_NYG,2021,15,2021-12-19,DAL,NYG,21.0,6.0,-15.0,-11.5,1,True,0.34617738737114345,DAL,0.6538226126288565,DAL,True,-0.1443167577996169,0.011769715241945977,58.4,-0.04845070336586606,-0.2377034626189793,68.4,-0.09586605443375083,0.24947317786092527,-10.000000000000007,0
2021_15_TEN_PIT,2021,15,2021-12-19,TEN,PIT,13.0,19.0,6.0,1.0,0,True,0.4931726673274509,TEN,0.5068273326725491,PIT,False,-0.0865136203632798,0.09658025474176413,66.2,-0.07651790025579705,-0.08164783296249396,63.4,-0.009995720107482745,0.17822808770425808,2.8000000000000043,3
2021_15_CIN_DEN,2021,15,2021-12-19,CIN,DEN,15.0,10.0,-5.0,3.0,0,True,0.6288251423802985,DEN,0.6288251423802985,CIN,False,0.02896604901564212,-0.04084277930563398,64.4,-0.055884435944928604,-0.028037650448250163,68.4,0.08485048496057072,-0.012805128857383816,-4.0,0
2021_15_ATL_SF,2021,15,2021-12-19,ATL,SF,13.0,31.0,18.0,9.5,0,True,0.8212704175485894,SF,0.8212704175485894,SF,True,0.11967820533647618,-0.0790711924663037,63.2,-0.1957667644732053,0.029085154684717784,58.8,0.31544496980968145,-0.10815634715102149,4.400000000000006,0
2021_15_GB_BAL,2021,15,2021-12-19,GB,BAL,31.0,30.0,-1.0,-9.5,0,True,0.30890705645816396,GB,0.691092943541836,GB,True,-0.10848031013820263,-0.049731354292464044,71.2,0.181131638283694,-0.08387716920470888,64.6,-0.28961194842189664,0.03414581491224483,6.6000000000000085,0
2021_15_NO_TB,2021,15,2021-12-19,NO,TB,9.0,0.0,-9.0,11.5,1,True,0.7154033450574753,TB,0.7154033450574753,NO,False,0.11210054391984277,-0.06707660784797843,65.0,-0.10465939459940454,-0.07046063527875165,63.6,0.2167599385192473,0.0033840274307732204,1.3999999999999986,0
2021_15_LV_CLE,2021,15,2021-12-20,LV,CLE,16.0,14.0,-2.0,-3.0,0,True,0.7246187021689456,CLE,0.7246187021689456,LV,False,-0.03960423256300051,-0.06020669003988009,56.8,-0.13735994338393734,0.1726934637664052,58.4,0.09775571082093683,-0.23290015380628531,-1.6000000000000014,0
2021_15_MIN_CHI,2021,15,2021-12-20,MIN,CHI,17.0,9.0,-8.0,-7.0,1,True,0.43048074019918064,MIN,0.5695192598008194,MIN,True,-0.03336113611660239,0.06783427810607899,62.4,0.0665952162705305,0.059002904997532725,65.4,-0.09995635238713288,0.008831373108546266,-3.000000000000007,-3
2021_15_SEA_LA,2021,15,2021-12-21,SEA,LA,10.0,20.0,10.0,7.5,1,True,0.5973132267293569,LA,0.5973132267293569,LA,True,-0.02353229935218385,-0.057561257517970296,61.8,-0.04576879473352171,0.025947067669744917,55.8,0.02223649538133786,-0.08350832518771521,6.0,-1
2021_15_WAS_PHI,2021,15,2021-12-21,WAS,PHI,17.0,27.0,10.0,10.0,1,True,0.6836292405182659,PHI,0.6836292405182659,PHI,True,0.08053475548644207,-0.037984737517269516,65.0,-0.03418680323169569,-0.025271239125368317,67.2,0.11472155871813776,-0.0127134983919012,-2.200000000000003,7
2021_16_SF_TEN,2021,16,2021-12-23,SF,TEN,17.0,20.0,3.0,-3.5,0,True,0.35360568582579954,SF,0.6463943141742005,TEN,False,-0.10173997632407077,-0.08158410526606774,68.0,0.14581607327772456,-0.08243270972070589,61.8,-0.24755604960179534,0.0008486044546381494,6.200000000000003,0
2021_16_CLE_GB,2021,16,2021-12-25,CLE,GB,22.0,24.0,2.0,7.5,0,True,0.8200278423581432,GB,0.8200278423581432,GB,True,0.25379646766670083,-0.011204492660102644,64.0,-0.10597218441093215,0.0015958298926087564,58.2,0.359768652077633,-0.0128003225527114,5.799999999999997,0
2021_16_IND_ARI,2021,16,2021-12-25,IND,ARI,22.0,16.0,-6.0,3.0,0,True,0.35406442017221773,IND,0.6459355798277823,IND,True,-0.10921973352472558,-0.002740181206308899,66.0,0.07465881493355706,-0.12227775969217822,62.2,-0.18387854845828264,0.11953757848586932,3.799999999999997,0
2021_16_DET_ATL,2021,16,2021-12-26,DET,ATL,16.0,20.0,4.0,7.5,0,True,0.49014489931962313,DET,0.5098551006803769,ATL,False,-0.1501504083514579,0.04958702301877728,59.8,-0.08618654375423665,0.016108216882250847,56.8,-0.06396386459722125,0.03347880613652643,3.0,0
2021_16_TB_CAR,2021,16,2021-12-26,TB,CAR,32.0,6.0,-26.0,-11.5,1,True,0.3551227693349872,TB,0.6448772306650128,TB,True,-0.10578317584528858,-0.03216123138249319,61.4,0.055558454187804716,-0.1330696845598052,70.2,-0.1613416300330933,0.10090845317731201,-8.800000000000004,0
2021_16_BAL_CIN,2021,16,2021-12-26,BAL,CIN,21.0,41.0,20.0,7.5,1,True,0.613526843317952,CIN,0.613526843317952,CIN,True,0.0008550428771648702,-0.1221799703451661,64.4,-0.011975042360919775,0.03300487898074127,71.2,0.012830085238084646,-0.15518484932590737,-6.799999999999997,0
2021_16_LAC_HOU,2021,16,2021-12-26,LAC,HOU,29.0,41.0,12.0,-13.5,0,True,0.23930581244428079,LAC,0.7606941875557192,HOU,False,-0.22794936514185546,0.03994846015853977,59.8,0.11093499478932212,-0.01772154998128673,67.8,-0.3388843599311776,0.0576700101398265,-8.0,-3
2021_16_LA_MIN,2021,16,2021-12-26,LA,MIN,30.0,23.0,-7.0,-3.5,0,True,0.5049027035415213,MIN,0.5049027035415213,LA,False,0.02059298062292045,0.05137518883490953,63.6,0.008361656575692974,-0.0873973219914041,58.8,0.012231324047227477,0.13877251082631364,4.800000000000004,-1
2021_16_BUF_NE,2021,16,2021-12-26,BUF,NE,33.0,21.0,-12.0,1.0,1,True,0.6892622722673402,NE,0.6892622722673402,BUF,False,0.11906259681289635,-0.21374730782831247,57.4,0.03169052177068464,-0.01832756645558891,62.6,0.08737207504221171,-0.19541974137272355,-5.200000000000003,0
2021_16_JAX_NYJ,2021,16,2021-12-26,JAX,NYJ,21.0,26.0,5.0,2.5,0,True,0.668929237466226,NYJ,0.668929237466226,NYJ,True,-0.09559269624124603,0.05124397815489695,58.6,-0.20005275882414106,0.11381282123325895,57.4,0.10446006258289503,-0.062568843078362,1.2000000000000028,0
2021_16_NYG_PHI,2021,16,2021-12-26,NYG,PHI,10.0,34.0,24.0,11.0,1,True,0.7953373852615201,PHI,0.7953373852615201,PHI,True,0.0604626918061173,-0.12245397659362718,67.6,-0.1974302236434347,0.027173222930740547,60.0,0.257892915449552,-0.14962719952436773,7.599999999999994,0
2021_16_CHI_SEA,2021,16,2021-12-26,CHI,SEA,25.0,24.0,-1.0,7.0,0,True,0.6235246759590662,SEA,0.6235246759590662,CHI,False,-0.030432307837902083,-0.0035033005655447673,54.6,-0.08978015521319074,0.04526753173095618,64.6,0.059347847375288657,-0.04877083229650094,-9.999999999999993,1
2021_16_PIT_KC,2021,16,2021-12-26,PIT,KC,10.0,36.0,26.0,10.5,0,True,0.8436548689796639,KC,0.8436548689796639,KC,True,0.15900505047372482,-0.17484593631388007,62.2,-0.10815568381792291,0.07698811911292323,59.0,0.2671607342916477,-0.2518340554268033,3.200000000000003,3
2021_16_DEN_LV,2021,16,2021-12-26,DEN,LV,13.0,17.0,4.0,-1.0,1,True,0.4326657312764366,DEN,0.5673342687235634,LV,False,-0.10638629387148912,0.09068115097680385,61.0,-0.03541242978381938,-0.015522027305206087,64.2,-0.07097386408766974,0.10620317828200994,-3.200000000000003,0
2021_16_WAS_DAL,2021,16,2021-12-26,WAS,DAL,14.0,56.0,42.0,10.5,1,True,0.6279678455792205,DAL,0.6279678455792205,DAL,True,-0.07965517722686759,-0.20831749938334218,68.0,-0.06853996761889625,0.003000215072041451,63.6,-0.01111520960797134,-0.21131771445538364,4.399999999999999,0
2021_16_MIA_NO,2021,16,2021-12-27,MIA,NO,20.0,3.0,-17.0,-3.0,0,True,0.35219279753881366,MIA,0.6478072024611863,MIA,True,-0.1846302666851904,-0.11743993186686685,63.2,0.0271517678785612,-0.1709064000799497,66.2,-0.21178203456375158,0.053466468213082846,-3.0,0
2021_17_LA_BAL,2021,17,2022-01-02,LA,BAL,20.0,19.0,-1.0,-7.0,0,True,0.4287964779625121,LA,0.5712035220374879,LA,True,0.02526168781154663,0.14030714519080917,67.4,0.04308702236197749,-0.13111703694529225,61.8,-0.017825334550430862,0.2714241821361014,5.6000000000000085,0
2021_17_ATL_BUF,2021,17,2022-01-02,ATL,BUF,15.0,29.0,14.0,14.0,0,True,0.699697984961762,BUF,0.699697984961762,BUF,True,0.09117271909436224,-0.05321164757915031,66.4,-0.01125425434741716,0.0783740903440156,58.2,0.1024269734417794,-0.1315857379231659,8.200000000000003,0
2021_17_NYG_CHI,2021,17,2022-01-02,NYG,CHI,3.0,29.0,26.0,7.0,0,True,0.6285928515959973,CHI,0.6285928515959973,CHI,True,-0.06756271883324926,0.0936643878482331,66.8,-0.19271387767666867,0.010279283072015769,63.8,0.12515115884341943,0.08338510477621733,3.0,0
2021_17_KC_CIN,2021,17,2022-01-02,KC,CIN,31.0,34.0,3.0,-3.5,0,True,0.4691623948146719,KC,0.5308376051853281,CIN,False,0.09696226540320195,-0.04740758355474688,64.2,0.126262519677336,-0.1980286770376228,60.8,-0.02930025427413406,0.15062109348287595,3.4000000000000057,0
2021_17_LV_IND,2021,17,2022-01-02,LV,IND,23.0,20.0,-3.0,8.5,0,True,0.7468808793522982,IND,0.7468808793522982,LV,False,0.09838487557507335,-0.10764968785256641,62.8,-0.06975338413018495,0.03622108436208771,64.2,0.1681382597052583,-0.1438707722146541,-1.4000000000000057,1
2021_17_JAX_NE,2021,17,2022-01-02,JAX,NE,10.0,50.0,40.0,17.5,0,True,0.7828727114364731,NE,0.7828727114364731,NE,True,0.03855141417142903,-0.11586193445181936,57.4,-0.16224026142141407,0.10256912892088818,62.8,0.2007916755928431,-0.21843106337270754,-5.399999999999999,0
2021_17_TB_NYJ,2021,17,2022-01-02,TB,NYJ,28.0,24.0,-4.0,-14.5,0,True,0.3528715954527883,TB,0.6471284045472117,TB,True,-0.08051720085447003,0.03318492790769926,58.6,0.07079156925279642,-0.12281993835759368,68.0,-0.15130877010726645,0.15600486626529295,-9.399999999999999,0
2021_17_MIA_TEN,2021,17,2022-01-02,MIA,TEN,3.0,34.0,31.0,3.0,0,True,0.4343069322354738,MIA,0.5656930677645262,TEN,False,-0.0769823985992214,-0.08854871979648546,68.4,0.016791368660296343,-0.25174102008789784,65.8,-0.09377376725951775,0.16319230029141238,2.6000000000000085,4
2021_17_PHI_WAS,2021,17,2022-01-02,PHI,WAS,20.0,16.0,-4.0,-6.5,1,True,0.28710435751938534,PHI,0.7128956424806147,PHI,True,-0.17603707815510436,0.04154458950129037,62.2,0.03808641172047976,-0.1422004503790725,67.4,-0.2141234898755841,0.18374503988036286,-5.200000000000003,0
2021_17_DEN_LAC,2021,17,2022-01-02,DEN,LAC,13.0,34.0,21.0,8.0,1,True,0.5751837986963371,LAC,0.5751837986963371,LAC,True,0.0531028159556227,0.0492777545478796,66.6,-0.0339615123360335,-0.06080593856187324,61.2,0.0870643282916562,0.11008369310975284,5.3999999999999915,0
2021_17_HOU_SF,2021,17,2022-01-02,HOU,SF,7.0,23.0,16.0,14.0,0,True,0.8154805719328774,SF,0.8154805719328774,SF,True,0.12096699435847066,-0.05144074297963754,60.6,-0.14890413971352368,0.0872410396223193,60.0,0.26987113407199437,-0.13868178260195685,0.6000000000000014,3
2021_17_ARI_DAL,2021,17,2022-01-02,ARI,DAL,25.0,22.0,-3.0,6.5,0,True,0.6819824899933336,DAL,0.6819824899933336,ARI,False,0.04106481273137856,-0.2616630347920495,69.6,0.018439854440933177,0.010845008281353074,68.2,0.022624958290445384,-0.2725080430734026,1.3999999999999915,-1
2021_17_CAR_NO,2021,17,2022-01-02,CAR,NO,10.0,18.0,8.0,7.0,1,True,0.5536367004393073,NO,0.5536367004393073,NO,True,-0.2855126061773507,-0.14021948524315173,61.0,-0.1729347292300348,0.1202392078809434,60.8,-0.11257787694731589,-0.26045869312409514,0.20000000000000284,-1
2021_17_DET_SEA,2021,17,2022-01-02,DET,SEA,29.0,51.0,22.0,8.5,0,True,0.6177372089938953,SEA,0.6177372089938953,SEA,True,0.023650142425159577,-0.02478760824218989,55.4,-0.02061065604383936,0.04520462733340268,61.2,0.04426079846899894,-0.06999223557559256,-5.800000000000004,0
2021_17_MIN_GB,2021,17,2022-01-02,MIN,GB,10.0,37.0,27.0,13.0,1,True,0.7470231216782635,GB,0.7470231216782635,GB,True,0.27347876965225804,0.07994665876157384,61.4,-0.04860571725584545,-0.0473525566619602,63.0,0.3220844869081035,0.12729921542353403,-1.6000000000000014,1
2021_17_CLE_PIT,2021,17,2022-01-03,CLE,PIT,14.0,26.0,12.0,-1.0,1,True,0.3825828746133169,CLE,0.6174171253866831,PIT,False,-0.15997002483623218,0.054469879582975236,59.8,-0.03956076718083869,-0.06491912298046006,59.8,-0.1204092576553935,0.11938900256343529,0.0,-1
2021_18_KC_DEN,2021,18,2022-01-08,KC,DEN,28.0,24.0,-4.0,-11.5,1,True,0.28212356384784887,KC,0.7178764361521511,KC,True,-0.08584532198645668,-0.03065425110664712,61.0,0.21377490239375954,-0.07529826812107532,59.6,-0.29962022438021624,0.0446440170144282,1.3999999999999986,0
2021_18_DAL_PHI,2021,18,2022-01-08,DAL,PHI,51.0,26.0,-25.0,-6.5,1,True,0.5069226917917232,PHI,0.5069226917917232,DAL,False,0.06907255770165745,-0.11251156669915383,64.4,0.04150861780912374,-0.24338540748175547,67.2,0.02756393989253371,0.13087384078260164,-2.799999999999997,0
2021_18_PIT_BAL,2021,18,2022-01-09,PIT,BAL,16.0,13.0,-3.0,3.0,1,True,0.5890712537218903,BAL,0.5890712537218903,PIT,False,0.044495352397378576,0.1983298509415335,66.0,-0.11628178624438439,-0.0326785920995243,63.6,0.16077713864176296,0.23100844304105778,2.3999999999999986,1
2021_18_CIN_CLE,2021,18,2022-01-09,CIN,CLE,16.0,21.0,5.0,6.5,1,True,0.41122956293736784,CIN,0.5887704370626321,CLE,False,-0.07589614268713678,-0.0347331188823798,60.4,0.12912105321006065,0.08773739075488705,63.4,-0.2050171958971974,-0.12247050963726686,-3.0,-1
2021_18_GB_DET,2021,18,2022-01-09,GB,DET,30.0,37.0,7.0,-4.0,1,True,0.2860551270183353,GB,0.7139448729816646,DET,False,-0.007507948368497497,0.1176444981226307,64.2,0.2295934011956918,-0.03306296149441532,65.4,-0.2371013495641893,0.150707459617046,-1.2000000000000028,0
2021_18_TEN_HOU,2021,18,2022-01-09,TEN,HOU,28.0,25.0,-3.0,-10.5,1,True,0.3291989411341223,TEN,0.6708010588658777,TEN,True,-0.15440596322915487,0.10335033493829296,61.4,-0.02716083914077023,-0.14387598286852957,64.4,-0.12724512408838465,0.24722631780682253,-3.000000000000007,0
2021_18_IND_JAX,2021,18,2022-01-09,IND,JAX,11.0,26.0,15.0,-14.0,1,True,0.23861468506775751,IND,0.7613853149322425,JAX,False,-0.20950553102134103,0.16497673496094384,57.6,0.04137593762879983,-0.09496773771761076,60.4,-0.2508814686501409,0.2599444726785546,-2.799999999999997,0
2021_18_CHI_MIN,2021,18,2022-01-09,CHI,MIN,17.0,31.0,14.0,3.5,1,True,0.5636051300914532,MIN,0.5636051300914532,MIN,True,-0.07737073563643967,-0.025315685068062022,62.8,-0.11075435268670679,-0.035712496134844215,66.4,0.033383617050267114,0.010396811066782193,-3.6000000000000085,0
2021_18_WAS_NYG,2021,18,2022-01-09,WAS,NYG,22.0,7.0,-15.0,-6.0,1,True,0.46861039834177837,WAS,0.5313896016582216,WAS,True,-0.31780309100444404,0.014730953609679942,63.4,-0.1861086653554118,0.0923670143195342,58.6,-0.13169442564903225,-0.07763606070985427,4.799999999999997,0
2021_18_SEA_ARI,2021,18,2022-01-09,SEA,ARI,38.0,30.0,-8.0,5.5,1,True,0.42360781647847146,SEA,0.5763921835215285,SEA,True,0.014920498436447233,0.051317983374652244,66.8,0.12442005920473287,-0.023331350180382328,60.0,-0.10949956076828564,0.07464933355503457,6.799999999999997,0
2021_18_NO_ATL,2021,18,2022-01-09,NO,ATL,30.0,20.0,-10.0,-4.5,1,True,0.5406774491002344,ATL,0.5406774491002344,NO,False,-0.07587397266872645,0.09846266084515867,56.8,-0.24413387459136526,-0.23044117458075147,60.4,0.16825990192263882,0.3289038354259102,-3.6000000000000014,0
2021_18_NYJ_BUF,2021,18,2022-01-09,NYJ,BUF,10.0,27.0,17.0,16.0,1,True,0.7170110718029539,BUF,0.7170110718029539,BUF,True,0.07892717607788662,-0.028011992157339526,67.8,-0.04407476399318709,0.13871981151115237,58.2,0.1230019400710737,-0.16673180366849188,9.599999999999994,0
2021_18_SF_LA,2021,18,2022-01-09,SF,LA,27.0,24.0,-3.0,3.0,1,True,0.5581895452117743,LA,0.5581895452117743,SF,False,0.08477013853329549,-0.15293633619094352,60.8,0.10291545671821942,-0.08507297832722042,59.8,-0.01814531818492393,-0.06786335786372309,1.0,0
2021_18_NE_MIA,2021,18,2022-01-09,NE,MIA,24.0,33.0,9.0,-6.0,1,True,0.4452598175219906,NE,0.5547401824780094,MIA,False,-0.09107094375615775,-0.2531998057993926,64.4,0.13438587116903977,-0.04364998288031557,60.0,-0.22545681492519754,-0.20954982291907703,4.400000000000006,0
2021_18_CAR_TB,2021,18,2022-01-09,CAR,TB,17.0,41.0,24.0,11.0,1,True,0.8482591406226926,TB,0.8482591406226926,TB,True,0.10193782103143478,-0.09271332950129978,70.0,-0.26356191802698387,0.05373230483957918,63.0,0.36549973905841865,-0.14644563434087896,7.0,0
2021_18_LAC_LV,2021,18,2022-01-09,LAC,LV,32.0,35.0,3.0,-3.5,1,True,0.4000545932529979,LAC,0.599945406747002,LV,False,-0.06881346707006514,0.015804310868392693,61.2,0.08325450341084883,-0.0026060551025435807,66.4,-0.15206797048091397,0.018410365970936274,-5.200000000000003,0
2022_01_BUF_LA,2022,1,2022-09-08,BUF,LA,31.0,10.0,-21.0,-1.0,0,True,0.4440288651966147,BUF,0.5559711348033853,BUF,True,0.044933956842416425,-0.05435071605158217,60.4,0.12293869609233692,-0.13292743796367817,71.6,-0.07800473924992049,0.078576721912096,-11.199999999999996,0
2022_01_NO_ATL,2022,1,2022-09-11,NO,ATL,27.0,26.0,-1.0,-6.0,1,True,0.41521710397189554,NO,0.5847828960281045,NO,True,-0.12285060440304425,0.0855967600394604,52.6,-0.16168794525709518,-0.26646927741941895,60.6,0.038837340854050925,0.3520660374588793,-8.0,0
2022_01_CLE_CAR,2022,1,2022-09-11,CLE,CAR,26.0,24.0,-2.0,2.5,0,True,0.3302035478292804,CLE,0.6697964521707196,CLE,True,-0.24009309541784832,0.09925534453869825,66.2,-0.03762669713958865,-0.04507504036003808,62.0,-0.20246639827825968,0.14433038489873634,4.200000000000003,0
2022_01_SF_CHI,2022,1,2022-09-11,SF,CHI,10.0,19.0,9.0,-6.5,0,True,0.33651102025581064,SF,0.6634889797441894,CHI,False,-0.13203827095564102,-0.039480342713142935,68.2,0.12496964729094825,-0.06485575454495203,62.0,-0.2570079182465893,0.025375411831809094,6.200000000000003,0
2022_01_PIT_CIN,2022,1,2022-09-11,PIT,CIN,23.0,20.0,-3.0,7.5,1,True,0.7066289337037238,CIN,0.7066289337037238,PIT,False,0.14998349025491142,0.08286571913348402,59.4,-0.15149208346412346,-0.09173962961715658,66.6,0.3014755737190349,0.1746053487506406,-7.199999999999996,0
2022_01_PHI_DET,2022,1,2022-09-11,PHI,DET,38.0,35.0,-3.0,-6.0,0,True,0.444218143397344,PHI,0.555781856602656,PHI,True,0.04312123401834581,0.11216296755790514,62.0,0.1267624865819052,0.027475886485023637,65.6,-0.08364125256355939,0.0846870810728815,-3.5999999999999943,0
2022_01_NE_MIA,2022,1,2022-09-11,NE,MIA,7.0,20.0,13.0,3.0,1,True,0.472314350450998,NE,0.527685649549002,MIA,False,-0.10220975103813583,-0.2028480662837539,63.6,0.07509665235619482,-0.023190336970018214,60.4,-0.17730640339433065,-0.1796577293137357,3.200000000000003,0
2022_01_BAL_NYJ,2022,1,2022-09-11,BAL,NYJ,24.0,9.0,-15.0,-6.5,0,True,0.4589149836292952,BAL,0.5410850163707048,BAL,True,-0.1492122217020059,0.09865227597351475,56.2,-0.014565685120253708,0.16311955372179443,66.2,-0.13464653658175219,-0.06446727774827968,-10.0,0
2022_01_JAX_WAS,2022,1,2022-09-11,JAX,WAS,22.0,28.0,6.0,3.0,0,True,0.5091476380778565,WAS,0.5091476380778565,WAS,True,-0.19590801083863085,0.005827834852356562,58.4,-0.11435320988696192,0.058237777388456334,58.8,-0.08155480095166893,-0.05240994253609977,-0.3999999999999986,0
2022_01_KC_ARI,2022,1,2022-09-11,KC,ARI,44.0,21.0,-23.0,-6.0,0,True,0.2678849821215583,KC,0.7321150178784417,KC,True,-0.01389172733106495,0.12150864562620844,70.8,0.269408761711379,-0.04059230196382481,63.6,-0.283300489042444,0.16210094759003324,7.199999999999996,0
2022_01_LV_LAC,2022,1,2022-09-11,LV,LAC,19.0,24.0,5.0,3.5,1,True,0.6955224528541134,LAC,0.6955224528541134,LAC,True,0.10435458997044718,0.040846059314143174,71.8,-0.0785908398750343,0.03601119080786094,64.6,0.18294542984548148,0.0048348685062822305,7.200000000000003,0
2022_01_GB_MIN,2022,1,2022-09-11,GB,MIN,7.0,23.0,16.0,2.5,1,True,0.337885230009567,GB,0.6621147699904331,MIN,False,-0.06634468340272912,-0.06581763883680655,57.4,0.21867936912687586,0.0264709385024628,63.2,-0.28502405252960494,-0.09228857733926935,-5.800000000000004,0
2022_01_NYG_TEN,2022,1,2022-09-11,NYG,TEN,21.0,20.0,-1.0,5.5,0,True,0.8786960325534152,TEN,0.8786960325534152,NYG,False,0.042910801325313996,-0.154447742736524,64.8,-0.37569696442934253,0.01566623279210484,62.8,0.4186077657546565,-0.17011397552862884,2.0,0
2022_01_TB_DAL,2022,1,2022-09-11,TB,DAL,19.0,3.0,-16.0,-2.5,0,True,0.6350333106696359,DAL,0.6350333106696359,TB,False,0.19199755221885118,-0.16972907370777365,66.4,0.11977153038028523,-0.12148499593680415,68.4,0.07222602183856594,-0.04824407777096951,-2.0,0
2022_01_DEN_SEA,2022,1,2022-09-12,DEN,SEA,16.0,17.0,1.0,-6.0,0,True,0.7496811772811803,SEA,0.7496811772811803,SEA,True,0.17282167970966947,-0.028066792243958843,57.8,-0.05113935582920619,0.02497960821097232,57.2,0.22396103553887564,-0.05304640045493116,0.5999999999999943,0
2022_02_LAC_KC,2022,2,2022-09-15,LAC,KC,24.0,27.0,3.0,4.0,1,True,0.7068587322580763,KC,0.7068587322580763,KC,True,0.28382899732516825,0.020436584010175018,66.0,0.07697273432782689,0.027233273699889676,70.8,0.20685626299734136,-0.0067966896897146585,-4.799999999999997,0
2022_02_MIA_BAL,2022,2,2022-09-18,MIA,BAL,42.0,38.0,-4.0,3.0,0,True,0.49271815900010635,MIA,0.5072818409998936,MIA,True,0.017402086186799063,0.1366691828051075,62.6,-0.08776324686037759,-0.21937640343461098,61.6,0.10516533304717665,0.3560455862397185,1.0,0
2022_02_NYJ_CLE,2022,2,2022-09-18,NYJ,CLE,31.0,30.0,-1.0,6.5,0,True,0.6852483126895015,CLE,0.6852483126895015,NYJ,False,-0.020728637800823128,-0.020962897039332167,64.6,-0.12286719248824274,0.07992322097306606,59.6,0.10213855468741961,-0.10088611801239823,4.999999999999993,0
2022_02_WAS_DET,2022,2,2022-09-18,WAS,DET,27.0,36.0,9.0,-1.0,0,True,0.6830650158820771,DET,0.6830650158820771,DET,True,0.09434761953557469,0.11742332074940136,62.6,-0.0948767262111748,0.04568563892807282,59.6,0.18922434574674948,0.07173768182132853,3.0,0
2022_02_IND_JAX,2022,2,2022-09-18,IND,JAX,0.0,24.0,24.0,-3.0,1,True,0.5413228203643187,JAX,0.5413228203643187,JAX,True,-0.01706634126956254,0.060300021843278595,61.2,-0.0492447871090735,-0.005625478206595013,62.0,0.03217844583951096,0.0659255000498736,-0.7999999999999972,0
2022_02_TB_NO,2022,2,2022-09-18,TB,NO,20.0,10.0,-10.0,-2.5,1,True,0.3224444129556932,TB,0.6775555870443069,TB,True,-0.16832465830870194,-0.20481919075897279,58.4,0.08846935327024164,-0.20515931933154138,65.4,-0.25679401157894355,0.00034012857256859874,-7.000000000000007,0
2022_02_CAR_NYG,2022,2,2022-09-18,CAR,NYG,16.0,19.0,3.0,-1.0,0,True,0.4722914061022156,CAR,0.5277085938977844,NYG,False,-0.35762262579964,-0.02302740698225702,61.6,-0.20191337943327148,0.09500201042602396,63.6,-0.15570924636636851,-0.11802941740828099,-2.0,0
2022_02_NE_PIT,2022,2,2022-09-18,NE,PIT,17.0,14.0,-3.0,-3.0,0,True,0.4687069091115209,NE,0.5312930908884791,NE,True,-0.16186291151573262,-0.13577631307537114,64.4,0.024612498642259627,0.023028519061572654,61.4,-0.18647541015799224,-0.1588048321369438,3.000000000000007,0
2022_02_ATL_LA,2022,2,2022-09-18,ATL,LA,27.0,31.0,4.0,10.5,0,True,0.7092083388615231,LA,0.7092083388615231,LA,True,-0.05329746572499221,-0.007205217304889678,62.8,-0.1351473113244879,0.14372444595922598,54.0,0.0818498455994957,-0.15092966326411567,8.799999999999997,3
2022_02_SEA_SF,2022,2,2022-09-18,SEA,SF,7.0,27.0,20.0,8.5,1,True,0.5720427038684739,SF,0.5720427038684739,SF,True,0.06866896021888255,-0.09776075261739312,61.6,0.1081098878753107,0.016834124400021636,55.4,-0.03944092765642815,-0.11459487701741475,6.200000000000003,1
2022_02_CIN_DAL,2022,2,2022-09-18,CIN,DAL,17.0,20.0,3.0,-7.5,0,True,0.6566106680610415,DAL,0.6566106680610415,DAL,True,0.15227402694422362,-0.07548024425809734,63.8,0.08351228787905844,0.03292734012758282,65.6,0.06876173906516518,-0.10840758438568016,-1.7999999999999972,0
2022_02_HOU_DEN,2022,2,2022-09-18,HOU,DEN,9.0,16.0,7.0,10.5,0,True,0.47130876766674684,HOU,0.5286912323332531,DEN,False,-0.08527815387098722,0.055320288355203265,57.0,-0.0004296525454526412,0.05147166848063021,61.0,-0.08484850132553458,0.0038486198745730574,-4.0,-1
2022_02_ARI_LV,2022,2,2022-09-18,ARI,LV,29.0,23.0,-6.0,5.5,0,True,0.5895799733812803,LV,0.5895799733812803,ARI,False,-0.046882243993719264,-0.016981451189634098,63.8,-0.0004059642940328005,0.16225356542319624,68.6,-0.046476279699686464,-0.17923501661283034,-4.799999999999997,0
2022_02_CHI_GB,2022,2,2022-09-18,CHI,GB,10.0,27.0,17.0,10.5,1,True,0.641378489764327,GB,0.641378489764327,GB,True,0.11614085399052872,0.07787498974006021,62.6,-0.11631487853928764,-0.13661085383689547,67.2,0.23245573252981636,0.2144858435769557,-4.600000000000001,0
2022_02_TEN_BUF,2022,2,2022-09-19,TEN,BUF,7.0,41.0,34.0,10.0,0,True,0.7217779852920098,BUF,0.7217779852920098,BUF,True,0.14288659288792,-0.22155187623669717,67.8,0.04112001006075176,-0.06441288483753728,63.4,0.10176658282716823,-0.15713899139915988,4.399999999999999,3
2022_02_MIN_PHI,2022,2,2022-09-19,MIN,PHI,7.0,24.0,17.0,2.5,0,True,0.65497397651937,PHI,0.65497397651937,PHI,True,0.13722548012476085,0.0510115815379504,66.2,-0.04113450373628772,-0.08795877896717483,56.2,0.17835998386104857,0.13897036050512523,10.0,0
2022_03_PIT_CLE,2022,3,2022-09-22,PIT,CLE,17.0,29.0,12.0,4.5,1,True,0.639083895302408,CLE,0.639083895302408,CLE,True,0.042047536702256846,0.03577900472054884,66.8,-0.1259511535340367,-0.06673466355576649,67.4,0.16799869023629355,0.10251366827631533,-0.6000000000000085,0
2022_03_NO_CAR,2022,3,2022-09-25,NO,CAR,14.0,22.0,8.0,-2.0,1,True,0.4541518406916212,NO,0.5458481593083788,CAR,False,-0.17267016418075543,0.04462156768384487,59.8,-0.19170532302834836,-0.1970867541544714,59.6,0.019035158847592937,0.24170832183831628,0.19999999999999574,0
2022_03_HOU_CHI,2022,3,2022-09-25,HOU,CHI,20.0,23.0,3.0,3.0,0,True,0.5608347011165997,CHI,0.5608347011165997,CHI,True,-0.09912205804089531,-0.07576135577877585,61.6,-0.03318932713563858,0.06261037552206519,61.2,-0.06593273090525673,-0.13837173130084104,0.3999999999999986,0
2022_03_KC_IND,2022,3,2022-09-25,KC,IND,17.0,20.0,3.0,-4.5,0,True,0.21965318203749018,KC,0.7803468179625098,IND,False,-0.13721161692522668,0.032885817214606386,61.6,0.2672046292563167,0.0255372050424968,63.0,-0.40441624618154337,0.007348612172109584,-1.3999999999999986,-3
2022_03_BUF_MIA,2022,3,2022-09-25,BUF,MIA,19.0,21.0,2.0,-4.0,1,True,0.3558568313889693,BUF,0.6441431686110307,MIA,False,0.007076779818447265,-0.13138392837628315,62.0,0.16533545587635323,-0.2587823903941135,67.8,-0.15825867605790597,0.12739846201783034,-5.799999999999997,1
2022_03_DET_MIN,2022,3,2022-09-25,DET,MIN,24.0,28.0,4.0,6.5,1,True,0.4682955239665013,DET,0.5317044760334987,MIN,False,-0.06481928020411439,-0.0060959361386670186,56.0,0.0963223585279813,0.16917019573151865,62.0,-0.1611416387320957,-0.17526613187018567,-6.0,-1
2022_03_BAL_NE,2022,3,2022-09-25,BAL,NE,37.0,26.0,-11.0,-2.5,0,True,0.6512435401271769,NE,0.6512435401271769,BAL,False,0.06927601718357808,0.009960676321961539,61.0,0.029173797063467476,0.15478404054628356,60.0,0.0401022201201106,-0.14482336422432202,1.0,0
2022_03_CIN_NYJ,2022,3,2022-09-25,CIN,NYJ,27.0,12.0,-15.0,-6.5,0,True,0.40190961525419694,CIN,0.598090384745803,CIN,True,-0.03340026212792437,0.1438736583900176,62.0,0.09920056477536252,0.06412668178053671,68.8,-0.1326008269032869,0.07974697660948088,-6.799999999999997,0
2022_03_LV_TEN,2022,3,2022-09-25,LV,TEN,22.0,24.0,2.0,-1.5,0,True,0.5865122079217527,TEN,0.5865122079217527,TEN,True,0.005775510789923921,0.029254006710668672,58.4,-0.061092084198708665,-0.006672258402110167,63.2,0.06686759498863258,0.03592626511277884,-4.800000000000004,-1
2022_03_PHI_WAS,2022,3,2022-09-25,PHI,WAS,24.0,8.0,-16.0,-6.0,1,True,0.3613972236511458,PHI,0.6386027763488542,PHI,True,-0.058797673396493624,0.03301980363314016,63.6,0.16204028226607087,0.034240887156204616,65.8,-0.22083795566256448,-0.0012210835230644576,-2.1999999999999957,1
2022_03_JAX_LAC,2022,3,2022-09-25,JAX,LAC,38.0,10.0,-28.0,6.5,0,True,0.6215119771799837,LAC,0.6215119771799837,JAX,False,0.08207335536014868,0.010608905631038137,69.8,0.020322576057508847,-0.023521904927962058,61.4,0.06175077930263983,0.03413081055900019,8.399999999999999,3
2022_03_LA_ARI,2022,3,2022-09-25,LA,ARI,20.0,12.0,-8.0,-3.5,1,True,0.5639431187335117,ARI,0.5639431187335117,LA,False,0.047523678716148716,0.13634013157055647,70.0,-0.03441939036742123,0.007873082422002537,63.6,0.08194306908356995,0.12846704914855392,6.399999999999999,0
2022_03_ATL_SEA,2022,3,2022-09-25,ATL,SEA,27.0,23.0,-4.0,1.0,0,True,0.7335670806686089,SEA,0.7335670806686089,ATL,False,0.08287575658516366,0.039072343052925326,54.2,-0.11886499917491318,0.08837698704331254,53.8,0.20174075576007683,-0.04930464399038721,0.4000000000000057,0
2022_03_GB_TB,2022,3,2022-09-25,GB,TB,14.0,12.0,-2.0,1.0,0,True,0.6672858610935785,TB,0.6672858610935785,GB,False,0.09620178987474301,-0.22853998405118778,63.4,0.08640090005573042,0.020868201905022386,64.2,0.009800889819012587,-0.24940818595621017,-0.8000000000000043,0
2022_03_SF_DEN,2022,3,2022-09-25,SF,DEN,10.0,11.0,1.0,-1.0,0,True,0.41991141444020974,SF,0.5800885855597903,DEN,False,-0.057564209898709015,0.025822503337228703,55.6,0.016681644598301813,-0.12179087148485764,64.4,-0.07424585449701082,0.14761337482208634,-8.800000000000004,0
2022_03_DAL_NYG,2022,3,2022-09-26,DAL,NYG,23.0,16.0,-7.0,1.0,1,True,0.2013137281816423,DAL,0.7986862718183577,DAL,True,-0.3224633705969194,-0.03852087282420065,63.0,0.14577594475770228,-0.003897489872483091,61.8,-0.46823931535462165,-0.03462338295171756,1.2000000000000028,0
2022_04_MIA_CIN,2022,4,2022-09-29,MIA,CIN,15.0,27.0,12.0,4.0,0,True,0.5485815674394215,CIN,0.5485815674394215,CIN,True,0.01106605670620294,-0.019824486809433956,67.8,0.055430231226835505,0.02595306120382752,58.0,-0.044364174520632564,-0.045777548013261476,9.799999999999997,0
2022_04_MIN_NO,2022,4,2022-10-02,MIN,NO,28.0,25.0,-3.0,-4.0,0,True,0.6411314381145012,NO,0.6411314381145012,MIN,False,-0.06835853766704335,-0.20120100341764627,62.2,-0.055954282341890135,0.01112387732676091,56.6,-0.012404255325153213,-0.21232488074440717,5.600000000000001,0
2022_04_CLE_ATL,2022,4,2022-10-02,CLE,ATL,20.0,23.0,3.0,-1.0,0,True,0.3852914683407181,CLE,0.614708531659282,ATL,False,-0.07166839710549362,0.10980539140271377,55.4,0.033868528516432184,-0.004108039359102611,67.8,-0.1055369256219258,0.11391343076181638,-12.399999999999999,-3
2022_04_BUF_BAL,2022,4,2022-10-02,BUF,BAL,23.0,20.0,-3.0,-3.0,0,True,0.35439275912524854,BUF,0.6456072408747515,BUF,True,0.05389976435547687,0.05581824647254191,59.8,0.12506278587091121,-0.25051496961793407,70.8,-0.07116302151543434,0.306333216090476,-11.0,0
2022_04_WAS_DAL,2022,4,2022-10-02,WAS,DAL,10.0,25.0,15.0,3.0,1,True,0.6340456606675263,DAL,0.6340456606675263,DAL,True,0.11378450331761666,0.05018174770870208,59.2,-0.053111850823302206,-0.029652468129491783,67.4,0.16689635414091886,0.07983421583819386,-8.200000000000003,-1
2022_04_SEA_DET,2022,4,2022-10-02,SEA,DET,48.0,45.0,-3.0,3.0,0,True,0.5342831234884963,DET,0.5342831234884963,SEA,False,0.0880540852933654,0.1490850064837945,63.4,0.09047598858388903,0.08824344385667643,57.4,-0.002421903290523622,0.06084156262711807,6.0,0
2022_04_LAC_HOU,2022,4,2022-10-02,LAC,HOU,34.0,24.0,-10.0,-5.5,0,True,0.4066522249011128,LAC,0.5933477750988871,LAC,True,-0.11503600890810883,0.046959132908501906,60.0,0.020976526038614572,-0.008801918424886857,69.4,-0.1360125349467234,0.05576105133338877,-9.400000000000006,0
2022_04_TEN_IND,2022,4,2022-10-02,TEN,IND,24.0,17.0,-7.0,4.5,1,True,0.368583251982928,TEN,0.631416748017072,TEN,True,-0.18370082916255964,0.028092148246903897,62.8,0.031694851741469354,0.03390692343156704,57.4,-0.215395680904029,-0.00581477518466314,5.399999999999999,0
2022_04_CHI_NYG,2022,4,2022-10-02,CHI,NYG,12.0,20.0,8.0,3.0,0,True,0.37773212978300397,CHI,0.622267870216996,NYG,False,-0.2641855232352394,-0.0064187867504260695,61.8,-0.11956496143102965,-0.12562679862777257,59.8,-0.14462056180420976,0.1192080118773465,2.0,-1
2022_04_JAX_PHI,2022,4,2022-10-02,JAX,PHI,21.0,29.0,8.0,6.5,0,True,0.5978685102503217,PHI,0.5978685102503217,PHI,True,0.1634615380172991,0.04412531950989074,67.0,0.045480978332703384,-0.10368199534243853,62.0,0.11798055968459571,0.14780731485232929,5.0,0
2022_04_NYJ_PIT,2022,4,2022-10-02,NYJ,PIT,24.0,20.0,-4.0,3.0,0,True,0.7054371886280125,PIT,0.7054371886280125,NYJ,False,-0.07735475813977818,-0.08968241780446422,64.6,-0.1266451593621026,0.13727396994165605,65.4,0.04929040122232442,-0.22695638774612026,-0.8000000000000114,3
2022_04_ARI_CAR,2022,4,2022-10-02,ARI,CAR,26.0,16.0,-10.0,1.0,0,True,0.4781593319639686,ARI,0.5218406680360315,ARI,True,-0.1319311930692428,-0.0042868986474907085,58.2,0.02830248742065127,0.1667225515000875,73.4,-0.1602336804898941,-0.1710094501475782,-15.200000000000003,0
2022_04_NE_GB,2022,4,2022-10-02,NE,GB,24.0,27.0,3.0,10.0,0,True,0.5631769692396331,GB,0.5631769692396331,GB,True,0.03386148392224845,-0.050414281279666226,64.8,0.051602252241479074,-0.007562973324572226,61.8,-0.017740768319230625,-0.042851307955094,3.0,0
2022_04_DEN_LV,2022,4,2022-10-02,DEN,LV,23.0,32.0,9.0,2.5,1,True,0.5318124129615147,LV,0.5318124129615147,LV,True,-0.022611348391370807,0.08145902140773173,63.8,-0.05587688639820683,-0.01631293430845986,61.2,0.03326553800683602,0.09777195571619159,2.5999999999999943,0
2022_04_KC_TB,2022,4,2022-10-02,KC,TB,41.0,31.0,-10.0,1.0,0,True,0.47779874676723033,KC,0.5222012532327697,KC,True,0.018799758436566803,-0.18214391940937502,62.6,0.2290209111814509,0.04933269437618723,61.8,-0.2102211527448841,-0.23147661378556225,0.8000000000000043,0
2022_04_LA_SF,2022,4,2022-10-03,LA,SF,9.0,24.0,15.0,1.0,1,True,0.5658160903084454,SF,0.5658160903084454,SF,True,-0.05928161213382623,-0.1823154868426519,63.2,0.018731583569850847,0.012759808922138904,58.6,-0.07801319570367708,-0.1950752957647908,4.600000000000001,0
2022_05_IND_DEN,2022,5,2022-10-06,IND,DEN,12.0,9.0,-3.0,3.5,0,True,0.6808563631062485,DEN,0.6808563631062485,IND,False,-0.06687282940406122,-0.037606049646035436,59.6,-0.19619627786359828,0.021394792159614213,64.6,0.12932344845953705,-0.05900084180564965,-4.999999999999993,0
2022_05_NYG_GB,2022,5,2022-10-09,NYG,GB,27.0,22.0,-5.0,8.5,0,True,0.6434851567569321,GB,0.6434851567569321,NYG,False,-0.010156126107582005,0.01013599703977561,64.4,-0.11396963084515643,0.00917705746447986,63.0,0.10381350473757443,0.0009589395752957509,1.4000000000000057,0
2022_05_PIT_BUF,2022,5,2022-10-09,PIT,BUF,3.0,38.0,35.0,14.0,0,True,0.7736170515846132,BUF,0.7736170515846132,BUF,True,0.1127077542165423,-0.21578007989572862,69.0,-0.07509520390976934,-0.0334718596840705,61.0,0.18780295812631165,-0.1823082202116581,8.0,0
2022_05_LAC_CLE,2022,5,2022-10-09,LAC,CLE,30.0,28.0,-2.0,-1.0,0,True,0.5920762045097437,CLE,0.5920762045097437,LAC,False,0.09305956512234818,0.021567968336688104,68.6,0.04200660778017359,0.0048646103629811505,69.2,0.0510529573421746,0.016703357973706954,-0.6000000000000085,0
2022_05_HOU_JAX,2022,5,2022-10-09,HOU,JAX,13.0,6.0,-7.0,7.0,1,True,0.7357824532463926,JAX,0.7357824532463926,HOU,False,0.02928971035014598,-0.19470195421337036,62.0,-0.06769034873501971,0.0906211298269404,58.2,0.09698005908516569,-0.28532308404031076,3.799999999999997,0
2022_05_CHI_MIN,2022,5,2022-10-09,CHI,MIN,22.0,29.0,7.0,10.0,1,True,0.6382355411724027,MIN,0.6382355411724027,MIN,True,-0.0030162518095335953,-5.415547992299596e-05,59.6,-0.10396911721612372,0.02458909376231043,59.0,0.10095286540659013,-0.024643249242233427,0.6000000000000014,0
2022_05_DET_NE,2022,5,2022-10-09,DET,NE,0.0,29.0,29.0,3.0,0,True,0.4731065926979108,DET,0.5268934073020892,NE,False,-0.027991295120589954,0.04479323594036079,59.4,0.13467411306513768,0.1867466879946566,65.0,-0.16266540818572764,-0.14195345205429583,-5.600000000000001,0
2022_05_SEA_NO,2022,5,2022-10-09,SEA,NO,32.0,39.0,7.0,5.5,0,True,0.5698519030280708,NO,0.5698519030280708,NO,True,-0.006381421608649784,-0.14371757371987032,63.0,0.12813767009475113,0.1348634716284487,55.8,-0.13451909170340093,-0.278581045348319,7.200000000000003,0
2022_05_MIA_NYJ,2022,5,2022-10-09,MIA,NYJ,17.0,40.0,23.0,-3.0,1,True,0.29971383012209346,MIA,0.7002861698779066,NYJ,False,-0.14580073637254515,0.07107058641639066,66.8,0.11932410941714136,0.036246480914849825,58.2,-0.26512484578968654,0.03482410550154084,8.599999999999994,-3
2022_05_ATL_TB,2022,5,2022-10-09,ATL,TB,15.0,21.0,6.0,10.5,1,True,0.6708750029506153,TB,0.6708750029506153,TB,True,-0.003251269104001686,-0.15881913882112939,60.0,-0.021402338333027467,0.10289500438264676,55.8,0.01815106922902578,-0.2617141432037762,4.200000000000003,0
2022_05_TEN_WAS,2022,5,2022-10-09,TEN,WAS,21.0,17.0,-4.0,-1.0,0,True,0.5424721522443358,WAS,0.5424721522443358,TEN,False,-0.10113631546141892,-0.09850973190398106,69.6,0.027687417858064056,0.0893326705662281,55.4,-0.128823733319483,-0.18784240247020917,14.199999999999996,0
2022_05_SF_CAR,2022,5,2022-10-09,SF,CAR,37.0,15.0,-22.0,-6.0,0,True,0.366008270683729,SF,0.633991729316271,SF,True,-0.16540548846830508,0.010206902154983667,56.8,-0.0264097748384838,-0.16532734095911866,60.8,-0.13899571362982127,0.17553424311410232,-4.0,1
2022_05_PHI_ARI,2022,5,2022-10-09,PHI,ARI,20.0,17.0,-3.0,-5.5,0,True,0.4078383626399974,PHI,0.5921616373600026,PHI,True,-0.016459696717552937,0.05538772373555397,73.0,0.12432632465130064,-0.016964704368105283,70.0,-0.14078602136885357,0.07235242810365926,3.0,0
2022_05_DAL_LA,2022,5,2022-10-09,DAL,LA,22.0,10.0,-12.0,5.5,0,True,0.4234877338769747,DAL,0.5765122661230253,DAL,True,-0.043350097291051895,0.058889926095859815,62.0,0.059871186519653063,-0.03541861640434059,59.0,-0.10322128381070496,0.0943085425002004,3.0,-1
2022_05_CIN_BAL,2022,5,2022-10-09,CIN,BAL,17.0,19.0,2.0,3.0,1,True,0.5288538399736563,BAL,0.5288538399736563,BAL,True,0.052647118160958115,0.04269135219643038,59.0,-0.03675317663091403,-0.10056053794082367,67.6,0.08940029479187214,0.14325189013725406,-8.599999999999994,-3
2022_05_LV_KC,2022,5,2022-10-10,LV,KC,29.0,30.0,1.0,7.5,1,True,0.7421145180678622,KC,0.7421145180678622,KC,True,0.20587786231564692,0.006814573968634469,65.6,-0.03012408361164324,0.04682043819149814,66.0,0.23600194592729015,-0.040005864222863674,-0.4000000000000057,0
2022_06_WAS_CHI,2022,6,2022-10-13,WAS,CHI,12.0,7.0,-5.0,-1.0,0,True,0.5623788509982494,CHI,0.5623788509982494,WAS,False,-0.046707560411794795,0.05089919646329634,52.4,-0.10468048299936075,-0.011231451792074479,69.2,0.05797292258756596,0.06213064825537082,-16.800000000000004,0
2022_06_SF_ATL,2022,6,2022-10-16,SF,ATL,14.0,28.0,14.0,-3.5,0,True,0.4606401140305504,SF,0.5393598859694496,ATL,False,0.05266890549332907,0.10367899489453629,58.6,0.004930567720392509,-0.20844454505904458,59.4,0.04773833777293656,0.3121235399535809,-0.7999999999999972,0
2022_06_NE_CLE,2022,6,2022-10-16,NE,CLE,38.0,15.0,-23.0,2.5,0,True,0.6067725268493671,CLE,0.6067725268493671,NE,False,0.12974341317618668,0.11659097897990116,68.6,8.91082816285027e-05,-0.04508331164014033,58.4,0.12965430489455818,0.1616742906200415,10.199999999999996,0
2022_06_NYJ_GB,2022,6,2022-10-16,NYJ,GB,27.0,10.0,-17.0,7.5,0,True,0.5595760950023315,GB,0.5595760950023315,NYJ,False,-0.0010981506230965082,0.030809006811664992,63.2,-0.014763833709270858,0.022046311701203053,68.2,0.01366568308617435,0.008762695110461939,-5.0,0
2022_06_JAX_IND,2022,6,2022-10-16,JAX,IND,27.0,34.0,7.0,1.0,1,True,0.3783559635758017,JAX,0.6216440364241983,IND,False,-0.17822906650224102,-0.039556002452915046,68.2,-0.011593649057619893,-0.14853824039707533,64.2,-0.16663541744462113,0.10898223794416029,4.0,3
2022_06_MIN_MIA,2022,6,2022-10-16,MIN,MIA,24.0,16.0,-8.0,-3.0,0,True,0.5837107939778423,MIA,0.5837107939778423,MIN,False,0.07337792144118685,0.07590252162012606,57.4,0.023293850891452313,0.057207401324405924,64.8,0.05008407054973454,0.01869512029572014,-7.399999999999999,0
2022_06_CIN_NO,2022,6,2022-10-16,CIN,NO,30.0,26.0,-4.0,-3.0,0,True,0.538986026190575,NO,0.538986026190575,CIN,False,-0.016318307599050397,-0.08675795439398279,63.0,-0.01333606775325202,-0.10784540799604589,69.0,-0.002982239845798377,0.0210874536020631,-6.0,0
2022_06_BAL_NYG,2022,6,2022-10-16,BAL,NYG,20.0,24.0,4.0,-5.5,0,True,0.5185142255792674,NYG,0.5185142255792674,NYG,True,0.033400450646732915,0.02782945503008567,62.4,0.09185585289339504,0.04219680144914026,56.8,-0.058455402246662125,-0.01436734641905459,5.600000000000001,0
2022_06_TB_PIT,2022,6,2022-10-16,TB,PIT,18.0,20.0,2.0,-10.0,0,True,0.4225083047437922,TB,0.5774916952562078,PIT,False,-0.08690023214779197,0.09523828131341674,61.0,-0.03316688874666089,-0.1029528602935863,62.8,-0.053733343401131076,0.19819114160700305,-1.7999999999999972,0
2022_06_CAR_LA,2022,6,2022-10-16,CAR,LA,10.0,24.0,14.0,10.0,0,True,0.605421059249414,LA,0.605421059249414,LA,True,-0.10597754005697313,0.012871146313180584,62.0,-0.16109876243912966,0.004506853820451473,56.0,0.055121222382156526,0.00836429249272911,6.0,0
2022_06_ARI_SEA,2022,6,2022-10-16,ARI,SEA,9.0,19.0,10.0,-2.5,1,True,0.5486548546998968,SEA,0.5486548546998968,SEA,True,0.09128399727005568,0.15805699901321324,54.6,0.008335542227998769,0.047553412118073214,72.0,0.0829484550420569,0.11050358689514003,-17.4,0
2022_06_BUF_KC,2022,6,2022-10-16,BUF,KC,24.0,20.0,-4.0,-2.5,0,True,0.48705877995232166,BUF,0.5129412200476784,BUF,True,0.1990766572959642,0.03262713412846548,65.0,0.18765486868986353,-0.13643556340006455,64.0,0.011421788606100658,0.16906269752853004,1.0,-1
2022_06_DAL_PHI,2022,6,2022-10-16,DAL,PHI,17.0,26.0,9.0,6.5,1,True,0.7374869970802616,PHI,0.7374869970802616,PHI,True,0.13307552516392487,-0.12579754046534736,70.0,-0.09298603566951458,-0.109646943762825,57.6,0.22606156083343945,-0.016150596702522363,12.399999999999999,0
2022_06_DEN_LAC,2022,6,2022-10-17,DEN,LAC,16.0,19.0,3.0,3.5,1,True,0.6112491077720126,LAC,0.6112491077720126,LAC,True,0.07613696184149414,0.053879679445874774,64.8,-0.11670729697989299,-0.1259882820280343,62.6,0.19284425882138712,0.17986796147390907,2.1999999999999957,-3
2022_07_NO_ARI,2022,7,2022-10-20,NO,ARI,34.0,42.0,8.0,2.5,0,True,0.5722021029266523,ARI,0.5722021029266523,ARI,True,-0.033732017134633675,-0.0749529213331989,73.4,-0.017711243603271486,-0.025199620447034454,65.8,-0.01602077353136219,-0.04975330088616445,7.6000000000000085,0
2022_07_CLE_BAL,2022,7,2022-10-23,CLE,BAL,20.0,23.0,3.0,6.5,1,True,0.5803685216950512,BAL,0.5803685216950512,BAL,True,0.10547092962928051,0.1078832776824497,58.2,0.07017154516910043,0.14669658172756556,67.8,0.03529938446018008,-0.03881330404511586,-9.599999999999994,0
2022_07_TB_CAR,2022,7,2022-10-23,TB,CAR,3.0,21.0,18.0,-13.0,1,True,0.341563080104541,TB,0.6584369198954589,CAR,False,-0.23459100640179367,0.003029331118988044,54.8,-0.021612405539667628,-0.028394160931609392,64.4,-0.21297860086212606,0.03142349205059743,-9.600000000000009,0
2022_07_ATL_CIN,2022,7,2022-10-23,ATL,CIN,17.0,35.0,18.0,6.5,0,True,0.6149338589542293,CIN,0.6149338589542293,CIN,True,0.08680206974413163,-0.059597988652214065,60.8,0.082088434735571,0.056439025471725614,55.8,0.004713635008560632,-0.11603701412393969,5.0,0
2022_07_DET_DAL,2022,7,2022-10-23,DET,DAL,6.0,24.0,18.0,7.0,0,True,0.5935002270827691,DAL,0.5935002270827691,DAL,True,-0.037319897471735204,-0.10923560131914711,57.8,0.011384856453173987,0.19848921500581312,66.0,-0.048704753924909194,-0.30772481632496024,-8.200000000000003,-7
2022_07_NYG_JAX,2022,7,2022-10-23,NYG,JAX,23.0,17.0,-6.0,3.0,0,True,0.5958036284586699,JAX,0.5958036284586699,NYG,False,0.016947790819398283,-0.11672694013037914,63.4,0.05505263304351515,0.04679018237533975,62.2,-0.03810484222411687,-0.1635171225057189,1.1999999999999957,0
2022_07_IND_TEN,2022,7,2022-10-23,IND,TEN,10.0,19.0,9.0,2.5,1,True,0.6624725629253514,TEN,0.6624725629253514,TEN,True,-0.027930659274353637,0.04381449839337747,55.2,-0.13509863304355513,0.035141360597884676,65.4,0.1071679737692015,0.008673137795492794,-10.200000000000003,7
2022_07_GB_WAS,2022,7,2022-10-23,GB,WAS,21.0,23.0,2.0,-4.0,0,True,0.5120914760229792,WAS,0.5120914760229792,WAS,True,-0.13587637319747686,-0.04460067704473145,66.2,-0.031184189286156783,0.01100554682125697,65.2,-0.10469218391132008,-0.05560622386598842,1.0,3
2022_07_NYJ_DEN,2022,7,2022-10-23,NYJ,DEN,16.0,9.0,-7.0,-2.0,0,True,0.42629209841696325,NYJ,0.5737079015830368,NYJ,True,-0.16415247364165886,-0.16212177039797424,60.8,0.031404823321224795,-0.0573580524398273,62.4,-0.19555729696288365,-0.10476371795814693,-1.6000000000000014,-1
2022_07_HOU_LV,2022,7,2022-10-23,HOU,LV,20.0,38.0,18.0,7.0,0,True,0.6456535588055534,LV,0.6456535588055534,LV,True,0.017282862620525655,0.06325723452353244,62.6,-0.11660585652258529,0.016313932946094113,58.0,0.13388871914311096,0.046943301577438326,4.600000000000001,-1
2022_07_SEA_LAC,2022,7,2022-10-23,SEA,LAC,37.0,23.0,-14.0,5.5,0,True,0.5629605692445632,LAC,0.5629605692445632,SEA,False,0.027060236482682347,0.051150851268950956,68.8,0.04913377841893969,0.10059338125842351,58.6,-0.022073541936257345,-0.04944252998947256,10.199999999999996,-1
2022_07_KC_SF,2022,7,2022-10-23,KC,SF,44.0,23.0,-21.0,-1.0,0,True,0.5551921218673926,SF,0.5551921218673926,KC,False,0.01369326171179928,-0.17401141656977925,57.4,0.12412685312798966,0.055208555849973154,64.0,-0.11043359141619037,-0.2292199724197524,-6.600000000000001,0
2022_07_PIT_MIA,2022,7,2022-10-23,PIT,MIA,10.0,16.0,6.0,7.5,0,True,0.6545940276637923,MIA,0.6545940276637923,MIA,True,0.03979808961588478,0.10347152538528584,60.8,-0.05435703002131929,0.15306092639570973,61.0,0.09415511963720408,-0.04958940101042389,-0.20000000000000284,0
2022_07_CHI_NE,2022,7,2022-10-24,CHI,NE,33.0,14.0,-19.0,9.5,0,True,0.7224710886615023,NE,0.7224710886615023,CHI,False,0.08267234180578911,-0.10944622563911195,60.2,-0.05908193930917157,0.06212101284057161,55.6,0.1417542811149607,-0.17156723847968355,4.600000000000001,-3
2022_08_BAL_TB,2022,8,2022-10-27,BAL,TB,27.0,22.0,-5.0,2.0,0,True,0.50954879226274,TB,0.50954879226274,BAL,False,-4.185632929916694e-05,0.07972097703379726,65.0,0.037559890395534,0.03348146159672515,59.8,-0.037601746724833164,0.0462395154370721,5.200000000000003,0
2022_08_DEN_JAX,2022,8,2022-10-30,DEN,JAX,21.0,17.0,-4.0,1.0,0,True,0.6673950066129574,JAX,0.6673950066129574,DEN,False,0.02268112257510676,0.00460791264422124,63.4,-0.19288650349221806,-0.15372617994172494,63.0,0.21556762606732482,0.1583340925859462,0.3999999999999986,0
2022_08_CAR_ATL,2022,8,2022-10-30,CAR,ATL,34.0,37.0,3.0,4.5,1,True,0.7328530159178739,ATL,0.7328530159178739,ATL,True,0.11527962210610265,0.1384237781037383,53.4,-0.19787866348442842,-0.00033879566361539324,54.0,0.31315828559053105,0.13876257376735368,-0.6000000000000014,0
2022_08_CHI_DAL,2022,8,2022-10-30,CHI,DAL,29.0,49.0,20.0,10.5,0,True,0.6094196695549662,DAL,0.6094196695549662,DAL,True,-0.031323016486097865,-0.17568642541602894,57.6,-0.01625797620556943,-0.029250831222980472,61.2,-0.015065040280528436,-0.14643559419304847,-3.6000000000000014,1
2022_08_MIA_DET,2022,8,2022-10-30,MIA,DET,31.0,27.0,-4.0,-3.5,0,True,0.49798438317475485,MIA,0.5020156168252452,MIA,True,-0.07115585870218696,0.14770087649095662,64.2,-0.05635873852387966,0.030633634325318876,59.2,-0.014797120178307303,0.11706724216563774,5.0,0
2022_08_ARI_MIN,2022,8,2022-10-30,ARI,MIN,26.0,34.0,8.0,4.0,0,True,0.5117068888179692,MIN,0.5117068888179692,MIN,True,-0.02417403528782338,0.06981688538510047,62.4,-0.011385280613052818,-0.05268657430546696,69.6,-0.012788754674770562,0.12250345969056743,-7.199999999999996,4
2022_08_LV_NO,2022,8,2022-10-30,LV,NO,0.0,24.0,24.0,-1.0,0,True,0.5476422970802503,NO,0.5476422970802503,NO,True,0.06952795301416062,0.0559837635568317,66.6,0.11004047621196389,0.05778669951485073,61.8,-0.04051252319780327,-0.0018029359580190307,4.799999999999997,3
2022_08_NE_NYJ,2022,8,2022-10-30,NE,NYJ,22.0,17.0,-5.0,-3.0,1,True,0.5388947794578396,NYJ,0.5388947794578396,NE,False,-0.05150231411077686,-0.14892868087017258,59.6,0.004769440502168665,-0.06940922355644304,57.0,-0.05627175461294553,-0.07951945731372954,2.6000000000000014,1
2022_08_PIT_PHI,2022,8,2022-10-30,PIT,PHI,13.0,35.0,22.0,11.0,0,True,0.8058932456035801,PHI,0.8058932456035801,PHI,True,0.08001761406845972,-0.16360351480878227,69.2,-0.06120338339051321,0.11822785269185125,62.8,0.14122099745897293,-0.28183136750063353,6.400000000000006,7
2022_08_TEN_HOU,2022,8,2022-10-30,TEN,HOU,17.0,10.0,-7.0,-1.0,1,True,0.49778874021313385,TEN,0.5022112597868662,TEN,True,-0.06997215355074102,0.08296197837276605,57.6,-0.057158307562788745,-0.0031600974496383827,54.4,-0.012813845987952273,0.08612207582240443,3.200000000000003,0
2022_08_WAS_IND,2022,8,2022-10-30,WAS,IND,17.0,16.0,-1.0,3.0,0,True,0.5879632897068726,IND,0.5879632897068726,WAS,False,-0.09087781764204166,-0.01060571487576518,68.6,-0.15763425122455885,-0.07582643065318892,65.8,0.06675643358251719,0.06522071577742374,2.799999999999997,0
2022_08_SF_LA,2022,8,2022-10-30,SF,LA,31.0,14.0,-17.0,-1.0,1,True,0.5817947764552543,LA,0.5817947764552543,SF,False,-0.049777787111556226,-0.09253543519143534,61.0,0.018932852555240583,0.017314679150251467,57.6,-0.0687106396667968,-0.1098501143416868,3.3999999999999986,7
2022_08_NYG_SEA,2022,8,2022-10-30,NYG,SEA,13.0,27.0,14.0,3.0,0,True,0.596060943822245,SEA,0.596060943822245,SEA,True,0.14529234030149346,0.04620773883593489,61.4,0.11656267090567578,0.0842837103914312,62.6,0.028729669395817684,-0.038075971555496316,-1.2000000000000028,0
2022_08_GB_BUF,2022,8,2022-10-30,GB,BUF,17.0,27.0,10.0,10.5,0,True,0.8202625681022518,BUF,0.8202625681022518,BUF,True,0.17657655470171085,-0.07240902520364262,66.6,-0.0923330776483408,0.014675661112255056,61.4,0.26890963235005166,-0.08708468631589768,5.199999999999996,7
2022_08_CIN_CLE,2022,8,2022-10-31,CIN,CLE,13.0,32.0,19.0,-3.0,1,True,0.3763441791034138,CIN,0.6236558208965862,CLE,False,0.026659318345249233,0.07731108719182847,66.2,0.1622340409646787,-0.05606710375447714,60.4,-0.13557472261942946,0.1333781909463056,5.800000000000004,0
2022_09_PHI_HOU,2022,9,2022-11-03,PHI,HOU,29.0,17.0,-12.0,-14.0,0,True,0.27863943277232167,PHI,0.7213605672276784,PHI,True,-0.10282006322772366,0.09589385116680119,56.0,0.11113610785635993,-0.13194901322629327,66.0,-0.2139561710840836,0.22784286439309445,-10.0,0
2022_09_LAC_ATL,2022,9,2022-11-06,LAC,ATL,20.0,17.0,-3.0,-2.5,0,True,0.5430680777122912,ATL,0.5430680777122912,LAC,False,0.05837499605126752,0.11836373034725534,56.2,-0.023507653927045485,0.059939923106494084,68.0,0.08188264997831302,0.05842380724076125,-11.799999999999997,-7
2022_09_MIA_CHI,2022,9,2022-11-06,MIA,CHI,35.0,32.0,-3.0,-4.0,0,True,0.5472874479174281,CHI,0.5472874479174281,MIA,False,-0.008966537149182007,0.0790759360430189,63.8,-0.013810377447439149,0.047256512385525015,63.6,0.0048438402982571415,0.03181942365749388,0.19999999999999574,0
2022_09_CAR_CIN,2022,9,2022-11-06,CAR,CIN,21.0,42.0,21.0,7.0,0,True,0.7463202434618211,CIN,0.7463202434618211,CIN,True,0.11556961588214923,0.0502189844163605,57.6,-0.1537930024283118,0.01896306469884134,57.0,0.26936261831046104,0.03125591971751916,0.6000000000000014,-1
2022_09_GB_DET,2022,9,2022-11-06,GB,DET,9.0,15.0,6.0,-4.0,1,True,0.5029211988891109,DET,0.5029211988891109,DET,True,-0.044718475905936125,0.2069305377486328,63.8,-0.060076951258054435,0.08028410588197574,62.0,0.01535847535211831,0.12664643186665706,1.7999999999999972,0
2022_09_LV_JAX,2022,9,2022-11-06,LV,JAX,20.0,27.0,7.0,-2.5,0,True,0.4888307029272473,LV,0.5111692970727527,JAX,False,-0.04035149990751924,0.05972510410686259,61.6,0.05047358093942057,0.0807919123948084,60.6,-0.09082508084693981,-0.021066808287945812,1.0,0
2022_09_IND_NE,2022,9,2022-11-06,IND,NE,3.0,26.0,23.0,5.0,0,True,0.6502090571450099,NE,0.6502090571450099,NE,True,-0.02018916558107548,-0.1372345862265141,58.6,-0.08794184256751096,-0.0308844751895082,65.6,0.06775267698643547,-0.10635011103700591,-6.999999999999993,0
2022_09_BUF_NYJ,2022,9,2022-11-06,BUF,NYJ,17.0,20.0,3.0,-11.0,1,True,0.47853021989356853,BUF,0.5214697801064314,NYJ,False,-0.010650540898867864,-0.18471857295799882,56.0,0.15616302518825953,0.015888358447461316,64.6,-0.16681356608712739,-0.20060693140546013,-8.599999999999994,0
2022_09_MIN_WAS,2022,9,2022-11-06,MIN,WAS,20.0,17.0,-3.0,-3.0,0,True,0.4954159929874022,MIN,0.5045840070125978,MIN,True,-0.10877903289581543,-0.11095665679730216,63.0,0.02062230176648239,0.006215549042424917,64.2,-0.12940133466229783,-0.11717220583972707,-1.2000000000000028,0
2022_09_SEA_ARI,2022,9,2022-11-06,SEA,ARI,31.0,21.0,-10.0,1.5,1,True,0.484498781307961,SEA,0.515501218692039,SEA,True,-0.01827670377478504,-0.09533377564768734,67.4,0.0879277962974275,-0.038075407210780246,59.8,-0.10620450007221255,-0.0572583684369071,7.6000000000000085,0
2022_09_LA_TB,2022,9,2022-11-06,LA,TB,13.0,16.0,3.0,3.0,0,True,0.6326720120223768,TB,0.6326720120223768,TB,True,0.054349186665551386,0.1282640892602885,65.6,-0.06857462503868726,0.005983640997841766,59.4,0.12292381170423865,0.12228044826244674,6.199999999999996,3
2022_09_TEN_KC,2022,9,2022-11-06,TEN,KC,17.0,20.0,3.0,14.0,0,True,0.6956629871340163,KC,0.6956629871340163,KC,True,0.2280834588030097,0.06426589870617526,64.6,0.0277572806159254,-0.11759987558861842,55.2,0.20032617818708431,0.18186577429479367,9.399999999999991,7
2022_09_BAL_NO,2022,9,2022-11-07,BAL,NO,27.0,13.0,-14.0,-1.0,0,True,0.63220532616105,NO,0.63220532616105,BAL,False,0.11113024082915075,0.006076488505362132,66.4,0.021648777991252303,0.04622451811480963,62.8,0.08948146283789846,-0.0401480296094475,3.6000000000000085,-3
2022_10_ATL_CAR,2022,10,2022-11-10,ATL,CAR,15.0,25.0,10.0,-2.5,1,True,0.4440836335593076,ATL,0.5559163664406924,CAR,False,-0.0651457481620468,0.10845148632331492,56.2,0.05106413196355789,0.1140674677307473,57.8,-0.11620988012560468,-0.0056159814074323855,-1.5999999999999943,0
2022_10_SEA_TB,2022,10,2022-11-13,SEA,TB,16.0,21.0,5.0,2.5,0,True,0.5014278356702038,TB,0.5014278356702038,TB,True,-0.005747097639681592,0.04056195782282994,69.4,-0.014127516763021574,-0.12172733143161532,61.2,0.008380419123339982,0.16228928925444525,8.200000000000003,0
2022_10_MIN_BUF,2022,10,2022-11-13,MIN,BUF,33.0,30.0,-3.0,6.5,0,True,0.6387985516888338,BUF,0.6387985516888338,MIN,False,0.12969531447390586,0.0021898829830953063,59.0,0.005490457036399635,-0.035217470305274924,64.2,0.12420485743750623,0.03740735328837023,-5.200000000000003,0
2022_10_DET_CHI,2022,10,2022-11-13,DET,CHI,31.0,30.0,-1.0,3.0,1,True,0.6747321718286309,CHI,0.6747321718286309,DET,False,0.04511642230138066,0.12537122590959804,65.8,-0.07850283573529963,0.18611745324590112,60.2,0.1236192580366803,-0.06074622733630308,5.599999999999994,0
2022_10_JAX_KC,2022,10,2022-11-13,JAX,KC,17.0,27.0,10.0,10.0,0,True,0.697622334428935,KC,0.697622334428935,KC,True,0.23436355483731314,0.08084765698473725,70.8,0.06327481040228954,0.07855551631536839,65.6,0.1710887444350236,0.002292140669368864,5.200000000000003,0
2022_10_CLE_MIA,2022,10,2022-11-13,CLE,MIA,17.0,39.0,22.0,3.0,0,True,0.5149285567297809,MIA,0.5149285567297809,MIA,True,0.05429748437977426,0.06069303386425209,61.6,0.04639758531979739,0.049694997483035,65.4,0.007899899059976873,0.010998036381217088,-3.8000000000000043,-6
2022_10_HOU_NYG,2022,10,2022-11-13,HOU,NYG,16.0,24.0,8.0,5.5,0,True,0.7866416820947322,NYG,0.7866416820947322,NYG,True,0.10985262884488985,0.02880928413521199,62.0,-0.10702586083767725,0.14069467727700888,56.0,0.2168784896825671,-0.1118853931417969,6.0,4
2022_10_NO_PIT,2022,10,2022-11-13,NO,PIT,10.0,20.0,10.0,1.0,0,True,0.45836458176592065,NO,0.5416354182340793,PIT,False,-0.06492169409825445,0.17639277350673174,65.8,0.04404861796353116,0.04078882752403996,64.6,-0.10897031206178562,0.1356039459826918,1.2000000000000028,8
2022_10_DEN_TEN,2022,10,2022-11-13,DEN,TEN,10.0,17.0,7.0,2.5,0,True,0.605037590936618,TEN,0.605037590936618,TEN,True,-0.025208701278064988,-0.12430034953238703,54.0,-0.13986266631755723,-0.11275334691718826,61.4,0.11465396503949224,-0.011547002615198768,-7.399999999999999,-7
2022_10_IND_LV,2022,10,2022-11-13,IND,LV,25.0,20.0,-5.0,4.5,0,True,0.670332064432778,LV,0.670332064432778,IND,False,0.04232211877527879,0.08086843052463932,58.8,-0.19822590732292594,-0.10377408487423849,65.0,0.24054802609820475,0.18464251539887783,-6.200000000000003,0
2022_10_DAL_GB,2022,10,2022-11-13,DAL,GB,28.0,31.0,3.0,-3.5,0,True,0.3354407145655244,DAL,0.6645592854344756,GB,False,-0.08664723184090625,0.050777630507692975,61.6,0.02142819368002615,-0.16043588656759772,56.8,-0.10807542552093241,0.21121351707529068,4.800000000000004,-7
2022_10_ARI_LA,2022,10,2022-11-13,ARI,LA,27.0,17.0,-10.0,3.5,1,True,0.455423332656666,ARI,0.544576667343334,ARI,True,-0.15101584047370895,-0.018691829573223677,61.4,-0.036594470298454584,0.016498859505114337,66.0,-0.11442137017525436,-0.035190689078338014,-4.600000000000001,0
2022_10_LAC_SF,2022,10,2022-11-13,LAC,SF,16.0,22.0,6.0,8.5,0,True,0.6683941642990712,SF,0.6683941642990712,SF,True,0.14776613943230016,0.04984741263685137,57.6,0.033818322937349286,0.01651659587403369,69.8,0.11394781649495087,0.03333081676281768,-12.199999999999996,7
2022_10_WAS_PHI,2022,10,2022-11-14,WAS,PHI,32.0,21.0,-11.0,11.0,1,True,0.7455254351842524,PHI,0.7455254351842524,WAS,False,0.14432674903112674,-0.09308683787809738,65.0,-0.08833508778094926,-0.09281439769002565,60.8,0.232661836812076,-0.00027244018807172365,4.200000000000003,3
2022_11_TEN_GB,2022,11,2022-11-17,TEN,GB,27.0,17.0,-10.0,3.0,0,True,0.50350643175526,GB,0.50350643175526,TEN,False,-0.05325893252202084,-0.004403420811932518,61.4,-0.05059716077071084,-0.1332385685126612,56.2,-0.0026617717513100006,0.12883514770072868,5.199999999999996,0
2022_11_CHI_ATL,2022,11,2022-11-20,CHI,ATL,24.0,27.0,3.0,3.0,0,True,0.5329595199003413,ATL,0.5329595199003413,ATL,True,0.012159428687819964,0.10114300477426585,57.2,0.05784786699962361,0.11518737858811998,67.8,-0.04568843831180365,-0.014044373813854122,-10.599999999999994,3
2022_11_CAR_BAL,2022,11,2022-11-20,CAR,BAL,3.0,13.0,10.0,13.0,0,True,0.6545451937698182,BAL,0.6545451937698182,BAL,True,0.06144775649993521,0.009339873290568462,63.2,-0.013778536353861313,0.03259908947315069,55.8,0.07522629285379652,-0.023259216182582226,7.400000000000006,3
2022_11_CLE_BUF,2022,11,2022-11-20,CLE,BUF,23.0,31.0,8.0,7.5,0,True,0.6728158801256691,BUF,0.6728158801256691,BUF,True,0.1132080132592588,0.024264078253362298,61.4,0.017709454580047593,0.12195015984903326,63.4,0.09549855867921121,-0.09768608159567096,-2.0,0
2022_11_WAS_HOU,2022,11,2022-11-20,WAS,HOU,23.0,10.0,-13.0,-3.0,0,True,0.4302143852390253,WAS,0.5697856147609748,WAS,True,-0.09155149030671052,0.1195570678301748,57.4,-0.06387222704904287,-0.11425260860666653,64.8,-0.027679263257667647,0.23380967643684133,-7.399999999999999,1
2022_11_PHI_IND,2022,11,2022-11-20,PHI,IND,17.0,16.0,-1.0,-6.5,0,True,0.3782395414872243,PHI,0.6217604585127757,PHI,True,-0.12693348681988334,-0.07487858362113327,62.4,0.1263992732988209,-0.011638901423624847,59.4,-0.2533327601187042,-0.06323968219750842,3.0,1
2022_11_NYJ_NE,2022,11,2022-11-20,NYJ,NE,3.0,10.0,7.0,3.5,1,True,0.5160307717029338,NE,0.5160307717029338,NE,True,-0.08911255749771227,-0.26599266137392374,59.2,-0.005042065785846125,-0.17341096094107777,54.6,-0.08407049171186615,-0.09258170043284597,4.600000000000001,0
2022_11_LA_NO,2022,11,2022-11-20,LA,NO,20.0,27.0,7.0,2.5,0,True,0.6133661263129988,NO,0.6133661263129988,NO,True,-0.03269694140562927,0.04463575101394107,59.6,-0.14632162983487995,-0.048300313840069345,58.6,0.11362468842925068,0.09293606485401042,1.0,0
2022_11_DET_NYG,2022,11,2022-11-20,DET,NYG,31.0,18.0,-13.0,3.0,0,True,0.7431960726416399,NYG,0.7431960726416399,DET,False,0.12449952448789088,0.04859118616215184,63.0,-0.0949832291276107,0.08116445854712351,58.2,0.21948275361550157,-0.032573272384971666,4.799999999999997,0
2022_11_LV_DEN,2022,11,2022-11-20,LV,DEN,22.0,16.0,-6.0,2.5,1,True,0.5501132529932713,DEN,0.5501132529932713,LV,False,-0.12665775078263644,-0.13732642727685138,66.2,0.021394550115553503,0.14962175634029454,57.4,-0.14805230089818994,-0.2869481836171459,8.800000000000004,0
2022_11_DAL_MIN,2022,11,2022-11-20,DAL,MIN,40.0,3.0,-37.0,-1.5,0,True,0.5393722486626341,MIN,0.5393722486626341,DAL,False,0.022478012816661543,-0.08190174956130039,66.4,0.05957172933320924,-0.06093150566247785,61.2,-0.0370937165165477,-0.020970243898822544,5.200000000000003,0
2022_11_CIN_PIT,2022,11,2022-11-20,CIN,PIT,37.0,30.0,-7.0,-3.5,1,True,0.30556741090042605,CIN,0.694432589099574,CIN,True,-0.04549771209196905,0.11077336789514858,69.4,0.17003006611145485,0.05241930713492597,59.6,-0.2155277782034239,0.058354060760222606,9.800000000000004,-7
2022_11_KC_LAC,2022,11,2022-11-20,KC,LAC,30.0,27.0,-3.0,-5.5,1,True,0.31866846400404175,KC,0.6813315359959582,KC,True,-0.04637536364820515,0.04203911619102333,68.4,0.23919359778386196,0.07036946269545334,67.6,-0.2855689614320671,-0.02833034650443001,0.8000000000000114,0
2022_11_SF_ARI,2022,11,2022-11-21,SF,ARI,38.0,10.0,-28.0,-10.0,1,True,0.4528398728915275,SF,0.5471601271084725,SF,True,-0.04723654712318899,-0.051248527289941316,65.4,0.12053294854479912,0.06355711116843953,61.6,-0.1677694956679881,-0.11480563845838085,3.8000000000000043,0
2022_12_BUF_DET,2022,12,2022-11-24,BUF,DET,28.0,25.0,-3.0,-10.0,0,True,0.5173787371652946,DET,0.5173787371652946,BUF,False,0.014800888738785198,0.0610669289203569,57.6,0.05562369392833273,0.06505189940798904,63.6,-0.040822805189547534,-0.00398497048763214,-6.0,0
2022_12_NYG_DAL,2022,12,2022-11-24,NYG,DAL,20.0,28.0,8.0,10.5,1,True,0.6635283212996604,DAL,0.6635283212996604,DAL,True,0.14118109182199284,-0.08039668652532404,65.0,0.06342742291108946,0.0580721611214005,66.4,0.07775366891090338,-0.13846884764672454,-1.4000000000000057,0
2022_12_NE_MIN,2022,12,2022-11-24,NE,MIN,26.0,33.0,7.0,2.5,0,True,0.4842699990425899,NE,0.5157300009574102,MIN,False,-0.09822915947999157,-0.026232840447710994,62.8,-0.13100474427183464,-0.26271048648441225,60.2,0.032775584791843074,0.23647764603670127,2.5999999999999943,0
2022_12_DEN_CAR,2022,12,2022-11-27,DEN,CAR,10.0,23.0,13.0,-1.0,0,True,0.5652372163744733,CAR,0.5652372163744733,CAR,True,-0.02590066647017438,0.007360307692629703,58.0,-0.08609523055106913,-0.07573896964710777,64.8,0.06019456408089475,0.08309927733973747,-6.799999999999997,0
2022_12_TB_CLE,2022,12,2022-11-27,TB,CLE,17.0,23.0,6.0,-3.0,0,True,0.47967819000693707,TB,0.5203218099930629,CLE,False,-0.0010008393331257443,0.08648026448561334,63.8,-0.0018805004050577335,0.02600371124402532,68.4,0.0008796610719319891,0.06047655324158802,-4.6000000000000085,-7
2022_12_BAL_JAX,2022,12,2022-11-27,BAL,JAX,27.0,28.0,1.0,-3.5,0,True,0.5610520029875226,JAX,0.5610520029875226,JAX,True,0.1029695964780473,0.1459324193307924,63.4,0.04670203383493505,-0.06002057190590547,64.2,0.05626756264311226,0.20595299123669786,-0.8000000000000043,7
2022_12_HOU_MIA,2022,12,2022-11-27,HOU,MIA,15.0,30.0,15.0,14.0,0,True,0.8578133343463991,MIA,0.8578133343463991,MIA,True,0.17724071024279428,0.015197794532220208,62.0,-0.1592158373366368,0.12888591281603207,57.0,0.3364565475794311,-0.11368811828381185,5.0,7
2022_12_CHI_NYJ,2022,12,2022-11-27,CHI,NYJ,10.0,31.0,21.0,8.5,0,True,0.4965051668746992,CHI,0.5034948331253009,NYJ,False,-0.11632322263321071,-0.1562458128859285,53.8,0.08545537019564836,0.13428020572772761,67.2,-0.20177859282885907,-0.2905260186136561,-13.400000000000006,0
2022_12_CIN_TEN,2022,12,2022-11-27,CIN,TEN,20.0,16.0,-4.0,-1.0,0,True,0.46863437799337204,CIN,0.531365622006628,CIN,True,0.0009806235578386168,-0.12923611389886464,56.0,0.2142791033387527,0.05357422772811156,60.4,-0.21329847978091407,-0.18281034162697618,-4.399999999999999,3
2022_12_ATL_WAS,2022,12,2022-11-27,ATL,WAS,13.0,19.0,6.0,3.5,0,True,0.6611551378861633,WAS,0.6611551378861633,WAS,True,-0.05496451164849192,-0.17214728683952793,67.4,-0.01489235011028634,0.13054672890723096,55.6,-0.04007216153820558,-0.3026940157467589,11.800000000000004,0
2022_12_LAC_ARI,2022,12,2022-11-27,LAC,ARI,25.0,24.0,-1.0,-2.5,0,True,0.5866774584015736,ARI,0.5866774584015736,LAC,False,-0.03963547249885287,0.06123216496777839,65.4,-0.08781752382617924,0.057385059480180946,68.0,0.04818205132732638,0.003847105487597445,-2.5999999999999943,-1
2022_12_LV_SEA,2022,12,2022-11-27,LV,SEA,40.0,34.0,-6.0,4.0,0,True,0.6755714283012407,SEA,0.6755714283012407,LV,False,-0.011574138841357171,-0.10713985769470132,61.4,0.008733809692902893,0.10720441952627716,58.4,-0.020307948534260066,-0.21434427722097849,3.0,7
2022_12_LA_KC,2022,12,2022-11-27,LA,KC,10.0,26.0,16.0,16.5,0,True,0.7911397103736811,KC,0.7911397103736811,KC,True,0.24881483461382237,0.05395368955668743,66.0,-0.09213854746321819,-0.006639487687617579,58.0,0.34095338207704057,0.06059317724430501,8.0,0
2022_12_NO_SF,2022,12,2022-11-27,NO,SF,0.0,13.0,13.0,9.5,0,True,0.6677462828259739,SF,0.6677462828259739,SF,True,0.14133895218668613,0.06544948005066402,60.8,-0.03654727724113606,-0.012246190609288676,56.2,0.17788622942782217,0.0776956706599527,4.599999999999994,-1
2022_12_GB_PHI,2022,12,2022-11-27,GB,PHI,33.0,40.0,7.0,6.5,0,True,0.6276613933644786,PHI,0.6276613933644786,PHI,True,0.07104927500129755,-0.06103403118488682,57.2,0.00996348410755751,0.03785367740045462,59.6,0.06108579089374004,-0.09888770858534143,-2.3999999999999986,-3
2022_12_PIT_IND,2022,12,2022-11-28,PIT,IND,24.0,17.0,-7.0,2.5,0,True,0.491058253519658,PIT,0.5089417464803421,PIT,True,-0.1974346719092695,-0.1412804310807661,59.6,-0.028813394540044095,0.06130207938938921,68.6,-0.16862127736922541,-0.2025825104701553,-8.999999999999993,0
2022_13_BUF_NE,2022,13,2022-12-01,BUF,NE,24.0,10.0,-14.0,-3.5,1,True,0.47560117737022267,BUF,0.5243988226297773,BUF,True,-0.15004998019427868,-0.1934316422895701,58.6,0.051618758321390776,0.06262180369749507,64.4,-0.20166873851566947,-0.25605344598706514,-5.800000000000004,0
2022_13_PIT_ATL,2022,13,2022-12-04,PIT,ATL,19.0,16.0,-3.0,-1.0,0,True,0.5235820388801807,ATL,0.5235820388801807,PIT,False,-0.014216879006595112,0.07097709744933192,57.6,-0.011245676556013596,0.014637707230799712,70.2,-0.0029712024505815157,0.05633939021853221,-12.600000000000001,1
2022_13_DEN_BAL,2022,13,2022-12-04,DEN,BAL,9.0,10.0,1.0,9.5,0,True,0.6999773852153192,BAL,0.6999773852153192,BAL,True,0.044449938435163955,-0.0757930330841324,66.2,-0.1089110005952747,-0.027038723061337876,65.2,0.15336093903043865,-0.048754310022794525,1.0,0
2022_13_GB_CHI,2022,13,2022-12-04,GB,CHI,28.0,19.0,-9.0,-4.0,1,True,0.466109217661056,GB,0.533890782338944,GB,True,0.04529021979123697,0.2329491231414552,64.4,0.06717289265482751,0.08952168625441796,60.0,-0.021882672863590538,0.14342743688703724,4.400000000000006,0
2022_13_JAX_DET,2022,13,2022-12-04,JAX,DET,14.0,40.0,26.0,1.0,0,True,0.5996770187365167,DET,0.5996770187365167,DET,True,0.07943211324283586,0.07563654392434457,60.0,0.07305586710117182,0.1269767152901947,64.0,0.006376246141664044,-0.05134017136585012,-4.0,3
2022_13_CLE_HOU,2022,13,2022-12-04,CLE,HOU,27.0,14.0,-13.0,-7.5,0,True,0.29538920375602484,CLE,0.7046107962439752,CLE,True,-0.24832226170062777,0.04278433927382881,56.0,0.06047722867306704,0.04655296947925058,65.2,-0.3087994903736948,-0.003768630205421772,-9.200000000000003,0
2022_13_NYJ_MIN,2022,13,2022-12-04,NYJ,MIN,22.0,27.0,5.0,3.0,0,True,0.5454510854205187,MIN,0.5454510854205187,MIN,True,-0.0636779838784112,0.013680739808438067,66.0,-0.07313137801832477,-0.10050021323741196,55.8,0.00945339413991357,0.11418095304585002,10.200000000000003,3
2022_13_TEN_PHI,2022,13,2022-12-04,TEN,PHI,10.0,35.0,25.0,5.0,0,True,0.5993100366646713,PHI,0.5993100366646713,PHI,True,0.10793354857864035,-0.010281196106970147,59.4,0.03655115684991632,-0.05871737482517464,56.2,0.07138239172872403,0.04843617871820449,3.1999999999999957,0
2022_13_SEA_LA,2022,13,2022-12-04,SEA,LA,27.0,23.0,-4.0,-7.0,1,True,0.345469428200405,SEA,0.6545305717995951,SEA,True,-0.1392342376453196,0.08930649816273122,56.6,0.033295465790037206,-0.024902838209734234,60.6,-0.17252970343535678,0.11420933637246544,-4.0,0
2022_13_MIA_SF,2022,13,2022-12-04,MIA,SF,17.0,33.0,16.0,4.5,0,True,0.528803064941808,SF,0.528803064941808,SF,True,0.16135322155026297,-0.012744767108828315,62.4,0.1816842754625647,-0.04064877632039622,60.8,-0.020331053912301722,0.027904009211567906,1.6000000000000014,0
2022_13_KC_CIN,2022,13,2022-12-04,KC,CIN,24.0,27.0,3.0,-2.5,0,True,0.45569698243655493,KC,0.5443030175634451,CIN,False,0.18499414901232264,0.0438720561777647,62.0,0.2649837415494776,-0.015519974478188625,68.2,-0.07998959253715499,0.059392030655953325,-6.200000000000003,0
2022_13_LAC_LV,2022,13,2022-12-04,LAC,LV,20.0,27.0,7.0,2.5,1,True,0.5643664198296138,LV,0.5643664198296138,LV,True,-0.014534053683515912,0.1024511033263654,63.2,-0.04189842535649677,0.09963646128953167,64.2,0.02736437167298086,0.0028146420368337227,-1.0,0
2022_13_IND_DAL,2022,13,2022-12-04,IND,DAL,19.0,54.0,35.0,11.0,0,True,0.8378844927797046,DAL,0.8378844927797046,DAL,True,0.18254100504002563,-0.09736197935325298,65.8,-0.18661084308282963,-0.0941442254716702,59.2,0.3691518481228553,-0.0032177538815827827,6.599999999999994,4
2022_13_NO_TB,2022,13,2022-12-05,NO,TB,16.0,17.0,1.0,3.5,1,True,0.5907450067954158,TB,0.5907450067954158,TB,True,-0.022837233789332397,0.024994666932011335,68.0,-0.0965354054358685,-0.04501946839570123,52.8,0.07369817164653611,0.07001413532771256,15.200000000000003,0
2022_14_LV_LA,2022,14,2022-12-08,LV,LA,16.0,17.0,1.0,-6.5,0,True,0.40209248660481,LV,0.59790751339519,LA,False,-0.13178921153213102,0.050170612648900194,58.2,0.04325287110145133,0.052118930764449956,64.0,-0.17504208263358234,-0.0019483181155497617,-5.799999999999997,0
2022_14_NYJ_BUF,2022,14,2022-12-11,NYJ,BUF,12.0,20.0,8.0,10.0,1,True,0.6185566648221544,BUF,0.6185566648221544,BUF,True,0.06075466360470163,0.04518865790633063,67.4,-0.05540649438791756,-0.06516717915462425,62.0,0.1161611579926192,0.11035583706095488,5.400000000000006,3
2022_14_CLE_CIN,2022,14,2022-12-11,CLE,CIN,10.0,23.0,13.0,4.5,1,True,0.6191544289259947,CIN,0.6191544289259947,CIN,True,0.15291134198331363,0.08872318049502027,61.8,-0.0011984044626001278,-0.02772253302450506,65.6,0.15410974644591377,0.11644571351952533,-3.799999999999997,0
2022_14_HOU_DAL,2022,14,2022-12-11,HOU,DAL,23.0,27.0,4.0,17.0,0,True,0.8911016417586894,DAL,0.8911016417586894,DAL,True,0.2198400352167808,-0.09939250669137664,67.6,-0.26783262117488693,-0.012498794899938614,58.4,0.48767265639166774,-0.08689371179143802,9.199999999999996,0
2022_14_MIN_DET,2022,14,2022-12-11,MIN,DET,23.0,34.0,11.0,2.5,1,True,0.6843243515610851,DET,0.6843243515610851,DET,True,0.09840875244603331,-0.011454346504248453,63.0,-0.06321241834022727,0.017682754033100496,65.2,0.1616211707862606,-0.02913710053734895,-2.200000000000003,0
2022_14_PHI_NYG,2022,14,2022-12-11,PHI,NYG,48.0,22.0,-26.0,-7.5,1,True,0.4030460539258159,PHI,0.5969539460741842,PHI,True,-0.029786134445550914,0.04255439945574358,64.2,0.09152445471572057,-0.045585542738133276,62.4,-0.12131058916127149,0.08813994219387686,1.8000000000000043,0
2022_14_BAL_PIT,2022,14,2022-12-11,BAL,PIT,16.0,14.0,-2.0,1.5,1,True,0.4967120209768008,BAL,0.5032879790231992,BAL,True,0.044138069849903525,0.0193783476256648,69.4,0.03071800943704638,-0.11807817470743653,67.4,0.013420060412857145,0.13745652233310132,2.0,0
2022_14_JAX_TEN,2022,14,2022-12-11,JAX,TEN,36.0,22.0,-14.0,3.0,1,True,0.5300309154468076,TEN,0.5300309154468076,JAX,False,-0.0186934593530541,0.07455973098145804,55.4,0.027397944725075875,0.15035729546452428,62.0,-0.04609140407812998,-0.07579756448306624,-6.600000000000001,0
2022_14_KC_DEN,2022,14,2022-12-11,KC,DEN,34.0,28.0,-6.0,-8.5,1,True,0.3136602208747353,KC,0.6863397791252648,KC,True,-0.10313774061208476,-0.02724900916319088,60.6,0.19201238853427335,0.02578223698604103,68.0,-0.29515012914635813,-0.05303124614923191,-7.399999999999999,0
2022_14_CAR_SEA,2022,14,2022-12-11,CAR,SEA,30.0,24.0,-6.0,3.5,0,True,0.5603661144364037,SEA,0.5603661144364037,CAR,False,0.03683252559996873,0.014770849103479228,61.2,-0.03643693495367163,-0.015132691657762692,60.8,0.07326946055364036,0.02990354076124192,0.4000000000000057,-7
2022_14_TB_SF,2022,14,2022-12-11,TB,SF,7.0,35.0,28.0,3.5,0,True,0.7451471912817627,SF,0.7451471912817627,SF,True,0.15002970744242897,-0.1991528088343259,63.4,0.0028240276089763253,-0.008129016004796354,69.6,0.14720567983345265,-0.19102379282952955,-6.199999999999996,1
2022_14_MIA_LAC,2022,14,2022-12-11,MIA,LAC,17.0,23.0,6.0,-3.0,0,True,0.4131877592122245,MIA,0.5868122407877755,LAC,False,-0.014172632193413207,0.05624533329547225,65.0,0.12254563394604454,-0.021729657312936582,57.6,-0.13671826613945776,0.07797499060840883,7.399999999999999,0
2022_14_NE_ARI,2022,14,2022-12-12,NE,ARI,27.0,13.0,-14.0,-2.0,0,True,0.5206597389511136,ARI,0.5206597389511136,NE,False,-0.05667413478918666,0.06879068971616827,66.0,-0.10566898982115121,-0.18699113503586945,59.4,0.048994855031964546,0.2557818247520377,6.600000000000001,4
2022_15_SF_SEA,2022,15,2022-12-15,SF,SEA,21.0,13.0,-8.0,-3.0,1,True,0.35209137559139553,SF,0.6479086244086045,SF,True,0.039925995165626234,0.06862103188897692,59.6,0.11506693784858571,-0.21843760296364617,64.6,-0.07514094268295948,0.28705863485262306,-4.999999999999993,0
2022_15_IND_MIN,2022,15,2022-12-17,IND,MIN,36.0,39.0,3.0,3.5,0,True,0.6105914537789735,MIN,0.6105914537789735,MIN,True,-0.032834390512627536,0.09667165110965728,64.8,-0.21704203290395663,-0.038230644309911875,62.4,0.18420764239132909,0.13490229541956916,2.3999999999999986,-7
2022_15_BAL_CLE,2022,15,2022-12-17,BAL,CLE,3.0,13.0,10.0,2.5,1,True,0.41121174278184003,BAL,0.58878825721816,CLE,False,-0.0711399250931303,0.014565427896815631,66.0,0.012245140709324934,-0.12804422072034197,64.6,-0.08338506580245524,0.1426096486171576,1.4000000000000057,0
2022_15_MIA_BUF,2022,15,2022-12-17,MIA,BUF,29.0,32.0,3.0,7.0,1,True,0.5378258001325368,BUF,0.5378258001325368,BUF,True,0.04469494310363471,-0.0016478295585950543,65.8,0.03667224834743489,-0.05450016376004605,55.2,0.008022694756199822,0.052852334201450996,10.599999999999994,0
2022_15_PIT_CAR,2022,15,2022-12-18,PIT,CAR,24.0,16.0,-8.0,2.5,0,True,0.47609139741044365,PIT,0.5239086025895563,PIT,True,-0.0213769792703547,-0.03793201122938748,60.2,0.05885044043197779,-0.05104123963552827,66.0,-0.08022741970233249,0.013109228406140788,-5.799999999999997,0
2022_15_PHI_CHI,2022,15,2022-12-18,PHI,CHI,25.0,20.0,-5.0,-8.5,0,True,0.45127248175982787,PHI,0.5487275182401721,PHI,True,0.06843196954368963,0.18036110093482177,59.6,0.1321285763807459,-0.03428980346950128,63.2,-0.06369660683705627,0.21465090440432305,-3.6000000000000014,7
2022_15_KC_HOU,2022,15,2022-12-18,KC,HOU,30.0,24.0,-6.0,-14.5,0,True,0.21314249827524473,KC,0.7868575017247552,KC,True,-0.28192479749161153,-0.056483470685133964,59.6,0.19887774680909936,0.022120411081703366,62.4,-0.4808025443007109,-0.07860388176683733,-2.799999999999997,0
2022_15_DAL_JAX,2022,15,2022-12-18,DAL,JAX,34.0,40.0,6.0,-4.0,0,True,0.39848190035231024,DAL,0.6015180996476898,JAX,False,0.08125007231122366,0.12014601178524179,62.4,0.12561396011768192,-0.13826646151633032,70.6,-0.04436388780645825,0.25841247330157213,-8.199999999999996,0
2022_15_ATL_NO,2022,15,2022-12-18,ATL,NO,18.0,21.0,3.0,5.0,1,True,0.46681617880934007,ATL,0.5331838211906599,NO,False,-0.13183156117424527,0.02525213830055189,51.4,-0.022981281201489352,0.08857419862311902,55.0,-0.10885027997275593,-0.06332206032256713,-3.6000000000000014,-1
2022_15_DET_NYJ,2022,15,2022-12-18,DET,NYJ,20.0,17.0,-3.0,2.0,0,True,0.39285903353169815,DET,0.6071409664683018,DET,True,-0.06575971213664822,-0.06190022143792049,65.0,0.16974899000425375,0.02460492109600018,65.4,-0.23550870214090197,-0.08650514253392066,-0.4000000000000057,0
2022_15_ARI_DEN,2022,15,2022-12-18,ARI,DEN,15.0,24.0,9.0,1.5,0,True,0.5784414933906826,DEN,0.5784414933906826,DEN,True,-0.12634542927573394,0.01255921559635624,62.4,-0.11883860500600558,0.07037194885729291,65.8,-0.00750682426972836,-0.057812733260936666,-3.3999999999999986,1
2022_15_NE_LV,2022,15,2022-12-18,NE,LV,24.0,30.0,6.0,1.0,0,True,0.5884075294772249,LV,0.5884075294772249,LV,True,0.036192173119983254,-0.00845194376364076,64.2,-0.07792264920186084,-0.2400144665840031,55.8,0.1141148223218441,0.23156252282036235,8.400000000000006,4
2022_15_TEN_LAC,2022,15,2022-12-18,TEN,LAC,14.0,17.0,3.0,3.0,0,True,0.6009540196759708,LAC,0.6009540196759708,LAC,True,-0.014802928741341223,0.03969544499590378,66.8,-0.029358880273025058,0.0954689920828847,58.6,0.014555951531683835,-0.05577354708698092,8.199999999999996,0
2022_15_CIN_TB,2022,15,2022-12-18,CIN,TB,34.0,23.0,-11.0,-3.5,0,True,0.3695750646478594,CIN,0.6304249353521406,CIN,True,-0.04658526111833786,-0.0033482683041113626,71.8,0.19519930290463433,0.01878165986449009,63.4,-0.2417845640229722,-0.022129928168601452,8.399999999999999,0
2022_15_NYG_WAS,2022,15,2022-12-18,NYG,WAS,20.0,12.0,-8.0,4.5,1,True,0.7225383988935107,WAS,0.7225383988935107,NYG,False,0.003114590512049216,-0.14000786717840694,68.8,-0.0213115927759309,0.1411427582292086,64.2,0.024426183287980116,-0.28115062540761554,4.599999999999994,7
2022_15_LA_GB,2022,15,2022-12-19,LA,GB,12.0,24.0,12.0,8.0,0,True,0.7416700139045265,GB,0.7416700139045265,GB,True,0.09167845175848445,0.08943247762378437,59.8,-0.11716624448968074,0.08704201538022278,59.2,0.2088446962481652,0.0023904622435615835,0.5999999999999943,4
2022_16_JAX_NYJ,2022,16,2022-12-22,JAX,NYJ,19.0,3.0,-16.0,2.5,0,True,0.4949437480191454,JAX,0.5050562519808546,JAX,True,-0.09218222524361783,-0.050139767284491765,65.2,0.0670411732609293,0.1172558277395122,63.2,-0.15922339850454714,-0.16739559502400397,2.0,0
2022_16_ATL_BAL,2022,16,2022-12-24,ATL,BAL,9.0,17.0,8.0,6.5,0,True,0.6143327054831798,BAL,0.6143327054831798,BAL,True,-0.0637843077436988,-0.09013612032606143,63.8,-0.02388332448504642,0.0928585284418216,57.0,-0.03990098325865238,-0.18299464876788302,6.799999999999997,1
2022_16_DET_CAR,2022,16,2022-12-24,DET,CAR,23.0,37.0,14.0,-2.5,0,True,0.4497926584915159,DET,0.550207341508484,CAR,False,-0.008134418278485548,-0.06926297726472752,59.0,0.1401400202097843,-0.0035844941978237068,67.0,-0.14827443848826985,-0.06567848306690381,-8.0,0
2022_16_BUF_CHI,2022,16,2022-12-24,BUF,CHI,35.0,13.0,-22.0,-8.0,0,True,0.42014103586645646,BUF,0.5798589641335435,BUF,True,0.007329720361309725,0.12278301265248726,57.0,0.09470392705586027,0.016376742800281736,65.6,-0.08737420669455054,0.10640626985220553,-8.599999999999994,-1
2022_16_NO_CLE,2022,16,2022-12-24,NO,CLE,17.0,10.0,-7.0,3.0,0,True,0.6540015983358428,CLE,0.6540015983358428,NO,False,-0.04687298341764305,-0.10945137346378413,66.0,-0.08951420451350764,-0.007228578529137049,52.4,0.04264122109586459,-0.10222279493464707,13.600000000000001,1
2022_16_SEA_KC,2022,16,2022-12-24,SEA,KC,10.0,24.0,14.0,10.5,0,True,0.7590158771562079,KC,0.7590158771562079,KC,True,0.17121630440390373,-0.023974882380742878,65.6,-0.026088935047170546,0.14034256787843474,58.2,0.19730523945107428,-0.16431745025917763,7.3999999999999915,-3
2022_16_NYG_MIN,2022,16,2022-12-24,NYG,MIN,24.0,27.0,3.0,4.5,0,True,0.5565478462773588,MIN,0.5565478462773588,MIN,True,-0.07238782629292492,0.07209643254030934,66.4,-0.03579018862736125,0.12007099872877999,62.8,-0.036597637665563676,-0.04797456618847065,3.6000000000000085,1
2022_16_CIN_NE,2022,16,2022-12-24,CIN,NE,22.0,18.0,-4.0,-3.0,0,True,0.4786428491640419,CIN,0.5213571508359581,CIN,True,-0.03582987245454485,-0.126729997921621,56.2,0.11447222470244989,0.0030684509426651433,61.6,-0.15030209715699475,-0.12979844886428615,-5.399999999999999,0
2022_16_HOU_TEN,2022,16,2022-12-24,HOU,TEN,19.0,14.0,-5.0,3.0,1,True,0.7062477731398648,TEN,0.7062477731398648,HOU,False,-0.02323963632376333,0.10748302951528584,57.8,-0.31233263636888176,-0.05818133548183024,58.8,0.2890930000451184,0.16566436499711606,-1.0,0
2022_16_WAS_SF,2022,16,2022-12-24,WAS,SF,20.0,37.0,17.0,6.5,0,True,0.7214359315903611,SF,0.7214359315903611,SF,True,0.1442591220780789,-0.23647022003625567,62.4,0.016600501321865094,-0.10714383395234892,68.4,0.12765862075621381,-0.12932638608390676,-6.000000000000007,3
2022_16_PHI_DAL,2022,16,2022-12-24,PHI,DAL,34.0,40.0,6.0,4.0,1,True,0.5599112658247108,DAL,0.5599112658247108,DAL,True,0.13313270303576583,-0.16141899040181512,69.6,0.15988919583056946,-0.07447175701774093,67.8,-0.026756492794803632,-0.08694723338407419,1.7999999999999972,0
2022_16_LV_PIT,2022,16,2022-12-24,LV,PIT,10.0,13.0,3.0,2.5,0,True,0.5788608410230239,PIT,0.5788608410230239,PIT,True,0.1014071856747907,0.014908405019591921,63.8,0.03637813465969611,-0.061301577841553004,64.0,0.0650290510150946,0.07620998286114493,-0.20000000000000284,0
2022_16_GB_MIA,2022,16,2022-12-25,GB,MIA,26.0,20.0,-6.0,3.5,0,True,0.5279912577048204,MIA,0.5279912577048204,GB,False,0.00808730820849889,-0.05215663668182176,56.8,0.12813724165822798,0.09273341640913102,59.0,-0.1200499334497291,-0.14489005309095276,-2.200000000000003,2
2022_16_DEN_LA,2022,16,2022-12-25,DEN,LA,14.0,51.0,37.0,-3.0,0,True,0.5020639393470663,LA,0.5020639393470663,LA,True,-0.09963664231454863,0.0897379708729367,56.0,-0.11119873364187975,-0.03143530386949123,61.0,0.011562091327331117,0.12117327474242792,-5.0,-1
2022_16_TB_ARI,2022,16,2022-12-25,TB,ARI,19.0,16.0,-3.0,-7.5,0,True,0.44911006630321104,TB,0.550889933696789,TB,True,-0.14917669964008903,0.04272659085012593,65.6,-0.03569308864467369,0.030884345593627748,70.4,-0.11348361099541535,0.011842245256498182,-4.800000000000011,0
2022_16_LAC_IND,2022,16,2022-12-26,LAC,IND,20.0,3.0,-17.0,-3.5,0,True,0.45648041848344517,LAC,0.5435195815165548,LAC,True,-0.1267038783587738,0.0005146198196041396,66.0,0.002401368190226008,0.01694176201696489,69.0,-0.12910524654899982,-0.01642714219736075,-3.0,1
2022_17_DAL_TEN,2022,17,2022-12-29,DAL,TEN,27.0,13.0,-14.0,-14.0,0,True,0.29938500567411713,DAL,0.7006149943258828,DAL,True,-0.12370729872993902,0.09187581080136334,57.2,0.08702551445547478,-0.07915172249253229,69.6,-0.21073281318541381,0.17102753329389564,-12.399999999999991,0
2022_17_ARI_ATL,2022,17,2023-01-01,ARI,ATL,19.0,20.0,1.0,7.0,0,True,0.688605014206062,ATL,0.688605014206062,ATL,True,-0.03133619133029866,0.07894638639647693,58.8,-0.20595063493375948,0.06230111097837522,67.4,0.17461444360346082,0.016645275418101707,-8.600000000000009,1
2022_17_CHI_DET,2022,17,2023-01-01,CHI,DET,10.0,41.0,31.0,4.5,1,True,0.745198259507402,DET,0.745198259507402,DET,True,0.13077700343837897,0.08223077448042922,67.4,-0.09343504107304364,0.12960137424728063,57.0,0.22421204451142263,-0.047370599766851415,10.400000000000006,0
2022_17_JAX_HOU,2022,17,2023-01-01,JAX,HOU,31.0,3.0,-28.0,-3.5,1,True,0.30765067370317584,JAX,0.6923493262968241,JAX,True,-0.2528757178243664,-0.09771093879688512,60.8,0.06425082620303407,0.0047962834907602225,64.6,-0.3171265440274005,-0.10250722228764535,-3.799999999999997,-2
2022_17_DEN_KC,2022,17,2023-01-01,DEN,KC,24.0,27.0,3.0,13.5,1,True,0.7968730184652952,KC,0.7968730184652952,KC,True,0.1237628986447759,-0.08583648456863842,63.6,-0.1649582761813651,0.004803936405493936,61.0,0.288721174826141,-0.09064042097413236,2.6000000000000014,1
2022_17_MIA_NE,2022,17,2023-01-01,MIA,NE,21.0,23.0,2.0,3.0,1,True,0.5901152299558424,NE,0.5901152299558424,NE,True,-0.027177246789618536,-0.026638495426050755,54.8,-0.07634518279588727,-0.03399071772745742,53.0,0.04916793600626873,0.007352222301406662,1.7999999999999972,1
2022_17_IND_NYG,2022,17,2023-01-01,IND,NYG,10.0,38.0,28.0,5.5,0,True,0.7229551346041259,NYG,0.7229551346041259,NYG,True,-0.026529843652691575,0.09404215073054549,61.6,-0.27170648239337714,0.0036309814913933923,64.2,0.24517663874068557,0.0904111692391521,-2.6000000000000014,2
2022_17_NO_PHI,2022,17,2023-01-01,NO,PHI,20.0,10.0,-10.0,5.5,0,True,0.7510171105182774,PHI,0.7510171105182774,NO,False,0.1950637533034208,-0.03359883943991197,69.6,-0.05433842127559078,-0.06142107508773072,54.0,0.24940217457901157,0.027822235647818744,15.599999999999994,0
2022_17_CAR_TB,2022,17,2023-01-01,CAR,TB,24.0,30.0,6.0,3.5,1,True,0.41847980677373087,CAR,0.5815201932262691,TB,False,-0.0885569381056575,-0.018360462621176143,72.2,0.0568727032443614,-0.03382782554663882,59.0,-0.1454296413500189,0.01546736292546268,13.200000000000003,-1
2022_17_CLE_WAS,2022,17,2023-01-01,CLE,WAS,24.0,10.0,-14.0,1.0,0,True,0.5909906997273138,WAS,0.5909906997273138,CLE,False,-0.02551521963049045,-0.05854441880866605,67.0,-0.11409829505805733,-0.15543668064050814,66.0,0.08858307542756688,0.09689226183184209,1.0,0
2022_17_SF_LV,2022,17,2023-01-01,SF,LV,37.0,34.0,-3.0,-10.0,0,True,0.388785427564335,SF,0.611214572435665,SF,True,-0.019304412353125917,-0.06376546276438076,62.0,0.09364644144003811,-0.23023997148960182,61.6,-0.11295085379316402,0.16647450872522107,0.3999999999999986,0
2022_17_NYJ_SEA,2022,17,2023-01-01,NYJ,SEA,6.0,23.0,17.0,-1.0,0,True,0.48111656584057233,NYJ,0.5188834341594277,SEA,False,-0.07293777866132607,0.11011479389196747,62.6,-0.06583779917757254,-0.009149490670883364,66.6,-0.00709997948375353,0.11926428456285083,-3.999999999999993,-2
2022_17_MIN_GB,2022,17,2023-01-01,MIN,GB,17.0,41.0,24.0,3.0,1,True,0.5685960350633961,GB,0.5685960350633961,GB,True,0.0816798107914038,0.08639329580808391,59.4,-0.001988237050194181,0.01915835594773653,69.6,0.08366804784159798,0.06723493986034738,-10.199999999999996,-1
2022_17_LA_LAC,2022,17,2023-01-01,LA,LAC,10.0,31.0,21.0,6.5,0,True,0.6457709584550957,LAC,0.6457709584550957,LAC,True,-0.024818023481776388,-0.14797068570687236,68.8,-0.04230114853581156,0.016514808577734675,56.4,0.01748312505403517,-0.16448549428460704,12.399999999999999,-1
2022_17_PIT_BAL,2022,17,2023-01-01,PIT,BAL,16.0,13.0,-3.0,1.0,1,True,0.41220048004236903,PIT,0.5877995199576309,PIT,True,-0.03765275768959084,-0.03742401565793614,60.6,0.10506446791301786,-0.051104404916835676,63.4,-0.1427172256026087,0.013680389258899535,-2.799999999999997,0
2022_18_KC_LV,2022,18,2023-01-07,KC,LV,31.0,13.0,-18.0,-9.0,1,True,0.3744030491347384,KC,0.6255969508652617,KC,True,-0.04847658616457893,-0.009335900816631992,59.8,0.11677681942741688,-0.073195614227644,60.8,-0.1652534055919958,0.06385971341101201,-1.0,0
2022_18_TEN_JAX,2022,18,2023-01-07,TEN,JAX,16.0,20.0,4.0,6.0,1,True,0.7603674248210082,JAX,0.7603674248210082,JAX,True,0.039386072905406445,-0.11888787279091899,64.2,-0.16851274811964007,0.06501444916137991,59.0,0.2078988210250465,-0.18390232195229889,5.200000000000003,-3
2022_18_TB_ATL,2022,18,2023-01-08,TB,ATL,17.0,30.0,13.0,6.0,1,True,0.49692872148207795,TB,0.5030712785179221,ATL,False,-0.044306519376664,0.07748995180402345,61.2,-0.05797925224198107,-0.0256025546754354,74.0,0.013672732865317068,0.10309250647945885,-12.799999999999997,0
2022_18_NE_BUF,2022,18,2023-01-08,NE,BUF,23.0,35.0,12.0,8.0,1,True,0.707917503629746,BUF,0.707917503629746,BUF,True,0.11508386478912999,-0.08589566339901643,65.0,-0.06712714008344778,-0.04673408629925159,55.0,0.18221100487257777,-0.03916157709976484,10.0,-1
2022_18_MIN_CHI,2022,18,2023-01-08,MIN,CHI,29.0,13.0,-16.0,-6.5,1,True,0.37186656581392796,MIN,0.628133434186072,MIN,True,-0.16614024568849223,0.16949848727128622,53.8,-0.05312300987319822,0.027233242905546184,68.0,-0.113017235815294,0.14226524436574003,-14.200000000000003,0
2022_18_BAL_CIN,2022,18,2023-01-08,BAL,CIN,16.0,27.0,11.0,11.0,1,True,0.6706571279047255,CIN,0.6706571279047255,CIN,True,0.09941544180023548,-0.006738678853903406,64.6,-0.05975957114851112,-0.016399579338627086,56.8,0.15917501294874659,0.00966090048472368,7.799999999999997,-1
2022_18_HOU_IND,2022,18,2023-01-08,HOU,IND,32.0,31.0,-1.0,3.0,1,True,0.47268356713955423,HOU,0.5273164328604458,HOU,True,-0.2762688748181209,0.07207069927578949,63.0,-0.2765860669196315,-0.0916648866812364,62.2,0.0003171921015105994,0.1637355859570259,0.7999999999999972,0
2022_18_NYJ_MIA,2022,18,2023-01-08,NYJ,MIA,6.0,11.0,5.0,3.5,1,True,0.6182055565618991,MIA,0.6182055565618991,MIA,True,-0.06238857686768591,0.01787495366788658,53.2,-0.17953785310003237,-0.002531271381580577,68.0,0.11714927623234646,0.020406225049467156,-14.799999999999997,0
2022_18_CAR_NO,2022,18,2023-01-08,CAR,NO,10.0,7.0,-3.0,3.5,1,True,0.4052752625167403,CAR,0.5947247374832597,CAR,True,-0.08507303744325294,-0.11551013877783486,56.0,0.13708675767067374,0.013708900137835656,60.0,-0.2221597951139267,-0.12921903891567052,-4.0,0
2022_18_CLE_PIT,2022,18,2023-01-08,CLE,PIT,14.0,28.0,14.0,2.5,1,True,0.6386972366598802,PIT,0.6386972366598802,PIT,True,0.11217152673680597,-0.018463278020281523,63.6,-0.08362856990678816,-0.18411538864504995,61.0,0.19580009664359413,0.16565211062476842,2.6000000000000014,0
2022_18_LAC_DEN,2022,18,2023-01-08,LAC,DEN,28.0,31.0,3.0,6.0,1,True,0.323098347892143,LAC,0.676901652107857,DEN,False,-0.14434475983992495,0.00682631634014178,62.8,0.0185054476046286,-0.18007134213556772,68.4,-0.16285020744455356,0.1868976584757095,-5.6000000000000085,0
2022_18_NYG_PHI,2022,18,2023-01-08,NYG,PHI,16.0,22.0,6.0,16.5,1,True,0.6532020988530883,PHI,0.6532020988530883,PHI,True,0.10066710759115009,-0.08433984813944088,64.6,0.028896305716733277,0.03183471781203075,62.6,0.07177080187441681,-0.11617456595147163,1.999999999999993,0
2022_18_LA_SEA,2022,18,2023-01-08,LA,SEA,16.0,19.0,3.0,5.5,1,True,0.513187917766987,SEA,0.513187917766987,SEA,True,-0.0857206061783166,0.003938321807298617,64.4,-0.01730727911139643,0.0480486723960454,55.0,-0.06841332706692017,-0.04411035058874678,9.400000000000006,0
2022_18_ARI_SF,2022,18,2023-01-08,ARI,SF,13.0,38.0,25.0,14.0,1,True,0.8204787004442372,SF,0.8204787004442372,SF,True,0.15895164381195834,-0.16410556502289683,60.6,-0.16908346197486496,-0.02761826495658759,67.0,0.32803510578682327,-0.13648730006630924,-6.399999999999999,0
2022_18_DAL_WAS,2022,18,2023-01-08,DAL,WAS,6.0,26.0,20.0,-7.5,1,True,0.36265853827514494,DAL,0.6373414617248551,WAS,False,-0.048090458192528156,0.057157535527740666,67.2,0.0590115632622845,-0.09813091703594448,70.8,-0.10710202145481265,0.15528845256368515,-3.5999999999999943,-3
2022_18_DET_GB,2022,18,2023-01-08,DET,GB,20.0,16.0,-4.0,5.5,1,True,0.4881378861242219,DET,0.5118621138757782,DET,True,0.109141384099539,-0.00011182581459455721,59.2,0.16107932725870316,-0.005193793436533456,67.2,-0.05193794315916417,0.0050819676219388986,-8.0,0
2023_01_DET_KC,2023,1,2023-09-07,DET,KC,21.0,20.0,-1.0,4.0,0,True,0.6009406019321866,KC,0.6009406019321866,DET,False,0.12118809327117688,-0.15703525128595175,60.8,0.13466665754063478,-0.018217164875765822,64.6,-0.013478564269457899,-0.13881808641018592,-3.799999999999997,0
2023_01_CAR_ATL,2023,1,2023-09-10,CAR,ATL,10.0,24.0,14.0,3.5,1,True,0.4543424459620807,CAR,0.5456575540379194,ATL,False,-0.03750527869492351,0.0190381161390862,63.6,0.07725274897903303,0.030578207713451277,58.8,-0.11475802767395654,-0.011540091574365075,4.800000000000004,0
2023_01_HOU_BAL,2023,1,2023-09-10,HOU,BAL,9.0,25.0,16.0,9.5,0,True,0.6261468252343322,BAL,0.6261468252343322,BAL,True,-0.09544791203203482,-0.02921686359967453,57.8,-0.20129792331773505,-0.06197996993286431,62.8,0.10585001128570024,0.03276310633318978,-5.0,0
2023_01_CIN_CLE,2023,1,2023-09-10,CIN,CLE,3.0,24.0,21.0,-1.0,1,True,0.4753818893210459,CIN,0.524618110678954,CLE,False,-0.040174263128020866,-0.07991144137910147,60.8,0.03225100273413843,-0.08260630084356349,65.0,-0.0724252658621593,0.0026948594644620183,-4.200000000000003,0
2023_01_JAX_IND,2023,1,2023-09-10,JAX,IND,31.0,21.0,-10.0,-4.0,1,True,0.22391401010613757,JAX,0.7760859898938625,JAX,True,-0.26062669413991124,0.0350703159488933,64.6,0.03585433210928218,-0.1947758948809514,62.0,-0.2964810262491934,0.2298462108298447,2.5999999999999943,0
2023_01_TB_MIN,2023,1,2023-09-10,TB,MIN,20.0,17.0,-3.0,4.0,0,True,0.6174921244191168,MIN,0.6174921244191168,TB,False,-0.005306996649222284,0.006099084997049387,69.4,-0.086438383577082,-0.009188234317402021,70.0,0.08113138692785972,0.015287319314451408,-0.5999999999999943,0
2023_01_TEN_NO,2023,1,2023-09-10,TEN,NO,15.0,16.0,1.0,3.0,0,True,0.6662460303477706,NO,0.6662460303477706,NO,True,-0.06793149802562813,-0.15462113460975255,57.0,-0.14072576338933035,-0.020329950742677034,62.8,0.07279426536370222,-0.1342911838670755,-5.799999999999997,0
2023_01_SF_PIT,2023,1,2023-09-10,SF,PIT,30.0,7.0,-23.0,-1.5,0,True,0.43078789933538825,SF,0.5692121006646118,SF,True,0.09164307691930214,-0.019670232718006612,64.4,0.16960933937423442,-0.1708059228748459,57.6,-0.07796626245493228,0.15113569015683928,6.800000000000004,0
2023_01_ARI_WAS,2023,1,2023-09-10,ARI,WAS,16.0,20.0,4.0,7.0,0,True,0.6797273261952976,WAS,0.6797273261952976,WAS,True,-0.11152304945208233,-0.04283725476368931,67.8,-0.2530307927369163,-0.031226926560060837,64.0,0.14150774328483398,-0.011610328203628475,3.799999999999997,0
2023_01_GB_CHI,2023,1,2023-09-10,GB,CHI,38.0,20.0,-18.0,1.0,1,True,0.27791735123134526,GB,0.7220826487686547,GB,True,-0.1848625160840774,0.17074505521163008,52.6,0.04051173597478448,-0.009259211784303289,61.0,-0.22537425205886186,0.18000426699593336,-8.399999999999999,0
2023_01_LV_DEN,2023,1,2023-09-10,LV,DEN,17.0,16.0,-1.0,3.0,1,True,0.5327315952489823,DEN,0.5327315952489823,LV,False,-0.08794647694264744,0.04550573791754501,64.8,-0.06235201255287444,0.06390012274052392,61.4,-0.025594464389773003,-0.018394384822978914,3.3999999999999986,0
2023_01_MIA_LAC,2023,1,2023-09-10,MIA,LAC,36.0,34.0,-2.0,3.0,0,True,0.6697466354982721,LAC,0.6697466354982721,MIA,False,0.050036598997687455,-0.13291392718499556,67.2,-0.014567010542159198,-0.01064497593535721,57.0,0.06460360953984665,-0.12226895124963835,10.200000000000003,0
2023_01_PHI_NE,2023,1,2023-09-10,PHI,NE,25.0,20.0,-5.0,-3.5,0,True,0.46815861165951805,PHI,0.531841388340482,PHI,True,-0.06931312726413656,-0.06075483376415756,57.6,0.03653596605925886,-0.03830518775083016,64.8,-0.10584909332339543,-0.0224496460133274,-7.199999999999996,0
2023_01_LA_SEA,2023,1,2023-09-10,LA,SEA,30.0,13.0,-17.0,4.5,1,True,0.46988922381450016,LA,0.5301107761854998,LA,True,-0.13545428727145353,-0.010940547136192164,65.4,-0.03218614805488721,-0.0016850086970915251,54.0,-0.10326813921656633,-0.009255538439100638,11.400000000000006,0
2023_01_DAL_NYG,2023,1,2023-09-10,DAL,NYG,40.0,0.0,-40.0,-3.5,1,True,0.6010629438643201,NYG,0.6010629438643201,DAL,False,0.04860308596995881,0.023223538722844595,63.0,-0.08007278219010983,-0.07721981709784512,70.8,0.12867586816006865,0.10044335582068971,-7.799999999999997,0
2023_01_BUF_NYJ,2023,1,2023-09-11,BUF,NYJ,16.0,22.0,6.0,-2.5,1,True,0.26093949560287727,BUF,0.7390605043971228,NYJ,False,-0.19826875625617962,-0.02287799110290755,62.0,0.11503455052931186,-0.10027667306942376,61.2,-0.31330330678549145,0.0773986819665162,0.7999999999999972,0
2023_02_MIN_PHI,2023,2,2023-09-14,MIN,PHI,28.0,34.0,6.0,6.0,0,True,0.5285312724844503,PHI,0.5285312724844503,PHI,True,-0.07298720082947427,-0.06717425827597001,63.8,-0.04359356768633424,-0.061133224550248534,69.4,-0.02939363314314003,-0.006041033725721477,-5.6000000000000085,0
2023_02_GB_ATL,2023,2,2023-09-17,GB,ATL,24.0,25.0,1.0,3.0,0,True,0.47999486881468284,GB,0.5200051311853171,ATL,False,-0.057222919624478306,-0.0709405870206814,62.4,0.034898421327609355,-0.06935308655112893,60.6,-0.09212134095208765,-0.001587500469552472,1.7999999999999972,0
2023_02_LV_BUF,2023,2,2023-09-17,LV,BUF,10.0,38.0,28.0,7.5,0,True,0.7086211180860039,BUF,0.7086211180860039,BUF,True,0.06752053107786203,-0.10457411379800192,61.0,-0.033270219500694746,0.08665957194412785,60.0,0.10079075057855677,-0.1912336857421298,1.0,-1
2023_02_BAL_CIN,2023,2,2023-09-17,BAL,CIN,27.0,24.0,-3.0,3.5,1,True,0.5809083575968017,CIN,0.5809083575968017,BAL,False,-0.11300082038988561,-0.15826373953642467,62.6,-0.1163829728932458,-0.08783816982919228,58.2,0.0033821525033601862,-0.07042556970723239,4.399999999999999,0
2023_02_SEA_DET,2023,2,2023-09-17,SEA,DET,37.0,31.0,-6.0,4.5,0,True,0.7782271009343122,DET,0.7782271009343122,SEA,False,0.09769033176680182,-0.059241841075963045,64.0,-0.1411645481804877,0.010384922436886972,64.0,0.23885487994728954,-0.06962676351285002,0.0,3
2023_02_IND_HOU,2023,2,2023-09-17,IND,HOU,31.0,20.0,-11.0,-1.0,1,True,0.6009978742395563,HOU,0.6009978742395563,IND,False,-0.2189977641269884,-0.0679684198967833,64.4,-0.2807197490364566,-0.054355916747443445,64.6,0.061721984909468175,-0.013612503149339858,-0.19999999999998863,0
2023_02_KC_JAX,2023,2,2023-09-17,KC,JAX,17.0,9.0,-8.0,-3.5,0,True,0.490305614563278,KC,0.509694385436722,KC,True,-0.04512643687476932,-0.248280501882684,62.2,0.07181489489366014,-0.12843516001013228,60.4,-0.11694133176842945,-0.11984534187255172,1.8000000000000043,-3
2023_02_CHI_TB,2023,2,2023-09-17,CHI,TB,17.0,27.0,10.0,2.5,0,True,0.7829547541648252,TB,0.7829547541648252,TB,True,-0.0715260669209955,-0.06891278703096601,68.4,-0.24495639085090307,0.16513174056445495,57.2,0.17343032392990756,-0.23404452759542096,11.200000000000003,0
2023_02_LAC_TEN,2023,2,2023-09-17,LAC,TEN,24.0,27.0,3.0,-2.5,0,True,0.3614875730794588,LAC,0.6385124269205412,TEN,False,-0.15899380963013143,-0.07338110810803539,62.0,0.07501303310426723,-0.05487407760938684,67.2,-0.23400684273439865,-0.018507030498648547,-5.200000000000003,0
2023_02_NYG_ARI,2023,2,2023-09-17,NYG,ARI,31.0,28.0,-3.0,-5.0,0,True,0.39291670028955683,NYG,0.6070832997104432,NYG,True,-0.24703844151048768,-0.09371268904312875,61.8,-0.03171424281707623,-0.044498838911883484,63.2,-0.21532419869341146,-0.04921385013124527,-1.4000000000000057,0
2023_02_SF_LA,2023,2,2023-09-17,SF,LA,30.0,23.0,-7.0,-7.5,1,True,0.3635024619080011,SF,0.6364975380919988,SF,True,0.045722994959770315,-0.028035084713611214,57.8,0.16809038276046026,-0.20351818654900528,58.6,-0.12236738780068995,0.17548310183539406,-0.8000000000000043,0
2023_02_NYJ_DAL,2023,2,2023-09-17,NYJ,DAL,10.0,30.0,20.0,8.5,0,True,0.7075227814330394,DAL,0.7075227814330394,DAL,True,-0.06320636237461723,-0.13214923029952358,67.8,-0.17401886059760702,-0.015603998611551494,57.6,0.11081249822298979,-0.11654523168797208,10.199999999999996,1
2023_02_WAS_DEN,2023,2,2023-09-17,WAS,DEN,35.0,33.0,-2.0,4.0,0,True,0.5820406698752049,DEN,0.5820406698752049,WAS,False,-0.06905357633897524,0.05921048649305745,62.4,-0.17891243043045754,-0.09319696797500385,64.6,0.1098588540914823,0.1524074544680613,-2.1999999999999957,0
2023_02_MIA_NE,2023,2,2023-09-17,MIA,NE,24.0,17.0,-7.0,-2.0,1,True,0.40680578702753795,MIA,0.5931942129724621,MIA,True,-0.11372647165505137,-0.014171101013760378,62.6,0.06347283903344954,0.014331458171222555,59.8,-0.17719931068850092,-0.028502559184982935,2.8000000000000043,0
2023_02_NO_CAR,2023,2,2023-09-18,NO,CAR,20.0,17.0,-3.0,-3.0,1,True,0.5091753823553271,CAR,0.5091753823553271,NO,False,-0.0101888086902644,0.024895484160627028,59.0,-0.08072548426601447,-0.19382861561318357,58.2,0.07053667557575008,0.2187240997738106,0.7999999999999972,0
2023_02_CLE_PIT,2023,2,2023-09-18,CLE,PIT,22.0,26.0,4.0,-2.5,1,True,0.5191525244016154,PIT,0.5191525244016154,PIT,True,0.019487570530733956,0.002064427096625676,65.8,-0.04014349309045277,-0.18030074089627351,61.6,0.059631063621186725,0.1823651679928992,4.199999999999996,0
2023_03_NYG_SF,2023,3,2023-09-21,NYG,SF,12.0,30.0,18.0,10.5,0,True,0.739832093022225,SF,0.739832093022225,SF,True,0.15473713694146532,-0.16408576293220956,57.8,-0.0016001459081593672,0.010238537869937659,64.8,0.1563372828496247,-0.17432430080214723,-7.0,0
2023_03_IND_BAL,2023,3,2023-09-24,IND,BAL,22.0,19.0,-3.0,7.5,0,True,0.710934764760231,BAL,0.710934764760231,IND,False,-0.023683998447222666,-0.08170963001695317,59.8,-0.19337168907943086,-0.031784591496327196,60.2,0.1696876906322082,-0.04992503852062597,-0.4000000000000057,0
2023_03_TEN_CLE,2023,3,2023-09-24,TEN,CLE,3.0,27.0,24.0,3.5,0,True,0.6715220110846021,CLE,0.6715220110846021,CLE,True,-0.08784551211073145,-0.21427049989027758,66.0,-0.1460687823291988,-0.04192555698427999,63.4,0.058223270218467335,-0.17234494290599758,2.6000000000000014,-1
2023_03_ATL_DET,2023,3,2023-09-24,ATL,DET,6.0,20.0,14.0,3.0,0,True,0.6217181125071852,DET,0.6217181125071852,DET,True,0.08222453883593746,0.0027630108322338866,63.6,-0.03333340094445876,-0.07102813807353328,63.8,0.11555793978039622,0.07379114890576717,-0.19999999999999574,0
2023_03_NO_GB,2023,3,2023-09-24,NO,GB,17.0,18.0,1.0,-1.5,0,True,0.5720394821884033,GB,0.5720394821884033,GB,True,0.03299767197613036,-0.02463865688026965,56.8,-0.08326091403304134,-0.22225941449133693,61.6,0.1162585860091717,0.1976207576110673,-4.800000000000004,1
2023_03_HOU_JAX,2023,3,2023-09-24,HOU,JAX,37.0,17.0,-20.0,7.5,1,True,0.6610153530684113,JAX,0.6610153530684113,HOU,False,-0.13542292724027144,-0.22834619379717558,61.0,-0.19359926320334814,-0.04379600401257355,68.4,0.0581763359630767,-0.18455018978460203,-7.400000000000006,0
2023_03_DEN_MIA,2023,3,2023-09-24,DEN,MIA,20.0,70.0,50.0,6.0,0,True,0.7172766712896753,MIA,0.7172766712896753,MIA,True,0.07123594583193643,-0.0401426013362977,60.2,-0.03241741846474766,0.16033107774260624,61.8,0.10365336429668409,-0.20047367907890395,-1.5999999999999943,0
2023_03_LAC_MIN,2023,3,2023-09-24,LAC,MIN,28.0,24.0,-4.0,1.0,0,True,0.460009972210161,LAC,0.5399900277898391,LAC,True,-0.0017139223254131364,0.003422056559162295,63.2,0.1064685842280226,-0.0419490503084542,67.0,-0.10818250655343574,0.045371106867616494,-3.799999999999997,3
2023_03_NE_NYJ,2023,3,2023-09-24,NE,NYJ,15.0,10.0,-5.0,-2.5,1,True,0.40971798380115726,NE,0.5902820161988427,NE,True,-0.277211444084846,-0.01119063855487786,54.4,-0.10732279607377834,0.03858265462168161,64.0,-0.16988864801106765,-0.04977329317655947,-9.600000000000001,0
2023_03_BUF_WAS,2023,3,2023-09-24,BUF,WAS,37.0,3.0,-34.0,-5.5,0,True,0.31657386318635367,BUF,0.6834261368136463,BUF,True,-0.11953937628850533,-0.080801336255046,66.4,0.14972176832310802,-0.12307367190940285,64.8,-0.2692611446116133,0.042272335654356855,1.6000000000000085,0
2023_03_CAR_SEA,2023,3,2023-09-24,CAR,SEA,27.0,37.0,10.0,5.0,0,True,0.58018353437612,SEA,0.58018353437612,SEA,True,-0.04423186299164644,-0.039239845449380674,65.0,-0.04732007554072483,-0.01307835214449613,62.0,0.003088212549078387,-0.026161493304884542,3.0,1
2023_03_DAL_ARI,2023,3,2023-09-24,DAL,ARI,16.0,28.0,12.0,-11.5,0,True,0.3732609779297973,DAL,0.6267390220702027,ARI,False,-0.15055352762106997,-0.039358065979942146,62.0,-0.06082292449411882,-0.2719190204621867,69.0,-0.08973060312695114,0.23256095448224454,-7.0,0
2023_03_CHI_KC,2023,3,2023-09-24,CHI,KC,10.0,41.0,31.0,13.0,0,True,0.8828805184427757,KC,0.8828805184427757,KC,True,0.07362445816236698,-0.16697357490383974,57.2,-0.2530144786786873,0.20884860675925676,56.0,0.3266389368410543,-0.3758221816630965,1.2000000000000028,0
2023_03_PIT_LV,2023,3,2023-09-24,PIT,LV,23.0,18.0,-5.0,3.0,0,True,0.48845342131021496,PIT,0.511546578689785,PIT,True,-0.0724174181484244,0.17035514418193717,55.0,-0.10480810124118803,-0.04740854154593029,62.6,0.032390683092763634,0.21776368572786747,-7.600000000000001,1
2023_03_PHI_TB,2023,3,2023-09-25,PHI,TB,25.0,11.0,-14.0,-6.0,0,True,0.6072025532348073,TB,0.6072025532348073,PHI,False,-0.0037665409780553217,-0.09836997458952428,67.4,-0.04737573453081935,-0.026074084361037957,64.8,0.043609193552764026,-0.07229589022848631,2.6000000000000085,-3
2023_03_LA_CIN,2023,3,2023-09-25,LA,CIN,16.0,19.0,3.0,3.0,0,True,0.4415632524224107,LA,0.5584367475775893,CIN,False,-0.10813357785886937,-0.08210172536773155,62.4,0.05860868722158361,-0.012516808416482228,64.6,-0.16674226508045298,-0.06958491695124933,-2.1999999999999957,0
2023_04_DET_GB,2023,4,2023-09-28,DET,GB,34.0,20.0,-14.0,-2.5,1,True,0.4576657423887663,DET,0.5423342576112338,DET,True,0.03143955134141953,-0.030832348412672073,58.0,0.06598104283584139,-0.1459452242279587,63.4,-0.03454149149442186,0.11511287581528662,-5.399999999999999,0
2023_04_ATL_JAX,2023,4,2023-10-01,ATL,JAX,7.0,23.0,16.0,3.5,0,True,0.4996123419818447,ATL,0.5003876580181553,JAX,False,-0.1603742057404826,-0.12666684663794808,61.2,-0.07086928505099639,-0.07663670289575172,63.2,-0.08950492068948622,-0.05003014374219636,-2.0,0
2023_04_MIA_BUF,2023,4,2023-10-01,MIA,BUF,20.0,48.0,28.0,2.5,1,True,0.5745942079789321,BUF,0.5745942079789321,BUF,True,0.15462002763237986,-0.27473342985506305,63.2,0.20765564640057316,-0.09309695123679737,65.2,-0.05303561876819329,-0.18163647861826568,-2.0,0
2023_04_MIN_CAR,2023,4,2023-10-01,MIN,CAR,21.0,13.0,-8.0,-4.5,0,True,0.46129814744323666,MIN,0.5387018525567633,MIN,True,-0.11958200344161189,0.015623100976980086,64.2,0.0017853382700056888,0.037581277192216246,64.8,-0.12136734171161759,-0.021958176215236158,-0.5999999999999943,0
2023_04_DEN_CHI,2023,4,2023-10-01,DEN,CHI,31.0,28.0,-3.0,-3.0,0,True,0.39134317053141837,DEN,0.6086568294685817,DEN,True,-0.22745575327167772,0.21262563314104815,54.6,-0.030054644748799143,0.2348524351357478,61.2,-0.19740110852287857,-0.022226801994699646,-6.600000000000001,0
2023_04_BAL_CLE,2023,4,2023-10-01,BAL,CLE,28.0,3.0,-25.0,-2.0,1,True,0.6460075467030253,CLE,0.6460075467030253,BAL,False,-0.032645837607277135,-0.27891880915114414,66.0,-0.05514894009115858,-0.08281253435600557,64.4,0.022503102483881446,-0.1961062747951386,1.5999999999999943,0
2023_04_PIT_HOU,2023,4,2023-10-01,PIT,HOU,6.0,30.0,24.0,-3.0,0,True,0.5181612491088692,HOU,0.5181612491088692,HOU,True,-0.12879512879203764,-0.0016420851657245508,67.0,-0.09718592360528246,-0.041416159368362945,61.2,-0.03160920518675518,0.03977407420263839,5.799999999999997,0
2023_04_LA_IND,2023,4,2023-10-01,LA,IND,29.0,23.0,-6.0,-1.0,0,True,0.5272679313670326,IND,0.5272679313670326,LA,False,-0.10974406708921984,-0.050589136198722975,67.0,-0.02454020974138013,0.023508971514403003,62.4,-0.08520385734783971,-0.07409810771312597,4.600000000000001,1
2023_04_TB_NO,2023,4,2023-10-01,TB,NO,26.0,9.0,-17.0,4.0,1,True,0.5720751335691558,NO,0.5720751335691558,TB,False,-0.07134563338766862,-0.1730169788503175,63.0,-0.023928170651858604,-0.032884720681284375,61.0,-0.04741746273581002,-0.14013225816903313,2.0,1
2023_04_WAS_PHI,2023,4,2023-10-01,WAS,PHI,31.0,34.0,3.0,9.5,1,True,0.6893651562361744,PHI,0.6893651562361744,PHI,True,-0.037425831298261644,-0.07759158913626522,66.8,-0.21246683013686446,-0.06110148492881591,62.6,0.1750409988386028,-0.016490104207449313,4.199999999999996,-1
2023_04_CIN_TEN,2023,4,2023-10-01,CIN,TEN,3.0,27.0,24.0,-2.5,0,True,0.4798867572724022,CIN,0.5201132427275978,TEN,False,-0.1813655562309041,-0.016794241100821186,60.8,-0.12397749490326423,-0.08706139848093421,64.2,-0.05738806132763988,0.07026715738011302,-3.4000000000000057,1
2023_04_LV_LAC,2023,4,2023-10-01,LV,LAC,17.0,24.0,7.0,7.0,1,True,0.7613973849507231,LAC,0.7613973849507231,LAC,True,0.15565254166722509,0.07250292395273981,66.8,-0.06642503597085705,0.1779773218178427,58.2,0.22207757763808214,-0.10547439786510289,8.599999999999994,0
2023_04_NE_DAL,2023,4,2023-10-01,NE,DAL,3.0,38.0,35.0,6.5,0,True,0.6613275558889374,DAL,0.6613275558889374,DAL,True,-0.06011083717733431,-0.23652895351957662,70.0,-0.09118557241947674,-0.0521489255638512,67.4,0.03107473524214243,-0.18438002795572542,2.5999999999999943,0
2023_04_ARI_SF,2023,4,2023-10-01,ARI,SF,16.0,35.0,19.0,15.0,1,True,0.797137002524764,SF,0.797137002524764,SF,True,0.16817475824345668,-0.1836307902840377,62.6,-0.05962811000277772,-0.007290103561733636,58.0,0.2278028682462344,-0.17634068672230407,4.600000000000001,3
2023_04_KC_NYJ,2023,4,2023-10-01,KC,NYJ,23.0,20.0,-3.0,-9.5,0,True,0.1834550687702431,KC,0.8165449312297569,KC,True,-0.29419594784085384,-0.02739106584925835,55.2,0.11783725357246182,-0.18251205143191554,61.6,-0.4120332014133157,0.1551209855826572,-6.399999999999999,0
2023_04_SEA_NYG,2023,4,2023-10-02,SEA,NYG,24.0,3.0,-21.0,-2.5,0,True,0.4548850955462865,SEA,0.5451149044537136,SEA,True,-0.05284196545855839,0.05095255853467989,60.8,0.04240712876514067,-0.033057938032058816,64.0,-0.09524909422369907,0.0840104965667387,-3.200000000000003,3
2023_05_CHI_WAS,2023,5,2023-10-05,CHI,WAS,40.0,20.0,-20.0,6.0,0,True,0.6899901174611509,WAS,0.6899901174611509,CHI,False,-0.1363942050772494,-0.06107481404334214,63.8,-0.1404260605020623,0.2451464103055722,58.6,0.004031855424812908,-0.3062212243489143,5.199999999999996,0
2023_05_JAX_BUF,2023,5,2023-10-08,JAX,BUF,25.0,20.0,-5.0,5.5,0,True,0.8317039999842071,BUF,0.8317039999842071,JAX,False,0.19859709416598548,-0.191215149073055,61.8,-0.14384421835458777,-0.08543798603520089,61.4,0.34244131252057325,-0.10577716303785412,0.3999999999999986,0
2023_05_HOU_ATL,2023,5,2023-10-08,HOU,ATL,19.0,21.0,2.0,2.5,0,True,0.46837907692843506,HOU,0.5316209230715649,ATL,False,-0.11539559339895611,-0.07912560165825613,62.6,0.0005237597411880124,-0.0428406460698802,67.0,-0.11591935314014412,-0.03628495558837593,-4.399999999999999,0
2023_05_CAR_DET,2023,5,2023-10-08,CAR,DET,24.0,42.0,18.0,9.5,0,True,0.772942957617029,DET,0.772942957617029,DET,True,0.056238302072933934,-0.12273952963657167,64.4,-0.16860655689384046,-0.03911901848609068,66.0,0.2248448589667744,-0.083620511150481,-1.5999999999999943,3
2023_05_TEN_IND,2023,5,2023-10-08,TEN,IND,16.0,23.0,7.0,-2.5,1,True,0.5794482591485861,IND,0.5794482591485861,IND,True,-0.07142049565099814,-0.0571471614231037,67.6,-0.1081428406852599,-0.06323074464036407,60.0,0.03672234503426175,0.006083583217260373,7.599999999999994,0
2023_05_NYG_MIA,2023,5,2023-10-08,NYG,MIA,16.0,31.0,15.0,12.5,0,True,0.8455973330672883,MIA,0.8455973330672883,MIA,True,0.21257797804763104,0.02003165701831482,63.2,-0.18510522414802105,0.06170938320881577,63.4,0.3976832021956521,-0.04167772619050095,-0.19999999999999574,1
2023_05_NO_NE,2023,5,2023-10-08,NO,NE,34.0,0.0,-34.0,2.5,0,True,0.49885565927379044,NO,0.5011443407262095,NO,True,-0.16105851719432782,-0.022045489091242116,67.4,-0.1316121984251708,-0.1087397068201926,62.2,-0.029446318769157015,0.08669421772895049,5.200000000000003,0
2023_05_BAL_PIT,2023,5,2023-10-08,BAL,PIT,10.0,17.0,7.0,-4.5,1,True,0.33652191904396833,BAL,0.6634780809560317,PIT,False,-0.18427367412637477,-0.01367461365789623,58.8,-0.04841736982008894,-0.21631265928636717,65.6,-0.1358563043062858,0.20263804562847093,-6.799999999999997,0
2023_05_CIN_ARI,2023,5,2023-10-08,CIN,ARI,34.0,20.0,-14.0,-3.0,0,True,0.6207552132090365,ARI,0.6207552132090365,CIN,False,-0.038644898966425714,0.10834330579399701,57.8,-0.18604810631113394,-0.029104051326490986,58.6,0.14740320734470824,0.137447357120488,-0.8000000000000043,0
2023_05_PHI_LA,2023,5,2023-10-08,PHI,LA,23.0,14.0,-9.0,-3.5,0,True,0.5393993719286215,LA,0.5393993719286215,PHI,False,0.030998292994657693,-0.02904432690444181,68.6,0.05243280891274279,-0.023989446267689035,69.8,-0.021434515918085095,-0.005054880636752773,-1.2000000000000028,0
2023_05_NYJ_DEN,2023,5,2023-10-08,NYJ,DEN,31.0,21.0,-10.0,2.5,0,True,0.7072708657026568,DEN,0.7072708657026568,NYJ,False,0.07261996561766719,0.235820985264932,57.4,-0.22555242445885323,0.01236266768639547,53.4,0.2981723900765204,0.22345831757853654,4.0,0
2023_05_KC_MIN,2023,5,2023-10-08,KC,MIN,27.0,20.0,-7.0,-3.5,0,True,0.40280885362305763,KC,0.5971911463769424,KC,True,0.00929143664467309,-0.03597884969570705,62.2,0.1329384072209257,-0.1456241680398751,62.8,-0.12364697057625261,0.10964531834416805,-0.5999999999999943,0
2023_05_DAL_SF,2023,5,2023-10-08,DAL,SF,10.0,42.0,32.0,3.5,0,True,0.6938022888455017,SF,0.6938022888455017,SF,True,0.20707031734280107,-0.17124417733796918,60.8,-0.0377646605619356,-0.29933883775395637,68.4,0.24483497790473668,0.1280946604159872,-7.6000000000000085,0
2023_05_GB_LV,2023,5,2023-10-09,GB,LV,13.0,17.0,4.0,1.0,0,True,0.4394117888140622,GB,0.5605882111859378,LV,False,-0.11221323961395938,0.10993648803525055,58.8,-0.035083487820328864,0.035074198119040396,57.2,-0.07712975179363052,0.07486228991621016,1.5999999999999943,-3
2023_06_DEN_KC,2023,6,2023-10-12,DEN,KC,8.0,19.0,11.0,10.5,1,True,0.7689555129896439,KC,0.7689555129896439,KC,True,0.11511367685222758,-0.1139008147248691,64.6,-0.0006646662367346346,0.22583607605504227,56.4,0.11577834308896222,-0.33973689077991137,8.199999999999996,0
2023_06_BAL_TEN,2023,6,2023-10-15,BAL,TEN,24.0,16.0,-8.0,-5.5,0,True,0.43598274423657396,BAL,0.564017255763426,BAL,True,-0.06961063994634972,-0.0006560094156778995,56.8,-0.03014853166813595,-0.18211957334260737,64.4,-0.039462108278213774,0.18146356392692947,-7.6000000000000085,0
2023_06_WAS_ATL,2023,6,2023-10-15,WAS,ATL,24.0,16.0,-8.0,1.5,0,True,0.594583676121203,ATL,0.594583676121203,WAS,False,-0.12784552686680503,-0.058655933186612184,63.8,-0.11832860587678531,0.09708329054460012,65.0,-0.009516920990019717,-0.1557392237312123,-1.2000000000000028,-3
2023_06_MIN_CHI,2023,6,2023-10-15,MIN,CHI,19.0,13.0,-6.0,-3.0,1,True,0.49495529087486456,MIN,0.5050447091251354,MIN,True,-0.04726639134513749,0.17412188511073587,61.6,-0.04099555580548485,0.029779701853331696,61.4,-0.006270835539652644,0.14434218325740417,0.20000000000000284,3
2023_06_SEA_CIN,2023,6,2023-10-15,SEA,CIN,13.0,17.0,4.0,3.0,0,True,0.3598980376774393,SEA,0.6401019623225608,CIN,False,-0.14465284806533324,-0.024207517710777792,61.4,0.025459606505069732,-0.059116029687721935,60.0,-0.17011245457040297,0.03490851197694414,1.3999999999999986,-6
2023_06_SF_CLE,2023,6,2023-10-15,SF,CLE,17.0,19.0,2.0,-9.5,0,True,0.2930414619590103,SF,0.7069585380409897,CLE,False,-0.17093186656907533,-0.23657504275329339,68.8,0.2371776843277876,-0.18824484172759437,61.8,-0.40810955089686296,-0.048330201025699016,7.0,7
2023_06_NO_HOU,2023,6,2023-10-15,NO,HOU,13.0,20.0,7.0,-2.0,0,True,0.552156599261016,HOU,0.552156599261016,HOU,True,0.0006601197741667036,-0.02813124054252461,65.6,-0.09031804554107212,-0.22208116639429965,63.8,0.09097816531523882,0.19394992585177503,1.7999999999999972,0
2023_06_IND_JAX,2023,6,2023-10-15,IND,JAX,20.0,37.0,17.0,4.0,1,True,0.47785502750401687,IND,0.5221449724959831,JAX,False,-0.0957417517329002,-0.029112669305073356,68.8,-0.01338553692582708,-0.02377967645700535,65.6,-0.08235621480707311,-0.005332992848068006,3.200000000000003,0
2023_06_CAR_MIA,2023,6,2023-10-15,CAR,MIA,21.0,42.0,21.0,14.0,0,True,0.8331434343288546,MIA,0.8331434343288546,MIA,True,0.2498860482292892,0.016147755892777328,60.8,-0.14131517861071793,0.04803651451338149,67.4,0.39120122684000713,-0.03188875862060417,-6.6000000000000085,0
2023_06_NE_LV,2023,6,2023-10-15,NE,LV,17.0,21.0,4.0,3.0,0,True,0.6919112942306803,LV,0.6919112942306803,LV,True,-0.09654679877668526,0.020251218369343994,57.6,-0.3102624322955259,-0.037274088800089575,64.8,0.21371563351884065,0.05752530716943357,-7.199999999999996,-1
2023_06_ARI_LA,2023,6,2023-10-15,ARI,LA,9.0,26.0,17.0,7.0,1,True,0.6504750101785153,LA,0.6504750101785153,LA,True,0.054414137350182815,0.02127777050249172,68.0,-0.025272679569734134,0.09968423117182032,59.4,0.07968681691991694,-0.0784064606693286,8.600000000000001,0
2023_06_PHI_NYJ,2023,6,2023-10-15,PHI,NYJ,14.0,20.0,6.0,-6.5,0,True,0.3059699382139473,PHI,0.6940300617860526,NYJ,False,-0.19606217866745274,-0.013736735648999682,55.2,0.08222237386857603,-0.024183836502927977,71.8,-0.2782845525360288,0.010447100853928295,-16.599999999999994,0
2023_06_DET_TB,2023,6,2023-10-15,DET,TB,20.0,6.0,-14.0,-3.0,0,True,0.49867934058807,DET,0.5013206594119299,DET,True,-0.037927363999378676,-0.10378088413832307,59.0,0.0759240681966041,-0.1079183198119851,64.0,-0.11385143219598279,0.004137435673662038,-5.0,7
2023_06_NYG_BUF,2023,6,2023-10-15,NYG,BUF,9.0,14.0,5.0,15.5,0,True,0.8941754795594269,BUF,0.8941754795594269,BUF,True,0.2163940728070049,-0.15701333887681446,61.6,-0.2176123886791931,0.08126260066008509,64.2,0.43400646148619804,-0.23827593953689954,-2.6000000000000014,0
2023_06_DAL_LAC,2023,6,2023-10-16,DAL,LAC,20.0,17.0,-3.0,-1.5,0,True,0.5873618705460095,LAC,0.5873618705460095,DAL,False,0.09165157442651253,0.059610379509472386,66.2,-0.030731928008808862,-0.22028008509031313,64.8,0.1223835024353214,0.2798904645997855,1.4000000000000057,7
2023_07_JAX_NO,2023,7,2023-10-19,JAX,NO,31.0,24.0,-7.0,2.5,0,True,0.6381912308529792,NO,0.6381912308529792,JAX,False,-0.0644325340176619,-0.1846178569745403,67.0,-0.0641375204464967,0.009124457829232213,66.8,-0.0002950135711651952,-0.19374231480377252,0.20000000000000284,0
2023_07_DET_BAL,2023,7,2023-10-22,DET,BAL,6.0,38.0,32.0,3.0,0,True,0.4803727119533108,DET,0.5196272880466892,BAL,False,-0.014758642219118675,-0.1665443717847058,66.4,0.09622461238947164,-0.12741151788788577,64.4,-0.1109832546085903,-0.03913285389682003,2.0,0
2023_07_LV_CHI,2023,7,2023-10-22,LV,CHI,12.0,30.0,18.0,-2.5,0,True,0.5573990020844878,CHI,0.5573990020844878,CHI,True,-0.08463184311798619,0.10411769029642085,60.0,-0.1281375225095498,0.01947843601681756,59.8,0.043505679391563606,0.08463925427960328,0.20000000000000284,0
2023_07_CLE_IND,2023,7,2023-10-22,CLE,IND,39.0,38.0,-1.0,-3.5,0,True,0.6194051998955388,IND,0.6194051998955388,CLE,False,0.02485159020847849,0.007824554829398148,66.8,-0.20702289091856546,-0.29088836737067114,71.2,0.23187448112704395,0.2987129222000693,-4.400000000000006,0
2023_07_BUF_NE,2023,7,2023-10-22,BUF,NE,25.0,29.0,4.0,-7.5,1,True,0.1361113270843785,BUF,0.8638886729156214,NE,False,-0.2706147272450093,-0.005114926692363313,60.0,0.22648879450316084,-0.17879891438274778,60.0,-0.49710352174817013,0.17368398769038446,0.0,0
2023_07_WAS_NYG,2023,7,2023-10-22,WAS,NYG,7.0,14.0,7.0,-3.0,1,True,0.4983993566157577,WAS,0.5016006433842424,NYG,False,-0.15666797762080334,0.06581903548707073,65.4,-0.06596666064559756,0.13308775330820305,61.6,-0.09070131697520578,-0.06726871782113232,3.8000000000000043,0
2023_07_ATL_TB,2023,7,2023-10-22,ATL,TB,16.0,13.0,-3.0,3.0,1,True,0.6365183015883552,TB,0.6365183015883552,ATL,False,-0.05280746680413482,-0.08454430278985507,59.0,-0.140777999755272,-0.01116956001929761,70.2,0.08797053295113719,-0.07337474277055746,-11.200000000000003,0
2023_07_PIT_LA,2023,7,2023-10-22,PIT,LA,24.0,17.0,-7.0,3.5,0,True,0.6869790206298529,LA,0.6869790206298529,PIT,False,0.02760606378549594,-0.009575664795971228,63.0,-0.20541340306926995,-0.05630277479057405,57.4,0.23301946685476588,0.04672710999460282,5.600000000000001,-7
2023_07_ARI_SEA,2023,7,2023-10-22,ARI,SEA,10.0,20.0,10.0,9.5,1,True,0.6740613594362593,SEA,0.6740613594362593,SEA,True,0.03252890827378181,-0.0553138770120545,60.2,-0.007216716572337101,0.1865187569133832,62.2,0.03974562484611891,-0.24183263392543772,-2.0,0
2023_07_GB_DEN,2023,7,2023-10-22,GB,DEN,17.0,19.0,2.0,1.5,0,True,0.42878258280944803,GB,0.571217417190552,DEN,False,-0.06441197787788064,0.18626054342187676,55.0,-0.04179232497282384,-0.011804283045983391,57.2,-0.022619652905056797,0.19806482646786014,-2.200000000000003,-3
2023_07_LAC_KC,2023,7,2023-10-22,LAC,KC,17.0,31.0,14.0,5.5,1,True,0.7240357860365739,KC,0.7240357860365739,KC,True,0.13861609117209128,-0.18735531703816238,65.6,0.05934616119008383,0.04517837292432051,65.0,0.07926992998200745,-0.2325336899624829,0.5999999999999943,4
2023_07_MIA_PHI,2023,7,2023-10-22,MIA,PHI,17.0,31.0,14.0,3.0,0,True,0.4386595543999812,MIA,0.5613404456000188,PHI,False,0.08766230469254581,-0.01092979523647348,73.6,0.22415670785798975,-0.042930741070705915,60.6,-0.13649440316544392,0.032000945834232436,12.999999999999993,0
2023_07_SF_MIN,2023,7,2023-10-23,SF,MIN,17.0,22.0,5.0,-7.0,0,True,0.31595419181845547,SF,0.6840458081815446,MIN,False,-0.05345068698664396,-0.022054459470878418,59.6,0.16655667527910753,-0.15878128809378347,59.8,-0.2200073622657515,0.13672682862290506,-0.19999999999999574,0
2023_08_TB_BUF,2023,8,2023-10-26,TB,BUF,18.0,24.0,6.0,10.0,0,True,0.7609977047447277,BUF,0.7609977047447277,BUF,True,0.1969101662551159,-0.09518024233995596,58.8,-0.05842658366735781,-0.0676074124789582,58.8,0.2553367499224737,-0.027572829860997766,0.0,0
2023_08_HOU_CAR,2023,8,2023-10-29,HOU,CAR,13.0,15.0,2.0,-3.0,0,True,0.3708026917608081,HOU,0.629197308239192,CAR,False,-0.11590663112249604,0.10529778904571781,66.6,0.04859806060633264,-0.010153765767387165,63.2,-0.16450469172882867,0.11545155481310497,3.3999999999999915,0
2023_08_LA_DAL,2023,8,2023-10-29,LA,DAL,20.0,43.0,23.0,6.5,0,True,0.6076103710842968,DAL,0.6076103710842968,DAL,True,-0.027774015857161473,-0.14986478493377,65.6,0.027774630204156214,-0.02532645731241375,60.2,-0.05554864606131769,-0.12453832762135625,5.3999999999999915,6
2023_08_MIN_GB,2023,8,2023-10-29,MIN,GB,24.0,10.0,-14.0,-1.0,1,True,0.5041814674359892,GB,0.5041814674359892,MIN,False,-0.046124534567509146,0.041907073793456,57.4,-0.03672160981772804,-0.03491039987227626,61.4,-0.009402924749781105,0.07681747366573226,-4.0,1
2023_08_NO_IND,2023,8,2023-10-29,NO,IND,38.0,27.0,-11.0,-2.0,0,True,0.5259691080058465,IND,0.5259691080058465,NO,False,-0.03666831203954172,-0.021784385555338605,69.0,-0.09775503202235308,-0.16371221726320212,70.4,0.061086719982811365,0.14192783170786352,-1.4000000000000057,-3
2023_08_NE_MIA,2023,8,2023-10-29,NE,MIA,17.0,31.0,14.0,7.5,1,True,0.8128434723274859,MIA,0.8128434723274859,MIA,True,0.1542860846918762,-0.005612866526302276,58.2,-0.22330708274680097,-0.012991585022460023,57.2,0.3775931674386772,0.007378718496157747,1.0,0
2023_08_NYJ_NYG,2023,8,2023-10-29,NYJ,NYG,13.0,10.0,-3.0,-3.0,0,True,0.5165325583291343,NYG,0.5165325583291343,NYJ,False,-0.2113809657840251,-0.015789269327963335,64.4,-0.2140898657034261,-0.024559307209864666,56.6,0.0027088999194010144,0.008770037881901331,7.800000000000004,-7
2023_08_JAX_PIT,2023,8,2023-10-29,JAX,PIT,20.0,10.0,-10.0,-2.5,0,True,0.44767051248508555,JAX,0.5523294875149145,JAX,True,-0.12485144427795977,-0.09674490277923714,55.8,-0.005499586858056062,-0.045223445663517284,64.6,-0.11935185741990371,-0.05152145711571986,-8.799999999999997,-3
2023_08_ATL_TEN,2023,8,2023-10-29,ATL,TEN,23.0,28.0,5.0,-2.5,0,True,0.6485286545982801,TEN,0.6485286545982801,TEN,True,-0.06451006980085475,0.022641916781612145,54.2,-0.17326474854588758,-0.04805782221141942,67.6,0.10875467874503283,0.07069973899303156,-13.399999999999991,7
2023_08_PHI_WAS,2023,8,2023-10-29,PHI,WAS,38.0,31.0,-7.0,-7.0,1,True,0.28086166093264237,PHI,0.7191383390673576,PHI,True,-0.1522106428207627,0.09609323033394032,61.6,0.08053504114159185,-0.057338948825847044,71.6,-0.23274568396235454,0.15343217915978735,-9.999999999999993,0
2023_08_CLE_SEA,2023,8,2023-10-29,CLE,SEA,20.0,24.0,4.0,4.0,0,True,0.7368791777589907,SEA,0.7368791777589907,SEA,True,0.0583091406430295,-0.15312799345635222,62.2,-0.21187700693277361,-0.20801818277975076,70.8,0.2701861475758031,0.054890189323398536,-8.599999999999994,0
2023_08_BAL_ARI,2023,8,2023-10-29,BAL,ARI,31.0,24.0,-7.0,-9.5,0,True,0.3087428833515714,BAL,0.6912571166484286,BAL,True,-0.08579904616664173,0.14632028865938837,62.6,0.031611787105056424,-0.21021257577006547,63.4,-0.11741083327169816,0.35653286442945387,-0.7999999999999972,0
2023_08_KC_DEN,2023,8,2023-10-29,KC,DEN,9.0,24.0,15.0,-7.0,1,True,0.23482927805826714,KC,0.7651707219417329,DEN,False,-0.07282134008910172,0.1728588213816091,53.6,0.16094591708013328,-0.11090942502296404,65.8,-0.23376725716923502,0.28376824640457315,-12.199999999999996,0
2023_08_CIN_SF,2023,8,2023-10-29,CIN,SF,31.0,17.0,-14.0,4.0,0,True,0.7258457865277474,SF,0.7258457865277474,CIN,False,0.15442930977087296,-0.11703084902394437,59.2,-0.07173149862607865,-0.00987357935468261,61.4,0.22616080839695163,-0.10715726966926176,-2.1999999999999957,-8
2023_08_CHI_LAC,2023,8,2023-10-29,CHI,LAC,13.0,30.0,17.0,9.5,0,True,0.5884344002845143,LAC,0.5884344002845143,LAC,True,0.03822837809359035,0.034944944610283454,61.8,-0.013737300246835565,0.009715067995323734,63.2,0.05196567834042592,0.02522987661495972,-1.4000000000000057,0
2023_08_LV_DET,2023,8,2023-10-30,LV,DET,14.0,26.0,12.0,7.0,0,True,0.741163416943369,DET,0.741163416943369,DET,True,0.0732157394214106,-0.08145188858404138,66.2,-0.1236785792745589,-0.00394872234943629,64.2,0.19689431869596952,-0.0775031662346051,2.0,0
2023_09_TEN_PIT,2023,9,2023-11-02,TEN,PIT,16.0,20.0,4.0,3.5,0,True,0.5545416633363681,PIT,0.5545416633363681,PIT,True,-0.09474753807037702,-0.07341371230359639,58.2,-0.05336238535790609,-0.0058292023817089755,54.4,-0.041385152712470924,-0.06758450992188741,3.8000000000000043,0
2023_09_MIA_KC,2023,9,2023-11-05,MIA,KC,14.0,21.0,7.0,1.0,0,True,0.6019775811040716,KC,0.6019775811040716,KC,True,0.05028979276729164,-0.06419273468493154,62.6,0.03919825430076186,0.009662650347462377,58.2,0.011091538466529778,-0.07385538503239392,4.399999999999999,0
2023_09_MIN_ATL,2023,9,2023-11-05,MIN,ATL,31.0,28.0,-3.0,3.5,0,True,0.42570291383194325,MIN,0.5742970861680567,MIN,True,-0.11600672762190908,-0.03167957200932518,67.6,0.0005521493897736984,-0.12236926665491761,59.2,-0.11655887701168278,0.09068969464559243,8.399999999999991,0
2023_09_SEA_BAL,2023,9,2023-11-05,SEA,BAL,3.0,37.0,34.0,6.0,0,True,0.6180946736316257,BAL,0.6180946736316257,BAL,True,0.067190903826491,-0.21790989704918587,60.8,0.023454493264351332,-0.16181193687810916,59.8,0.043736410562139665,-0.05609796017107671,1.0,0
2023_09_ARI_CLE,2023,9,2023-11-05,ARI,CLE,0.0,27.0,27.0,13.0,0,True,0.6505283735881716,CLE,0.6505283735881716,CLE,True,-0.18738972253931135,-0.115793296698071,69.0,-0.16807920473048843,0.14052714854321235,66.4,-0.019310517808822925,-0.25632044524128333,2.5999999999999943,0
2023_09_LA_GB,2023,9,2023-11-05,LA,GB,3.0,20.0,17.0,3.5,0,True,0.4331947393045334,LA,0.5668052606954666,GB,False,-0.10493041022931185,0.056140329054216745,60.6,0.022509239448316613,0.02660767814216955,61.8,-0.12743964967762847,0.029532650912047195,-1.1999999999999957,0
2023_09_TB_HOU,2023,9,2023-11-05,TB,HOU,37.0,39.0,2.0,2.5,0,True,0.7022930509185834,HOU,0.7022930509185834,HOU,True,0.04475109214749074,-0.09250403822030787,59.4,-0.11989774184904864,-0.014769854892947892,58.0,0.16464883399653937,-0.07773418332735997,1.3999999999999986,-3
2023_09_WAS_NE,2023,9,2023-11-05,WAS,NE,20.0,17.0,-3.0,2.5,0,True,0.3470253546123859,WAS,0.6529746453876142,WAS,True,-0.2596372613932513,0.07813928241869397,53.4,-0.018713593341725905,0.08953942894880562,65.2,-0.24092366805152537,-0.011400146530111649,-11.800000000000004,0
2023_09_CHI_NO,2023,9,2023-11-05,CHI,NO,17.0,24.0,7.0,9.0,0,True,0.579902053277139,NO,0.579902053277139,NO,True,-0.020117474612623077,-0.1525490916140283,71.4,0.015918527299973617,-0.041682733363720206,65.4,-0.03603600191259669,-0.11086635825030809,6.0,0
2023_09_IND_CAR,2023,9,2023-11-05,IND,CAR,27.0,13.0,-14.0,-1.5,0,True,0.4469351829094992,IND,0.5530648170905008,IND,True,-0.11763450174424221,0.0904212987995078,67.4,0.0037405261415325297,0.07377934651199244,65.6,-0.12137502788577474,0.01664195228751536,1.8000000000000114,0
2023_09_NYG_LV,2023,9,2023-11-05,NYG,LV,6.0,30.0,24.0,1.0,0,True,0.5308196384838572,LV,0.5308196384838572,LV,True,-0.19946916440841012,-0.034279754995262646,59.6,-0.23951382824457665,-0.1356488881229064,69.0,0.04004466383616653,0.10136913312764376,-9.399999999999999,-1
2023_09_DAL_PHI,2023,9,2023-11-05,DAL,PHI,23.0,28.0,5.0,3.5,1,True,0.6124767618126201,PHI,0.6124767618126201,PHI,True,0.09913990854632834,-0.0037795286307947427,68.0,-0.006580608591742554,-0.06470875819178248,61.6,0.1057205171380709,0.060929229560987744,6.399999999999999,0
2023_09_BUF_CIN,2023,9,2023-11-05,BUF,CIN,18.0,24.0,6.0,1.5,0,True,0.39111456417486457,BUF,0.6088854358251354,CIN,False,-0.03830945903871953,-0.06449286808236744,62.2,0.17334560044346595,0.009732075475416662,59.6,-0.2116550594821855,-0.0742249435577841,2.6000000000000014,-3
2023_09_LAC_NYJ,2023,9,2023-11-06,LAC,NYJ,27.0,6.0,-21.0,-3.0,0,True,0.43580603952175,LAC,0.56419396047825,LAC,True,-0.1802493171433504,-0.11046687530190384,59.8,0.015578631799325286,0.002137687234656421,61.6,-0.1958279489426757,-0.11260456253656026,-1.8000000000000043,0
2023_10_CAR_CHI,2023,10,2023-11-09,CAR,CHI,13.0,16.0,3.0,3.0,0,True,0.7407772475649509,CHI,0.7407772475649509,CHI,True,-0.022816530037224756,-0.12415460708904975,64.2,-0.18651045324312787,0.027803252303541005,66.6,0.16369392320590312,-0.15195785939259077,-2.3999999999999915,0
2023_10_IND_NE,2023,10,2023-11-12,IND,NE,10.0,6.0,-4.0,-1.0,0,True,0.37458876097797467,IND,0.6254112390220253,IND,True,-0.1819540150399807,0.06280462885843656,54.8,-0.021624625367619603,-0.020983183024353237,64.6,-0.1603293896723611,0.0837878118827898,-9.799999999999997,0
2023_10_CLE_BAL,2023,10,2023-11-12,CLE,BAL,33.0,31.0,-2.0,6.0,1,True,0.7743903333011883,BAL,0.7743903333011883,CLE,False,0.09822944469964337,-0.20420764091876903,64.2,-0.20733652884917825,-0.18906665914435,69.6,0.30556597354882165,-0.015140981774419027,-5.3999999999999915,0
2023_10_HOU_CIN,2023,10,2023-11-12,HOU,CIN,30.0,27.0,-3.0,5.5,0,True,0.5108743647680214,CIN,0.5108743647680214,HOU,False,0.018410797508736206,-0.029989293584793453,61.0,0.06049201398277575,-0.05230709383769153,61.0,-0.04208121647403954,0.02231780025289808,0.0,0
2023_10_SF_JAX,2023,10,2023-11-12,SF,JAX,34.0,3.0,-31.0,-3.0,0,True,0.5075114409528905,JAX,0.5075114409528905,SF,False,-0.013669887095455649,-0.1375384624577559,64.0,0.11089648906327451,-0.02505392577533703,55.4,-0.12456637615873016,-0.11248453668241887,8.600000000000001,0
2023_10_NO_MIN,2023,10,2023-11-12,NO,MIN,19.0,27.0,8.0,-3.0,0,True,0.49803452881774163,NO,0.5019654711822583,MIN,False,0.024066885939465456,-0.09458381388684937,65.0,0.04038497499813469,-0.18160473640917463,71.6,-0.016318089058669234,0.08702092252232525,-6.599999999999994,0
2023_10_GB_PIT,2023,10,2023-11-12,GB,PIT,19.0,23.0,4.0,3.0,0,True,0.6114392498136135,PIT,0.6114392498136135,PIT,True,-0.07295652394342216,-0.0450480920940942,58.2,-0.10567331473681747,-0.02260897706739796,60.0,0.03271679079339532,-0.02243911502669624,-1.7999999999999972,3
2023_10_TEN_TB,2023,10,2023-11-12,TEN,TB,6.0,20.0,14.0,2.5,0,True,0.4624415853590873,TEN,0.5375584146409127,TB,False,-0.050030184712115046,0.026704163289850147,61.6,0.03372945435549317,0.015163405153636778,58.8,-0.08375963906760822,0.011540758136213369,2.8000000000000043,-3
2023_10_ATL_ARI,2023,10,2023-11-12,ATL,ARI,23.0,25.0,2.0,-2.0,0,True,0.2968679004629027,ATL,0.7031320995370973,ARI,False,-0.35374260718397177,0.02485508853055709,62.4,-0.07940946160226332,-0.04031735260811144,69.4,-0.27433314558170846,0.06517244113866852,-7.000000000000007,0
2023_10_DET_LAC,2023,10,2023-11-12,DET,LAC,41.0,38.0,-3.0,-2.5,0,True,0.39755183818740486,DET,0.6024481618125952,DET,True,-0.04724291779295412,-0.07211009179325154,60.0,0.04954182467601319,-0.11882963961456876,69.8,-0.09678474246896732,0.04671954782131722,-9.799999999999997,-7
2023_10_NYG_DAL,2023,10,2023-11-12,NYG,DAL,17.0,49.0,32.0,17.5,1,True,0.7057852424001411,DAL,0.7057852424001411,DAL,True,0.005165760478446446,-0.06973307770247372,60.6,-0.2268892619788388,-0.11226285810320062,66.8,0.23205502245728524,0.0425297804007269,-6.199999999999996,0
2023_10_WAS_SEA,2023,10,2023-11-12,WAS,SEA,26.0,29.0,3.0,6.0,0,True,0.5722683337361861,SEA,0.5722683337361861,SEA,True,-0.10750498428813167,-0.13293818351226233,55.4,-0.05197007750870608,0.036122035620278756,65.6,-0.05553490677942559,-0.1690602191325411,-10.199999999999996,0
2023_10_NYJ_LV,2023,10,2023-11-12,NYJ,LV,12.0,16.0,4.0,-1.0,0,True,0.5579762805594736,LV,0.5579762805594736,LV,True,-0.16567925836571026,-0.10545232898051353,57.6,-0.179884662907227,-0.13286405145833177,63.2,0.014205404541516725,0.027411722477818243,-5.600000000000001,1
2023_10_DEN_BUF,2023,10,2023-11-13,DEN,BUF,24.0,22.0,-2.0,7.5,0,True,0.5936114421883081,BUF,0.5936114421883081,DEN,False,0.09436528188774713,0.04949035838991557,60.4,-0.03343922527817415,-0.02218370438585928,54.8,0.1278045071659213,0.07167406277577484,5.600000000000001,-7
2023_11_CIN_BAL,2023,11,2023-11-16,CIN,BAL,20.0,34.0,14.0,4.0,1,True,0.634538686300363,BAL,0.634538686300363,BAL,True,0.10987415252717643,-0.18117004997543212,60.8,0.06450197345546195,-0.05013929793433887,62.8,0.04537217907171448,-0.13103075204109327,-2.0,0
2023_11_DAL_CAR,2023,11,2023-11-19,DAL,CAR,33.0,10.0,-23.0,-11.0,0,True,0.37183403889444294,DAL,0.628165961105557,DAL,True,-0.16282899710520266,0.04683630761913461,64.4,0.04433331667677953,-0.024208068797838232,62.6,-0.2071623137819822,0.07104437641697284,1.8000000000000043,3
2023_11_PIT_CLE,2023,11,2023-11-19,PIT,CLE,10.0,13.0,3.0,2.5,1,True,0.5622539420275716,CLE,0.5622539420275716,CLE,True,-0.08713018040500721,-0.23001123890851377,71.8,-0.008071714266099308,-0.0601794500990606,59.0,-0.0790584661389079,-0.16983178880945315,12.799999999999997,0
2023_11_CHI_DET,2023,11,2023-11-19,CHI,DET,26.0,31.0,5.0,8.0,1,True,0.6570176159117286,DET,0.6570176159117286,DET,True,0.1112115621127608,-0.034248839600735013,67.6,-0.09640386283489653,-0.13106771059394254,65.2,0.20761542494765733,0.09681887099320752,2.3999999999999915,-3
2023_11_LAC_GB,2023,11,2023-11-19,LAC,GB,20.0,23.0,3.0,-3.0,0,True,0.5552940997470578,GB,0.5552940997470578,GB,True,-0.04856354578905782,-0.04170064668869265,61.8,-3.654162312173303e-05,0.05051028344237758,61.8,-0.04852700416593608,-0.09221093013107023,0.0,0
2023_11_ARI_HOU,2023,11,2023-11-19,ARI,HOU,16.0,21.0,5.0,5.5,0,True,0.8100758249449594,HOU,0.8100758249449594,HOU,True,0.05275879659578668,0.004213953143409975,62.4,-0.2954670955886984,0.01695303780702115,63.0,0.3482258921844851,-0.012739084663611174,-0.6000000000000014,0
2023_11_TEN_JAX,2023,11,2023-11-19,TEN,JAX,14.0,34.0,20.0,6.5,1,True,0.5426960283347795,JAX,0.5426960283347795,JAX,True,-0.10928765763054141,-0.01305343757580737,62.6,-0.06061604898809483,0.07179074720244727,58.4,-0.04867160864244658,-0.08484418477825464,4.200000000000003,0
2023_11_LV_MIA,2023,11,2023-11-19,LV,MIA,13.0,20.0,7.0,14.0,0,True,0.7462288528068095,MIA,0.7462288528068095,MIA,True,0.015422008330743286,-0.0740674682352653,58.0,-0.1866032175242255,-0.09428858690545153,57.8,0.2020252258549688,0.020221118670186222,0.20000000000000284,7
2023_11_NYG_WAS,2023,11,2023-11-19,NYG,WAS,31.0,19.0,-12.0,7.5,1,True,0.7053604534954816,WAS,0.7053604534954816,NYG,False,-0.009463702634848642,-0.0061028296633834885,64.2,-0.24412067104272314,-0.06978445668433161,64.0,0.2346569684078745,0.06368162702094812,0.20000000000000284,0
2023_11_TB_SF,2023,11,2023-11-19,TB,SF,14.0,27.0,13.0,13.5,0,True,0.7261184015345535,SF,0.7261184015345535,SF,True,0.07522179624153272,-0.14414380610927915,56.6,-0.04929192888605196,0.04592527159252956,60.6,0.12451372512758468,-0.1900690777018087,-4.0,0
2023_11_NYJ_BUF,2023,11,2023-11-19,NYJ,BUF,6.0,32.0,26.0,8.0,1,True,0.6485621459953977,BUF,0.6485621459953977,BUF,True,0.043988133275229616,0.022080726151638207,60.2,-0.21023942873404483,-0.2035065201307654,64.2,0.25422756200927443,0.2255872462824036,-4.0,-1
2023_11_SEA_LA,2023,11,2023-11-19,SEA,LA,16.0,17.0,1.0,2.5,1,True,0.5376757446336079,LA,0.5376757446336079,LA,True,-0.10232274736439755,0.019671005129509485,57.2,-0.06496314783968611,-0.020451620314774356,59.8,-0.037359599524711434,0.04012262544428384,-2.5999999999999943,7
2023_11_MIN_DEN,2023,11,2023-11-19,MIN,DEN,20.0,21.0,1.0,2.5,0,True,0.38184801807644014,MIN,0.6181519819235599,DEN,False,-0.1038511579754666,-0.05441831346982828,59.2,0.04397032696910972,-0.13878124593133104,65.2,-0.1478214849445763,0.08436293246150275,-6.0,-1
2023_11_PHI_KC,2023,11,2023-11-20,PHI,KC,21.0,17.0,-4.0,2.5,0,True,0.5126404995588049,KC,0.5126404995588049,PHI,False,0.020229939652277644,-0.09439080454280716,60.4,0.10235508413212176,-0.020347251188694453,66.2,-0.08212514447984412,-0.0740435533541127,-5.800000000000004,0
2023_12_GB_DET,2023,12,2023-11-23,GB,DET,29.0,22.0,-7.0,8.5,1,True,0.6062133773117226,DET,0.6062133773117226,GB,False,0.07547345598901463,-0.014532996797223991,68.0,0.0059672502660971845,-0.012644459034226058,64.4,0.06950620572291745,-0.001888537762997933,3.5999999999999943,0
2023_12_WAS_DAL,2023,12,2023-11-23,WAS,DAL,10.0,45.0,35.0,13.0,1,True,0.7560356710798014,DAL,0.7560356710798014,DAL,True,0.1700320316824973,-0.12363846723313317,66.0,-0.03715146816054406,0.023724815247198806,70.0,0.20718349984304135,-0.14736328248033198,-4.0,0
2023_12_SF_SEA,2023,12,2023-11-23,SF,SEA,31.0,13.0,-18.0,-7.0,1,True,0.4151366223729398,SF,0.5848633776270602,SF,True,-0.053114257072218674,-0.032960962211395425,58.0,0.0773086823892188,-0.07788326889493762,54.8,-0.13042293946143746,0.04492230668354219,3.200000000000003,0
2023_12_MIA_NYJ,2023,12,2023-11-24,MIA,NYJ,34.0,13.0,-21.0,-9.5,1,True,0.3460040563360088,MIA,0.6539959436639913,MIA,True,-0.286282987525524,-0.14077872899328203,62.8,-0.024838883860117268,-0.09200094566814866,61.0,-0.2614441036654067,-0.04877778332513337,1.7999999999999972,0
2023_12_NO_ATL,2023,12,2023-11-26,NO,ATL,15.0,24.0,9.0,-2.0,1,True,0.4555088098134241,NO,0.5444911901865759,ATL,False,-0.08373736910441061,-0.02771457840988566,67.8,0.025867513622747983,-0.005063890566857443,71.0,-0.1096048827271586,-0.02265068784302822,-3.200000000000003,0
2023_12_PIT_CIN,2023,12,2023-11-26,PIT,CIN,16.0,10.0,-6.0,-2.0,1,True,0.6093681885730012,CIN,0.6093681885730012,PIT,False,0.07350686437987773,0.04296523631126734,59.0,-0.023871036838177005,-0.04228958682471194,58.0,0.09737790121805473,0.08525482313597929,1.0,3
2023_12_JAX_HOU,2023,12,2023-11-26,JAX,HOU,24.0,21.0,-3.0,-1.0,1,True,0.6571678030288967,HOU,0.6571678030288967,JAX,False,0.05547321116505303,-0.005149680578527148,64.0,-0.09732850465854737,-0.04319125859308294,60.0,0.1528017158236004,0.038041578014555794,4.0,0
2023_12_TB_IND,2023,12,2023-11-26,TB,IND,20.0,27.0,7.0,2.5,0,True,0.6089667901497008,IND,0.6089667901497008,IND,True,-0.06650586517823559,-0.04076501004709003,63.2,-0.02372724157867469,0.05866622775245056,63.0,-0.0427786235995609,-0.09943123779954059,0.20000000000000284,7
2023_12_NE_NYG,2023,12,2023-11-26,NE,NYG,7.0,10.0,3.0,-4.5,0,True,0.41536971553804547,NE,0.5846302844619545,NYG,False,-0.2174306460941516,-0.10048537074683254,60.6,-0.025220020195806502,0.05451802343999632,58.2,-0.19221062589834512,-0.15500339418682887,2.3999999999999986,-7
2023_12_CAR_TEN,2023,12,2023-11-26,CAR,TEN,10.0,17.0,7.0,3.5,0,True,0.6429398442751068,TEN,0.6429398442751068,TEN,True,-0.07296075401415304,0.06927763157144269,54.4,-0.20599920786655349,0.03262935875164437,63.0,0.13303845385240043,0.03664827281979832,-8.600000000000001,0
2023_12_LA_ARI,2023,12,2023-11-26,LA,ARI,37.0,14.0,-23.0,-3.0,1,True,0.44688014130957693,LA,0.5531198586904231,LA,True,-0.25449905492717256,-0.021620691590211776,60.4,-0.1344457809408763,-0.01173289974124454,57.8,-0.12005327398629626,-0.009887791848967237,2.6000000000000014,0
2023_12_CLE_DEN,2023,12,2023-11-26,CLE,DEN,12.0,29.0,17.0,1.5,0,True,0.481825351877663,CLE,0.518174648122337,DEN,False,-0.06832278047598456,-0.05899072754701051,58.2,-0.07577745391384623,-0.2126369658061089,72.2,0.0074546734378616725,0.1536462382590984,-14.0,0
2023_12_KC_LV,2023,12,2023-11-26,KC,LV,31.0,17.0,-14.0,-9.0,1,True,0.38186512561013747,KC,0.6181348743898625,KC,True,-0.23972790965543567,-0.11393818289852349,57.2,-0.04054129156715565,-0.09839993296422936,62.4,-0.19918661808828003,-0.015538249934294132,-5.199999999999996,1
2023_12_BUF_PHI,2023,12,2023-11-26,BUF,PHI,34.0,37.0,3.0,2.5,0,True,0.5611753620150038,PHI,0.5611753620150038,PHI,True,0.06867727851962245,-0.0461920587818342,60.8,0.06626477646812477,-0.022171439515148716,62.2,0.002412502051497678,-0.024020619266685486,-1.4000000000000057,-1
2023_12_BAL_LAC,2023,12,2023-11-26,BAL,LAC,20.0,10.0,-10.0,-3.0,0,True,0.3717081464776188,BAL,0.6282918535223811,BAL,True,0.0348223632207571,0.052628984126297816,61.8,0.13949865254018534,-0.13120582406631823,59.0,-0.10467628931942824,0.18383480819261605,2.799999999999997,-3
2023_12_CHI_MIN,2023,12,2023-11-27,CHI,MIN,12.0,10.0,-2.0,3.0,1,True,0.626501177695397,MIN,0.626501177695397,CHI,False,0.07878509434877715,-0.07443887367811233,68.4,-0.019903448402552093,-0.07737217480927178,66.4,0.09868854275132924,0.0029333011311594437,2.0,0
2023_13_SEA_DAL,2023,13,2023-11-30,SEA,DAL,35.0,41.0,6.0,9.5,0,True,0.8584880018424191,DAL,0.8584880018424191,DAL,True,0.24662174753700766,-0.1472126498012122,64.4,-0.11037605406485962,0.03195601754273629,57.6,0.3569978016018673,-0.17916866734394848,6.800000000000004,0
2023_13_DEN_HOU,2023,13,2023-12-03,DEN,HOU,17.0,22.0,5.0,3.5,0,True,0.5863720655163299,HOU,0.5863720655163299,HOU,True,0.07394888411652456,-0.004774405904706326,63.8,-0.009700749486258552,-0.10979437314268706,59.8,0.08364963360278312,0.10501996723798074,4.0,0
2023_13_LAC_NE,2023,13,2023-12-03,LAC,NE,6.0,0.0,-6.0,-4.5,0,True,0.5370180365356584,NE,0.5370180365356584,LAC,False,-0.05688723601871868,0.003712530948968584,60.8,-0.03491996867284295,0.006675039466295612,63.0,-0.02196726734587573,-0.002962508517327028,-2.200000000000003,0
2023_13_DET_NO,2023,13,2023-12-03,DET,NO,33.0,28.0,-5.0,-4.0,0,True,0.5504343467444544,NO,0.5504343467444544,DET,False,0.009861637940673726,0.012191069161855746,68.6,0.018003350407853797,0.06320967087020188,70.2,-0.008141712467180071,-0.05101860170834613,-1.6000000000000085,-3
2023_13_ATL_NYJ,2023,13,2023-12-03,ATL,NYJ,13.0,8.0,-5.0,-2.0,0,True,0.3511129303409638,ATL,0.6488870696590362,ATL,True,-0.33569218741826223,-0.10807547929315393,62.2,-0.03912168724748543,-0.03014113538641418,64.2,-0.2965705001707768,-0.07793434390673976,-2.0,2
2023_13_ARI_PIT,2023,13,2023-12-03,ARI,PIT,24.0,10.0,-14.0,6.0,0,True,0.7629676671660846,PIT,0.7629676671660846,ARI,False,-0.020022916543606908,-0.06487208930930115,60.6,-0.23918189095197057,0.0410718792342189,61.0,0.21915897440836365,-0.10594396854352005,-0.3999999999999986,0
2023_13_IND_TEN,2023,13,2023-12-03,IND,TEN,31.0,28.0,-3.0,-1.5,1,True,0.487089927225723,IND,0.512910072774277,IND,True,-0.025334341937045358,0.037028204315073435,55.0,-0.008806930361490906,-0.04250506222629299,62.0,-0.01652741157555445,0.07953326654136642,-7.0,0
2023_13_MIA_WAS,2023,13,2023-12-03,MIA,WAS,45.0,15.0,-30.0,-8.5,0,True,0.4705984267640647,MIA,0.5294015732359353,MIA,True,-0.03648869838304463,0.12548950327544933,71.6,-0.052302531996457034,-0.14036780575437433,62.0,0.015813833613412404,0.26585730902982363,9.599999999999994,1
2023_13_CAR_TB,2023,13,2023-12-03,CAR,TB,18.0,21.0,3.0,4.0,1,True,0.6656858215261776,TB,0.6656858215261776,TB,True,-0.014061917207499561,0.08432928852911256,61.4,-0.2051790760644045,0.00506000626189639,62.8,0.19111715885690495,0.07926928226721618,-1.3999999999999986,0
2023_13_CLE_LA,2023,13,2023-12-03,CLE,LA,19.0,36.0,17.0,3.5,0,True,0.45200877361551156,CLE,0.5479912263844884,LA,False,-0.09547161702986681,0.012930295935478408,60.4,-0.09951579345159237,-0.20790307582647607,72.0,0.004044176421725554,0.22083337176195447,-11.600000000000001,0
2023_13_SF_PHI,2023,13,2023-12-03,SF,PHI,42.0,19.0,-23.0,-3.0,0,True,0.46075734206666247,SF,0.5392426579333376,SF,True,0.10015145013825602,0.014392748573016739,59.8,0.13804164421654336,-0.09181203275688035,56.8,-0.03789019407828734,0.1062047813298971,3.0,-3
2023_13_KC_GB,2023,13,2023-12-03,KC,GB,19.0,27.0,8.0,-5.5,0,True,0.5793077977809226,GB,0.5793077977809226,GB,True,0.008261760656066486,-0.05880068393713236,63.0,0.0179640362813847,-0.03959310423985158,60.2,-0.009702275625318214,-0.019207579697280777,2.799999999999997,3
2023_13_CIN_JAX,2023,13,2023-12-04,CIN,JAX,34.0,31.0,-3.0,10.0,0,True,0.47154488046269216,CIN,0.5284551195373078,CIN,True,-0.07474233812902666,0.009747157404773919,62.0,0.06243084403158725,0.07237987625397939,56.6,-0.13717318216061392,-0.06263271884920547,5.399999999999999,0
2023_14_NE_PIT,2023,14,2023-12-07,NE,PIT,21.0,18.0,-3.0,6.0,0,True,0.6710738275018352,PIT,0.6710738275018352,NE,False,0.009823315691857962,-0.038936960788848965,59.4,-0.14319987385667657,-0.05765289450360807,62.0,0.15302318954853453,0.018715933714759103,-2.6000000000000014,0
2023_14_TB_ATL,2023,14,2023-12-10,TB,ATL,29.0,25.0,-4.0,1.5,1,True,0.5423211331467999,ATL,0.5423211331467999,TB,False,-0.07518635109655812,-0.0734784335580653,64.0,-0.008290189191045402,0.047324599401070755,60.2,-0.06689616190551272,-0.12080303295913605,3.799999999999997,0
2023_14_LA_BAL,2023,14,2023-12-10,LA,BAL,31.0,37.0,6.0,7.5,0,True,0.7431315614938017,BAL,0.7431315614938017,BAL,True,0.050182611978879986,-0.16005521087688496,61.6,-0.06323182372756582,-0.01830710154326006,60.0,0.1134144357064458,-0.1417481093336249,1.6000000000000014,7
2023_14_DET_CHI,2023,14,2023-12-10,DET,CHI,13.0,28.0,15.0,-3.0,1,True,0.48365443891312676,DET,0.5163455610868732,CHI,False,-0.08203173088344788,-0.13190155903285322,66.0,0.08029329434208068,-0.038680786744351714,66.6,-0.16232502522552855,-0.09322077228850151,-0.5999999999999943,6
2023_14_IND_CIN,2023,14,2023-12-10,IND,CIN,14.0,34.0,20.0,3.0,0,True,0.5430947176156977,CIN,0.5430947176156977,CIN,True,0.055719849313182836,0.11593201552066748,58.8,-0.0007856396302875837,-0.0036332610797344665,62.2,0.05650548894347042,0.11956527660040195,-3.4000000000000057,-1
2023_14_JAX_CLE,2023,14,2023-12-10,JAX,CLE,27.0,31.0,4.0,2.5,0,True,0.6239636902992934,CLE,0.6239636902992934,CLE,True,-0.10154851795774374,-0.19814033029888212,71.0,-0.02913408560051981,0.07403541359122869,65.0,-0.07241443235722392,-0.2721757438901108,6.0,1
2023_14_CAR_NO,2023,14,2023-12-10,CAR,NO,6.0,28.0,22.0,5.5,1,True,0.6993248937214886,NO,0.6993248937214886,NO,True,0.02801100562821478,0.05139602643980703,64.2,-0.19126365667735604,0.002937945494962857,64.6,0.21927466230557083,0.04845808094484417,-0.3999999999999915,0
2023_14_HOU_NYJ,2023,14,2023-12-10,HOU,NYJ,6.0,30.0,24.0,-3.5,0,True,0.263734870470303,HOU,0.736265129529697,NYJ,False,-0.322870680226059,-0.07910768529329174,63.4,0.07006240268959249,-0.016990905869493915,65.0,-0.39293308291565154,-0.06211677942379782,-1.6000000000000014,0
2023_14_MIN_LV,2023,14,2023-12-10,MIN,LV,3.0,0.0,-3.0,-3.0,0,True,0.42661111635557014,MIN,0.5733888836444299,MIN,True,-0.19723912293660611,-0.09902109061502867,56.6,-0.05645390851516095,-0.11429161556268544,65.8,-0.14078521442144515,0.015270524947656766,-9.199999999999996,1
2023_14_SEA_SF,2023,14,2023-12-10,SEA,SF,16.0,28.0,12.0,14.5,1,True,0.8261672274191084,SF,0.8261672274191084,SF,True,0.22831826592243418,-0.11266951241731075,57.8,-0.09781006456068272,0.08456599792439581,59.4,0.3261283304831169,-0.19723551034170655,-1.6000000000000014,-3
2023_14_BUF_KC,2023,14,2023-12-10,BUF,KC,20.0,17.0,-3.0,2.0,0,True,0.4208912058540187,BUF,0.5791087941459814,BUF,True,0.0013945508616440782,0.011558263615344105,60.0,0.06754705460390095,-0.04646283205294205,67.2,-0.06615250374225687,0.05802109566828616,-7.200000000000003,-7
2023_14_DEN_LAC,2023,14,2023-12-10,DEN,LAC,24.0,7.0,-17.0,3.0,1,True,0.4973494641369116,DEN,0.5026505358630884,DEN,True,-0.060289516194724446,-0.01757166561151676,61.8,-0.0713006444737598,-0.14743673358334686,60.4,0.01101112827903536,0.1298650679718301,1.3999999999999986,0
2023_14_PHI_DAL,2023,14,2023-12-10,PHI,DAL,13.0,33.0,20.0,3.5,1,True,0.7776219412364563,DAL,0.7776219412364563,DAL,True,0.2494752242439533,-0.08945989902226507,68.0,0.090833630264186,0.15053926440039278,60.8,0.1586415939797673,-0.23999916342265787,7.200000000000003,3
2023_14_TEN_MIA,2023,14,2023-12-11,TEN,MIA,28.0,27.0,-1.0,14.0,0,True,0.7300931121786067,MIA,0.7300931121786067,TEN,False,0.059737648566278015,-0.19709246959442506,64.2,-0.03244799767981877,0.04487149213248888,58.2,0.09218564624609679,-0.24196396172691392,6.0,0
2023_14_GB_NYG,2023,14,2023-12-11,GB,NYG,22.0,24.0,2.0,-6.0,0,True,0.2998293452241006,GB,0.7001706547758995,NYG,False,-0.2556607057093653,-0.08723497106829758,58.0,0.11725057986937241,-0.06133436705209301,63.2,-0.3729112855787377,-0.025900604016204573,-5.200000000000003,7
2023_15_LAC_LV,2023,15,2023-12-14,LAC,LV,21.0,63.0,42.0,3.0,1,True,0.559697168261137,LV,0.559697168261137,LV,True,-0.1854480950031005,-0.11286529882284921,58.2,-0.13069562269785337,0.046834159557738675,64.2,-0.05475247230524713,-0.15969945838058788,-6.0,0
2023_15_MIN_CIN,2023,15,2023-12-16,MIN,CIN,24.0,27.0,3.0,3.0,0,True,0.5784888527502929,CIN,0.5784888527502929,CIN,True,0.03286694196417186,0.09864361940769144,57.4,-0.13432271604456636,-0.15873200386672917,66.6,0.16718965800873822,0.2573756232744206,-9.199999999999996,0
2023_15_PIT_IND,2023,15,2023-12-16,PIT,IND,13.0,30.0,17.0,1.5,0,True,0.5879770085983131,IND,0.5879770085983131,IND,True,-0.019218936943649175,-0.05570820454815224,60.8,-0.07670396476015366,-0.050298346485828524,60.8,0.05748502781650448,-0.005409858062323719,0.0,-3
2023_15_DEN_DET,2023,15,2023-12-16,DEN,DET,17.0,42.0,25.0,5.5,0,True,0.5744040914410847,DET,0.5744040914410847,DET,True,0.07753854512548584,0.07447553705459903,63.4,-0.06754984413846846,-0.17817292852832878,60.0,0.1450883892639543,0.2526484655829278,3.3999999999999986,0
2023_15_ATL_CAR,2023,15,2023-12-17,ATL,CAR,7.0,9.0,2.0,-3.0,1,True,0.4005816025098753,ATL,0.5994183974901247,CAR,False,-0.1968959503805149,-0.014473864064960457,66.2,-0.06829776867020168,-0.09317964307323329,64.8,-0.12859818171031323,0.07870577900827283,1.4000000000000057,0
2023_15_CHI_CLE,2023,15,2023-12-17,CHI,CLE,17.0,20.0,3.0,3.0,0,True,0.4680398263490194,CHI,0.5319601736509806,CLE,False,-0.10957064491493054,-0.07493290215253305,71.2,-0.04285687316832558,-0.15722921011809748,66.6,-0.06671377174660496,0.08229630796556443,4.6000000000000085,0
2023_15_TB_GB,2023,15,2023-12-17,TB,GB,34.0,20.0,-14.0,4.0,0,True,0.6618655297016103,GB,0.6618655297016103,TB,False,0.11174863491595086,0.03043491548859483,63.6,-0.044766993564934084,-0.015578468773551544,61.0,0.15651562848088493,0.04601338426214638,2.6000000000000014,-1
2023_15_NYJ_MIA,2023,15,2023-12-17,NYJ,MIA,0.0,30.0,30.0,7.5,1,True,0.7537982692259622,MIA,0.7537982692259622,MIA,True,0.03556505347015595,-0.14596694911924013,64.0,-0.24996464845857905,-0.1607700071678368,61.0,0.285529701928735,0.014803058048596662,3.0,-1
2023_15_KC_NE,2023,15,2023-12-17,KC,NE,27.0,17.0,-10.0,-10.0,0,True,0.5036325545849695,NE,0.5036325545849695,KC,False,-0.1173407851481916,-0.1353274024740443,63.0,0.05342889247915872,0.028789595513116557,61.0,-0.17076967762735032,-0.16411699798716084,2.0,3
2023_15_NYG_NO,2023,15,2023-12-17,NYG,NO,6.0,24.0,18.0,6.0,0,True,0.6578867459975589,NO,0.6578867459975589,NO,True,-0.07678125655171664,-0.023507729551491486,61.2,-0.17916915413028484,-0.012413601542687664,54.8,0.1023878975785682,-0.011094128008803822,6.400000000000006,1
2023_15_HOU_TEN,2023,15,2023-12-17,HOU,TEN,19.0,16.0,-3.0,3.0,1,True,0.571614436827667,TEN,0.571614436827667,HOU,False,-0.018542951610098397,0.011846124554791407,58.4,-0.09515860831252593,-0.04840957282205108,62.6,0.07661565670242754,0.060255697376842485,-4.200000000000003,-1
2023_15_SF_ARI,2023,15,2023-12-17,SF,ARI,45.0,29.0,-16.0,-12.5,1,True,0.16249149435462515,SF,0.8375085056453748,SF,True,-0.19301541380930173,0.016008697795617734,58.6,0.28726586468030313,-0.18276912713716809,57.0,-0.4802812784896049,0.1987778249327858,1.6000000000000014,7
2023_15_WAS_LA,2023,15,2023-12-17,WAS,LA,20.0,28.0,8.0,6.5,0,True,0.6457850076996147,LA,0.6457850076996147,LA,True,-0.011343697926477218,-0.01722671116007492,62.6,-0.08555959915216957,0.17043046997900155,68.8,0.07421590122569235,-0.18765718113907648,-6.199999999999996,-7
2023_15_DAL_BUF,2023,15,2023-12-17,DAL,BUF,10.0,31.0,21.0,2.0,0,True,0.3509603953983556,DAL,0.6490396046016444,BUF,False,0.05127320802581734,-0.04304880272124252,67.8,0.2328550607105425,-0.16371833429430474,68.8,-0.18158185268472515,0.12066953157306222,-1.0,0
2023_15_BAL_JAX,2023,15,2023-12-17,BAL,JAX,23.0,7.0,-16.0,-4.0,0,True,0.3668400253298423,BAL,0.6331599746701577,BAL,True,-0.04848041241160445,0.09870867859056198,66.6,0.07723946049568234,-0.10097479206940085,64.0,-0.12571987290728678,0.19968347065996284,2.5999999999999943,0
2023_15_PHI_SEA,2023,15,2023-12-18,PHI,SEA,17.0,20.0,3.0,-5.0,0,True,0.5344671632245449,SEA,0.5344671632245449,SEA,True,-0.033187142464594206,0.09913280755730555,61.4,0.01838617178677098,0.14433564183413045,59.2,-0.05157331425136519,-0.045202834276824894,2.1999999999999957,0
2023_16_NO_LA,2023,16,2023-12-21,NO,LA,22.0,30.0,8.0,4.0,0,True,0.6540873575273236,LA,0.6540873575273236,LA,True,0.07486667608950667,-0.04376802903934452,66.4,-0.04660669896562804,-0.06458246704732255,60.0,0.12147337505513471,0.020814438007978033,6.400000000000006,0
2023_16_CIN_PIT,2023,16,2023-12-23,CIN,PIT,11.0,34.0,23.0,-3.0,1,True,0.43147436178401,CIN,0.56852563821599,PIT,False,-0.1491731418051085,-0.052455674769802875,59.6,0.062351479832364866,0.10654855683348088,59.0,-0.21152462163747335,-0.15900423160328375,0.6000000000000014,0
2023_16_BUF_LAC,2023,16,2023-12-23,BUF,LAC,24.0,22.0,-2.0,-13.0,0,True,0.2630799825281133,BUF,0.7369200174718866,BUF,True,-0.24601604985962083,0.008087924757008435,63.2,0.08016388484873609,-0.09926779662422598,69.0,-0.32617993470835693,0.10735572138123442,-5.799999999999997,3
2023_16_IND_ATL,2023,16,2023-12-24,IND,ATL,10.0,29.0,19.0,3.0,0,True,0.4760263774394624,IND,0.5239736225605376,ATL,False,-0.10535959106043968,-0.12499901079744954,61.6,0.012276562563419167,-0.05998693105847985,62.8,-0.11763615362385885,-0.06501207973896969,-1.1999999999999957,-1
2023_16_GB_CAR,2023,16,2023-12-24,GB,CAR,33.0,30.0,-3.0,-3.5,0,True,0.36371346942618865,GB,0.6362865305738113,GB,True,-0.20844329044616403,-0.0632220362495244,66.8,0.10520000263962807,0.09485588053339714,62.2,-0.3136432930857921,-0.15807791678292155,4.599999999999994,0
2023_16_CLE_HOU,2023,16,2023-12-24,CLE,HOU,36.0,22.0,-14.0,-3.0,0,True,0.5951049216417155,HOU,0.5951049216417155,CLE,False,-0.1375026080013732,-0.08490252299005199,62.2,-0.20102844465840777,-0.10322022808607811,69.6,0.06352583665703457,0.01831770509602612,-7.3999999999999915,0
2023_16_DET_MIN,2023,16,2023-12-24,DET,MIN,30.0,24.0,-6.0,-2.5,1,True,0.4626626621472604,DET,0.5373373378527396,DET,True,-0.09882626512335742,-0.1056491556802748,65.4,0.05431143705167846,0.008481198025918135,64.0,-0.15313770217503586,-0.11413035370619294,1.4000000000000057,0
2023_16_WAS_NYJ,2023,16,2023-12-24,WAS,NYJ,28.0,30.0,2.0,3.0,0,True,0.4912877661103745,WAS,0.5087122338896255,NYJ,False,-0.3369320387065004,-0.1022562848264555,59.4,-0.12191902338634328,0.18478281375183675,65.2,-0.21501301532015712,-0.28703909857829224,-5.800000000000004,0
2023_16_SEA_TEN,2023,16,2023-12-24,SEA,TEN,20.0,17.0,-3.0,-3.0,0,True,0.6477558535271699,TEN,0.6477558535271699,SEA,False,-0.0010016369896389877,-0.020872807030558348,59.2,-0.041222003356449155,0.10016678437007209,58.4,0.040220366366810166,-0.12103959140063045,0.8000000000000043,1
2023_16_JAX_TB,2023,16,2023-12-24,JAX,TB,12.0,30.0,18.0,-2.0,0,True,0.5614104872649629,TB,0.5614104872649629,TB,True,0.01748156807400484,0.044670257326190954,60.6,0.000668281054822678,0.03952813175284399,68.0,0.016813287019182162,0.0051421255733469645,-7.399999999999999,0
2023_16_ARI_CHI,2023,16,2023-12-24,ARI,CHI,16.0,27.0,11.0,4.5,0,True,0.655890355784016,CHI,0.655890355784016,CHI,True,-0.0859465681937355,-0.21866115932739252,67.8,-0.03138824455634069,0.11685888204241963,63.6,-0.05455832363739481,-0.33552004136981217,4.199999999999996,0
2023_16_DAL_MIA,2023,16,2023-12-24,DAL,MIA,20.0,22.0,2.0,1.5,0,True,0.5771939504506632,MIA,0.5771939504506632,MIA,True,0.08331208006381087,-0.262906955145797,63.4,0.15204568869817361,-0.076331431901777,65.0,-0.06873360863436274,-0.18657552324402,-1.6000000000000014,0
2023_16_NE_DEN,2023,16,2023-12-24,NE,DEN,26.0,23.0,-3.0,7.0,0,True,0.5997862391619275,DEN,0.5997862391619275,NE,False,-0.09261707606112544,-0.09951758058197724,58.4,-0.1628679396835066,-0.1468695388637587,60.8,0.07025086362238116,0.04735195828178146,-2.3999999999999986,1
2023_16_LV_KC,2023,16,2023-12-25,LV,KC,20.0,14.0,-6.0,11.0,1,True,0.6348084480381384,KC,0.6348084480381384,LV,False,0.04569353351506341,-0.008509827306470218,62.0,-0.1353638606109015,-0.10980677582953338,59.0,0.18105739412596492,0.10129694852306316,3.0,-3
2023_16_NYG_PHI,2023,16,2023-12-25,NYG,PHI,25.0,33.0,8.0,14.0,1,True,0.6267879406960171,PHI,0.6267879406960171,PHI,True,0.0025428659871887527,0.1317056756753107,61.2,-0.16135680064383637,0.0047133320016845975,54.2,0.16389966663102512,0.1269923436736261,7.0,-1
2023_16_BAL_SF,2023,16,2023-12-25,BAL,SF,33.0,19.0,-14.0,6.5,0,True,0.7616180827441039,SF,0.7616180827441039,BAL,False,0.30811868173619156,-0.08771548000374821,55.8,0.04442534517567913,-0.05700520256915655,63.4,0.2636933365605124,-0.030710277434591655,-7.600000000000001,0
2023_17_NYJ_CLE,2023,17,2023-12-28,NYJ,CLE,20.0,37.0,17.0,6.5,0,True,0.6811753232081142,CLE,0.6811753232081142,CLE,True,-0.150647574830864,-0.1353346988593324,70.8,-0.30940830434676503,-0.15762023599552571,65.4,0.15876072951590103,0.02228553713619333,5.3999999999999915,0
2023_17_DET_DAL,2023,17,2023-12-30,DET,DAL,19.0,20.0,1.0,5.5,0,True,0.6063200488908846,DAL,0.6063200488908846,DAL,True,0.12770392212162246,-0.010043408635415214,64.0,0.07565308527220586,0.011149397622606427,67.2,0.052050836849416596,-0.02119280625802164,-3.200000000000003,0
2023_17_MIA_BAL,2023,17,2023-12-31,MIA,BAL,19.0,56.0,37.0,3.0,0,True,0.5012135375352832,BAL,0.5012135375352832,BAL,True,0.09098074656576582,-0.12017893443438257,65.8,0.11125388811772585,-0.20010158578844978,62.4,-0.020273141551960028,0.0799226513540672,3.3999999999999986,-1
2023_17_NE_BUF,2023,17,2023-12-31,NE,BUF,21.0,27.0,6.0,15.0,1,True,0.7593439575823266,BUF,0.7593439575823266,BUF,True,0.10658168925134703,-0.11766860147333205,68.8,-0.17809807192004073,-0.1618325323315825,58.2,0.28467976117138777,0.04416393085825046,10.599999999999994,1
2023_17_ATL_CHI,2023,17,2023-12-31,ATL,CHI,17.0,37.0,20.0,3.0,0,True,0.6028399735262047,CHI,0.6028399735262047,CHI,True,-0.05084598468604977,-0.22257094621426118,67.4,-0.07283518021912479,-0.17230393694785243,61.2,0.021989195533075018,-0.05026700926640876,6.200000000000003,0
2023_17_TEN_HOU,2023,17,2023-12-31,TEN,HOU,3.0,26.0,23.0,5.0,1,True,0.3862353487452237,TEN,0.6137646512547763,HOU,False,-0.18049110122779335,-0.05083633279586064,62.6,0.010312357196571233,-0.03342451141493561,64.6,-0.19080345842436458,-0.01741182138092503,-1.999999999999993,0
2023_17_LV_IND,2023,17,2023-12-31,LV,IND,20.0,23.0,3.0,3.5,0,True,0.6153243121695823,IND,0.6153243121695823,IND,True,-0.032137646544787825,-0.03397198186086469,65.6,-0.13437360282287608,-0.1336220802803913,56.6,0.10223595627808826,0.0996500984195266,8.999999999999993,1
2023_17_CAR_JAX,2023,17,2023-12-31,CAR,JAX,0.0,26.0,26.0,3.5,0,True,0.5457252053667239,JAX,0.5457252053667239,JAX,True,-0.07889212763407738,0.04241576212002204,66.8,-0.11273858611413308,-0.04732928951763778,67.8,0.0338464584800557,0.08974505163765982,-1.0,0
2023_17_LA_NYG,2023,17,2023-12-31,LA,NYG,26.0,25.0,-1.0,-6.0,0,True,0.28629841191874283,LA,0.7137015880812572,LA,True,-0.12413575213762826,-0.031230989068285538,55.0,0.1491482713434351,-0.052601438680303404,68.0,-0.2732840234810634,0.021370449612017867,-13.0,-4
2023_17_ARI_PHI,2023,17,2023-12-31,ARI,PHI,35.0,31.0,-4.0,12.0,0,True,0.6316975277471959,PHI,0.6316975277471959,ARI,False,0.03251840444402299,0.14522734841484103,65.8,-0.06219873401212479,0.1465120473372016,63.6,0.09471713845614779,-0.0012846989223605776,2.1999999999999957,-1
2023_17_NO_TB,2023,17,2023-12-31,NO,TB,23.0,13.0,-10.0,2.5,1,True,0.6069913504831776,TB,0.6069913504831776,NO,False,0.051040702317267164,-0.03850518477213617,61.4,-0.0473038296064657,-0.04292784466112715,59.0,0.09834453192373287,0.0044226598889909804,2.3999999999999986,-3
2023_17_SF_WAS,2023,17,2023-12-31,SF,WAS,27.0,10.0,-17.0,-14.0,0,True,0.1982313926635177,SF,0.8017686073364823,SF,True,-0.18029916937764928,0.1172216859905804,64.6,0.21992704075741215,-0.052030719677913416,58.0,-0.40022621013506143,0.1692524056684938,6.599999999999994,1
2023_17_PIT_SEA,2023,17,2023-12-31,PIT,SEA,30.0,23.0,-7.0,4.5,0,True,0.5132661828762509,SEA,0.5132661828762509,PIT,False,-0.01331100660438973,0.15173802242255097,58.0,-0.08363005031202167,-0.06655815165309477,60.0,0.07031904370763194,0.21829617407564572,-2.0,-1
2023_17_LAC_DEN,2023,17,2023-12-31,LAC,DEN,9.0,16.0,7.0,3.5,1,True,0.7196726169351179,DEN,0.7196726169351179,DEN,True,-0.1027739539207428,-0.11053958306922262,61.2,-0.2780574416389733,0.004803931469927214,64.0,0.1752834877182305,-0.11534351453914984,-2.799999999999997,-1
2023_17_CIN_KC,2023,17,2023-12-31,CIN,KC,17.0,25.0,8.0,7.5,0,True,0.6228323002878786,KC,0.6228323002878786,KC,True,0.021952663061492315,-0.040491312733269696,62.2,0.009991655447978998,0.11650024359410953,59.6,0.011961007613513317,-0.1569915563273792,2.6000000000000014,-2
2023_17_GB_MIN,2023,17,2023-12-31,GB,MIN,33.0,10.0,-23.0,1.0,1,True,0.4053624113553223,GB,0.5946375886446778,GB,True,-0.11235023070824572,-0.05966677209273332,61.8,0.14039695319235643,0.11838653197189922,60.8,-0.25274718390060213,-0.17805330406463254,1.0,0
2023_18_PIT_BAL,2023,18,2024-01-06,PIT,BAL,17.0,10.0,-7.0,-3.0,1,True,0.7710112110731913,BAL,0.7710112110731913,PIT,False,0.1782125459279298,-0.1610907890367706,64.4,-0.04278518938085687,-0.010807507358595403,61.0,0.22099773530878666,-0.1502832816781752,3.4000000000000057,0
2023_18_HOU_IND,2023,18,2024-01-06,HOU,IND,23.0,19.0,-4.0,-1.5,1,True,0.6247702793526582,IND,0.6247702793526582,HOU,False,-0.020587815708797648,-0.0019272610177329286,62.2,-0.1914156763485773,-0.1441792860170788,63.2,0.17082786063977967,0.14225202499934586,-1.0,0
2023_18_TB_CAR,2023,18,2024-01-07,TB,CAR,9.0,0.0,-9.0,-5.0,1,True,0.36722171559780864,TB,0.6327782844021914,TB,True,-0.17603736651547647,-0.03433893350378647,65.0,0.03451430563694737,-0.04000932925103477,60.2,-0.21055167215242385,0.0056703957472483,4.799999999999997,0
2023_18_CLE_CIN,2023,18,2024-01-07,CLE,CIN,14.0,31.0,17.0,7.5,1,True,0.5135571123347267,CIN,0.5135571123347267,CIN,True,0.026038102025538024,0.11013051944516947,65.8,-0.10564625414345019,-0.1652852114227549,68.4,0.13168435616898821,0.27541573086792437,-2.6000000000000085,-3
2023_18_MIN_DET,2023,18,2024-01-07,MIN,DET,20.0,30.0,10.0,3.5,1,True,0.7707284096052712,DET,0.7707284096052712,DET,True,0.09445843277752666,-0.02614272332151895,64.4,-0.1760895845318256,0.003397988790229767,58.0,0.2705480173093523,-0.029540712111748718,6.400000000000006,1
2023_18_NYJ_NE,2023,18,2024-01-07,NYJ,NE,17.0,3.0,-14.0,2.5,1,True,0.5445821979626394,NE,0.5445821979626394,NYJ,False,-0.20187198214574803,-0.12644301814488762,55.0,-0.2679084515322808,-0.17739138822046102,68.0,0.06603646938653279,0.0509483700755734,-13.0,-3
2023_18_ATL_NO,2023,18,2024-01-07,ATL,NO,17.0,48.0,31.0,3.5,1,True,0.5822164337923461,NO,0.5822164337923461,NO,True,-0.023715497514815213,-0.08651055422317847,59.2,-0.09759158895484743,-0.137917480811976,60.8,0.07387609144003221,0.05140692658879753,-1.5999999999999943,0
2023_18_JAX_TEN,2023,18,2024-01-07,JAX,TEN,20.0,28.0,8.0,-3.5,1,True,0.5038459441177696,TEN,0.5038459441177696,TEN,True,-0.08376940327178488,-0.005185991883643114,65.4,-0.0651629643730881,-0.060046112933397774,64.8,-0.018606438898696773,0.05486012104975466,0.6000000000000085,0
2023_18_SEA_ARI,2023,18,2024-01-07,SEA,ARI,21.0,20.0,-1.0,-2.5,1,True,0.49057284456489664,SEA,0.5094271554351033,SEA,True,0.0003513552213984195,0.20258733363403897,66.2,0.06419419521879585,0.1865670318871449,57.0,-0.06384283999739743,0.01602030174689406,9.200000000000003,0
2023_18_CHI_GB,2023,18,2024-01-07,CHI,GB,9.0,17.0,8.0,2.5,1,True,0.562977619087024,GB,0.562977619087024,GB,True,0.16597475923211724,0.07840419330542693,64.2,-0.029134505797526973,-0.25194904050758277,67.8,0.1951092650296442,0.3303532338130097,-3.5999999999999943,0
2023_18_KC_LAC,2023,18,2024-01-07,KC,LAC,13.0,12.0,-1.0,3.5,1,True,0.3402675842150131,KC,0.6597324157849869,KC,True,-0.2452149677708501,-0.010111171396641676,63.2,-0.021385000680903116,-0.050388409369951634,61.2,-0.22382996708994699,0.040277237973309954,2.0,0
2023_18_DEN_LV,2023,18,2024-01-07,DEN,LV,14.0,27.0,13.0,3.5,1,True,0.5745261499072357,LV,0.5745261499072357,LV,True,-0.06839090174143234,-0.08511491176879062,59.6,-0.1068900158863874,-0.08158318497436606,62.6,0.03849911414495506,-0.003531726794424553,-3.0,0
2023_18_PHI_NYG,2023,18,2024-01-07,PHI,NYG,10.0,27.0,17.0,-4.5,1,True,0.43142162374546056,PHI,0.5685783762545394,NYG,False,-0.13313898323032575,0.00659344504686436,57.6,0.07092251495558437,0.16331666275686257,62.4,-0.20406149818591013,-0.15672321770999822,-4.799999999999997,0
2023_18_LA_SF,2023,18,2024-01-07,LA,SF,21.0,20.0,-1.0,5.5,1,True,0.6637641438685554,SF,0.6637641438685554,LA,False,0.2436519937408188,-0.03568333259377719,58.6,0.08583819551150498,-0.038491720772935646,66.8,0.15781379822931382,0.002808388179158454,-8.199999999999996,0
2023_18_DAL_WAS,2023,18,2024-01-07,DAL,WAS,38.0,10.0,-28.0,-13.0,1,True,0.2969011092497642,DAL,0.7030988907502358,DAL,True,-0.18277164016350464,0.16743350575285154,57.8,0.02798479239642112,0.026327196230233725,66.0,-0.21075643255992577,0.14110630952261782,-8.200000000000003,-1
2023_18_BUF_MIA,2023,18,2024-01-07,BUF,MIA,21.0,14.0,-7.0,-2.5,1,True,0.493138727076281,BUF,0.506861272923719,BUF,True,0.07257414299393582,-0.001808867268533043,62.4,0.07469100578085455,-0.09870600960114258,68.2,-0.0021168627869187356,0.09689714233260953,-5.800000000000004,0
2024_01_BAL_KC,2024,1,2024-09-05,BAL,KC,20.0,27.0,7.0,3.0,0,True,0.4026011507669175,BAL,0.5973988492330825,KC,False,-0.08483663150960111,-0.15759315494513917,60.6,0.11552389850817932,-0.11432942271619032,62.2,-0.20036053001778042,-0.04326373222894886,-1.6000000000000014,0
2024_01_GB_PHI,2024,1,2024-09-06,GB,PHI,29.0,34.0,5.0,2.0,0,True,0.40455672691675315,GB,0.5954432730832468,PHI,False,0.0024161614485199044,0.07503947454684162,61.4,0.15259550633242197,0.024573945249201028,63.2,-0.15017934488390206,0.050465529297640595,-1.8000000000000043,0
2024_01_PIT_ATL,2024,1,2024-09-08,PIT,ATL,18.0,10.0,-8.0,4.0,0,True,0.46998180724855143,PIT,0.5300181927514486,PIT,True,-0.11206199064215669,-0.026971794965961048,60.2,-0.03791500351964292,-0.07578534151863181,61.8,-0.07414698712251377,0.04881354655267076,-1.5999999999999943,0
2024_01_ARI_BUF,2024,1,2024-09-08,ARI,BUF,28.0,34.0,6.0,6.5,0,True,0.6473566501111779,BUF,0.6473566501111779,BUF,True,0.056433531636225845,-0.09814244868168255,65.0,0.07456139456613142,0.15812704436032182,66.8,-0.018127862929905578,-0.25626949304200436,-1.7999999999999972,0
2024_01_TEN_CHI,2024,1,2024-09-08,TEN,CHI,17.0,24.0,7.0,4.0,0,True,0.63130924596458,CHI,0.63130924596458,CHI,True,-0.0240658048473685,-0.10246634376901445,64.0,-0.06470647480696756,-0.015558493876449147,59.8,0.04064066995959906,-0.08690784989256531,4.200000000000003,0
2024_01_NE_CIN,2024,1,2024-09-08,NE,CIN,16.0,10.0,-6.0,8.0,0,True,0.6971412517495166,CIN,0.6971412517495166,NE,False,-0.010699776480757425,0.022062895266171223,63.6,-0.25884142444889047,-0.14302969604578988,54.2,0.24814164796813304,0.1650925913119611,9.399999999999999,0
2024_01_HOU_IND,2024,1,2024-09-08,HOU,IND,29.0,27.0,-2.0,-3.0,1,True,0.6065281042961024,IND,0.6065281042961024,HOU,False,-0.02043880771834209,0.01589967282280643,61.2,-0.1565924318604422,-0.10296211712573182,61.8,0.1361536241421001,0.11886178994853824,-0.5999999999999943,0
2024_01_JAX_MIA,2024,1,2024-09-08,JAX,MIA,17.0,20.0,3.0,3.5,0,True,0.5958489613802166,MIA,0.5958489613802166,MIA,True,-0.0016055282613988073,0.04833599442675292,60.2,-0.1149255682913815,-0.07371560367589035,64.4,0.1133200400299827,0.12205159810264327,-4.200000000000003,0
2024_01_CAR_NO,2024,1,2024-09-08,CAR,NO,10.0,47.0,37.0,3.5,1,True,0.7769411589333215,NO,0.7769411589333215,NO,True,0.02462563699875194,-0.17732264798129252,59.2,-0.2209782410521545,-0.04409279832840111,61.0,0.24560387805090644,-0.13322984965289142,-1.7999999999999972,0
2024_01_MIN_NYG,2024,1,2024-09-08,MIN,NYG,28.0,6.0,-22.0,-1.0,0,True,0.5952994016792457,NYG,0.5952994016792457,MIN,False,-0.06700617117500621,-0.017050040940433064,61.0,-0.07671366774053165,0.05575618026931293,61.8,0.009707496565525442,-0.07280622120974599,-0.7999999999999972,0
2024_01_LV_LAC,2024,1,2024-09-08,LV,LAC,10.0,22.0,12.0,3.0,1,True,0.29663406598993836,LV,0.7033659340100616,LAC,False,-0.2622870751968628,0.016077595930180988,67.4,-0.03683934601053653,-0.1469362493139275,60.6,-0.22544772918632625,0.1630138452441085,6.800000000000004,0
2024_01_DEN_SEA,2024,1,2024-09-08,DEN,SEA,20.0,26.0,6.0,6.5,0,True,0.5578072954936197,SEA,0.5578072954936197,SEA,True,0.06030817646999098,0.1976359198050167,55.2,-0.07260066738301127,-0.044481614000502566,62.6,0.13290884385300225,0.24211753380551929,-7.399999999999999,0
2024_01_DAL_CLE,2024,1,2024-09-08,DAL,CLE,33.0,17.0,-16.0,2.5,0,True,0.43876525217303347,DAL,0.5612347478269666,DAL,True,-0.13731284417781878,-0.18672312788976164,65.0,0.0652851783505646,-0.059965308957738904,64.2,-0.20259802252838338,-0.12675781893202273,0.7999999999999972,0
2024_01_WAS_TB,2024,1,2024-09-08,WAS,TB,20.0,37.0,17.0,4.0,0,True,0.8085098079581907,TB,0.8085098079581907,TB,True,0.02476044081233274,-0.0849502037877128,61.2,-0.19729500364253916,0.1486544030238449,52.4,0.2220554444548719,-0.2336046068115577,8.800000000000004,0
2024_01_LA_DET,2024,1,2024-09-08,LA,DET,20.0,26.0,6.0,5.0,0,True,0.5770102185078275,DET,0.5770102185078275,DET,True,0.09182696796490905,-0.021824803585660295,64.6,0.08235363379621188,0.012158708497604998,67.0,0.009473334168697167,-0.03398351208326529,-2.4000000000000057,0
2024_01_NYJ_SF,2024,1,2024-09-09,NYJ,SF,19.0,32.0,13.0,3.5,0,True,0.7758529087807133,SF,0.7758529087807133,SF,True,0.16916497681852216,-0.027652493997517714,58.8,-0.24421926366708177,-0.2437502438936357,67.4,0.41338424048560396,0.216097749896118,-8.600000000000009,0
2024_02_BUF_MIA,2024,2,2024-09-12,BUF,MIA,31.0,10.0,-21.0,2.5,1,True,0.43137403557677345,BUF,0.5686259644232265,BUF,True,0.01088895382213095,0.005342753361184632,59.4,0.09723748152033077,-0.07404787211599033,62.4,-0.08634852769819981,0.07939062547717496,-3.0,0
2024_02_LV_BAL,2024,2,2024-09-15,LV,BAL,26.0,23.0,-3.0,9.0,0,True,0.6535056443957511,BAL,0.6535056443957511,LV,False,0.09797675275496227,-0.09318126639011513,62.8,-0.010937306515533207,-0.1240248405433664,61.8,0.10891405927049548,0.03084357415325127,1.0,3
2024_02_LAC_CAR,2024,2,2024-09-15,LAC,CAR,26.0,3.0,-23.0,-5.0,0,True,0.45752837669867946,LAC,0.5424716233013205,LAC,True,-0.2527166215027328,0.035258688617294254,56.2,-0.1857982586039921,-0.041022465851653214,64.4,-0.06691836289874067,0.07628115446894747,-8.200000000000003,0
2024_02_NO_DAL,2024,2,2024-09-15,NO,DAL,44.0,19.0,-25.0,6.5,0,True,0.4406798636167581,NO,0.5593201363832419,NO,True,0.035556676081489325,-0.07878826005829961,61.2,0.10397712394444732,-0.2090610284318708,61.6,-0.06842044786295799,0.13027276837357118,-0.3999999999999986,0
2024_02_TB_DET,2024,2,2024-09-15,TB,DET,20.0,16.0,-4.0,7.5,0,True,0.5947944260977426,DET,0.5947944260977426,TB,False,0.14251349313002382,-0.021543935552646366,64.2,0.08445837531227322,-0.05768775369089894,59.6,0.05805511781775059,0.03614381813825257,4.600000000000001,0
2024_02_IND_GB,2024,2,2024-09-15,IND,GB,10.0,16.0,6.0,-3.0,0,True,0.7256837391843605,GB,0.7256837391843605,GB,True,0.19693410916867368,0.03386344095858072,61.6,-0.001186818533938351,0.029518800247902,58.0,0.19812092770261203,0.0043446407106787245,3.6000000000000014,2
2024_02_CLE_JAX,2024,2,2024-09-15,CLE,JAX,18.0,13.0,-5.0,3.0,0,True,0.549167990405905,JAX,0.549167990405905,CLE,False,-0.10685598927390023,-0.04528494836765866,59.6,-0.1680697309036657,-0.17124981823587998,64.8,0.061213741629765464,0.1259648698682213,-5.199999999999996,0
2024_02_SF_MIN,2024,2,2024-09-15,SF,MIN,17.0,23.0,6.0,-4.5,0,True,0.3985753962484002,SF,0.6014246037515998,MIN,False,-0.004982015376582405,0.07717744990142347,57.6,0.13668092646984628,-0.013030988831510309,62.2,-0.1416629418464287,0.09020843873293379,-4.600000000000001,1
2024_02_SEA_NE,2024,2,2024-09-15,SEA,NE,23.0,20.0,-3.0,-3.5,0,True,0.3736170716636249,SEA,0.6263829283363751,SEA,True,-0.24835535992624252,-0.117637892043708,55.4,0.06882470556078976,0.0828165748170622,55.6,-0.31718006548703226,-0.2004544668607702,-0.20000000000000284,0
2024_02_NYJ_TEN,2024,2,2024-09-15,NYJ,TEN,24.0,17.0,-7.0,-3.5,0,True,0.6329322966362657,TEN,0.6329322966362657,NYJ,False,-0.1309359157367893,-0.05765803998390403,58.4,-0.25272454294415436,-0.11817608460708826,64.4,0.12178862720736505,0.060518044623184226,-6.000000000000007,1
2024_02_NYG_WAS,2024,2,2024-09-15,NYG,WAS,18.0,21.0,3.0,1.5,1,True,0.4911532728257133,NYG,0.5088467271742867,WAS,False,-0.13784116421498155,0.1200882974300462,52.6,-0.14044180556465666,0.021910052301622285,63.8,0.002600641349675109,0.09817824512842392,-11.199999999999996,0
2024_02_LA_ARI,2024,2,2024-09-15,LA,ARI,10.0,41.0,31.0,-1.0,1,True,0.45381539667760934,LA,0.5461846033223907,ARI,False,0.07960924795754147,0.22098693885582513,66.8,0.07059699730180023,-0.00036301871579193234,67.2,0.009012250655741239,0.22134995757161707,-0.4000000000000057,0
2024_02_PIT_DEN,2024,2,2024-09-15,PIT,DEN,13.0,6.0,-7.0,-3.0,0,True,0.3772291627865989,PIT,0.6227708372134011,PIT,True,-0.12494852039271938,0.033738839531001596,63.8,0.0033078248367287067,-0.1341964274084127,61.8,-0.1282563452294481,0.1679352669394143,2.0,0
2024_02_CIN_KC,2024,2,2024-09-15,CIN,KC,25.0,26.0,1.0,6.5,0,True,0.6682513432254962,KC,0.6682513432254962,KC,True,-0.03172781034442847,-0.14507621535435106,58.0,-0.06101953268049916,0.02955750776946774,61.8,0.02929172233607069,-0.1746337231238188,-3.799999999999997,3
2024_02_CHI_HOU,2024,2,2024-09-15,CHI,HOU,13.0,19.0,6.0,6.0,0,True,0.5969392973375724,HOU,0.5969392973375724,HOU,True,-0.022989146511207127,-0.09121719208417048,66.4,-0.08234075260377793,-0.12576402702408007,61.4,0.059351606092570806,0.03454683493990959,5.000000000000007,0
2024_02_ATL_PHI,2024,2,2024-09-16,ATL,PHI,22.0,21.0,-1.0,5.5,0,True,0.7017003211102374,PHI,0.7017003211102374,ATL,False,0.049242775813158134,0.10398942799909802,65.6,-0.17920261126642606,-0.04050515572114348,56.2,0.2284453870795842,0.1444945837202415,9.399999999999991,2
2024_03_NE_NYJ,2024,3,2024-09-19,NE,NYJ,3.0,24.0,21.0,6.5,1,True,0.6048271805350618,NYJ,0.6048271805350618,NYJ,True,-0.13231885550686992,-0.157679603973243,64.4,-0.1736170600856753,-0.10912070581429596,58.4,0.04129820457880537,-0.048558898158947025,6.000000000000007,0
2024_03_NYG_CLE,2024,3,2024-09-22,NYG,CLE,21.0,15.0,-6.0,6.5,0,True,0.599012056170308,CLE,0.599012056170308,NYG,False,-0.08953114249417156,-0.11581501541731654,64.4,-0.06045420831578556,0.03567198359551057,62.4,-0.029076934178386,-0.1514869990128271,2.000000000000007,0
2024_03_CHI_IND,2024,3,2024-09-22,CHI,IND,16.0,21.0,5.0,1.5,0,True,0.5200076986925857,IND,0.5200076986925857,IND,True,-0.031045428761411385,0.09309373804783302,55.6,-0.08283519072321908,-0.08162918124109735,60.6,0.0517897619618077,0.17472291928893036,-5.0,0
2024_03_HOU_MIN,2024,3,2024-09-22,HOU,MIN,7.0,34.0,27.0,-2.0,0,True,0.47209879552357215,HOU,0.5279012044764279,MIN,False,-0.04160495563872206,0.03268205277523791,54.4,-0.030856407934636388,-0.11756610958014528,64.0,-0.010748547704085672,0.15024816235538319,-9.600000000000001,0
2024_03_PHI_NO,2024,3,2024-09-22,PHI,NO,15.0,12.0,-3.0,2.5,0,True,0.7716971726869319,NO,0.7716971726869319,PHI,False,0.17869192813821336,-0.18321404011462064,61.2,0.050241478485683666,0.12280087859508723,65.4,0.1284504496525297,-0.3060149187097079,-4.200000000000003,1
2024_03_LAC_PIT,2024,3,2024-09-22,LAC,PIT,10.0,20.0,10.0,3.0,0,True,0.6644622352315276,PIT,0.6644622352315276,PIT,True,0.043173699251549236,-0.1935396646650574,62.6,-0.08855585019451155,-0.18963670008001204,64.2,0.1317295494460608,-0.0039029645850453543,-1.6000000000000014,0
2024_03_DEN_TB,2024,3,2024-09-22,DEN,TB,26.0,7.0,-19.0,6.0,0,True,0.6736273146866448,TB,0.6736273146866448,DEN,False,-0.00843559142280308,-0.07791085342303702,57.2,-0.14792577797073164,-0.056398762083367596,62.8,0.13949018654792855,-0.02151209133966943,-5.599999999999994,0
2024_03_GB_TEN,2024,3,2024-09-22,GB,TEN,30.0,14.0,-16.0,3.0,0,True,0.29049082559481376,GB,0.7095091744051862,GB,True,-0.11246530492864215,-0.02845951986757218,57.8,0.19018917130858906,-0.05817413170628537,63.6,-0.3026544762372312,0.029714611838713188,-5.800000000000004,0
2024_03_CAR_LV,2024,3,2024-09-22,CAR,LV,36.0,22.0,-14.0,5.5,0,True,0.7868455939175251,LV,0.7868455939175251,CAR,False,-0.09447687624123095,-0.05122132479102195,61.0,-0.3117022737635046,0.11807492722718578,53.4,0.21722539752227366,-0.16929625201820772,7.600000000000001,0
2024_03_MIA_SEA,2024,3,2024-09-22,MIA,SEA,3.0,24.0,21.0,4.0,0,True,0.6724221408460378,SEA,0.6724221408460378,SEA,True,0.06174095995022664,0.07123845700757635,56.8,-0.06405219740037785,0.1647618747749029,63.4,0.12579315735060448,-0.09352341776732655,-6.600000000000001,-3
2024_03_DET_ARI,2024,3,2024-09-22,DET,ARI,20.0,13.0,-7.0,-3.0,0,True,0.5834548297379177,ARI,0.5834548297379177,DET,False,0.14821776488152175,0.08312220316571592,64.6,0.06260679302871165,-0.01589296017169717,67.8,0.0856109718528101,0.09901516333741309,-3.200000000000003,0
2024_03_BAL_DAL,2024,3,2024-09-22,BAL,DAL,28.0,25.0,-3.0,-1.5,0,True,0.47263135947918267,BAL,0.5273686405208173,BAL,True,0.020021503989603673,-0.02384237183109388,62.8,0.09058506429289492,-0.08108032540256986,61.2,-0.07056356030329125,0.057237953571475986,1.5999999999999943,0
2024_03_SF_LA,2024,3,2024-09-22,SF,LA,24.0,27.0,3.0,-6.0,1,True,0.47513904745119667,SF,0.5248609525488033,LA,False,0.021560298310411386,0.09789144970168674,62.8,0.03652780161192387,-0.022231135369561394,65.4,-0.014967503301512485,0.12012258507124814,-2.6000000000000085,0
2024_03_KC_ATL,2024,3,2024-09-22,KC,ATL,22.0,17.0,-5.0,-3.0,0,True,0.47013000861285104,KC,0.529869991387149,KC,True,-0.08831538186371833,0.022494342208547936,57.6,-0.044580022796954166,-0.07245106557437773,58.4,-0.043735359066764165,0.09494540778292568,-0.7999999999999972,-1
2024_03_JAX_BUF,2024,3,2024-09-23,JAX,BUF,10.0,47.0,37.0,4.0,0,True,0.7353119444798862,BUF,0.7353119444798862,BUF,True,0.10607612005756453,-0.10855753172637823,58.4,-0.06850704024016178,-0.04604013435416493,58.2,0.1745831602977263,-0.0625173973722133,0.19999999999999574,3
2024_03_WAS_CIN,2024,3,2024-09-23,WAS,CIN,38.0,33.0,-5.0,7.5,0,True,0.6268949741741461,CIN,0.6268949741741461,WAS,False,-0.08144419017565954,-0.01554616205618565,60.6,-0.07765502522917136,0.14342919376275207,54.4,-0.003789164946488177,-0.1589753558189377,6.200000000000003,0
2024_04_DAL_NYG,2024,4,2024-09-26,DAL,NYG,20.0,15.0,-5.0,-5.5,1,True,0.5485772605765643,NYG,0.5485772605765643,DAL,False,-0.03872148604767124,-0.06583312094075407,64.0,0.009236605136177268,0.043673104582317095,65.2,-0.04795809118384851,-0.10950622552307115,-1.2000000000000028,0
2024_04_NO_ATL,2024,4,2024-09-29,NO,ATL,24.0,26.0,2.0,2.5,1,True,0.20351959124377636,NO,0.7964804087562236,ATL,False,-0.1343914068450119,0.09038427287412155,56.0,0.14870471588834255,-0.2183527657721848,60.6,-0.2830961227333545,0.30873703864630636,-4.600000000000001,0
2024_04_CIN_CAR,2024,4,2024-09-29,CIN,CAR,34.0,24.0,-10.0,-4.5,0,True,0.27682008897167365,CIN,0.7231799110283263,CIN,True,-0.3079222744426785,0.04920722191248296,54.6,0.034128180043250037,0.043428734534682954,60.4,-0.3420504544859285,0.005778487377800005,-5.799999999999997,1
2024_04_LA_CHI,2024,4,2024-09-29,LA,CHI,18.0,24.0,6.0,3.0,0,True,0.5363635675956202,CHI,0.5363635675956202,CHI,True,-0.14645279425884233,-0.09274849101742125,64.0,0.003853883048432713,0.14846032326631636,60.6,-0.15030667730727504,-0.2412088142837376,3.3999999999999986,0
2024_04_MIN_GB,2024,4,2024-09-29,MIN,GB,31.0,29.0,-2.0,2.5,1,True,0.7426389901716416,GB,0.7426389901716416,MIN,False,0.1611491844467838,-0.16821000233951008,62.8,-0.02628338030845472,-0.047242852746041133,56.2,0.18743256475523853,-0.12096714959346895,6.599999999999994,0
2024_04_JAX_HOU,2024,4,2024-09-29,JAX,HOU,20.0,24.0,4.0,5.5,1,True,0.6618091071818553,HOU,0.6618091071818553,HOU,True,-0.021043650012136726,-0.1184826511673251,62.8,-0.07641926896735748,0.03278205656221474,59.2,0.05537561895522076,-0.15126470772953984,3.5999999999999943,1
2024_04_PIT_IND,2024,4,2024-09-29,PIT,IND,24.0,27.0,3.0,-2.5,0,True,0.409865399474914,PIT,0.590134600525086,IND,False,-0.02567030184311652,0.026604888965676875,52.4,0.02540194238666758,-0.1846728413433012,63.6,-0.0510722442297841,0.21127773030897806,-11.200000000000003,0
2024_04_DEN_NYJ,2024,4,2024-09-29,DEN,NYJ,10.0,9.0,-1.0,7.5,0,True,0.6742851623027522,NYJ,0.6742851623027522,DEN,False,-0.03303116496558206,-0.20106385749204483,61.4,-0.11247706521860805,-0.11657708515238067,62.2,0.07944590025302599,-0.08448677233966416,-0.8000000000000043,3
2024_04_PHI_TB,2024,4,2024-09-29,PHI,TB,16.0,33.0,17.0,-1.0,0,True,0.4904146853583101,PHI,0.5095853146416899,TB,False,-0.0941687990922069,-0.0202328496294486,54.4,0.030694406208547177,0.09516866213980008,63.6,-0.12486320530075408,-0.11540151176924868,-9.200000000000003,0
2024_04_WAS_ARI,2024,4,2024-09-29,WAS,ARI,42.0,14.0,-28.0,3.5,0,True,0.7067178942541349,ARI,0.7067178942541349,WAS,False,0.13203473231004834,0.06877543990762366,63.2,0.061961950954129895,0.26519475970537804,53.8,0.07007278135591843,-0.19641931979775437,9.400000000000006,1
2024_04_NE_SF,2024,4,2024-09-29,NE,SF,13.0,30.0,17.0,10.5,0,True,0.7983270816858279,SF,0.7983270816858279,SF,True,0.12237717196851025,-0.010926455693630793,64.8,-0.23847907526157125,-0.03928832115468164,57.0,0.3608562472300815,0.028361865461050843,7.799999999999997,-3
2024_04_KC_LAC,2024,4,2024-09-29,KC,LAC,17.0,10.0,-7.0,-7.5,1,True,0.48862876449666987,KC,0.5113712355033302,KC,True,-0.10251266461877022,-0.17708987005013688,60.2,0.025441224345881662,-0.056424937478333145,57.4,-0.12795388896465187,-0.12066493257180373,2.8000000000000043,0
2024_04_CLE_LV,2024,4,2024-09-29,CLE,LV,16.0,20.0,4.0,-2.5,0,True,0.6129703136571578,LV,0.6129703136571578,LV,True,-0.07516083503235366,0.03927477745336187,63.0,-0.18768742935722726,-0.05337913972838633,61.6,0.11252659432487361,0.0926539171817482,1.3999999999999986,0
2024_04_BUF_BAL,2024,4,2024-09-29,BUF,BAL,10.0,35.0,25.0,2.5,0,True,0.49363207252228625,BUF,0.5063679274777138,BAL,False,0.1526668177779431,-0.034057470776483044,60.4,0.18160746453375326,-0.1382605790830965,59.8,-0.02894064675581015,0.10420310830661345,0.6000000000000014,1
2024_04_TEN_MIA,2024,4,2024-09-30,TEN,MIA,31.0,12.0,-19.0,2.5,0,True,0.5241220400638517,MIA,0.5241220400638517,TEN,False,-0.15734378029666166,0.15181269008385873,62.2,-0.20481895516102017,-0.031482143126401504,55.8,0.04747517486435851,0.18329483321026024,6.400000000000006,0
2024_04_SEA_DET,2024,4,2024-09-30,SEA,DET,29.0,42.0,13.0,3.5,0,True,0.5823910719314053,DET,0.5823910719314053,DET,True,0.03538944654545957,-0.07001589132436639,66.0,0.034574625553720616,-0.033787586553529945,56.6,0.0008148209917389557,-0.036228304770836446,9.399999999999999,0
2024_05_TB_ATL,2024,5,2024-10-03,TB,ATL,30.0,36.0,6.0,2.5,1,True,0.4015337968545637,TB,0.5984662031454363,ATL,False,-0.1159055377559494,0.07692888135751821,54.4,-0.01904519780307141,-0.04808811691798735,59.0,-0.09686033995287799,0.12501699827550555,-4.600000000000001,0
2024_05_NYJ_MIN,2024,5,2024-10-06,NYJ,MIN,17.0,23.0,6.0,2.5,0,True,0.5885654280161366,MIN,0.5885654280161366,MIN,True,0.048194596425819865,-0.12673875033208237,58.2,-0.05457344828421864,-0.2466013899464226,61.8,0.1027680447100385,0.11986263961434024,-3.5999999999999943,0
2024_05_CAR_CHI,2024,5,2024-10-06,CAR,CHI,10.0,36.0,26.0,4.0,0,True,0.6634385860574864,CHI,0.6634385860574864,CHI,True,-0.15528608045318207,-0.07058888358992817,60.0,-0.21615368686568487,0.061429023488853915,57.8,0.0608676064125028,-0.13201790707878208,2.200000000000003,0
2024_05_BAL_CIN,2024,5,2024-10-06,BAL,CIN,41.0,38.0,-3.0,-2.5,1,True,0.5063209870229889,CIN,0.5063209870229889,BAL,False,0.08274035754941858,0.034642906064004476,58.6,0.09002739811215299,-0.03082597610653014,60.6,-0.007287040562734409,0.06546888217053462,-2.0,0
2024_05_BUF_HOU,2024,5,2024-10-06,BUF,HOU,20.0,23.0,3.0,1.0,0,True,0.4329474233949502,BUF,0.5670525766050498,HOU,False,0.009840330107807474,-0.03531007707035966,64.2,0.1675592108006207,-0.022969017857150685,58.0,-0.15771888069281323,-0.012341059213208973,6.200000000000003,0
2024_05_IND_JAX,2024,5,2024-10-06,IND,JAX,34.0,37.0,3.0,3.5,1,True,0.42017961892217615,IND,0.5798203810778239,JAX,False,-0.10031881135259946,0.1552033366147948,59.0,-0.030683128008102432,-0.00039592637240288967,54.6,-0.06963568334449702,0.15559926298719767,4.399999999999999,0
2024_05_MIA_NE,2024,5,2024-10-06,MIA,NE,15.0,10.0,-5.0,-2.0,1,True,0.4985697058660991,MIA,0.5014302941339008,MIA,True,-0.2771433760566778,0.0004970835725210066,59.0,-0.21575286462852367,0.005832433988140031,59.8,-0.06139051142815416,-0.005335350415619024,-0.7999999999999972,1
2024_05_CLE_WAS,2024,5,2024-10-06,CLE,WAS,13.0,34.0,21.0,3.0,0,True,0.7489426408975215,WAS,0.7489426408975215,WAS,True,0.1817346020985276,0.20231894819761664,58.8,-0.19982971603897243,-0.0498290933382442,61.4,0.3815643181375,0.25214804153586085,-2.6000000000000014,0
2024_05_LV_DEN,2024,5,2024-10-06,LV,DEN,18.0,34.0,16.0,3.0,1,True,0.570341480901842,DEN,0.570341480901842,DEN,True,-0.1598762625649522,-0.14604723158427152,60.0,-0.12222871710682029,-0.012055306903416631,58.8,-0.0376475454581319,-0.13399192468085488,1.2000000000000028,0
2024_05_ARI_SF,2024,5,2024-10-06,ARI,SF,24.0,23.0,-1.0,7.0,1,True,0.6528682346972486,SF,0.6528682346972486,ARI,False,0.10345321458661845,-0.0695134683143241,63.4,0.06362875534629721,0.10641371733049103,60.4,0.03982445924032124,-0.17592718564481513,3.0,0
2024_05_GB_LA,2024,5,2024-10-06,GB,LA,24.0,19.0,-5.0,-3.0,0,True,0.3731681829721665,GB,0.6268318170278335,GB,True,0.007805100703123051,0.1786935167179905,60.2,0.08165328686074255,-0.09373202560523552,63.6,-0.0738481861576195,0.272425542323226,-3.3999999999999986,0
2024_05_NYG_SEA,2024,5,2024-10-06,NYG,SEA,29.0,20.0,-9.0,7.0,0,True,0.5692720515022183,SEA,0.5692720515022183,NYG,False,0.02727783558311888,0.001016519764749313,62.6,-0.03412824713615119,-0.027912023794836555,63.4,0.06140608271927007,0.028928543559585868,-0.7999999999999972,-4
2024_05_DAL_PIT,2024,5,2024-10-06,DAL,PIT,20.0,17.0,-3.0,2.5,0,True,0.5494428346836079,PIT,0.5494428346836079,DAL,False,-0.04313830428712744,-0.18646749550577496,63.0,0.05900915888077303,0.043685825953987976,63.0,-0.10214746316790047,-0.23015332145976294,0.0,-3
2024_05_NO_KC,2024,5,2024-10-07,NO,KC,13.0,26.0,13.0,5.5,0,True,0.3859136416011492,NO,0.6140863583988507,KC,False,-0.0016796739849287534,-0.08404872491972837,58.2,0.14604744841596515,-0.1810405958567936,61.2,-0.1477271224008939,0.09699187093706524,-3.0,0
2024_06_SF_SEA,2024,6,2024-10-10,SF,SEA,36.0,24.0,-12.0,-3.5,1,True,0.4652267948881127,SF,0.5347732051118873,SF,True,-0.014318490388351039,-0.04290106799446939,63.4,0.06364142966647013,-0.06490869245401351,64.6,-0.07795992005482116,0.02200762445954412,-1.1999999999999957,0
2024_06_JAX_CHI,2024,6,2024-10-13,JAX,CHI,16.0,35.0,19.0,-1.5,0,True,0.6594091277727786,CHI,0.6594091277727786,CHI,True,-0.09329764472723873,-0.1697635233523283,64.2,-0.032043793176332366,0.1813530299451444,57.2,-0.06125385155090636,-0.3511165532974727,7.0,0
2024_06_WAS_BAL,2024,6,2024-10-13,WAS,BAL,23.0,30.0,7.0,6.5,0,True,0.5278231668283487,BAL,0.5278231668283487,BAL,True,0.20547580603474697,0.0359926176729934,64.6,0.2585286931960502,0.06843083398136837,62.2,-0.05305288716130324,-0.03243821630837497,2.3999999999999915,0
2024_06_ARI_GB,2024,6,2024-10-13,ARI,GB,13.0,34.0,21.0,5.5,0,True,0.6306390785567251,GB,0.6306390785567251,GB,True,0.038232085766600164,-0.0940443603262074,63.2,0.041824458460504865,0.07554805467823239,57.8,-0.003592372693904701,-0.16959241500443978,5.400000000000006,0
2024_06_HOU_NE,2024,6,2024-10-13,HOU,NE,41.0,21.0,-20.0,-6.5,0,True,0.3862307161922332,HOU,0.6137692838077669,HOU,True,-0.18157305469478133,0.03190607069394354,58.2,-0.025742470068121748,-0.03628902824775744,66.4,-0.15583058462665958,0.06819509894170098,-8.200000000000003,0
2024_06_TB_NO,2024,6,2024-10-13,TB,NO,51.0,27.0,-24.0,-3.5,1,True,0.6255481604708912,NO,0.6255481604708912,TB,False,0.08501005332305175,-0.09157500037859168,58.2,0.034423471306934336,0.0604118660519964,56.8,0.05058658201611742,-0.15198686643058806,1.4000000000000057,-4
2024_06_CLE_PHI,2024,6,2024-10-13,CLE,PHI,16.0,20.0,4.0,8.0,0,True,0.6989731401111535,PHI,0.6989731401111535,PHI,True,-0.027973223374849164,0.08575560559496632,65.2,-0.21010814937889774,-0.035086346985104544,62.8,0.18213492600404857,0.12084195258007087,2.4000000000000057,7
2024_06_IND_TEN,2024,6,2024-10-13,IND,TEN,20.0,17.0,-3.0,2.5,1,True,0.5084785125908651,TEN,0.5084785125908651,IND,False,-0.1435628186602888,-0.12075269325648966,57.4,0.0227241781843183,0.031335963582809406,55.6,-0.1662869968446071,-0.15208865683929906,1.7999999999999972,6
2024_06_LAC_DEN,2024,6,2024-10-13,LAC,DEN,23.0,16.0,-7.0,-3.0,1,True,0.49246035867095184,LAC,0.5075396413290482,LAC,True,-0.13710120426479158,-0.21207671262089942,59.2,-0.11782610151202735,-0.18510244425850603,58.4,-0.019275102752764228,-0.02697426836239339,0.8000000000000043,-7
2024_06_PIT_LV,2024,6,2024-10-13,PIT,LV,32.0,13.0,-19.0,-3.5,0,True,0.3616107050479506,PIT,0.6383892949520493,PIT,True,-0.18825819814344819,0.010719751396743955,59.4,-0.020480620840281825,-0.10647373526770709,62.2,-0.16777757730316636,0.11719348666445105,-2.8000000000000043,0
2024_06_ATL_CAR,2024,6,2024-10-13,ATL,CAR,38.0,20.0,-18.0,-6.0,1,True,0.33771255543461104,ATL,0.662287444565389,ATL,True,-0.206089287763113,0.12312537297268919,59.4,-0.009457383788516743,0.07047713043334877,58.2,-0.19663190397459626,0.05264824253934042,1.1999999999999957,-3
2024_06_DET_DAL,2024,6,2024-10-13,DET,DAL,47.0,9.0,-38.0,-3.5,0,True,0.34506535169870345,DET,0.6549346483012966,DET,True,0.008893753225632118,0.1126654633072112,64.2,0.13593214266004555,-0.044600314858245796,62.6,-0.12703838943441342,0.157265778165457,1.6000000000000014,-6
2024_06_CIN_NYG,2024,6,2024-10-13,CIN,NYG,17.0,7.0,-10.0,-4.5,0,True,0.46254104313657013,CIN,0.5374589568634298,CIN,True,-0.0491945000725035,0.009430629280088653,64.2,0.13382956049093675,0.14359182896971268,59.6,-0.18302406056344026,-0.13416119968962403,4.600000000000001,0
2024_06_BUF_NYJ,2024,6,2024-10-14,BUF,NYJ,23.0,20.0,-3.0,-1.0,1,True,0.4228408977307913,BUF,0.5771591022692086,BUF,True,-0.07553336092582165,-0.19005111679032063,63.2,0.14973050064019522,-0.042221699258550474,54.8,-0.22526386156601685,-0.14782941753177015,8.400000000000006,0
2024_07_DEN_NO,2024,7,2024-10-17,DEN,NO,33.0,10.0,-23.0,-2.5,0,True,0.5017629493231505,NO,0.5017629493231505,DEN,False,-0.03833576940176497,0.04958030632287217,59.0,-0.08712722452575976,-0.1789904772566732,56.2,0.04879145512399479,0.22857078357954536,2.799999999999997,0
2024_07_NE_JAX,2024,7,2024-10-20,NE,JAX,16.0,32.0,16.0,6.5,0,True,0.6895845729092087,JAX,0.6895845729092087,JAX,True,-0.003760659309094186,0.2350879116861587,59.2,-0.24141678111645998,0.09081152366623377,58.6,0.23765612180736578,0.14427638801992493,0.6000000000000014,0
2024_07_SEA_ATL,2024,7,2024-10-20,SEA,ATL,34.0,14.0,-20.0,3.0,0,True,0.6330753586833257,ATL,0.6330753586833257,SEA,False,0.11676996038325631,0.07072778939745847,61.4,0.0043867908783151105,0.0874138301974971,66.2,0.11238316950494119,-0.016686040800038632,-4.800000000000004,-3
2024_07_TEN_BUF,2024,7,2024-10-20,TEN,BUF,10.0,34.0,24.0,9.5,0,True,0.7603464193691009,BUF,0.7603464193691009,BUF,True,0.16173034095395714,-0.017146940669845668,54.8,-0.1739746631661029,-0.12718118007478568,58.0,0.33570500412006005,0.11003423940494002,-3.200000000000003,-1
2024_07_CIN_CLE,2024,7,2024-10-20,CIN,CLE,21.0,14.0,-7.0,-5.5,1,True,0.3054801989038918,CIN,0.6945198010961082,CIN,True,-0.15983044994254308,0.02135779805019459,59.4,0.17630228298866837,0.11748454372416801,60.0,-0.3361327329312115,-0.09612674567397342,-0.6000000000000014,0
2024_07_HOU_GB,2024,7,2024-10-20,HOU,GB,22.0,24.0,2.0,3.0,0,True,0.6417273522574518,GB,0.6417273522574518,GB,True,0.05899327016082031,-0.13022548390122052,65.0,-0.030775900720668832,-0.10789013135054333,63.6,0.08976917088148914,-0.022335352550677187,1.3999999999999986,0
2024_07_MIA_IND,2024,7,2024-10-20,MIA,IND,10.0,16.0,6.0,3.0,0,True,0.685065377620982,IND,0.685065377620982,IND,True,-0.0066360117049914695,-0.0019998972011578756,60.0,-0.2381625253319636,-0.02530975269249437,65.4,0.23152651362697213,0.023309855491336493,-5.400000000000006,-7
2024_07_DET_MIN,2024,7,2024-10-20,DET,MIN,31.0,29.0,-2.0,1.0,1,True,0.4530044777903617,DET,0.5469955222096383,DET,True,-0.004224014319090075,-0.2220321452071427,57.0,0.18254159616814497,-0.15084722515432966,64.2,-0.18676561048723506,-0.07118492005281304,-7.200000000000003,7
2024_07_PHI_NYG,2024,7,2024-10-20,PHI,NYG,28.0,3.0,-25.0,-3.0,1,True,0.5203265353424689,NYG,0.5203265353424689,PHI,False,-0.005233198714642495,-0.014997522055456963,64.8,0.06270920713532102,0.06399278169517296,63.8,-0.06794240584996351,-0.07899030375062992,1.0,0
2024_07_LV_LA,2024,7,2024-10-20,LV,LA,15.0,20.0,5.0,7.0,0,True,0.6739927170834475,LA,0.6739927170834475,LA,True,-0.03173297052489683,0.15099474135168844,63.2,-0.17008480000912365,0.047844018264087185,59.8,0.13835182948422683,0.10315072308760126,3.4000000000000057,7
2024_07_CAR_WAS,2024,7,2024-10-20,CAR,WAS,7.0,40.0,33.0,10.0,0,True,0.8473975948377049,WAS,0.8473975948377049,WAS,True,0.25486594185038813,0.04899522810077373,62.2,-0.1287142237041597,0.1379117131893678,60.8,0.3835801655545478,-0.08891648508859407,1.4000000000000057,0
2024_07_KC_SF,2024,7,2024-10-20,KC,SF,28.0,18.0,-10.0,2.5,0,True,0.5825238797941759,SF,0.5825238797941759,KC,False,0.11162103321915798,-0.05230838726255599,63.0,0.056516165849173496,-0.05734419250671543,62.0,0.05510486736998448,0.00503580524415944,1.0,-3
2024_07_NYJ_PIT,2024,7,2024-10-20,NYJ,PIT,15.0,37.0,22.0,-3.0,0,True,0.5696389102890823,PIT,0.5696389102890823,PIT,True,0.01889325191266076,-0.08499100346146662,61.2,-0.027918918815640847,-0.15375423665954321,65.0,0.04681217072830161,0.06876323319807659,-3.799999999999997,1
2024_07_BAL_TB,2024,7,2024-10-21,BAL,TB,41.0,31.0,-10.0,-4.5,0,True,0.41078818161434005,BAL,0.58921181838566,BAL,True,0.025223077658431632,-0.04589602343880908,59.6,0.22318273267771663,0.014774686152556074,62.4,-0.197959655019285,-0.060670709591365155,-2.799999999999997,0
2024_07_LAC_ARI,2024,7,2024-10-21,LAC,ARI,15.0,17.0,2.0,-1.0,0,True,0.4946855849465737,LAC,0.5053144150534263,ARI,False,0.004253022497166919,0.088381825120761,56.8,-0.054072275567182373,-0.16860671665167795,56.8,0.058325298064349294,0.25698854177243896,0.0,0
2024_08_MIN_LA,2024,8,2024-10-24,MIN,LA,20.0,30.0,10.0,-3.0,0,True,0.4137172207559425,MIN,0.5862827792440575,LA,False,-0.09805376173982663,0.061738127105046094,58.4,-0.024670171181977486,-0.12439693535033973,57.6,-0.07338359055784915,0.18613506245538583,0.7999999999999972,0
2024_08_PHI_CIN,2024,8,2024-10-27,PHI,CIN,37.0,17.0,-20.0,2.5,0,True,0.522970320731293,CIN,0.522970320731293,PHI,False,0.12820534795508276,0.10347350033535599,57.8,0.08074047382306922,-0.05781950028371696,62.0,0.04746487413201354,0.16129300061907295,-4.200000000000003,0
2024_08_BAL_CLE,2024,8,2024-10-27,BAL,CLE,24.0,29.0,5.0,-7.5,1,True,0.19320270007539725,BAL,0.8067972999246027,CLE,False,-0.195232707245454,-0.010766629884387235,61.8,0.3197775369063313,0.07240399900575169,61.0,-0.5150102441517853,-0.08317062889013892,0.7999999999999972,1
2024_08_TEN_DET,2024,8,2024-10-27,TEN,DET,14.0,52.0,38.0,12.5,0,True,0.841133299733737,DET,0.841133299733737,DET,True,0.18757308468713166,-0.14895888673814056,62.8,-0.1658906749160624,-0.033476187848168554,59.0,0.3534637596031941,-0.11548269888997201,3.799999999999997,0
2024_08_IND_HOU,2024,8,2024-10-27,IND,HOU,20.0,23.0,3.0,5.0,1,True,0.5400557470667027,HOU,0.5400557470667027,HOU,True,-0.03596883213279216,-0.06080522652166458,63.2,-0.026417112936324122,-0.053030036397517966,61.6,-0.009551719196468036,-0.007775190124146611,1.6000000000000014,0
2024_08_GB_JAX,2024,8,2024-10-27,GB,JAX,30.0,27.0,-3.0,-3.5,0,True,0.3910780383059134,GB,0.6089219616940866,GB,True,0.0512260328002907,0.24539638417841103,60.4,0.04376678387452575,-0.14621559729619568,62.8,0.0074592489257649525,0.39161198147460674,-2.3999999999999986,0
2024_08_ARI_MIA,2024,8,2024-10-27,ARI,MIA,28.0,27.0,-1.0,4.0,0,True,0.45198069465599694,ARI,0.548019305344003,ARI,True,-0.294423750781299,-0.03463691466582185,65.8,-0.05793053320272505,0.15088385236188256,55.0,-0.23649321757857394,-0.18552076702770443,10.799999999999997,1
2024_08_NYJ_NE,2024,8,2024-10-27,NYJ,NE,22.0,25.0,3.0,-7.0,1,True,0.2756283504757526,NYJ,0.7243716495242474,NE,False,-0.23792762333801698,0.1345536885619914,56.4,-0.03970628442926075,-0.10451750278321773,65.2,-0.19822133890875623,0.23907119134520913,-8.800000000000004,0
2024_08_ATL_TB,2024,8,2024-10-27,ATL,TB,31.0,26.0,-5.0,-1.5,1,True,0.5445706316034574,TB,0.5445706316034574,ATL,False,0.06980099473351556,0.062424632454917604,66.2,0.06667465820301705,0.06949024655627277,64.0,0.0031263365304985136,-0.007065614101355165,2.200000000000003,-1
2024_08_NO_LAC,2024,8,2024-10-27,NO,LAC,8.0,26.0,18.0,7.0,0,True,0.7452623636200535,LAC,0.7452623636200535,LAC,True,-0.026469367404540027,-0.09445665041946236,59.0,-0.20190586427022472,0.10888683292146328,61.4,0.1754364968656847,-0.20334348334092564,-2.3999999999999986,-4
2024_08_BUF_SEA,2024,8,2024-10-27,BUF,SEA,31.0,10.0,-21.0,-3.0,0,True,0.4185590472101647,BUF,0.5814409527898353,BUF,True,0.022567198465111255,0.056372594277839694,64.6,0.15951272608426179,-0.008545965249698455,57.2,-0.13694552761915052,0.06491855952753815,7.3999999999999915,0
2024_08_CAR_DEN,2024,8,2024-10-27,CAR,DEN,14.0,28.0,14.0,13.0,0,True,0.7982480469093216,DEN,0.7982480469093216,DEN,True,-0.013568709671860153,-0.22618459389174733,56.8,-0.12539199243076463,0.16948676656880377,60.0,0.11182328275890448,-0.39567136046055107,-3.200000000000003,3
2024_08_KC_LV,2024,8,2024-10-27,KC,LV,27.0,20.0,-7.0,-9.0,1,True,0.3121978876722094,KC,0.6878021123277906,KC,True,-0.20513955510952236,-0.007531588892487129,63.0,0.019186234944750295,-0.10947053270401108,65.4,-0.22432579005427267,0.10193894381152395,-2.4000000000000057,0
2024_08_CHI_WAS,2024,8,2024-10-27,CHI,WAS,15.0,18.0,3.0,1.5,0,True,0.69768447353211,WAS,0.69768447353211,WAS,True,0.2774135357316214,-0.065572965134572,61.0,0.01503126520476022,-0.11824418962083667,65.4,0.2623822705268612,0.05267122448626467,-4.400000000000006,-7
2024_08_DAL_SF,2024,8,2024-10-27,DAL,SF,24.0,30.0,6.0,5.5,0,True,0.749918411104016,SF,0.749918411104016,SF,True,0.09052135811411408,-0.039514359413112835,61.0,-0.07809069545047212,0.2418214562500988,65.4,0.1686120535645862,-0.28133581566321164,-4.400000000000006,-7
2024_08_NYG_PIT,2024,8,2024-10-28,NYG,PIT,18.0,26.0,8.0,6.0,0,True,0.7107343172896937,PIT,0.7107343172896937,PIT,True,0.07434718636304542,-0.04102514248900561,62.8,-0.1103252037515633,-0.016987187632010507,65.0,0.18467239011460873,-0.0240379548569951,-2.200000000000003,0
2024_09_HOU_NYJ,2024,9,2024-10-31,HOU,NYJ,13.0,21.0,8.0,2.5,0,True,0.46265461278767556,HOU,0.5373453872123244,NYJ,False,-0.07095493534743585,-0.017203878765508867,62.8,-0.006101495473343122,-0.10110974976424084,64.4,-0.06485343987409273,0.08390587099873197,-1.6000000000000085,0
2024_09_DAL_ATL,2024,9,2024-11-03,DAL,ATL,21.0,27.0,6.0,3.0,0,True,0.7515241799492047,ATL,0.7515241799492047,ATL,True,0.138573465596154,0.06715318369431522,65.0,-0.04731398426249242,0.19986687041477852,64.0,0.18588744985864641,-0.1327136867204633,1.0,0
2024_09_DEN_BAL,2024,9,2024-11-03,DEN,BAL,10.0,41.0,31.0,9.0,0,True,0.6786995915041161,BAL,0.6786995915041161,BAL,True,0.264523387754874,0.09750989515562976,61.4,-0.023402209238852136,-0.18006655611214664,58.4,0.2879255969937261,0.2775764512677764,3.0,0
2024_09_MIA_BUF,2024,9,2024-11-03,MIA,BUF,27.0,30.0,3.0,6.5,1,True,0.7810007043531454,BUF,0.7810007043531454,BUF,True,0.13297391744986092,-0.0021631920582117327,58.6,-0.20250291200185583,-0.02505245305959323,63.6,0.33547682945171675,0.022889261001381497,-5.0,0
2024_09_NO_CAR,2024,9,2024-11-03,NO,CAR,22.0,23.0,1.0,-7.0,1,True,0.5029757963367857,CAR,0.5029757963367857,CAR,True,-0.19489574586127278,0.1931729082026043,58.2,-0.2012734464810723,0.10198579702353608,64.0,0.006377700619799503,0.09118711117906822,-5.799999999999997,0
2024_09_LV_CIN,2024,9,2024-11-03,LV,CIN,24.0,41.0,17.0,8.0,0,True,0.7202766723999852,CIN,0.7202766723999852,CIN,True,0.054249897563022176,0.06799305236610673,57.0,-0.20009780317761008,-0.012880374108783394,61.6,0.2543477007406323,0.08087342647489013,-4.600000000000001,0
2024_09_LAC_CLE,2024,9,2024-11-03,LAC,CLE,27.0,10.0,-17.0,-2.0,0,True,0.5064633802837295,CLE,0.5064633802837295,LAC,False,-0.09341439608122902,-0.00020114622576077878,62.6,-0.049158842144417084,-0.03619645362482432,59.2,-0.04425555393681194,0.03599530739906354,3.3999999999999986,0
2024_09_WAS_NYG,2024,9,2024-11-03,WAS,NYG,27.0,22.0,-5.0,-4.5,1,True,0.21304203628660065,WAS,0.7869579637133993,WAS,True,-0.11049775387252858,0.07529887239038452,65.4,0.18935666014297503,-0.16522480675559875,64.4,-0.2998544140155036,0.24052367914598327,1.0,-1
2024_09_NE_TEN,2024,9,2024-11-03,NE,TEN,17.0,20.0,3.0,3.0,0,True,0.5711437633924789,TEN,0.5711437633924789,TEN,True,-0.20606397527872602,-0.03556796397545177,61.2,-0.15061399932030814,0.10330503764381631,59.6,-0.055449975958417885,-0.13887300161926808,1.6000000000000014,0
2024_09_CHI_ARI,2024,9,2024-11-03,CHI,ARI,9.0,29.0,20.0,1.5,0,True,0.4328718802610064,CHI,0.5671281197389936,ARI,False,0.045478243419750805,0.1805028601994599,56.8,0.051876236419152996,-0.07329703668044771,64.4,-0.006397992999402191,0.2537998968799076,-7.6000000000000085,0
2024_09_JAX_PHI,2024,9,2024-11-03,JAX,PHI,23.0,28.0,5.0,7.5,0,True,0.6784226846411108,PHI,0.6784226846411108,PHI,True,0.12446417656052314,-0.08834710219854214,60.2,0.1121576634096069,0.17801319771636817,58.0,0.012306513150916243,-0.2663602999149103,2.200000000000003,0
2024_09_DET_GB,2024,9,2024-11-03,DET,GB,24.0,14.0,-10.0,-2.5,1,True,0.35838241399645404,DET,0.641617586003546,DET,True,0.04247398491066728,-0.060523186628227546,63.8,0.2065057016137712,-0.18704528746660526,55.8,-0.1640317167031039,0.12652210083837773,8.0,0
2024_09_LA_SEA,2024,9,2024-11-03,LA,SEA,26.0,20.0,-6.0,-1.5,1,True,0.43224010577875077,LA,0.5677598942212492,LA,True,-0.01880462697861448,0.20525565630189266,62.2,-0.008146185975758146,0.013969794221032266,60.6,-0.010658441002856333,0.1912858620808604,1.6000000000000014,-3
2024_09_IND_MIN,2024,9,2024-11-03,IND,MIN,13.0,21.0,8.0,6.5,0,True,0.5960161093460802,MIN,0.5960161093460802,MIN,True,0.005370159396040039,-0.07220097041845801,57.2,-0.002340852491113296,-0.026599418498564953,63.6,0.0077110118871533346,-0.045601551919893055,-6.399999999999999,3
2024_09_TB_KC,2024,9,2024-11-04,TB,KC,24.0,30.0,6.0,9.0,0,True,0.574441813975707,KC,0.574441813975707,KC,True,0.07113320315996545,-0.13021490448330905,66.2,0.16261086798011884,0.0975138855344293,69.0,-0.09147766482015339,-0.22772879001773835,-2.799999999999997,0
2024_10_CIN_BAL,2024,10,2024-11-07,CIN,BAL,34.0,35.0,1.0,6.0,1,True,0.7120692872899771,BAL,0.7120692872899771,BAL,True,0.2889047384722489,0.09246947141279065,61.2,0.03853884366245982,0.010345689952915538,58.4,0.2503658948097891,0.0821237814598751,2.8000000000000043,0
2024_10_NYG_CAR,2024,10,2024-11-10,NYG,CAR,17.0,20.0,3.0,-6.5,0,True,0.4073528475391121,NYG,0.5926471524608878,CAR,False,-0.19720395073667582,0.18539290083267054,54.2,-0.08050794152173366,0.0960318786252327,64.8,-0.11669600921494216,0.08936102220743784,-10.599999999999994,0
2024_10_NE_CHI,2024,10,2024-11-10,NE,CHI,19.0,3.0,-16.0,6.5,0,True,0.7033904880979238,CHI,0.7033904880979238,NE,False,0.04657619180362938,-0.04457849484428465,61.4,-0.07313005470148684,0.07882450144214478,60.0,0.11970624650511622,-0.12340299628642944,1.3999999999999986,0
2024_10_BUF_IND,2024,10,2024-11-10,BUF,IND,30.0,20.0,-10.0,-4.5,0,True,0.33089911960770374,BUF,0.6691008803922962,BUF,True,-0.09031254457102186,-0.02321467368403049,60.6,0.19336237273937393,0.0002165905828700465,59.0,-0.2836749173103958,-0.023431264266900537,1.6000000000000014,0
2024_10_MIN_JAX,2024,10,2024-11-10,MIN,JAX,12.0,7.0,-5.0,-7.0,0,True,0.5372049967875152,JAX,0.5372049967875152,MIN,False,0.07912596303595357,0.15040665622563382,57.0,-0.024811010811511325,-0.09369285404256346,59.4,0.10393697384746489,0.24409951026819726,-2.3999999999999986,0
2024_10_DEN_KC,2024,10,2024-11-10,DEN,KC,14.0,16.0,2.0,7.5,1,True,0.6236399891590892,KC,0.6236399891590892,KC,True,0.0793063296333715,-0.07240409052567962,69.0,0.0014178012437847053,-0.03998947603649272,61.0,0.07788852838958679,-0.032414614489186894,8.0,-1
2024_10_ATL_NO,2024,10,2024-11-10,ATL,NO,17.0,20.0,3.0,-3.5,1,True,0.25121807839011434,ATL,0.7487819216098857,NO,False,-0.1876524032770238,0.09647555754112536,65.0,0.1564328318788772,0.05384713500086945,65.6,-0.34408523515590095,0.04262842254025591,-0.5999999999999943,0
2024_10_SF_TB,2024,10,2024-11-10,SF,TB,23.0,20.0,-3.0,-6.5,0,True,0.4676021020437367,SF,0.5323978979562634,SF,True,0.15876876132887002,0.13875271943852452,64.8,0.10075464503310591,-0.0670231093778665,60.6,0.05801411629576411,0.205775828816391,4.199999999999996,-8
2024_10_PIT_WAS,2024,10,2024-11-10,PIT,WAS,28.0,27.0,-1.0,1.5,0,True,0.6566228394533656,WAS,0.6566228394533656,PIT,False,0.16853501728034828,-0.12698099484049097,62.2,0.06483553301916381,0.000610327569800348,62.4,0.10369948426118447,-0.1275913224102913,-0.19999999999999574,-6
2024_10_TEN_LAC,2024,10,2024-11-10,TEN,LAC,17.0,27.0,10.0,8.0,0,True,0.667596064337187,LAC,0.667596064337187,LAC,True,-0.009923762754497925,-0.11667567193136777,61.0,-0.1303911988987562,-0.07652155852518512,65.2,0.12046743614425827,-0.04015411340618265,-4.200000000000003,0
2024_10_NYJ_ARI,2024,10,2024-11-10,NYJ,ARI,6.0,31.0,25.0,-2.0,0,True,0.5675958583601148,ARI,0.5675958583601148,ARI,True,0.04882153790536629,0.0517502353208071,56.6,-0.004479536895968819,0.0247168662800638,59.6,0.053301074801335106,0.027033369040743303,-3.0,-3
2024_10_PHI_DAL,2024,10,2024-11-10,PHI,DAL,34.0,6.0,-28.0,-7.5,1,True,0.3072685060181301,PHI,0.6927314939818698,PHI,True,-0.049826390249445324,0.14697451821747995,64.4,0.12176595866304887,-0.08357588316933243,61.8,-0.1715923489124942,0.23055040138681238,2.6000000000000085,0
2024_10_DET_HOU,2024,10,2024-11-10,DET,HOU,26.0,23.0,-3.0,-4.5,0,True,0.335020757262673,DET,0.664979242737327,DET,True,-0.0525551359014638,-0.08890568183735834,65.6,0.22287673049495313,-0.14250625053278484,53.0,-0.2754318663964169,0.05360056869542651,12.599999999999994,3
2024_10_MIA_LA,2024,10,2024-11-11,MIA,LA,23.0,15.0,-8.0,2.5,0,True,0.6067986849076421,LA,0.6067986849076421,MIA,False,-0.037604749589952725,-0.07579985429178013,63.2,-0.05527332334800693,0.009140277657361482,64.2,0.017668573758054203,-0.08494013194914161,-1.0,0
2024_11_WAS_PHI,2024,11,2024-11-14,WAS,PHI,18.0,26.0,8.0,4.5,1,True,0.6296796342149974,PHI,0.6296796342149974,PHI,True,0.12491087996184798,-0.26704621820811314,63.6,0.12434386838431821,-0.0703734322785822,61.0,0.0005670115775297663,-0.19667278592953094,2.6000000000000014,0
2024_11_GB_CHI,2024,11,2024-11-17,GB,CHI,20.0,19.0,-1.0,-6.0,1,True,0.40422409689311434,GB,0.5957759031068857,GB,True,-0.05044847320399539,-0.051195249786572625,62.8,0.06414746917071065,-0.041885710515461624,61.4,-0.11459594237470605,-0.009309539271111,1.3999999999999986,-7
2024_11_JAX_DET,2024,11,2024-11-17,JAX,DET,6.0,52.0,46.0,14.0,0,True,0.7845726493365072,DET,0.7845726493365072,DET,True,0.10766914790404514,-0.2050488276591303,56.0,-0.04440753463739502,0.09832112021057082,54.2,0.15207668254144016,-0.3033699478697011,1.7999999999999972,0
2024_11_LV_MIA,2024,11,2024-11-17,LV,MIA,19.0,34.0,15.0,8.0,0,True,0.7115409650679729,MIA,0.7115409650679729,MIA,True,0.009351389827283707,-0.015005254299240146,63.6,-0.22513826573140272,0.0284284641341488,62.8,0.23448965555868642,-0.043433718433388946,0.8000000000000043,-8
2024_11_LA_NE,2024,11,2024-11-17,LA,NE,28.0,22.0,-6.0,-4.0,0,True,0.5358079642530758,NE,0.5358079642530758,LA,False,-0.05580858405663769,0.01320252228508988,61.2,-0.0939703911318194,-0.11659147855723698,65.0,0.038161807075181714,0.12979400084232687,-3.799999999999997,1
2024_11_CLE_NO,2024,11,2024-11-17,CLE,NO,14.0,35.0,21.0,-1.0,0,True,0.4525307478854359,CLE,0.5474692521145641,NO,False,-0.16694119318783293,0.0817646217860208,65.0,-0.12398311717282326,0.037966933120731426,66.4,-0.04295807601500967,0.043797688665289373,-1.4000000000000057,-7
2024_11_IND_NYJ,2024,11,2024-11-17,IND,NYJ,28.0,27.0,-1.0,4.0,0,True,0.6419485920296368,NYJ,0.6419485920296368,IND,False,0.031191056204614775,0.15506712135296166,56.4,-0.19193968707051118,-0.07493752338909486,59.2,0.22313074327512594,0.2300046447420565,-2.8000000000000043,0
2024_11_BAL_PIT,2024,11,2024-11-17,BAL,PIT,16.0,18.0,2.0,-3.0,1,True,0.3861270283487335,BAL,0.6138729716512665,PIT,False,0.07210794017610037,-0.04940968578523218,63.4,0.29522508311636353,0.05910476887364611,57.6,-0.22311714294026316,-0.1085144546588783,5.799999999999997,-3
2024_11_MIN_TEN,2024,11,2024-11-17,MIN,TEN,23.0,13.0,-10.0,-6.0,0,True,0.4310828876801742,MIN,0.5689171123198258,MIN,True,-0.08240561211276633,0.052663468184298436,63.2,-0.032211379895203895,-0.13668999655691333,63.2,-0.05019423221756243,0.18935346474121176,0.0,0
2024_11_ATL_DEN,2024,11,2024-11-17,ATL,DEN,6.0,38.0,32.0,2.0,0,True,0.4565920367277616,ATL,0.5434079632722384,DEN,False,0.0021703483649446074,0.0004179776123811545,61.2,0.12473933763454186,0.01997270092131636,64.4,-0.12256898926959725,-0.019554723308935203,-3.200000000000003,0
2024_11_SEA_SF,2024,11,2024-11-17,SEA,SF,20.0,17.0,-3.0,6.0,1,True,0.703010988447271,SF,0.703010988447271,SEA,False,0.12206735350025852,0.01705354629457437,60.6,-0.08573768328157248,0.10816925209654733,61.0,0.207805036781831,-0.09111570580197297,-0.3999999999999986,-7
2024_11_KC_BUF,2024,11,2024-11-17,KC,BUF,21.0,30.0,9.0,2.5,0,True,0.6418524589149887,BUF,0.6418524589149887,BUF,True,0.20037198240471285,-0.03844206378606252,61.0,0.09754929188517887,-0.015031810406878543,71.0,0.10282269051953398,-0.023410253379183975,-10.0,0
2024_11_CIN_LAC,2024,11,2024-11-17,CIN,LAC,27.0,34.0,7.0,1.0,0,True,0.6338861442379062,LAC,0.6338861442379062,LAC,True,0.07330194621008325,-0.07569935192507274,61.4,0.005174141123315279,0.01666603459703019,60.4,0.06812780508676797,-0.09236538652210292,1.0,-3
2024_11_HOU_DAL,2024,11,2024-11-18,HOU,DAL,34.0,10.0,-24.0,-7.5,0,True,0.32615774591497637,HOU,0.6738422540850236,HOU,True,-0.23312891174413944,0.1459392889180082,65.6,-0.08627783098739077,-0.1095597684377138,65.2,-0.1468510807567487,0.255499057355722,0.3999999999999915,0
2024_12_PIT_CLE,2024,12,2024-11-21,PIT,CLE,19.0,24.0,5.0,-3.5,1,True,0.40923781925178726,PIT,0.5907621807482127,CLE,False,-0.05680216420370443,0.0833288912387501,68.8,0.012878033666905708,-0.09324564793115124,66.4,-0.06968019787061014,0.17657453916990135,2.3999999999999915,0
2024_12_KC_CAR,2024,12,2024-11-24,KC,CAR,30.0,27.0,-3.0,-11.0,0,True,0.34896118239800256,KC,0.6510388176019974,KC,True,-0.14864790078415657,0.11772404243991383,54.2,0.09168670354212742,0.0258756639079059,66.0,-0.240334604326284,0.09184837853200793,-11.799999999999997,7
2024_12_MIN_CHI,2024,12,2024-11-24,MIN,CHI,30.0,27.0,-3.0,-3.0,1,True,0.42022006914250287,MIN,0.5797799308574971,MIN,True,-0.05323859133991106,0.05409715828912738,63.2,0.012421008194462757,-0.0980917513833242,63.6,-0.06565959953437382,0.15218890967245158,-0.3999999999999986,0
2024_12_TEN_HOU,2024,12,2024-11-24,TEN,HOU,32.0,27.0,-5.0,8.0,1,True,0.6396680523068797,HOU,0.6396680523068797,TEN,False,-0.07062587105208236,-0.10940556020348942,65.0,-0.10574019629863599,0.06093337717212146,63.2,0.035114325246553627,-0.17033893737561087,1.7999999999999972,-1
2024_12_DET_IND,2024,12,2024-11-24,DET,IND,24.0,6.0,-18.0,-7.0,0,True,0.2695884569716269,DET,0.7304115430283731,DET,True,-0.16928902064058188,-0.08995293368494844,59.8,0.1466903495323602,-0.17021373843657267,58.0,-0.3159793701729421,0.08026080475162423,1.7999999999999972,0
2024_12_NE_MIA,2024,12,2024-11-24,NE,MIA,15.0,34.0,19.0,7.5,1,True,0.6155219669021563,MIA,0.6155219669021563,MIA,True,0.08700056319726589,0.01717963874156521,61.0,0.025827681913768486,0.07081505095143614,63.0,0.061172881283497405,-0.053635412209870933,-2.0,0
2024_12_TB_NYG,2024,12,2024-11-24,TB,NYG,30.0,7.0,-23.0,-6.5,0,True,0.379817902517613,TB,0.6201820974823871,TB,True,-0.10790558568247925,0.11167816278255172,65.0,0.11297848101940466,0.14033399364367868,66.4,-0.22088406670188393,-0.02865583086112697,-1.4000000000000057,0
2024_12_DAL_WAS,2024,12,2024-11-24,DAL,WAS,34.0,26.0,-8.0,10.5,1,True,0.8866722740894287,WAS,0.8866722740894287,DAL,False,0.08039129569812928,-0.06401170882397152,62.6,-0.31683335850216443,0.17562192963388534,66.4,0.39722465420029374,-0.23963363845785685,-3.8000000000000043,4
2024_12_DEN_LV,2024,12,2024-11-24,DEN,LV,29.0,19.0,-10.0,-6.5,1,True,0.2720146369056916,DEN,0.7279853630943084,DEN,True,-0.16951626407509773,0.07751223835176504,62.2,0.0898509137746297,-0.07147235457158765,62.4,-0.2593671778497274,0.1489845929233527,-0.19999999999999574,0
2024_12_SF_GB,2024,12,2024-11-24,SF,GB,10.0,38.0,28.0,6.5,0,True,0.5133691685772315,GB,0.5133691685772315,GB,True,0.11368643857815289,0.01762494179553792,58.8,0.15101310120565353,-0.0069692386981158195,59.4,-0.037326662627500645,0.024594180493653736,-0.6000000000000014,0
2024_12_ARI_SEA,2024,12,2024-11-24,ARI,SEA,6.0,16.0,10.0,-1.0,1,True,0.3237688163957367,ARI,0.6762311836042634,SEA,False,-0.06596115338555333,0.12615963910587066,61.2,0.09911196136457037,0.028655063277394532,56.6,-0.1650731147501237,0.09750457582847613,4.600000000000001,-7
2024_12_PHI_LA,2024,12,2024-11-24,PHI,LA,37.0,20.0,-17.0,-3.0,0,True,0.34594834212883363,PHI,0.6540516578711664,PHI,True,0.006185827400242106,-0.09993783629650525,59.2,0.13085424440383558,-0.28644029939808985,65.8,-0.12466841700359348,0.18650246310158458,-6.599999999999994,-3
2024_12_BAL_LAC,2024,12,2024-11-25,BAL,LAC,30.0,23.0,-7.0,-3.0,0,True,0.42423153226527094,BAL,0.575768467734729,BAL,True,0.0655953176300595,-0.042816908554571716,59.4,0.24018740670345498,-0.011503605298077303,55.8,-0.17459208907339546,-0.03131330325649441,3.6000000000000014,0
2024_13_CHI_DET,2024,13,2024-11-28,CHI,DET,20.0,23.0,3.0,9.5,1,True,0.818940605722983,DET,0.818940605722983,DET,True,0.15121869544145608,-0.2093785414994862,61.4,-0.09973209116611513,0.06973241136728695,66.4,0.2509507866075712,-0.2791109528667731,-5.000000000000007,0
2024_13_NYG_DAL,2024,13,2024-11-28,NYG,DAL,20.0,27.0,7.0,4.5,1,True,0.4988391595012506,NYG,0.5011608404987494,DAL,False,-0.21870604051318693,0.09499909549696332,65.6,-0.13094381745013345,0.15748276253043744,61.8,-0.08776222306305348,-0.06248366703347412,3.799999999999997,0
2024_13_MIA_GB,2024,13,2024-11-28,MIA,GB,17.0,30.0,13.0,3.5,0,True,0.5313441446089564,GB,0.5313441446089564,GB,True,0.0814762066686107,-0.04160366193160947,58.6,0.13888104463813797,0.01675324768703415,60.2,-0.057404837969527264,-0.05835690961864362,-1.6000000000000014,0
2024_13_LV_KC,2024,13,2024-11-29,LV,KC,17.0,19.0,2.0,13.5,1,True,0.764951211095946,KC,0.764951211095946,KC,True,0.14376909041946334,0.10048742841716991,66.4,-0.1631384579004269,0.06590116316201425,64.6,0.3069075483198902,0.034586265255155665,1.8000000000000114,0
2024_13_LAC_ATL,2024,13,2024-12-01,LAC,ATL,17.0,13.0,-4.0,-1.0,0,True,0.5330148743390853,ATL,0.5330148743390853,LAC,False,0.014007243342719744,0.11512002567450488,62.4,0.057213319539171595,0.01503292627952867,58.8,-0.04320607619645185,0.10008709939497622,3.6000000000000014,8
2024_13_PIT_CIN,2024,13,2024-12-01,PIT,CIN,44.0,38.0,-6.0,3.0,1,True,0.554093934287976,CIN,0.554093934287976,PIT,False,0.019132304657987525,0.05355512291404202,66.0,-0.01387967169979622,-0.043406264340104486,67.8,0.033011976357783746,0.0969613872541465,-1.7999999999999972,4
2024_13_HOU_JAX,2024,13,2024-12-01,HOU,JAX,23.0,20.0,-3.0,-3.5,1,True,0.4294526901623341,HOU,0.5705473098376659,HOU,True,-0.1174362973217794,0.15357589100668054,51.6,-0.08089564044053557,-0.11303661194725305,64.2,-0.03654065688124383,0.26661250295393357,-12.600000000000001,7
2024_13_ARI_MIN,2024,13,2024-12-01,ARI,MIN,22.0,23.0,1.0,3.5,0,True,0.5359247780787919,MIN,0.5359247780787919,MIN,True,0.016081875239212208,-0.11222247265740712,66.0,0.08707498737414457,-0.04168784317669797,56.8,-0.07099311213493237,-0.07053462948070915,9.200000000000003,0
2024_13_IND_NE,2024,13,2024-12-01,IND,NE,25.0,24.0,-1.0,-2.5,0,True,0.6579429997129284,NE,0.6579429997129284,IND,False,-0.02829484350800716,0.02306085126373199,64.6,-0.1588691418295196,-0.007791259137624007,57.4,0.13057429832151246,0.030852110401356,7.199999999999996,0
2024_13_SEA_NYJ,2024,13,2024-12-01,SEA,NYJ,26.0,21.0,-5.0,1.0,0,True,0.6102876854800685,NYJ,0.6102876854800685,SEA,False,-0.026753016614280756,0.10231840777301915,55.0,-0.08178104046314075,0.021118794812476527,58.6,0.05502802384885999,0.08119961296054262,-3.6000000000000014,7
2024_13_TEN_WAS,2024,13,2024-12-01,TEN,WAS,19.0,42.0,23.0,6.0,0,True,0.6216055750161215,WAS,0.6216055750161215,WAS,True,0.020706362893360926,0.019741174944884896,63.8,-0.08026921508143602,-0.02839092427495473,62.8,0.10097557797479695,0.04813209921983963,1.0,0
2024_13_TB_CAR,2024,13,2024-12-01,TB,CAR,26.0,23.0,-3.0,-6.5,1,True,0.37598278598228724,TB,0.6240172140177127,TB,True,-0.09032437270473928,0.11820740513691204,53.6,0.12139387730411204,0.17199044581263095,64.2,-0.2117182500088513,-0.053783040675718916,-10.600000000000001,0
2024_13_LA_NO,2024,13,2024-12-01,LA,NO,21.0,14.0,-7.0,-2.5,0,True,0.5310241411386094,NO,0.5310241411386094,LA,False,-0.022498110842900144,0.04373593969495082,63.0,0.06012377775987423,0.03617355276257467,61.2,-0.08262188860277438,0.007562386932376153,1.7999999999999972,7
2024_13_PHI_BAL,2024,13,2024-12-01,PHI,BAL,24.0,19.0,-5.0,3.0,0,True,0.5017346513770957,BAL,0.5017346513770957,PHI,False,0.21079356319605608,-0.03457472431905423,56.8,0.16955634376731113,-0.2047238631477705,66.2,0.04123721942874495,0.17014913882871627,-9.400000000000006,-1
2024_13_SF_BUF,2024,13,2024-12-01,SF,BUF,10.0,35.0,25.0,6.5,0,True,0.7571190027370486,BUF,0.7571190027370486,BUF,True,0.16492202803748693,-0.05258778260384889,63.4,-0.0012193728244621505,0.015343548768847129,56.4,0.1661414008619491,-0.06793133137269601,7.0,7
2024_13_CLE_DEN,2024,13,2024-12-02,CLE,DEN,32.0,41.0,9.0,6.5,0,True,0.6683107564797344,DEN,0.6683107564797344,DEN,True,0.07271971153963654,-0.0425692207944494,63.6,-0.051661876685626204,0.04173101023783941,69.6,0.12438158822526274,-0.08430023103228881,-5.999999999999993,-3
2024_14_GB_DET,2024,14,2024-12-05,GB,DET,31.0,34.0,3.0,3.0,1,True,0.6380606861448775,DET,0.6380606861448775,DET,True,0.16097127504874828,-0.15314702643428058,65.8,0.13931993750215987,0.010521261119468075,58.0,0.021651337546588406,-0.16366828755374865,7.799999999999997,0
2024_14_NYJ_MIA,2024,14,2024-12-08,NYJ,MIA,26.0,32.0,6.0,6.5,1,True,0.7415002277961922,MIA,0.7415002277961922,MIA,True,0.11730214180716256,0.003226365469756953,60.8,-0.07612752230875533,0.06779708087123522,56.2,0.1934296641159179,-0.06457071540147827,4.599999999999994,3
2024_14_ATL_MIN,2024,14,2024-12-08,ATL,MIN,21.0,42.0,21.0,6.0,0,True,0.6299638553604272,MIN,0.6299638553604272,MIN,True,-0.01868102102042874,-0.14221406258078395,66.2,-0.013792739607446858,0.03524446905782913,63.8,-0.004888281412981883,-0.17745853163861308,2.4000000000000057,0
2024_14_NO_NYG,2024,14,2024-12-08,NO,NYG,14.0,11.0,-3.0,-5.5,0,True,0.44072383980578,NO,0.55927616019422,NO,True,-0.09131397579566672,0.09988461112165338,62.8,0.037474142056290065,0.04415738364906594,63.8,-0.1287881178519568,0.05572722747258744,-1.0,3
2024_14_CAR_PHI,2024,14,2024-12-08,CAR,PHI,16.0,22.0,6.0,14.0,0,True,0.7465176084907488,PHI,0.7465176084907488,PHI,True,0.11098093124860957,-0.20489022341755064,64.8,0.004892727793437655,0.05818185298521311,58.8,0.10608820345517192,-0.26307207640276375,6.0,0
2024_14_CLE_PIT,2024,14,2024-12-08,CLE,PIT,14.0,27.0,13.0,6.0,1,True,0.6380459449200205,PIT,0.6380459449200205,PIT,True,0.010018474283676354,-0.03884729686042872,67.4,-0.03296114238594023,0.09443822314716552,71.2,0.04297961666961658,-0.13328552000759425,-3.799999999999997,1
2024_14_LV_TB,2024,14,2024-12-08,LV,TB,13.0,28.0,15.0,7.0,0,True,0.6968958053826659,TB,0.6968958053826659,TB,True,0.09063080635221,0.07798246083650677,63.6,-0.07935160234276759,0.11482426884901664,62.0,0.1699824086949776,-0.03684180801250987,1.6000000000000014,-2
2024_14_JAX_TEN,2024,14,2024-12-08,JAX,TEN,10.0,6.0,-4.0,3.0,1,True,0.6873627458643866,TEN,0.6873627458643866,JAX,False,-0.04249761185751601,0.025033933607106006,58.8,-0.1488204353465031,0.1534687610643713,53.4,0.1063228234889871,-0.12843482745726528,5.399999999999999,0
2024_14_SEA_ARI,2024,14,2024-12-08,SEA,ARI,30.0,18.0,-12.0,3.0,1,True,0.7207199181399951,ARI,0.7207199181399951,SEA,False,0.08720016399328548,-0.06474673464003163,61.4,-0.10760028092290515,-0.01315911637652022,58.6,0.19480044491619064,-0.05158761826351141,2.799999999999997,0
2024_14_BUF_LA,2024,14,2024-12-08,BUF,LA,42.0,44.0,2.0,-3.5,0,True,0.404987297049981,BUF,0.595012702950019,LA,False,0.04818115894098573,0.00322858714552826,59.2,0.19015713952022503,-0.05726486978045444,63.2,-0.1419759805792393,0.0604934569259827,-4.0,0
2024_14_CHI_SF,2024,14,2024-12-08,CHI,SF,13.0,38.0,25.0,3.0,0,True,0.5724213262422461,SF,0.5724213262422461,SF,True,-0.014644921434091851,0.08015297477271544,54.2,-0.07569931937384393,0.06951184344666808,66.0,0.06105439793975208,0.010641131326047354,-11.799999999999997,-3
2024_14_LAC_KC,2024,14,2024-12-08,LAC,KC,17.0,19.0,2.0,5.0,1,True,0.6005004560429658,KC,0.6005004560429658,KC,True,0.10012433217321401,0.12774338550853154,66.6,0.0003834398354328972,0.007339840323518576,55.0,0.0997408923377811,0.12040354518501296,11.599999999999994,2
2024_14_CIN_DAL,2024,14,2024-12-09,CIN,DAL,27.0,20.0,-7.0,-5.0,0,True,0.38072235474430033,CIN,0.6192776452556996,CIN,True,-0.24340151958920378,-0.0009897951157278374,67.2,0.05795671581766322,0.13971620499708004,67.4,-0.301358235406867,-0.14070600011280787,-0.20000000000000284,3
2024_15_LA_SF,2024,15,2024-12-12,LA,SF,12.0,6.0,-6.0,3.0,1,True,0.49463621606320846,LA,0.5053637839367915,LA,True,0.016460645862766708,0.052805608498608735,53.6,0.11085267272299335,0.142444286656356,60.0,-0.09439202686022663,-0.08963867815774726,-6.399999999999999,0
2024_15_DAL_CAR,2024,15,2024-12-15,DAL,CAR,30.0,14.0,-16.0,2.5,0,True,0.7489352645530584,CAR,0.7489352645530584,DAL,False,0.03783276100088924,0.07958392285298202,60.4,-0.2454219107394103,0.008531536440527806,64.2,0.28325467174029956,0.07105238641245422,-3.8000000000000043,1
2024_15_KC_CLE,2024,15,2024-12-15,KC,CLE,21.0,7.0,-14.0,-4.5,0,True,0.4454553141137254,KC,0.5545446858862746,KC,True,-0.09174486480641082,0.053915885795344974,71.6,0.07535472883255234,0.1071893602200306,62.6,-0.16709959363896315,-0.05327347442468563,8.999999999999993,0
2024_15_MIA_HOU,2024,15,2024-12-15,MIA,HOU,12.0,20.0,8.0,2.5,0,True,0.5113672443335344,HOU,0.5113672443335344,HOU,True,-0.05234221951785541,-0.07769154142217687,62.2,0.10261168344157631,0.016452752677401667,62.2,-0.15495390295943173,-0.09414429409957853,0.0,7
2024_15_NYJ_JAX,2024,15,2024-12-15,NYJ,JAX,32.0,25.0,-7.0,-3.5,0,True,0.4656048918844543,NYJ,0.5343951081155457,NYJ,True,-0.15490828918374874,0.09982119182029252,53.6,-0.049679059259043194,0.10683980717600158,57.2,-0.10522922992470554,-0.007018615355709065,-3.6000000000000014,0
2024_15_WAS_NO,2024,15,2024-12-15,WAS,NO,20.0,19.0,-1.0,-7.5,0,True,0.5091262250236482,NO,0.5091262250236482,WAS,False,0.06094068650255815,0.017954513662237815,63.2,0.06415807324751059,0.02531403489587053,64.6,-0.0032173867449524426,-0.007359521233632715,-1.3999999999999915,-7
2024_15_BAL_NYG,2024,15,2024-12-15,BAL,NYG,35.0,14.0,-21.0,-16.5,0,True,0.22370990504732008,BAL,0.7762900949526799,BAL,True,-0.12663508295407608,0.06668035826502486,64.0,0.19100379559297098,-0.051904529149203106,59.0,-0.3176388785470471,0.11858488741422796,5.0,-7
2024_15_CIN_TEN,2024,15,2024-12-15,CIN,TEN,37.0,27.0,-10.0,-6.0,0,True,0.41770374148791656,CIN,0.5822962585120834,CIN,True,-0.07645166661388196,0.04893299515602074,56.6,0.08946325166138248,0.06883190402148981,68.6,-0.16591491827526444,-0.01989890886546907,-11.999999999999993,1
2024_15_NE_ARI,2024,15,2024-12-15,NE,ARI,17.0,30.0,13.0,6.0,0,True,0.5617046352349871,ARI,0.5617046352349871,ARI,True,0.018021237367876027,-0.07226977536950878,61.6,0.001294362803487703,0.021104764589472757,65.0,0.016726874564388323,-0.09337453995898154,-3.3999999999999986,-7
2024_15_IND_DEN,2024,15,2024-12-15,IND,DEN,13.0,31.0,18.0,4.5,0,True,0.7381016047153419,DEN,0.7381016047153419,DEN,True,0.07942997149278672,-0.025671529884578707,61.2,-0.12224166648546213,0.0430627057647376,56.8,0.20167163797824883,-0.0687342356493163,4.400000000000006,-1
2024_15_BUF_DET,2024,15,2024-12-15,BUF,DET,48.0,42.0,-6.0,2.5,0,True,0.5988598721986574,DET,0.5988598721986574,BUF,False,0.14790316559929995,-0.12362932861796697,70.6,0.21689870208489745,0.042162119309068845,60.8,-0.0689955364855975,-0.16579144792703582,9.799999999999997,3
2024_15_TB_LAC,2024,15,2024-12-15,TB,LAC,40.0,17.0,-23.0,3.0,0,True,0.446640732967835,TB,0.553359267032165,TB,True,0.011439594389341529,0.06479863373189734,55.6,0.09788636137319585,-0.0036621260248181687,61.4,-0.08644676698385433,0.0684607597567155,-5.799999999999997,0
2024_15_PIT_PHI,2024,15,2024-12-15,PIT,PHI,13.0,27.0,14.0,5.5,0,True,0.7148183269419609,PHI,0.7148183269419609,PHI,True,0.13567345025003336,-0.1653593871632474,61.4,-0.027876655778165293,-0.07998794164945655,67.2,0.16355010602819864,-0.08537144551379086,-5.800000000000004,0
2024_15_GB_SEA,2024,15,2024-12-15,GB,SEA,30.0,13.0,-17.0,-3.0,0,True,0.4351003848357118,GB,0.5648996151642882,GB,True,-0.03424839262246447,-0.08937744676470387,61.6,0.14377286969468595,0.01053124432571272,54.0,-0.17802126231715043,-0.09990869109041658,7.600000000000001,-3
2024_15_CHI_MIN,2024,15,2024-12-16,CHI,MIN,12.0,30.0,18.0,7.0,1,True,0.7414988083472325,MIN,0.7414988083472325,MIN,True,0.0812622799890583,-0.05699015605481851,62.8,-0.06102643299027999,0.164812124983113,62.8,0.1422887129793383,-0.22180228103793154,0.0,0
2024_15_ATL_LV,2024,15,2024-12-16,ATL,LV,15.0,9.0,-6.0,-6.5,0,True,0.5123996030357886,LV,0.5123996030357886,ATL,False,-0.09742904685570057,0.10461669112279319,64.0,-0.04580906696008241,0.1092096426622307,66.0,-0.05161997989561816,-0.0045929515394375064,-2.0,0
2024_16_DEN_LAC,2024,16,2024-12-19,DEN,LAC,27.0,34.0,7.0,3.0,1,True,0.2947903981626784,DEN,0.7052096018373216,LAC,False,-0.1029490097880971,0.08630259387930103,54.2,0.04871932155398286,-0.19919474490135994,59.4,-0.15166833134207997,0.28549733878066097,-5.199999999999996,0
2024_16_HOU_KC,2024,16,2024-12-21,HOU,KC,19.0,27.0,8.0,3.5,0,True,0.6460224267124749,KC,0.6460224267124749,KC,True,0.059224393901209836,-0.011825491434571256,64.2,-0.10028088114020002,-0.13054375522245037,56.6,0.15950527504140985,0.11871826378787911,7.600000000000001,0
2024_16_PIT_BAL,2024,16,2024-12-21,PIT,BAL,17.0,34.0,17.0,7.0,1,True,0.7707519301896691,BAL,0.7707519301896691,BAL,True,0.19654134117958835,-0.06537946766816441,60.0,-0.07890999754146767,-0.012956673084218467,61.0,0.27545133872105604,-0.05242279458394594,-1.0,0
2024_16_NYG_ATL,2024,16,2024-12-22,NYG,ATL,7.0,34.0,27.0,9.5,0,True,0.6375355465138973,ATL,0.6375355465138973,ATL,True,-0.10957597373234326,0.057535850460967916,66.6,-0.1932760614654499,0.09301709568760524,63.6,0.08370008773310664,-0.03548124522663733,2.999999999999993,-1
2024_16_ARI_CAR,2024,16,2024-12-22,ARI,CAR,30.0,36.0,6.0,-5.5,0,True,0.4240215749078621,ARI,0.5759784250921379,CAR,False,-0.026376883203132688,0.09469280067681715,60.6,0.06864030429187437,-0.01773027756071788,62.8,-0.09501718749500707,0.11242307823753503,-2.1999999999999957,0
2024_16_DET_CHI,2024,16,2024-12-22,DET,CHI,34.0,17.0,-17.0,-7.0,1,True,0.26734489245873905,DET,0.732655107541261,DET,True,-0.02268972483948626,0.17024793477772998,63.6,0.22311232685273455,0.017670064554745644,73.0,-0.2458020516922208,0.15257787022298433,-9.399999999999999,-1
2024_16_CLE_CIN,2024,16,2024-12-22,CLE,CIN,6.0,24.0,18.0,10.0,1,True,0.714914325451067,CIN,0.714914325451067,CIN,True,0.11072431942897028,0.10267317209742184,67.4,-0.1420347880546866,0.03213226376858427,68.2,0.2527591074836569,0.07054090832883758,-0.7999999999999972,0
2024_16_TEN_IND,2024,16,2024-12-22,TEN,IND,30.0,38.0,8.0,4.0,1,True,0.5502813688952237,IND,0.5502813688952237,IND,True,-0.14740614988117642,-0.011394538381059093,61.6,-0.12289901109730421,0.04749326500602877,59.2,-0.024507138783872215,-0.058887803387087864,2.3999999999999986,0
2024_16_LA_NYJ,2024,16,2024-12-22,LA,NYJ,19.0,9.0,-10.0,-3.0,0,True,0.41562943218265835,LA,0.5843705678173416,LA,True,0.020307096312618723,0.14580942579473946,57.2,0.1404873483695479,0.10959611452900848,59.6,-0.12018025205692918,0.03621331126573098,-2.3999999999999986,-3
2024_16_PHI_WAS,2024,16,2024-12-22,PHI,WAS,33.0,36.0,3.0,-4.0,1,True,0.3756116426622086,PHI,0.6243883573377914,WAS,False,0.01616858483605207,-0.013185827001452146,68.0,0.18543620059988145,-0.07920328583459624,63.4,-0.16926761576382937,0.0660174588331441,4.600000000000001,0
2024_16_MIN_SEA,2024,16,2024-12-22,MIN,SEA,27.0,24.0,-3.0,-2.5,0,True,0.45651674643900675,MIN,0.5434832535609933,MIN,True,-0.05242272200905116,-0.07034671840794242,58.2,0.08840536255355995,-0.031213598820912736,61.0,-0.14082808456261112,-0.03913311958702968,-2.799999999999997,1
2024_16_NE_BUF,2024,16,2024-12-22,NE,BUF,21.0,24.0,3.0,14.0,1,True,0.7473459796614256,BUF,0.7473459796614256,BUF,True,0.2796169967725729,0.03259193540947455,62.4,0.027956954879895503,0.05559580807488851,62.0,0.2516600418926774,-0.02300387266541396,0.3999999999999986,0
2024_16_JAX_LV,2024,16,2024-12-22,JAX,LV,14.0,19.0,5.0,2.5,0,True,0.6134222418869185,LV,0.6134222418869185,LV,True,-0.09346913099317994,0.04492879422280534,65.0,-0.09528001910029912,0.17553736529039207,58.8,0.0018108881071191851,-0.13060857106758672,6.200000000000003,-1
2024_16_SF_MIA,2024,16,2024-12-22,SF,MIA,17.0,29.0,12.0,-2.0,0,True,0.7035562381666021,MIA,0.7035562381666021,MIA,True,0.08341276312374786,0.0022030116989512406,64.2,-0.08854975901859297,0.044833122107244654,52.4,0.1719625221423408,-0.04263011040829341,11.800000000000004,-3
2024_16_TB_DAL,2024,16,2024-12-22,TB,DAL,24.0,26.0,2.0,-4.5,0,True,0.39051775676749334,TB,0.6094822432325067,DAL,False,-0.06294272630946003,-0.0472256284655729,66.6,0.10486021233725944,-0.10570076969919102,64.4,-0.16780293864671947,0.058475141233618126,2.1999999999999886,0
2024_16_NO_GB,2024,16,2024-12-23,NO,GB,0.0,34.0,34.0,14.0,0,True,0.7120358012755528,GB,0.7120358012755528,GB,True,0.16040110136520666,-0.08267705663536573,53.6,0.017791744534091433,0.03385188879769594,58.4,0.14260935683111522,-0.11652894543306166,-4.799999999999997,0
2024_17_KC_PIT,2024,17,2024-12-25,KC,PIT,29.0,10.0,-19.0,-3.0,0,True,0.411002145278386,KC,0.5889978547216139,KC,True,-0.06455708545995176,0.043864575814912696,58.4,0.0654877839864634,-0.014314618868584237,67.4,-0.13004486944641516,0.05817919468349693,-9.000000000000007,0
2024_17_BAL_HOU,2024,17,2024-12-25,BAL,HOU,31.0,2.0,-29.0,-5.5,0,True,0.3600920275360718,BAL,0.6399079724639283,BAL,True,-0.03648670270906177,-0.0770186152979309,55.2,0.16775163560415965,-0.12105266988937653,60.2,-0.2042383383132214,0.04403405459144563,-5.0,0
2024_17_SEA_CHI,2024,17,2024-12-26,SEA,CHI,6.0,3.0,-3.0,-3.5,0,True,0.43695239664984414,SEA,0.5630476033501559,SEA,True,-0.059937064786331,0.18160420612083356,61.6,-0.0454764360313467,-0.07192796458161435,58.4,-0.0144606287549843,0.25353217070244793,3.200000000000003,0
2024_17_LAC_NE,2024,17,2024-12-28,LAC,NE,40.0,7.0,-33.0,-6.0,0,True,0.6065055735073767,NE,0.6065055735073767,LAC,False,0.021921375452452284,0.14280680413079486,63.6,-0.06858383086348006,0.10436078042235206,53.8,0.09050520631593234,0.0384460237084428,9.800000000000004,-3
2024_17_DEN_CIN,2024,17,2024-12-28,DEN,CIN,24.0,30.0,6.0,3.5,0,True,0.5137464965195713,CIN,0.5137464965195713,CIN,True,0.11365347257517384,-0.01780888329212422,63.2,0.07285135461147517,-0.1560728638343984,61.0,0.040802117963698675,0.13826398054227418,2.200000000000003,-3
2024_17_ARI_LA,2024,17,2024-12-28,ARI,LA,9.0,13.0,4.0,6.5,1,True,0.5764727431476034,LA,0.5764727431476034,LA,True,0.08123767016569175,0.08265391272680458,59.4,0.026302927054012982,0.06300535684229928,64.4,0.05493474311167877,0.0196485558845053,-5.000000000000007,0
2024_17_NYJ_BUF,2024,17,2024-12-29,NYJ,BUF,14.0,40.0,26.0,10.0,1,True,0.7357108024032764,BUF,0.7357108024032764,BUF,True,0.28245719394330704,0.07780523523634235,60.2,0.04522671836840536,0.09228269557541023,58.8,0.23723047557490168,-0.014477460339067882,1.4000000000000057,0
2024_17_TEN_JAX,2024,17,2024-12-29,TEN,JAX,13.0,20.0,7.0,-1.0,1,True,0.5284565961459127,JAX,0.5284565961459127,JAX,True,-0.06979919980952844,0.16175248153165528,62.4,-0.07993490408020056,0.10184984404400863,59.8,0.010135704270672119,0.059902637487646654,2.6000000000000014,0
2024_17_LV_NO,2024,17,2024-12-29,LV,NO,25.0,10.0,-15.0,-2.0,0,True,0.5467450907973724,NO,0.5467450907973724,LV,False,-0.052871918487756145,0.07189136518029042,58.8,-0.12382470991775765,-0.06030138809657311,65.4,0.07095279143000151,0.13219275327686353,-6.6000000000000085,-1
2024_17_IND_NYG,2024,17,2024-12-29,IND,NYG,33.0,45.0,12.0,-7.5,0,True,0.3384917349734584,IND,0.6615082650265416,NYG,False,-0.25430752320817657,0.11242604453589182,60.4,-0.05350982234986257,-0.0009499056815091417,61.8,-0.200797700858314,0.11337595021740096,-1.3999999999999986,0
2024_17_DAL_PHI,2024,17,2024-12-29,DAL,PHI,7.0,41.0,34.0,7.5,1,True,0.6680847855604046,PHI,0.6680847855604046,PHI,True,0.15048650166407093,-0.06899090656043401,63.8,0.0008060738311056581,-0.06932089612349482,61.4,0.14968042783296528,0.00032998956306080907,2.3999999999999986,0
2024_17_CAR_TB,2024,17,2024-12-29,CAR,TB,14.0,48.0,34.0,9.5,1,True,0.7488877844085879,TB,0.7488877844085879,TB,True,0.13267778471674085,-0.15104380443838375,66.8,0.026347958318364163,0.15215678193233184,61.8,0.1063298263983767,-0.30320058637071556,5.0,0
2024_17_MIA_CLE,2024,17,2024-12-29,MIA,CLE,20.0,3.0,-17.0,-3.0,0,True,0.34476115560984694,MIA,0.6552388443901531,MIA,True,-0.20415009552360336,-0.007318787153996878,66.6,0.05350296019349647,-0.001652618683509083,64.2,-0.25765305571709984,-0.0056661684704877955,2.3999999999999915,0
2024_17_GB_MIN,2024,17,2024-12-29,GB,MIN,25.0,27.0,2.0,-1.0,1,True,0.4290669764401403,GB,0.5709330235598598,MIN,False,0.11812865603981211,0.004946073704006629,59.6,0.15989025929517775,-0.19265271597468026,58.4,-0.04176160325536564,0.19759878967868688,1.2000000000000028,1
2024_17_ATL_WAS,2024,17,2024-12-29,ATL,WAS,24.0,30.0,6.0,3.5,0,True,0.6635937634915103,WAS,0.6635937634915103,WAS,True,0.030183554238284782,-0.0034069422164638733,69.0,-0.10835306455461405,-0.029062355221132853,64.6,0.13853661879289883,0.02565541300466898,4.400000000000006,0
2024_17_DET_SF,2024,17,2024-12-30,DET,SF,40.0,34.0,-6.0,-4.0,0,True,0.3205280476952789,DET,0.6794719523047211,DET,True,-0.09713737590404412,0.077129760589197,52.8,0.173962292289648,0.09484357177288008,71.0,-0.27109966819369213,-0.01771381118368308,-18.200000000000003,0
2024_18_CLE_BAL,2024,18,2025-01-04,CLE,BAL,10.0,35.0,25.0,19.5,1,True,0.9095736086373883,BAL,0.9095736086373883,BAL,True,0.25116996300369676,-0.15386841637556756,61.6,-0.27818905831300633,-0.019576237168104436,70.4,0.5293590213167031,-0.1342921792074631,-8.800000000000004,4
2024_18_CIN_PIT,2024,18,2025-01-04,CIN,PIT,19.0,17.0,-2.0,-2.5,1,True,0.346974927538685,CIN,0.653025072461315,CIN,True,-0.07940110549689275,0.1058256042237212,59.4,0.12140874674847904,0.007124242830631044,64.2,-0.2008098522453718,0.09870136139309016,-4.800000000000004,3
2024_18_CAR_ATL,2024,18,2025-01-05,CAR,ATL,44.0,38.0,-6.0,7.5,1,True,0.6470605739622883,ATL,0.6470605739622883,CAR,False,-0.04039627710139306,-0.06020074087577498,65.6,-0.0328322812037579,0.18660100189738507,59.2,-0.0075639958976351646,-0.24680174277316005,6.3999999999999915,0
2024_18_WAS_DAL,2024,18,2025-01-05,WAS,DAL,23.0,19.0,-4.0,-7.0,1,True,0.398239417424523,WAS,0.601760582575477,WAS,True,-0.048956561768050674,-0.009196104542792927,61.2,0.0979735094871693,-0.030430421587891644,71.4,-0.14693007125521998,0.02123431704509872,-10.200000000000003,0
2024_18_CHI_GB,2024,18,2025-01-05,CHI,GB,24.0,22.0,-2.0,10.0,1,True,0.7883457849892526,GB,0.7883457849892526,CHI,False,0.12894681407574343,-0.09002258495217913,56.6,-0.1136949087306331,0.13311530670034694,58.4,0.24264172280637653,-0.22313789165252607,-1.7999999999999972,-3
2024_18_JAX_IND,2024,18,2025-01-05,JAX,IND,23.0,26.0,3.0,3.5,1,True,0.4526154244876764,JAX,0.5473845755123237,IND,False,-0.04848998424186378,0.09461311930100096,62.8,0.03520732495886892,0.05540579009079949,64.2,-0.0836973092007327,0.039207329210201466,-1.4000000000000057,0
2024_18_BUF_NE,2024,18,2025-01-05,BUF,NE,16.0,23.0,7.0,-3.0,1,True,0.20076198793317687,BUF,0.7992380120668231,NE,False,-0.1088613408267628,0.12029925020584083,58.8,0.2948104079451591,0.012383341657292496,58.4,-0.4036717487719219,0.10791590854854834,0.3999999999999986,1
2024_18_NYG_PHI,2024,18,2025-01-05,NYG,PHI,13.0,20.0,7.0,3.0,1,True,0.8090600715833374,PHI,0.8090600715833374,PHI,True,0.1367615205343157,-0.1261932828394782,62.4,-0.12842143955870905,0.06862648451125786,59.2,0.2651829600930248,-0.19481976735073606,3.1999999999999957,0
2024_18_NO_TB,2024,18,2025-01-05,NO,TB,19.0,27.0,8.0,14.5,1,True,0.8533942408072767,TB,0.8533942408072767,TB,True,0.17106830978377702,-0.12108338644074809,68.6,-0.17118307326356055,0.08632580142120908,58.2,0.3422513830473376,-0.20740918786195717,10.399999999999991,0
2024_18_HOU_TEN,2024,18,2025-01-05,HOU,TEN,23.0,14.0,-9.0,2.5,1,True,0.5551873064178112,TEN,0.5551873064178112,HOU,False,-0.053203318700898804,0.177916683520683,59.8,-0.15821499642032463,0.04626819671371214,54.0,0.10501167771942582,0.13164848680697083,5.799999999999997,-4
2024_18_SF_ARI,2024,18,2025-01-05,SF,ARI,24.0,47.0,23.0,4.5,1,True,0.5990911633569707,ARI,0.5990911633569707,ARI,True,0.061417005748432785,0.06991545112935521,68.0,0.05581076093969802,0.12923021143319374,55.4,0.005606244808734763,-0.05931476030383853,12.600000000000001,2
2024_18_KC_DEN,2024,18,2025-01-05,KC,DEN,0.0,38.0,38.0,10.5,1,True,0.48279932028809763,KC,0.5172006797119024,DEN,False,0.0317473466253675,-0.0728948739874693,61.0,0.0720602209237879,-0.07511665856281155,65.6,-0.040312874298420405,0.0022217845753422505,-4.599999999999994,-3
2024_18_SEA_LA,2024,18,2025-01-05,SEA,LA,30.0,25.0,-5.0,-7.5,1,True,0.6153964871686459,LA,0.6153964871686459,SEA,False,0.07866188812144591,0.012816527804561714,58.0,-0.06654741280429526,-0.0766883524767876,56.6,0.14520930092574116,0.08950488028134931,1.3999999999999986,-2
2024_18_LAC_LV,2024,18,2025-01-05,LAC,LV,34.0,20.0,-14.0,-7.0,1,True,0.5257052148774657,LV,0.5257052148774657,LAC,False,-0.06093048826673937,-0.12415518073581944,65.2,-0.011874943461441101,-0.07104148063393863,57.2,-0.04905554480529827,-0.05311370010188081,8.0,-1
2024_18_MIA_NYJ,2024,18,2025-01-05,MIA,NYJ,20.0,32.0,12.0,1.5,1,True,0.4635216392793532,MIA,0.5364783607206468,NYJ,False,0.02360317879046466,0.12193466878997886,60.2,0.03346885497262061,-0.03530018963867885,62.6,-0.009865676182155947,0.1572348584286577,-2.3999999999999986,0
2024_18_MIN_DET,2024,18,2025-01-05,MIN,DET,9.0,31.0,22.0,3.0,1,True,0.5416797841575987,DET,0.5416797841575987,DET,True,0.22038803899204532,0.19215868179386772,70.2,0.12230009013189577,-0.01301300847384831,60.0,0.09808794886014954,0.20517169026771603,10.200000000000003,-1
2025_01_DAL_PHI,2025,1,2025-09-04,DAL,PHI,20.0,24.0,4.0,8.5,1,True,0.7417201146745417,PHI,0.7417201146745417,PHI,True,0.11966749138512012,-0.14958929413926675,65.4,-0.029416962021186672,0.053914978266876926,63.0,0.1490844534063068,-0.20350427240614366,2.4000000000000057,0
2025_01_KC_LAC,2025,1,2025-09-05,KC,LAC,21.0,27.0,6.0,-3.0,1,True,0.6537703760126342,LAC,0.6537703760126342,LAC,True,0.10281543894244707,-0.04397358415196494,62.6,-0.00910145370422838,-0.008682433771818288,59.2,0.11191689264667545,-0.03529115038014665,3.3999999999999986,0
2025_01_TB_ATL,2025,1,2025-09-07,TB,ATL,23.0,20.0,-3.0,-1.5,1,True,0.3272543053622513,TB,0.6727456946377487,TB,True,0.0656195430334037,0.0795113040973853,65.6,0.22216257318700866,-0.12108260164395215,66.0,-0.15654303015360496,0.20059390574133745,-0.4000000000000057,0
2025_01_CIN_CLE,2025,1,2025-09-07,CIN,CLE,17.0,16.0,-1.0,-5.5,1,True,0.16646315191194042,CIN,0.8335368480880596,CIN,True,-0.35661342176837707,-0.0018374970532137713,64.2,0.11573291627809865,-0.08305469469025387,66.8,-0.47234633804647574,0.08121719763704009,-2.5999999999999943,0
2025_01_MIA_IND,2025,1,2025-09-07,MIA,IND,8.0,33.0,25.0,1.5,0,True,0.4961464172511339,MIA,0.5038535827488662,IND,False,-0.017687785691786546,0.06996636401930204,68.6,-0.009147367289182603,-0.06547299819410012,62.8,-0.008540418402603943,0.13543936221340214,5.799999999999997,0
2025_01_CAR_JAX,2025,1,2025-09-07,CAR,JAX,10.0,26.0,16.0,4.5,0,True,0.629207331348156,JAX,0.629207331348156,JAX,True,0.024471701120641863,0.04303886302700364,63.6,0.04921248273043225,0.25124302646685515,58.4,-0.024740781609790388,-0.20820416343985151,5.200000000000003,0
2025_01_LV_NE,2025,1,2025-09-07,LV,NE,20.0,13.0,-7.0,2.5,0,True,0.5099794078055656,NE,0.5099794078055656,LV,False,-0.06282197726876301,0.10643596643489035,57.8,-0.09710224590605945,-0.05809275864883899,62.2,0.03428026863729644,0.16452872508372934,-4.400000000000006,0
2025_01_ARI_NO,2025,1,2025-09-07,ARI,NO,20.0,13.0,-7.0,-6.0,0,True,0.32035856971719373,ARI,0.6796414302828062,ARI,True,-0.15941685230022118,0.10588318509856934,57.0,0.10382801203115959,0.08492723181055825,65.4,-0.2632448643313808,0.020955953288011087,-8.400000000000006,0
2025_01_PIT_NYJ,2025,1,2025-09-07,PIT,NYJ,34.0,32.0,-2.0,-3.0,0,True,0.756462397754884,NYJ,0.756462397754884,PIT,False,0.08966325490852319,0.09950734364574779,60.4,-0.16958004301777765,0.10014977375334085,58.2,0.25924329792630085,-0.0006424301075930589,2.1999999999999957,0
2025_01_NYG_WAS,2025,1,2025-09-07,NYG,WAS,6.0,21.0,15.0,6.0,1,True,0.7699636877407641,WAS,0.7699636877407641,WAS,True,0.12123132767224068,-0.028134889194196367,68.8,-0.10647727820035584,0.08883484808219523,58.2,0.2277086058725965,-0.1169697372763916,10.599999999999994,0
2025_01_TEN_DEN,2025,1,2025-09-07,TEN,DEN,12.0,20.0,8.0,8.5,0,True,0.7823438995844977,DEN,0.7823438995844977,DEN,True,0.10606319643556468,-0.12026131404895261,62.2,-0.06982159066164703,0.13198053857835346,61.8,0.17588478709721173,-0.2522418526273061,0.4000000000000057,0
2025_01_SF_SEA,2025,1,2025-09-07,SF,SEA,17.0,13.0,-4.0,-2.5,1,True,0.4891252908292868,SF,0.5108747091707132,SF,True,-0.015343900761733332,-0.01783711436682007,56.0,0.10707929028117583,0.10978804824388937,60.4,-0.12242319104290916,-0.12762516261070944,-4.399999999999999,0
2025_01_DET_GB,2025,1,2025-09-07,DET,GB,13.0,27.0,14.0,1.5,1,True,0.5257262782158281,GB,0.5257262782158281,GB,True,0.06557116970012214,-0.14108856566693811,58.4,0.20856021791126822,0.12637106661814124,69.6,-0.14298904821114608,-0.26745963228507935,-11.199999999999996,0
2025_01_HOU_LA,2025,1,2025-09-07,HOU,LA,9.0,14.0,5.0,3.5,0,True,0.6732927753764659,LA,0.6732927753764659,LA,True,0.05812452270138515,0.07217451113160828,60.6,-0.10028957726753898,0.028613902833227227,54.6,0.15841409996892414,0.04356060829838105,6.0,0
2025_01_BAL_BUF,2025,1,2025-09-07,BAL,BUF,40.0,41.0,1.0,-1.5,0,True,0.41305347361696865,BAL,0.5869465263830314,BUF,False,0.21222030464737465,0.06849845097825229,60.8,0.21766068740188876,-0.2460381461744004,63.0,-0.0054403827545141115,0.3145365971526527,-2.200000000000003,0
2025_01_MIN_CHI,2025,1,2025-09-08,MIN,CHI,27.0,24.0,-3.0,-1.5,1,True,0.3135663391010894,MIN,0.6864336608989106,MIN,True,-0.14591480005582036,0.09714987221010199,57.8,0.0678276846112489,-0.017357787192061932,62.2,-0.21374248466706924,0.11450765940216392,-4.400000000000006,0
2025_02_WAS_GB,2025,2,2025-09-11,WAS,GB,18.0,27.0,9.0,3.5,0,True,0.5791683812835586,GB,0.5791683812835586,GB,True,0.0791210816056324,-0.16580295648254345,58.8,0.0998995343506692,-0.05604974809649307,66.0,-0.0207784527450368,-0.10975320838605038,-7.200000000000003,0
2025_02_CLE_BAL,2025,2,2025-09-14,CLE,BAL,17.0,41.0,24.0,12.5,1,True,0.9361042159494255,BAL,0.9361042159494255,BAL,True,0.29515323823589185,-0.20805302639833362,58.8,-0.3344121269801512,-0.00252574572193662,64.6,0.6295653652160431,-0.205527280676397,-5.799999999999997,0
2025_02_JAX_CIN,2025,2,2025-09-14,JAX,CIN,27.0,31.0,4.0,3.5,0,True,0.6163204510444213,CIN,0.6163204510444213,CIN,True,0.06263920174714091,-0.08999842903546104,64.0,0.04880230394536204,0.023487760069976726,64.2,0.013836897801778873,-0.11348618910543777,-0.20000000000000284,0
2025_02_NYG_DAL,2025,2,2025-09-14,NYG,DAL,37.0,40.0,3.0,4.5,1,True,0.6921296131506023,DAL,0.6921296131506023,DAL,True,-0.0190646454908611,0.0546849224698157,62.2,-0.12807993477593688,0.14236044918238747,55.8,0.10901528928507578,-0.08767552671257177,6.400000000000006,3
2025_02_CHI_DET,2025,2,2025-09-14,CHI,DET,21.0,52.0,31.0,6.0,1,True,0.7372747054605561,DET,0.7372747054605561,DET,True,0.18384582709566283,0.13992097852365148,67.2,-0.1292509582422549,-0.019628864943564705,59.8,0.31309678533791774,0.15954984346721618,7.400000000000006,1
2025_02_NE_MIA,2025,2,2025-09-14,NE,MIA,33.0,27.0,-6.0,1.5,1,True,0.6215971679062731,MIA,0.6215971679062731,NE,False,-0.10693535748447672,-0.05905028326679881,59.0,-0.1130067871564151,0.11128294281542561,58.2,0.006071429671938383,-0.17033322608222443,0.7999999999999972,0
2025_02_SF_NO,2025,2,2025-09-14,SF,NO,26.0,21.0,-5.0,-3.0,0,True,0.35996099222127315,SF,0.6400390077787268,SF,True,-0.15135314602775302,0.14130320276656733,57.4,0.04816651183988131,0.08765189544281253,62.4,-0.19951965786763431,0.053651307323754796,-5.0,0
2025_02_BUF_NYJ,2025,2,2025-09-14,BUF,NYJ,30.0,10.0,-20.0,-6.0,1,True,0.46646333113286564,BUF,0.5335366688671344,BUF,True,0.08556734121563363,0.08715129195334219,60.6,0.16970894901465572,0.08851120869901762,65.4,-0.08414160779902209,-0.0013599167456754269,-4.800000000000004,0
2025_02_SEA_PIT,2025,2,2025-09-14,SEA,PIT,31.0,17.0,-14.0,3.5,0,True,0.4785741137857288,SEA,0.5214258862142712,SEA,True,-0.11442753722833758,0.17498651841802543,56.8,-0.09947401918040093,0.018102803362576546,53.6,-0.014953518047936654,0.15688371505544887,3.1999999999999957,0
2025_02_LA_TEN,2025,2,2025-09-14,LA,TEN,33.0,19.0,-14.0,-5.5,0,True,0.40215559802616185,LA,0.5978444019738381,LA,True,-0.12015567804109664,0.09623861438413792,60.4,-0.006680768803737869,-0.04381254048855687,57.2,-0.11347490923735877,0.1400511548726948,3.1999999999999957,0
2025_02_CAR_ARI,2025,2,2025-09-14,CAR,ARI,22.0,27.0,5.0,7.0,0,True,0.7467435225530105,ARI,0.7467435225530105,ARI,True,0.12607706728352466,0.04554455321534891,65.0,-0.005872048333985108,0.25325860324208477,56.8,0.13194911561750977,-0.20771405002673587,8.200000000000003,0
2025_02_DEN_IND,2025,2,2025-09-14,DEN,IND,28.0,29.0,1.0,-2.5,0,True,0.44947092870994493,DEN,0.550529071290055,IND,False,0.017139478959486133,-0.018368106182720563,71.0,0.06269805610647737,-0.1900864872382118,64.2,-0.04555857714699124,0.17171838105549125,6.799999999999997,0
2025_02_PHI_KC,2025,2,2025-09-14,PHI,KC,20.0,17.0,-3.0,-1.5,0,True,0.3837311220898777,PHI,0.6162688779101223,PHI,True,0.030645230165028958,0.03797729645922406,58.2,0.12328149804776949,-0.14634225994561273,66.0,-0.09263626788274053,0.1843195564048368,-7.799999999999997,-1
2025_02_ATL_MIN,2025,2,2025-09-14,ATL,MIN,22.0,6.0,-16.0,3.5,0,True,0.47408784506017293,ATL,0.5259121549398271,ATL,True,-0.059075143659532536,-0.05161640775182015,61.8,0.05666088151491851,0.010793862321035274,65.4,-0.11573602517445104,-0.06241027007285543,-3.6000000000000085,-1
2025_02_TB_HOU,2025,2,2025-09-15,TB,HOU,20.0,19.0,-1.0,2.5,0,True,0.22916006419370835,TB,0.7708399358062916,TB,True,-0.14143707061428842,0.0041316115922550075,54.4,0.22015474999407436,-0.08041300365374796,65.2,-0.3615918206083628,0.08454461524600296,-10.800000000000004,0
2025_02_LAC_LV,2025,2,2025-09-15,LAC,LV,20.0,9.0,-11.0,-3.5,1,True,0.4025825604068609,LAC,0.5974174395931391,LAC,True,-0.04452100142865455,-0.0961238585817594,61.6,0.1494751691734894,-0.004226900282707602,63.0,-0.19399617060214397,-0.0918969582990518,-1.3999999999999986,-2
2025_03_MIA_BUF,2025,3,2025-09-18,MIA,BUF,21.0,31.0,10.0,12.5,1,True,0.7042134784116432,BUF,0.7042134784116432,BUF,True,0.11328257670646895,-0.022097316594710037,65.4,-0.029620121430473406,0.07273659782952663,57.0,0.14290269813694234,-0.09483391442423666,8.400000000000006,0
2025_03_ATL_CAR,2025,3,2025-09-21,ATL,CAR,0.0,30.0,30.0,-5.5,1,True,0.3934640299190882,ATL,0.6065359700809119,CAR,False,0.056256205871989054,0.2379011992669414,62.4,0.09290672912450054,-0.026300981073873974,66.4,-0.03665052325251149,0.2642021803408154,-4.000000000000007,0
2025_03_GB_CLE,2025,3,2025-09-21,GB,CLE,10.0,13.0,3.0,-8.5,0,True,0.19354974454085833,GB,0.8064502554591417,CLE,False,-0.2825537962259188,0.03794111529854195,67.2,0.09783968646697043,-0.13038234152578948,58.8,-0.38039348269288925,0.16832345682433142,8.400000000000006,-3
2025_03_HOU_JAX,2025,3,2025-09-21,HOU,JAX,10.0,17.0,7.0,1.5,1,True,0.7172821356410842,JAX,0.7172821356410842,JAX,True,0.04348389625312323,-0.05744511543203372,62.6,-0.09151315130870023,0.07439745641232379,54.4,0.13499704756182346,-0.1318425718443575,8.200000000000003,1
2025_03_CIN_MIN,2025,3,2025-09-21,CIN,MIN,10.0,48.0,38.0,3.0,0,True,0.38346033241591193,CIN,0.6165396675840881,MIN,False,-0.15555226140287956,-0.015302608834238635,56.8,0.022225191915036482,-0.04834207172423709,64.4,-0.17777745331791606,0.033039462889998455,-7.6000000000000085,0
2025_03_PIT_NE,2025,3,2025-09-21,PIT,NE,21.0,14.0,-7.0,-1.5,0,True,0.6075556266572437,NE,0.6075556266572437,PIT,False,-0.053146690099246996,0.10853922698099672,59.0,-0.09423339711131924,0.15009835658131349,60.4,0.041086707012072246,-0.04155912960031677,-1.3999999999999986,0
2025_03_LA_PHI,2025,3,2025-09-21,LA,PHI,26.0,33.0,7.0,3.5,0,True,0.6100538473262721,PHI,0.6100538473262721,PHI,True,0.08271408646682137,-0.11783764702663238,62.4,0.08111739181506113,-0.01156676193114709,55.6,0.0015966946517602387,-0.1062708850954853,6.799999999999997,0
2025_03_NYJ_TB,2025,3,2025-09-21,NYJ,TB,27.0,29.0,2.0,6.5,0,True,0.7902378825333812,TB,0.7902378825333812,TB,True,0.2021993396035926,-0.019523278680637617,66.4,-0.052997410001456455,0.10280174018350932,59.2,0.25519674960504907,-0.12232501886414694,7.200000000000003,-1
2025_03_IND_TEN,2025,3,2025-09-21,IND,TEN,41.0,20.0,-21.0,-6.0,1,True,0.30214987770248897,IND,0.6978501222975111,IND,True,-0.12182910187293047,0.1259381232680174,60.4,0.1375724322257934,0.08287107120116224,70.0,-0.2594015340987239,0.043067052066855155,-9.600000000000001,0
2025_03_LV_WAS,2025,3,2025-09-21,LV,WAS,24.0,41.0,17.0,2.5,0,True,0.6635105918124091,WAS,0.6635105918124091,WAS,True,0.053112268516013736,-0.006346794794296079,64.2,-0.06994755976772164,-0.05820688413973853,61.8,0.12305982828373538,0.05186008934544245,2.4000000000000057,4
2025_03_DEN_LAC,2025,3,2025-09-21,DEN,LAC,20.0,23.0,3.0,2.5,1,True,0.6087331043860486,LAC,0.6087331043860486,LAC,True,0.2193920529753813,-0.12748611546601202,64.0,0.16393723349036018,-0.06965353397190452,63.4,0.05545481948502112,-0.0578325814941075,0.6000000000000014,-1
2025_03_NO_SEA,2025,3,2025-09-21,NO,SEA,13.0,44.0,31.0,7.5,0,True,0.7226414036877967,SEA,0.7226414036877967,SEA,True,-0.016741404309234646,-0.03075266827026134,55.2,-0.1494299755802531,0.13653688003032166,60.6,0.13268857127101844,-0.167289548300583,-5.399999999999999,0
2025_03_DAL_CHI,2025,3,2025-09-21,DAL,CHI,14.0,31.0,17.0,-1.5,0,True,0.524057961197363,CHI,0.524057961197363,CHI,True,-0.12040743086357204,0.055837002296874313,60.0,-0.03308502885317595,0.16480196635063912,65.2,-0.0873224020103961,-0.10896496405376481,-5.200000000000003,0
2025_03_ARI_SF,2025,3,2025-09-21,ARI,SF,15.0,16.0,1.0,1.5,1,True,0.5206243882503017,SF,0.5206243882503017,SF,True,0.11471465609019356,0.09119475441980604,64.6,0.11475907170885442,0.03296778387761962,61.8,-4.441561866086463e-05,0.05822697054218642,2.799999999999997,0
2025_03_KC_NYG,2025,3,2025-09-21,KC,NYG,22.0,9.0,-13.0,-6.0,0,True,0.5364081096356811,NYG,0.5364081096356811,KC,False,-0.038104118940107054,0.0804469850979002,57.0,0.019071517894298874,0.1415970426201441,55.0,-0.05717563683440593,-0.06115005752224391,2.0,0
2025_03_DET_BAL,2025,3,2025-09-22,DET,BAL,38.0,30.0,-8.0,4.5,0,True,0.6585102818193022,BAL,0.6585102818193022,DET,False,0.23148226062260932,-0.2150031661750142,57.2,0.2142004236022798,0.01074555750724746,63.8,0.01728183702032951,-0.22574872368226165,-6.599999999999994,0
2025_04_SEA_ARI,2025,4,2025-09-25,SEA,ARI,23.0,20.0,-3.0,-1.5,1,True,0.5956797733384875,ARI,0.5956797733384875,SEA,False,0.07988328847486285,-0.02737475467775994,61.8,0.0038569430314190243,-0.07359326847710315,53.8,0.07602634544344383,0.04621851379934321,8.0,0
2025_04_MIN_PIT,2025,4,2025-09-28,MIN,PIT,21.0,24.0,3.0,-2.5,0,True,0.513088449758285,PIT,0.513088449758285,PIT,True,-0.06886010270196292,0.08298529315411876,57.8,-0.15035103167573985,-0.1804282979486999,56.6,0.08149092897377692,0.2634135911028187,1.1999999999999957,0
2025_04_WAS_ATL,2025,4,2025-09-28,WAS,ATL,27.0,34.0,7.0,2.5,0,True,0.4381131537818782,WAS,0.5618868462181218,ATL,False,0.009116089779119286,0.05773542292472844,67.0,0.12243452827288422,-0.0025967804650575436,62.0,-0.11331843849376493,0.06033220338978598,5.0,0
2025_04_NO_BUF,2025,4,2025-09-28,NO,BUF,19.0,31.0,12.0,15.5,0,True,0.807971856371494,BUF,0.807971856371494,BUF,True,0.16189989670150656,-0.006349684673212069,65.2,-0.10336687170822441,0.11198624303422808,64.0,0.26526676840973096,-0.11833592770744014,1.2000000000000028,3
2025_04_CLE_DET,2025,4,2025-09-28,CLE,DET,10.0,34.0,24.0,10.0,0,True,0.8616263678073456,DET,0.8616263678073456,DET,True,0.22790609292438146,0.021555906234016705,64.0,-0.25680594714451993,-0.0006762876790163796,65.8,0.4847120400689014,0.022232193913033084,-1.7999999999999972,-1
2025_04_TEN_HOU,2025,4,2025-09-28,TEN,HOU,0.0,26.0,26.0,7.5,1,True,0.6156142879088283,HOU,0.6156142879088283,HOU,True,-0.15136826578718832,0.01188519841728639,54.2,-0.17076284328488972,0.161024935114569,61.8,0.019394577497701404,-0.14913973669728262,-7.599999999999994,0
2025_04_CAR_NE,2025,4,2025-09-28,CAR,NE,13.0,42.0,29.0,5.5,0,True,0.5032053458761923,NE,0.5032053458761923,NE,True,-0.07960018531581325,0.09128218901110755,59.6,0.005178402303586284,0.1374134318171137,60.4,-0.08477858761939953,-0.04613124280600617,-0.7999999999999972,0
2025_04_LAC_NYG,2025,4,2025-09-28,LAC,NYG,18.0,21.0,3.0,-6.0,0,True,0.29458773120288584,LAC,0.7054122687971142,NYG,False,-0.0022135854910282416,0.09474689685790005,58.2,0.1678959511401106,-0.175424184255893,68.0,-0.17010953663113884,0.27017108111379307,-9.799999999999997,0
2025_04_PHI_TB,2025,4,2025-09-28,PHI,TB,31.0,25.0,-6.0,-3.5,0,True,0.6288391190097461,TB,0.6288391190097461,PHI,False,0.18905204538563075,-0.059224688565751096,65.0,0.08079309740247084,-0.11152728839290202,60.8,0.10825894798315991,0.05230259982715092,4.200000000000003,0
2025_04_IND_LA,2025,4,2025-09-28,IND,LA,20.0,27.0,7.0,3.5,0,True,0.46055522508657815,IND,0.5394447749134219,LA,False,0.05267249345623467,-0.0017094213856608613,59.2,0.17265924407234504,0.033937329789202976,67.6,-0.11998675061611036,-0.035646751174863836,-8.399999999999991,0
2025_04_JAX_SF,2025,4,2025-09-28,JAX,SF,26.0,21.0,-5.0,3.5,0,True,0.5300960602682401,SF,0.5300960602682401,JAX,False,0.09165444907447473,0.05599816391789504,64.8,0.05316291059442446,-0.08432681492206744,63.4,0.03849153848005027,0.14032497883996248,1.3999999999999986,0
2025_04_BAL_KC,2025,4,2025-09-28,BAL,KC,20.0,37.0,17.0,-2.5,0,True,0.3283511388900755,BAL,0.6716488611099245,KC,False,0.019482601334721295,0.07318223359554152,54.2,0.20950739860506779,-0.10085106568715582,56.4,-0.1900247972703465,0.17403329928269734,-2.1999999999999957,1
2025_04_CHI_LV,2025,4,2025-09-28,CHI,LV,25.0,24.0,-1.0,1.5,0,True,0.548540660409848,LV,0.548540660409848,CHI,False,-0.04645294809409875,0.04017033776431496,61.6,-0.0628988312015458,-0.016721709997441735,59.2,0.016445883107447046,0.056892047761756694,2.3999999999999986,0
2025_04_NYJ_MIA,2025,4,2025-09-29,NYJ,MIA,21.0,27.0,6.0,2.5,1,True,0.5737917935103503,MIA,0.5737917935103503,MIA,True,-0.05190023518873088,0.11618793852250117,56.2,-0.08348987567998216,0.08484828778044383,58.8,0.03158964049125128,0.03133965074205734,-2.5999999999999943,3
2025_04_CIN_DEN,2025,4,2025-09-29,CIN,DEN,3.0,28.0,25.0,7.5,0,True,0.8066384889757727,DEN,0.8066384889757727,DEN,True,0.11599916470047919,-0.1211496358071752,60.2,-0.1580725191509635,0.031941681759109816,63.8,0.27407168385144265,-0.15309131756628502,-3.5999999999999943,0
2025_05_SF_LA,2025,5,2025-10-02,SF,LA,26.0,23.0,-3.0,8.5,1,True,0.6009017853956526,LA,0.6009017853956526,SF,False,0.07516750998612792,-0.018435628792048766,62.0,0.00894072703283586,-0.005563727311626923,65.8,0.06622678295329207,-0.012871901480421843,-3.799999999999997,0
2025_05_MIN_CLE,2025,5,2025-10-05,MIN,CLE,21.0,17.0,-4.0,-3.5,0,True,0.4240427770344444,MIN,0.5759572229655556,MIN,True,-0.25642063593161185,-0.006636337223763394,63.4,-0.15997881990921375,-0.13478118324360816,57.6,-0.0964418160223981,0.12814484601984477,5.799999999999997,0
2025_05_HOU_BAL,2025,5,2025-10-05,HOU,BAL,44.0,10.0,-34.0,-2.5,0,True,0.6368786094760864,BAL,0.6368786094760864,HOU,False,0.1347857154469146,0.02823059012075747,54.8,-0.03841337065668533,-0.11830052200505306,56.6,0.1731990861035999,0.14653111212581052,-1.8000000000000043,0
2025_05_MIA_CAR,2025,5,2025-10-05,MIA,CAR,24.0,27.0,3.0,-1.5,0,True,0.6338932574792635,CAR,0.6338932574792635,CAR,True,0.02087533630592107,0.12494526629401578,64.2,-0.006362679585132813,0.2209495236075718,56.4,0.027238015891053884,-0.09600425731355602,7.800000000000004,1
2025_05_LV_IND,2025,5,2025-10-05,LV,IND,6.0,40.0,34.0,7.0,0,True,0.7846714937696657,IND,0.7846714937696657,IND,True,0.14541786996083692,-0.025110535553773093,63.8,-0.10608284587080692,0.07210596873418214,57.4,0.25150071583164385,-0.09721650428795522,6.399999999999999,0
2025_05_NYG_NO,2025,5,2025-10-05,NYG,NO,14.0,26.0,12.0,1.5,0,True,0.5617528483377221,NO,0.5617528483377221,NO,True,-0.06603780141747433,0.13078263442506238,66.6,-0.10663560480006193,0.05265578597736438,62.4,0.0405978033825876,0.078126848447698,4.199999999999996,0
2025_05_DAL_NYJ,2025,5,2025-10-05,DAL,NYJ,37.0,22.0,-15.0,1.5,0,True,0.5174797956349992,NYJ,0.5174797956349992,DAL,False,-0.009896290475274072,0.07746568778291155,58.6,0.08875300189064858,0.22245435683497933,69.6,-0.09864929236592265,-0.14498866905206778,-10.999999999999993,-1
2025_05_DEN_PHI,2025,5,2025-10-05,DEN,PHI,21.0,17.0,-4.0,3.5,0,True,0.4096301624679362,DEN,0.5903698375320638,DEN,True,0.011730702622874687,-0.0799409809948197,60.6,0.12641381377717612,-0.20081884184541657,63.6,-0.11468311115430142,0.12087786085059687,-3.0,1
2025_05_TEN_ARI,2025,5,2025-10-05,TEN,ARI,22.0,21.0,-1.0,7.5,0,True,0.844346991589035,ARI,0.844346991589035,TEN,False,0.06544987777646967,-0.01013723305994954,59.8,-0.24618875104381285,0.16035085642041505,58.0,0.31163862882028254,-0.1704880894803646,1.7999999999999972,3
2025_05_TB_SEA,2025,5,2025-10-05,TB,SEA,38.0,35.0,-3.0,3.5,0,True,0.5497089945227355,SEA,0.5497089945227355,TB,False,0.049075535709233904,-0.048152212585903284,56.6,0.06895166689091844,-0.05343705591269109,64.2,-0.01987613118168454,0.0052848433267878026,-7.600000000000001,3
2025_05_DET_CIN,2025,5,2025-10-05,DET,CIN,37.0,24.0,-13.0,-10.5,0,True,0.2041762843593745,DET,0.7958237156406255,DET,True,-0.2377417251892049,0.04235633083580674,55.6,0.1252049983499089,-0.11986773339482595,61.4,-0.3629467235391138,0.16222406423063268,-5.799999999999997,-1
2025_05_WAS_LAC,2025,5,2025-10-05,WAS,LAC,27.0,10.0,-17.0,2.5,0,True,0.5964013329284495,LAC,0.5964013329284495,WAS,False,0.07627217476687587,-0.09411546019817044,64.0,0.10439637123777334,0.037693196948498583,57.0,-0.028124196470897478,-0.131808657146669,7.0,0
2025_05_NE_BUF,2025,5,2025-10-05,NE,BUF,23.0,20.0,-3.0,7.5,1,True,0.6026363719319254,BUF,0.6026363719319254,NE,False,0.16785407087554627,0.01675534192869744,64.0,0.10917960231297205,0.0281936671754545,59.0,0.05867446856257422,-0.011438325246757062,5.0,0
2025_05_KC_JAX,2025,5,2025-10-06,KC,JAX,28.0,31.0,3.0,-3.5,0,True,0.6714014015866415,JAX,0.6714014015866415,JAX,True,0.03807371310005818,-0.10568306508727261,64.2,0.0025973120540456196,0.08286474344924552,56.0,0.03547640104601256,-0.18854780853651815,8.200000000000003,0
2025_06_PHI_NYG,2025,6,2025-10-09,PHI,NYG,17.0,34.0,17.0,-7.0,1,True,0.36561392343079196,PHI,0.634386076569208,NYG,False,-0.14103151238180975,0.07041915872998679,65.4,0.020444780752817103,-0.04188679721582632,58.0,-0.16147629313462686,0.11230595594581311,7.400000000000006,0
2025_06_DEN_NYJ,2025,6,2025-10-12,DEN,NYJ,13.0,11.0,-2.0,-7.5,0,True,0.3647700085256357,DEN,0.6352299914743643,DEN,True,-0.019540428012885015,0.17506798944223506,60.6,0.05859943028989443,-0.11040368887694733,63.6,-0.07813985830277945,0.2854716783191824,-3.0,0
2025_06_LA_BAL,2025,6,2025-10-12,LA,BAL,17.0,3.0,-14.0,-7.0,0,True,0.38015014452292817,LA,0.6198498554770718,LA,True,0.03611420194545127,0.19717316925987927,49.6,0.08533705936115318,-0.04144835930339955,61.4,-0.04922285741570191,0.2386215285632788,-11.799999999999997,-3
2025_06_DAL_CAR,2025,6,2025-10-12,DAL,CAR,27.0,30.0,3.0,-3.0,0,True,0.4367260602018801,DAL,0.5632739397981199,CAR,False,-0.02973398970495033,0.0855382665469537,63.8,0.16948569785930753,0.20742013407926807,65.8,-0.19921968756425787,-0.12188186753231436,-2.0,0
2025_06_ARI_IND,2025,6,2025-10-12,ARI,IND,27.0,31.0,4.0,8.5,0,True,0.7324459084737581,IND,0.7324459084737581,IND,True,0.19848234732361175,-0.0737406916728967,60.6,0.0008782306010206465,-0.020020611592703807,60.0,0.1976041167225911,-0.053720080080192883,0.6000000000000014,0
2025_06_SEA_JAX,2025,6,2025-10-12,SEA,JAX,20.0,12.0,-8.0,-1.5,0,True,0.5589914454919139,JAX,0.5589914454919139,SEA,False,0.037664182203494725,-0.07018615795276521,61.8,0.08219342109788205,0.026365317606994988,56.8,-0.04452923889438733,-0.09655147555976021,5.0,-1
2025_06_LAC_MIA,2025,6,2025-10-12,LAC,MIA,29.0,27.0,-2.0,-3.5,0,True,0.47344849101085323,LAC,0.5265515089891468,LAC,True,0.038312209895947635,0.2407750345846062,53.4,-0.009257948777129788,-0.022631218928614492,62.4,0.04757015867307742,0.26340625351322067,-9.0,0
2025_06_NE_NO,2025,6,2025-10-12,NE,NO,25.0,19.0,-6.0,-3.5,0,True,0.426580946135664,NE,0.573419053864336,NE,True,-0.056775133973199776,0.02772397952076814,66.2,0.11486109666464321,0.04940852175680427,58.6,-0.171636230637843,-0.02168454223603613,7.600000000000001,0
2025_06_CLE_PIT,2025,6,2025-10-12,CLE,PIT,9.0,23.0,14.0,5.5,1,True,0.6818280361866961,PIT,0.6818280361866961,PIT,True,-0.006929269007743255,0.028848458742943027,53.4,-0.16804531327892389,-0.03086337980905015,65.8,0.16111604427118062,0.05971183855199318,-12.399999999999999,7
2025_06_TEN_LV,2025,6,2025-10-12,TEN,LV,10.0,20.0,10.0,3.5,0,True,0.6589038516480652,LV,0.6589038516480652,LV,True,-0.12815840651524377,0.07003144344125677,61.0,-0.21729737474840993,0.13297103983269032,58.0,0.08913896823316617,-0.06293959639143355,3.0,0
2025_06_CIN_GB,2025,6,2025-10-12,CIN,GB,18.0,27.0,9.0,14.0,0,True,0.8777568553963723,GB,0.8777568553963723,GB,True,0.10341429032109795,-0.03769728185638099,61.4,-0.2559813154559401,0.12267021733686971,53.2,0.35939560577703805,-0.16036749919325072,8.199999999999996,7
2025_06_SF_TB,2025,6,2025-10-12,SF,TB,19.0,30.0,11.0,3.5,0,True,0.5635886618209369,TB,0.5635886618209369,TB,True,0.1033744479863957,0.02727259183966424,63.2,0.03209212980992317,-0.04029357853490089,68.0,0.07128231817647253,0.06756617037456514,-4.799999999999997,-3
2025_06_DET_KC,2025,6,2025-10-12,DET,KC,17.0,30.0,13.0,2.5,0,True,0.48379077378153024,DET,0.5162092262184698,KC,False,0.13017931324784954,0.006403825597055488,62.0,0.16760375079773254,-0.0762440577997806,60.0,-0.037424437549883005,0.0826478833968361,2.0,-1
2025_06_BUF_ATL,2025,6,2025-10-13,BUF,ATL,14.0,24.0,10.0,-3.5,0,True,0.47981381410981516,BUF,0.5201861858901848,ATL,False,0.04940606719267541,0.03969726588961759,67.2,0.18906892545689602,0.022436836280368584,63.2,-0.13966285826422062,0.017260429609249006,4.0,7
2025_06_CHI_WAS,2025,6,2025-10-13,CHI,WAS,25.0,24.0,-1.0,5.5,0,True,0.6432073234504995,WAS,0.6432073234504995,CHI,False,0.13797627589197434,0.018354859105036248,57.0,-0.045311299879713635,-0.021710612258044007,60.4,0.18328757577168797,0.04006547136308025,-3.3999999999999986,-7
2025_07_PIT_CIN,2025,7,2025-10-16,PIT,CIN,31.0,33.0,2.0,-5.5,1,True,0.25790301741526317,PIT,0.7420969825847368,CIN,False,-0.2156266492584124,0.17451662397468712,55.6,0.054053896021345804,-0.00244952853353404,52.8,-0.2696805452797582,0.17696615250822115,2.8000000000000043,0
2025_07_LA_JAX,2025,7,2025-10-19,LA,JAX,35.0,7.0,-28.0,-3.0,0,True,0.4562883661815528,LA,0.5437116338184472,LA,True,0.0028032520995963117,-0.008584789220660149,63.4,0.08637801301402223,-0.08138463317148079,60.2,-0.08357476091442592,0.07279984395082063,3.1999999999999957,0
2025_07_NO_CHI,2025,7,2025-10-19,NO,CHI,14.0,26.0,12.0,4.5,0,True,0.6401545298468523,CHI,0.6401545298468523,CHI,True,0.021864113871667895,-0.013275170989225153,61.0,-0.05667382346284666,0.050455975341597604,63.0,0.07853793733451456,-0.06373114633082276,-2.0,-1
2025_07_MIA_CLE,2025,7,2025-10-19,MIA,CLE,6.0,31.0,25.0,2.5,0,True,0.3929333852209946,MIA,0.6070666147790054,CLE,False,-0.19487729285895303,0.016941072106953583,66.6,0.1078787401562804,0.20865959083938299,55.2,-0.30275603301523346,-0.1917185187324294,11.399999999999991,0
2025_07_LV_KC,2025,7,2025-10-19,LV,KC,0.0,31.0,31.0,13.5,1,True,0.8043657173506548,KC,0.8043657173506548,KC,True,0.1406369830509393,-0.03514555917797536,62.0,-0.18706006169915607,0.021712865765675583,59.8,0.32769704475009537,-0.05685842494365095,2.200000000000003,0
2025_07_PHI_MIN,2025,7,2025-10-19,PHI,MIN,28.0,22.0,-6.0,-2.5,0,True,0.5978855307228172,MIN,0.5978855307228172,PHI,False,-0.08504522429779848,-0.14002676836199743,57.4,-0.030979916123651578,0.0015268518826337286,57.4,-0.054065308174146905,-0.14155362024463117,0.0,4
2025_07_CAR_NYJ,2025,7,2025-10-19,CAR,NYJ,13.0,6.0,-7.0,1.5,0,True,0.36841276469055617,CAR,0.6315872353094438,CAR,True,-0.14606774414712267,0.12387065286491658,59.2,0.05341891417559985,0.09096902809962767,64.2,-0.19948665832272253,0.032901624765288906,-5.0,0
2025_07_NE_TEN,2025,7,2025-10-19,NE,TEN,31.0,13.0,-18.0,-6.5,0,True,0.2345083574886611,NE,0.7654916425113389,NE,True,-0.19677217958953458,0.1265836752872988,58.6,0.15960607896636803,0.018245671947499643,56.2,-0.3563782585559026,0.10833800333979916,2.3999999999999986,0
2025_07_NYG_DEN,2025,7,2025-10-19,NYG,DEN,32.0,33.0,1.0,7.5,0,True,0.6771136835342378,DEN,0.6771136835342378,DEN,True,0.07105014634319777,-0.11247705632976497,60.8,-0.04233739867462849,0.013953393613286397,65.8,0.11338754501782626,-0.12643044994305136,-5.0,-3
2025_07_IND_LAC,2025,7,2025-10-19,IND,LAC,38.0,24.0,-14.0,2.5,0,True,0.38679961385941436,IND,0.6132003861405857,IND,True,-0.05247415814256958,-0.04747716375854606,63.4,0.17543340410759617,-0.0044012628592547095,57.8,-0.22790756225016576,-0.04307590089929135,5.600000000000001,0
2025_07_GB_ARI,2025,7,2025-10-19,GB,ARI,27.0,23.0,-4.0,-7.0,0,True,0.42241952968590923,GB,0.5775804703140908,GB,True,0.010055012619396784,0.018174893781675753,61.8,0.16619509166837892,0.01495371641579045,60.8,-0.15614007904898214,0.0032211773658853034,1.0,0
2025_07_WAS_DAL,2025,7,2025-10-19,WAS,DAL,22.0,44.0,22.0,1.5,1,True,0.605450247119336,DAL,0.605450247119336,DAL,True,0.19835243514277584,0.20720706708353287,65.2,0.08810579771735114,0.0996851522748128,56.4,0.1102466374254247,0.10752191480872007,8.800000000000004,1
2025_07_ATL_SF,2025,7,2025-10-19,ATL,SF,10.0,20.0,10.0,1.5,0,True,0.49559346909683755,ATL,0.5044065309031625,SF,False,-0.007460678056520248,0.07165754465389229,67.4,0.004303569671892732,-0.06654249558137797,64.8,-0.01176424772841298,0.13820004023527027,2.6000000000000085,1
2025_07_TB_DET,2025,7,2025-10-20,TB,DET,9.0,24.0,15.0,6.0,0,True,0.6309724542472953,DET,0.6309724542472953,DET,True,0.20252434013007597,-0.06266430110790518,57.8,0.13943921048850375,-0.0008132367780685351,62.2,0.06308512964157223,-0.06185106432983664,-4.400000000000006,0
2025_07_HOU_SEA,2025,7,2025-10-20,HOU,SEA,19.0,27.0,8.0,3.0,0,True,0.5463585644357064,SEA,0.5463585644357064,SEA,True,0.1455970853646523,-0.0004927088779984295,57.2,0.02734434629814314,-0.148520828683507,58.0,0.11825273906650915,0.14802811980550856,-0.7999999999999972,-7
2025_08_MIN_LAC,2025,8,2025-10-23,MIN,LAC,10.0,37.0,27.0,3.0,0,True,0.5136523964536912,LAC,0.5136523964536912,LAC,True,-0.030932516962792433,0.11785524893900375,67.6,-0.06745259283065128,-0.06917394664087366,60.6,0.03652007586785884,0.1870291955798774,6.999999999999993,0
2025_08_MIA_ATL,2025,8,2025-10-26,MIA,ATL,34.0,10.0,-24.0,7.0,0,True,0.6559718437979954,ATL,0.6559718437979954,MIA,False,-0.02954668120885399,-0.08245788715657568,62.8,-0.037763334653779325,0.12406621035550251,56.2,0.008216653444925334,-0.20652409751207818,6.599999999999994,0
2025_08_CHI_BAL,2025,8,2025-10-26,CHI,BAL,16.0,30.0,14.0,2.5,0,True,0.3797294509948176,CHI,0.6202705490051824,BAL,False,-0.10744019234322533,0.1435384981200091,54.4,0.054902181533651784,-0.037261387397934706,61.4,-0.1623423738768771,0.1807998855179438,-7.0,7
2025_08_BUF_CAR,2025,8,2025-10-26,BUF,CAR,40.0,9.0,-31.0,-7.0,0,True,0.43306400748647245,BUF,0.5669359925135276,BUF,True,0.04490687131102561,0.014413557127420984,62.2,0.11829469950638019,-0.041343714885420976,58.6,-0.07338782819535458,0.05575727201284196,3.6000000000000014,-6
2025_08_NYJ_CIN,2025,8,2025-10-26,NYJ,CIN,39.0,38.0,-1.0,5.5,0,True,0.49410594866795565,NYJ,0.5058940513320443,NYJ,True,-0.14830449777825921,0.22890637145284595,56.4,-0.13815587696041268,0.07214989623052082,61.8,-0.010148620817846538,0.15675647522232514,-5.399999999999999,3
2025_08_SF_HOU,2025,8,2025-10-26,SF,HOU,15.0,26.0,11.0,2.5,0,True,0.6518569796101703,HOU,0.6518569796101703,HOU,True,-0.008187124089999387,-0.1905062642507921,60.6,-0.010128146230867602,0.06440399163991584,67.4,0.0019410221408682152,-0.2549102558907079,-6.800000000000004,-1
2025_08_CLE_NE,2025,8,2025-10-26,CLE,NE,13.0,32.0,19.0,7.0,0,True,0.7633246530227557,NE,0.7633246530227557,NE,True,0.14431685936661645,-0.0725682121673586,58.0,-0.15809664101027493,-0.11970623004689807,62.6,0.3024135003768914,0.04713801787953946,-4.600000000000001,0
2025_08_NYG_PHI,2025,8,2025-10-26,NYG,PHI,20.0,38.0,18.0,7.0,1,True,0.6040476653832931,PHI,0.6040476653832931,PHI,True,0.02642265585451341,0.010801022590406486,55.8,-0.062127416359037034,0.003919106679138695,66.8,0.08855007221355045,0.006881915911267791,-11.0,0
2025_08_TB_NO,2025,8,2025-10-26,TB,NO,23.0,3.0,-20.0,-4.5,1,True,0.40773599006517414,TB,0.5922640099348259,TB,True,-0.1004623214684475,0.05965560033238897,60.2,0.028616193604137162,-0.011797275512927589,60.8,-0.12907851507258467,0.07145287584531655,-0.5999999999999943,1
2025_08_DAL_DEN,2025,8,2025-10-26,DAL,DEN,24.0,44.0,20.0,3.5,0,True,0.5430061202821247,DEN,0.5430061202821247,DEN,True,0.049390946489047925,-0.11795546796977774,65.4,0.19124733560251655,0.11860821441723517,60.6,-0.14185638911346862,-0.23656368238701292,4.800000000000004,0
2025_08_TEN_IND,2025,8,2025-10-26,TEN,IND,14.0,38.0,24.0,15.5,1,True,0.881168981233158,IND,0.881168981233158,IND,True,0.23236422315840563,-0.025274998049595578,55.4,-0.22886735439828026,0.1113987595400687,56.0,0.46123157755668587,-0.13667375758966427,-0.6000000000000014,0
2025_08_GB_PIT,2025,8,2025-10-26,GB,PIT,35.0,25.0,-10.0,-3.0,0,True,0.5170648674634577,PIT,0.5170648674634577,GB,False,0.09296413410027768,0.02104440186792316,53.0,0.14979459032834408,0.01696704725998107,62.0,-0.0568304562280664,0.004077354607942091,-9.0,3
2025_08_WAS_KC,2025,8,2025-10-27,WAS,KC,7.0,28.0,21.0,10.5,0,True,0.7656269183297219,KC,0.7656269183297219,KC,True,0.21264425548545587,-0.16805816768769125,65.4,0.07630423542705231,0.08711453586234354,56.2,0.13634002005840357,-0.2551727035500348,9.200000000000003,0
2025_09_BAL_MIA,2025,9,2025-10-30,BAL,MIA,28.0,6.0,-22.0,-7.5,0,True,0.6952113461936921,MIA,0.6952113461936921,BAL,False,-0.01994071392205609,0.0004023597613144081,57.4,-0.08941849664447943,0.20100790853042816,56.2,0.06947778272242333,-0.20060554876911374,1.1999999999999957,0
2025_09_CHI_CIN,2025,9,2025-11-02,CHI,CIN,47.0,42.0,-5.0,-3.0,0,True,0.37642661759629287,CHI,0.6235733824037071,CHI,True,0.06208565462173563,0.27294333598673504,57.6,0.09297476094480546,-0.07615596825658358,61.0,-0.030889106323069827,0.3490993042433186,-3.3999999999999986,0
2025_09_MIN_DET,2025,9,2025-11-02,MIN,DET,27.0,24.0,-3.0,9.5,1,True,0.7220674643650845,DET,0.7220674643650845,MIN,False,0.09656391608772007,-0.11336758827734014,59.2,-0.062255163984537454,-0.022715078315932773,60.8,0.15881908007225753,-0.09065250996140736,-1.5999999999999943,3
2025_09_CAR_GB,2025,9,2025-11-02,CAR,GB,16.0,13.0,-3.0,12.5,0,True,0.7628719104299441,GB,0.7628719104299441,CAR,False,0.18348877813350092,0.018028437124021877,62.4,-0.02226438386860862,0.15100070481067765,63.2,0.20575316200210955,-0.13297226768665577,-0.8000000000000043,0
2025_09_DEN_HOU,2025,9,2025-11-02,DEN,HOU,18.0,15.0,-3.0,1.5,0,True,0.5423025192084269,HOU,0.5423025192084269,DEN,False,0.051896349040243386,-0.22544433597587585,66.2,0.13187624083552946,-0.09888834350639099,67.2,-0.07997989179528607,-0.12655599246948485,-1.0,0
2025_09_ATL_NE,2025,9,2025-11-02,ATL,NE,23.0,24.0,1.0,5.5,0,True,0.8150053891524622,NE,0.8150053891524622,NE,True,0.19046951109176774,-0.13194364791210453,56.2,-0.09203272282047341,0.036118094017932395,60.0,0.28250223391224116,-0.16806174193003692,-3.799999999999997,0
2025_09_SF_NYG,2025,9,2025-11-02,SF,NYG,34.0,24.0,-10.0,-2.5,0,True,0.5885636313386023,NYG,0.5885636313386023,SF,False,0.005838275045838665,0.0648998796942043,64.4,-0.007083021053793656,0.11361718074731644,64.4,0.012921296099632322,-0.048717301053112144,0.0,0
2025_09_IND_PIT,2025,9,2025-11-02,IND,PIT,20.0,27.0,7.0,-3.5,0,True,0.40503195326389013,IND,0.5949680467361098,PIT,False,0.09693405600207726,0.07209213421508488,52.8,0.22994301830543434,-0.00827737121201845,55.8,-0.13300896230335707,0.08036950542710333,-3.0,0
2025_09_LAC_TEN,2025,9,2025-11-02,LAC,TEN,27.0,20.0,-7.0,-10.0,0,True,0.3100311148604037,LAC,0.6899688851395963,LAC,True,-0.21186972756070316,0.10897755468709738,56.2,0.017533021465834193,0.0422466634826689,65.6,-0.22940274902653734,0.06673089120442849,-9.399999999999991,-3
2025_09_NO_LA,2025,9,2025-11-02,NO,LA,10.0,34.0,24.0,14.0,0,True,0.787653975961745,LA,0.787653975961745,LA,True,0.04188093077771284,-0.08867752416203181,60.4,-0.17116649907970688,0.001829076819764397,60.2,0.21304742985741973,-0.0905066009817962,0.19999999999999574,7
2025_09_JAX_LV,2025,9,2025-11-02,JAX,LV,30.0,29.0,-1.0,-2.5,0,True,0.3578582001520746,JAX,0.6421417998479254,JAX,True,-0.2424240107235586,0.07071251483030412,52.8,-0.0478194200340125,0.01703164725901437,64.2,-0.1946045906895461,0.05368086757128975,-11.400000000000006,0
2025_09_KC_BUF,2025,9,2025-11-02,KC,BUF,21.0,28.0,7.0,-2.5,0,True,0.4366740715461438,KC,0.5633259284538562,BUF,False,0.1475053378309815,-0.05124120531501264,57.2,0.2325280757555787,-0.15433195270886463,65.8,-0.08502273792459722,0.10309074739385199,-8.599999999999994,1
2025_09_SEA_WAS,2025,9,2025-11-02,SEA,WAS,38.0,14.0,-24.0,-2.5,0,True,0.3605625287821565,SEA,0.6394374712178434,SEA,True,-0.01595210892612946,0.1282700436274112,56.0,0.08108208339815721,-0.027133284907886912,57.4,-0.09703419232428667,0.15540332853529812,-1.3999999999999986,-7
2025_09_ARI_DAL,2025,9,2025-11-03,ARI,DAL,27.0,17.0,-10.0,3.5,0,True,0.6641227195871706,DAL,0.6641227195871706,ARI,False,0.21048991448249127,0.13151083741653466,60.6,-0.025789477768520502,0.045352209386873565,66.4,0.23627939225101177,0.0861586280296611,-5.800000000000004,-7
2025_10_LV_DEN,2025,10,2025-11-06,LV,DEN,7.0,10.0,3.0,9.5,1,True,0.8100169602363194,DEN,0.8100169602363194,DEN,True,0.0691262899101442,-0.07751555962619858,64.2,-0.22364268820265748,0.0460807851129324,52.2,0.29276897811280167,-0.12359634473913098,12.0,0
2025_10_ATL_IND,2025,10,2025-11-09,ATL,IND,25.0,31.0,6.0,6.5,0,True,0.768213116029381,IND,0.768213116029381,IND,True,0.22393273336341263,-0.04728615572790566,59.4,-0.010268402448156902,0.04059328249295206,57.6,0.23420113581156954,-0.08787943822085773,1.7999999999999972,0
2025_10_NO_CAR,2025,10,2025-11-09,NO,CAR,17.0,7.0,-10.0,5.5,1,True,0.6979033539941717,CAR,0.6979033539941717,NO,False,0.0015307077767598488,0.08109585552733892,61.0,-0.21659910559066362,0.015716473287446,54.8,0.21812981336742346,0.06537938223989292,6.200000000000003,0
2025_10_NYG_CHI,2025,10,2025-11-09,NYG,CHI,20.0,24.0,4.0,4.5,0,True,0.6808999914233285,CHI,0.6808999914233285,CHI,True,0.12325880954956776,-0.02207769936924831,65.4,0.06892912421870379,0.16429540547704904,61.6,0.05432968533086398,-0.18637310484629735,3.8000000000000043,0
2025_10_JAX_HOU,2025,10,2025-11-09,JAX,HOU,29.0,36.0,7.0,-1.5,1,True,0.7044041916546007,HOU,0.7044041916546007,HOU,True,0.06337364567470335,-0.2107917363754257,69.2,0.01624705781136803,0.08618928094357212,66.4,0.047126587863335324,-0.29698101731899784,2.799999999999997,0
2025_10_BUF_MIA,2025,10,2025-11-09,BUF,MIA,13.0,30.0,17.0,-8.5,1,True,0.3460935279427316,BUF,0.6539064720572684,MIA,False,-0.08588771134395783,0.011104637744990414,58.4,0.13832460862034016,-0.05487371433292003,58.4,-0.22421231996429797,0.06597835207791045,0.0,3
2025_10_BAL_MIN,2025,10,2025-11-09,BAL,MIN,27.0,19.0,-8.0,-4.5,0,True,0.4928826390225566,BAL,0.5071173609774434,BAL,True,-0.09077231319290631,0.1333569351776059,60.2,-0.06059398468651862,0.08263833018664621,56.0,-0.030178328506387686,0.050718604990959704,4.200000000000003,-3
2025_10_CLE_NYJ,2025,10,2025-11-09,CLE,NYJ,20.0,27.0,7.0,-1.5,0,True,0.6067390676323164,NYJ,0.6067390676323164,NYJ,True,-0.032885165501509175,0.12152761966425926,63.6,-0.19756679006394404,-0.08923908568780096,62.0,0.16468162456243485,0.2107667053520602,1.6000000000000014,0
2025_10_NE_TB,2025,10,2025-11-09,NE,TB,28.0,23.0,-5.0,2.5,0,True,0.480911868889081,NE,0.519088131110919,NE,True,-0.00449872241962887,-0.06930953613315402,59.4,0.11474363519384105,-0.11313134445139703,60.2,-0.11924235761346992,0.043821808318243005,-0.8000000000000043,7
2025_10_ARI_SEA,2025,10,2025-11-09,ARI,SEA,22.0,44.0,22.0,7.0,1,True,0.6744383338306121,SEA,0.6744383338306121,SEA,True,0.14252868126742854,-0.007236437814078176,56.4,-0.0009171623025887255,0.03418159230222843,66.2,0.14344584357001727,-0.041418030116306605,-9.800000000000004,1
2025_10_LA_SF,2025,10,2025-11-09,LA,SF,42.0,26.0,-16.0,-5.5,1,True,0.3955767588161664,LA,0.6044232411838336,LA,True,0.07280785418267366,0.132067752612048,64.2,0.10200899367103348,-0.15615878028727104,62.0,-0.029201139488359826,0.28822653289931904,2.200000000000003,0
2025_10_DET_WAS,2025,10,2025-11-09,DET,WAS,44.0,22.0,-22.0,-8.5,0,True,0.37525228038154984,DET,0.6247477196184501,DET,True,-0.04614786726386703,0.16448816479169887,58.2,0.0167884733948161,-0.13131847179893785,58.6,-0.06293634065868313,0.2958066365906367,-0.3999999999999986,0
2025_10_PIT_LAC,2025,10,2025-11-09,PIT,LAC,10.0,25.0,15.0,3.0,0,True,0.5724500513895419,LAC,0.5724500513895419,LAC,True,0.06779635666977364,0.03586012379854629,67.0,0.0846569714973415,0.07902101459469257,55.6,-0.016860614827567857,-0.04316089079614628,11.399999999999999,0
2025_10_PHI_GB,2025,10,2025-11-10,PHI,GB,10.0,7.0,-3.0,1.5,0,True,0.5853098168701816,GB,0.5853098168701816,PHI,False,0.2078008804858177,0.0672796491650976,63.0,0.1143461197581129,0.03579605578641391,54.0,0.09345476072770481,0.031483593378683686,9.0,-7
2025_11_NYJ_NE,2025,11,2025-11-13,NYJ,NE,14.0,27.0,13.0,12.5,1,True,0.8037913554525848,NE,0.8037913554525848,NE,True,0.1379480070464259,-0.11204930145614955,60.6,-0.12356430012611797,0.07911149911837079,61.0,0.26151230717254387,-0.19116080057452034,-0.3999999999999986,0
2025_11_WAS_MIA,2025,11,2025-11-16,WAS,MIA,13.0,16.0,3.0,2.5,0,True,0.7047338551633268,MIA,0.7047338551633268,MIA,True,-0.0424791322185093,-0.03547640627816641,58.0,-0.06251116371446012,0.2906876729060838,57.8,0.020032031495950828,-0.3261640791842502,0.20000000000000284,0
2025_11_CAR_ATL,2025,11,2025-11-16,CAR,ATL,30.0,27.0,-3.0,4.5,1,True,0.5948792345557404,ATL,0.5948792345557404,CAR,False,-0.0770840315796217,0.04452861217520738,57.4,-0.11420749885415545,0.09439390676872404,58.6,0.03712346727453375,-0.049865294593516664,-1.2000000000000028,0
2025_11_TB_BUF,2025,11,2025-11-16,TB,BUF,32.0,44.0,12.0,6.0,0,True,0.5816390187074385,BUF,0.5816390187074385,BUF,True,0.08432294476724488,0.0263103784266696,60.8,0.0335912695153754,-0.01895326685776988,59.4,0.050731675251869474,0.04526364528443948,1.3999999999999986,0
2025_11_LAC_JAX,2025,11,2025-11-16,LAC,JAX,6.0,35.0,29.0,-3.0,0,True,0.3597800055219156,LAC,0.6402199944780844,JAX,False,-0.04644561806011109,0.11480929471795112,65.6,0.07938066229431598,-0.0904589425670687,68.0,-0.12582628035442706,0.2052682372850198,-2.4000000000000057,0
2025_11_CHI_MIN,2025,11,2025-11-16,CHI,MIN,19.0,17.0,-2.0,3.0,1,True,0.2753604217454758,CHI,0.7246395782545242,CHI,True,-0.13175712934238576,0.09281212798632768,58.2,0.152633606636366,0.01803286868873242,65.0,-0.28439073597875175,0.07477925929759527,-6.799999999999997,0
2025_11_GB_NYG,2025,11,2025-11-16,GB,NYG,27.0,20.0,-7.0,-7.5,0,True,0.5062389738614929,NYG,0.5062389738614929,GB,False,0.12803227773107917,0.15987439682254337,61.8,0.10490255261245933,-0.01997599450333988,60.4,0.02312972511861984,0.17985039132588326,1.3999999999999986,1
2025_11_CIN_PIT,2025,11,2025-11-16,CIN,PIT,12.0,34.0,22.0,5.5,1,True,0.44206048877144577,CIN,0.5579395112285542,PIT,False,-0.03040816969916128,0.05364708191473403,55.4,0.15953246597708662,0.31882141056207614,62.2,-0.1899406356762479,-0.2651743286473421,-6.800000000000004,-7
2025_11_HOU_TEN,2025,11,2025-11-16,HOU,TEN,16.0,13.0,-3.0,-5.5,1,True,0.27202873944421696,HOU,0.7279712605557831,HOU,True,-0.17934929331944,0.09584352690464579,56.0,0.048100947009068716,-0.18993716101338554,70.4,-0.22745024032850872,0.28578068791803135,-14.400000000000006,7
2025_11_SF_ARI,2025,11,2025-11-16,SF,ARI,41.0,22.0,-19.0,-3.5,1,True,0.5360720889215287,ARI,0.5360720889215287,SF,False,-0.0268369787168967,0.03786706818494132,68.2,0.07313666483710866,0.19925318142200532,60.0,-0.09997364355400537,-0.161386113237064,8.200000000000003,0
2025_11_SEA_LA,2025,11,2025-11-16,SEA,LA,19.0,21.0,2.0,3.0,1,True,0.6023946562586745,LA,0.6023946562586745,LA,True,0.16787030235799466,-0.1122785273448232,61.4,0.14621415715014144,-0.03315625422838615,54.4,0.021656145207853222,-0.07912227311643705,7.0,0
2025_11_BAL_CLE,2025,11,2025-11-16,BAL,CLE,23.0,16.0,-7.0,-7.5,1,True,0.5237859608536313,CLE,0.5237859608536313,BAL,False,-0.1414369975794329,-0.12259025432230175,63.2,-0.04889046803728119,0.004401968906666731,58.6,-0.0925465295421517,-0.12699222322896847,4.600000000000001,0
2025_11_KC_DEN,2025,11,2025-11-16,KC,DEN,19.0,22.0,3.0,-3.5,1,True,0.37941564235308606,KC,0.6205843576469139,DEN,False,0.004365555106687092,-0.15615881499326792,61.0,0.19348314165933236,-0.09555293333847355,63.8,-0.18911758655264527,-0.06060588165479437,-2.799999999999997,-4
2025_11_DET_PHI,2025,11,2025-11-16,DET,PHI,9.0,16.0,7.0,2.5,0,True,0.4959992239543877,DET,0.5040007760456122,PHI,False,0.11348091993348997,0.030386119004726077,54.4,0.14045928089677343,-0.02407522198223098,61.4,-0.02697836096328346,0.054461340986957055,-7.0,-1
2025_11_DAL_LV,2025,11,2025-11-17,DAL,LV,33.0,16.0,-17.0,-3.5,0,True,0.25504729912922613,DAL,0.7449527008707739,DAL,True,-0.262501554537051,0.01973967830177,53.6,0.11665013145490932,0.08590916615511132,60.0,-0.3791516859919603,-0.06616948785334131,-6.399999999999999,-3
2025_12_BUF_HOU,2025,12,2025-11-20,BUF,HOU,19.0,23.0,4.0,-5.5,0,True,0.4984314421144105,BUF,0.5015685578855895,HOU,False,-0.04357695060083975,-0.1467426856146315,71.2,0.12522535196549522,0.024716552248165047,59.4,-0.16880230256633497,-0.17145923786279654,11.800000000000004,0
2025_12_NYJ_BAL,2025,12,2025-11-23,NYJ,BAL,10.0,23.0,13.0,14.0,0,True,0.732115037495522,BAL,0.732115037495522,BAL,True,0.0005921809611495355,-0.15570442457518158,62.2,-0.14296765379307905,0.04050106098135533,57.8,0.1435598347542286,-0.1962054855565369,4.400000000000006,-3
2025_12_PIT_CHI,2025,12,2025-11-23,PIT,CHI,28.0,31.0,3.0,3.0,0,True,0.6904126932691047,CHI,0.6904126932691047,CHI,True,0.11001127145156915,-0.007733878185766962,67.8,-0.016584055841936667,0.04337680725642233,56.2,0.1265953272935058,-0.051110685442189295,11.599999999999994,0
2025_12_NE_CIN,2025,12,2025-11-23,NE,CIN,26.0,20.0,-6.0,-7.5,0,True,0.35005186798068155,NE,0.6499481320193184,NE,True,0.1362037943090331,0.31331480294732683,63.2,0.1397898383756763,-0.12083929196659264,61.4,-0.0035860440666432014,0.4341540949139195,1.8000000000000043,-3
2025_12_NYG_DET,2025,12,2025-11-23,NYG,DET,27.0,34.0,7.0,14.0,0,True,0.603342905729574,DET,0.603342905729574,DET,True,0.014944831859660012,-0.045950562355944365,61.4,0.10793179758558899,0.24913176043573,62.6,-0.09298696572592897,-0.29508232279167435,-1.2000000000000028,0
2025_12_MIN_GB,2025,12,2025-11-23,MIN,GB,6.0,23.0,17.0,6.5,1,True,0.8052263614179956,GB,0.8052263614179956,GB,True,0.13321926920510668,-0.008188238632215229,59.0,-0.17755916710361247,0.08557803865650386,57.0,0.31077843630871915,-0.09376627728871909,2.0,0
2025_12_IND_KC,2025,12,2025-11-23,IND,KC,20.0,23.0,3.0,3.5,0,True,0.5157375800477481,KC,0.5157375800477481,KC,True,0.16475533314538487,-0.09466255918146536,63.6,0.19876393860717448,-0.0180749782867419,62.2,-0.034008605461789604,-0.07658758089472346,1.3999999999999986,-7
2025_12_SEA_TEN,2025,12,2025-11-23,SEA,TEN,30.0,24.0,-6.0,-12.5,0,True,0.2730372348218561,SEA,0.7269627651781438,SEA,True,-0.19526650089454284,0.09730316283729051,55.2,0.025154604778782574,-0.1472693518385689,59.4,-0.2204211056733254,0.24457251467585941,-4.199999999999996,0
2025_12_JAX_ARI,2025,12,2025-11-23,JAX,ARI,27.0,24.0,-3.0,-2.5,0,True,0.541867354526721,ARI,0.541867354526721,JAX,False,0.0003086431007845794,0.08414177721557044,70.0,-0.03618593288908405,-0.02525929414731095,68.6,0.03649457598986863,0.10940107136288138,1.4000000000000057,0
2025_12_CLE_LV,2025,12,2025-11-23,CLE,LV,24.0,10.0,-14.0,3.0,0,True,0.4441131116164013,CLE,0.5558868883835987,CLE,True,-0.26344495080308744,-0.008891681727922296,52.0,-0.22097613457484738,-0.14755207624004757,60.8,-0.04246881622824006,0.13866039451212528,-8.799999999999997,-1
2025_12_PHI_DAL,2025,12,2025-11-23,PHI,DAL,21.0,24.0,3.0,-3.0,1,True,0.49872321965028776,PHI,0.5012767803497122,DAL,False,0.07140333586417605,0.04002009538499428,61.0,0.06695932520664657,-0.06407214754107282,57.2,0.0044440106575294736,0.1040922429260671,3.799999999999997,-1
2025_12_ATL_NO,2025,12,2025-11-23,ATL,NO,24.0,10.0,-14.0,1.5,1,True,0.5238826069626005,NO,0.5238826069626005,ATL,False,-0.1939279071355584,-0.010023478551470632,55.4,-0.06507968046280133,0.09380342123659799,56.0,-0.12884822667275708,-0.10382689978806862,-0.6000000000000014,7
2025_12_TB_LA,2025,12,2025-11-23,TB,LA,7.0,34.0,27.0,7.0,0,True,0.7242904674221816,LA,0.7242904674221816,LA,True,0.1181051855656849,-0.17720746381618313,58.8,-0.03496468759100254,-0.05139388819930857,61.6,0.15306987315668744,-0.12581357561687456,-2.8000000000000043,0
2025_12_CAR_SF,2025,12,2025-11-24,CAR,SF,9.0,20.0,11.0,7.5,0,True,0.7206613017646202,SF,0.7206613017646202,SF,True,0.12843860825052206,0.15267284649359297,56.6,-0.12058656266312966,0.08383508557206552,61.4,0.24902517091365173,0.06883776092152745,-4.799999999999997,0
2025_13_GB_DET,2025,13,2025-11-27,GB,DET,31.0,24.0,-7.0,2.5,1,True,0.4625637704570521,GB,0.5374362295429479,GB,True,0.02215760250632121,-0.0761214201257113,63.4,0.11459321348271678,-0.08362202745089076,61.2,-0.09243561097639558,0.007500607325179459,2.1999999999999957,0
2025_13_KC_DAL,2025,13,2025-11-27,KC,DAL,28.0,31.0,3.0,-3.5,0,True,0.41852631221433206,KC,0.5814736877856679,DAL,False,0.03116965802198482,0.02053360744118498,63.6,0.11404253528424639,-0.11797804494821032,70.4,-0.08287287726226157,0.1385116523893953,-6.800000000000004,0
2025_13_CIN_BAL,2025,13,2025-11-27,CIN,BAL,32.0,14.0,-18.0,7.0,1,True,0.7064142766449283,BAL,0.7064142766449283,CIN,False,0.057099070785739156,-0.18309817409878976,58.6,0.07894790134539457,0.27242228539124824,63.2,-0.02184883055965542,-0.455520459490038,-4.600000000000001,0
2025_13_CHI_PHI,2025,13,2025-11-28,CHI,PHI,24.0,15.0,-9.0,7.0,0,True,0.6240572933353353,PHI,0.6240572933353353,CHI,False,0.09868446714357074,-0.1188527371982558,57.6,0.09400845876375567,0.05183977354587689,66.6,0.004676008379815064,-0.1706925107441327,-8.999999999999993,0
2025_13_LA_CAR,2025,13,2025-11-30,LA,CAR,28.0,31.0,3.0,-10.0,0,True,0.1972012660119464,LA,0.8027987339880536,CAR,False,-0.14855232512911754,0.1347187175998928,56.6,0.14386477460392327,-0.19677635736911323,60.0,-0.2924170997330408,0.331495074969006,-3.3999999999999986,-1
2025_13_SF_CLE,2025,13,2025-11-30,SF,CLE,26.0,8.0,-18.0,-5.5,0,True,0.42960841156968127,SF,0.5703915884303188,SF,True,-0.22755955077912157,-0.24981843719970676,55.2,0.12127630135345877,0.13537133327643677,57.4,-0.34883585213258034,-0.38518977047614356,-2.1999999999999957,1
2025_13_HOU_IND,2025,13,2025-11-30,HOU,IND,20.0,16.0,-4.0,3.0,1,True,0.611702931617965,IND,0.611702931617965,HOU,False,0.16804877690163078,-0.03325706006816827,60.8,0.005580196493148235,-0.1299216710287508,68.2,0.16246858040848255,0.09666461096058253,-7.400000000000006,-3
2025_13_NO_MIA,2025,13,2025-11-30,NO,MIA,17.0,21.0,4.0,5.5,0,True,0.7255309218725314,MIA,0.7255309218725314,MIA,True,-0.06465085252982321,-0.042149117787478596,57.6,-0.24066313744311468,-0.06399587272613097,60.8,0.17601228491329146,0.021846754938652374,-3.1999999999999957,7
2025_13_ATL_NYJ,2025,13,2025-11-30,ATL,NYJ,24.0,27.0,3.0,-3.0,0,True,0.5287742371143156,NYJ,0.5287742371143156,NYJ,True,-0.09286646562061592,0.04772350788788536,57.8,-0.06469371116420639,0.03194597215136561,54.8,-0.02817275445640953,0.01577753573651975,3.0,0
2025_13_ARI_TB,2025,13,2025-11-30,ARI,TB,17.0,20.0,3.0,4.5,0,True,0.45018913906494784,ARI,0.5498108609350522,TB,False,-0.1798211216928868,-0.015207542843756453,65.0,-0.04705643708822889,0.016659791644375373,71.2,-0.1327646846046579,-0.031867334488131824,-6.200000000000003,0
2025_13_JAX_TEN,2025,13,2025-11-30,JAX,TEN,25.0,3.0,-22.0,-6.0,1,True,0.36778431487728236,JAX,0.6322156851227176,JAX,True,-0.1347901504466489,0.19135929992553705,57.2,-0.06943387968207379,-0.06497518615712417,67.0,-0.06535627076457512,0.2563344860826612,-9.799999999999997,0
2025_13_MIN_SEA,2025,13,2025-11-30,MIN,SEA,0.0,26.0,26.0,12.5,0,True,0.8408428469425736,SEA,0.8408428469425736,SEA,True,0.07291702255946253,-0.14395740153918962,58.4,-0.24565055081080261,0.0339024770921203,52.4,0.31856757337026514,-0.17785987863130992,6.0,0
2025_13_LV_LAC,2025,13,2025-11-30,LV,LAC,14.0,31.0,17.0,10.0,1,True,0.8130508472039633,LAC,0.8130508472039633,LAC,True,-0.04368704131419503,-0.09274214707989406,64.2,-0.30371219712889247,0.008986226133860326,56.2,0.26002515581469743,-0.10172837321375439,8.0,7
2025_13_BUF_PIT,2025,13,2025-11-30,BUF,PIT,26.0,7.0,-19.0,-3.0,0,True,0.36820784941258133,BUF,0.6317921505874187,BUF,True,-0.08935124654089757,-0.019755133349884723,59.2,0.11615953214186743,-0.0014953403007952725,61.6,-0.20551077868276502,-0.01825979304908945,-2.3999999999999986,-3
2025_13_DEN_WAS,2025,13,2025-11-30,DEN,WAS,27.0,26.0,-1.0,-6.5,0,True,0.363509180578367,DEN,0.636490819421633,DEN,True,-0.035646287031701286,0.25361221713363935,58.8,0.028044967914605635,-0.06295523724125907,62.0,-0.06369125494630692,0.3165674543748984,-3.200000000000003,0
2025_13_NYG_NE,2025,13,2025-12-01,NYG,NE,15.0,33.0,18.0,7.0,0,True,0.6884910770583911,NE,0.6884910770583911,NE,True,0.08700789569089859,-0.10267680783983602,62.2,0.10671974146248941,0.2621045655039459,63.8,-0.019711845771590825,-0.3647813733437819,-1.5999999999999943,0
2025_14_DAL_DET,2025,14,2025-12-04,DAL,DET,30.0,44.0,14.0,3.5,0,True,0.5728779623301854,DET,0.5728779623301854,DET,True,0.0539679867639163,0.06552950221404981,62.4,0.05785366215883132,0.11478665203216856,64.2,-0.0038856753949150225,-0.04925714981811875,-1.8000000000000043,0
2025_14_SEA_ATL,2025,14,2025-12-07,SEA,ATL,37.0,9.0,-28.0,-7.0,0,True,0.41674293952358915,SEA,0.5832570604764109,SEA,True,0.038359945044165955,0.005264736992253297,58.6,0.08700374962962915,-0.22248688356530327,57.8,-0.04864380458546319,0.22775162055755657,0.8000000000000043,0
2025_14_PIT_BAL,2025,14,2025-12-07,PIT,BAL,27.0,22.0,-5.0,5.5,1,True,0.6864163329682758,BAL,0.6864163329682758,PIT,False,-0.05392513442008697,-0.18844749759591015,58.0,-0.14280172422839693,-0.06564113434841656,56.2,0.08887658980830995,-0.12280636324749358,1.7999999999999972,3
2025_14_TEN_CLE,2025,14,2025-12-07,TEN,CLE,31.0,29.0,-2.0,4.5,0,True,0.599960548119316,CLE,0.599960548119316,TEN,False,-0.2508303838676584,-0.13636862229889096,57.0,-0.16278877789931692,0.14046216146235904,58.0,-0.08804160596834146,-0.27683078376125003,-1.0,0
2025_14_CHI_GB,2025,14,2025-12-07,CHI,GB,21.0,28.0,7.0,6.5,1,True,0.5663412065030002,GB,0.5663412065030002,GB,True,0.10644928215422278,-0.04447466648688579,60.0,0.09751750157424852,0.0015365617177230603,71.0,0.008931780579974263,-0.04601122820460885,-11.0,1
2025_14_IND_JAX,2025,14,2025-12-07,IND,JAX,19.0,36.0,17.0,-2.5,1,True,0.5216257830280089,JAX,0.5216257830280089,JAX,True,-0.034800557063912725,-0.17399439202024658,63.2,0.057827195635007975,-0.0485287505799402,60.0,-0.0926277526989207,-0.12546564144030636,3.200000000000003,0
2025_14_WAS_MIN,2025,14,2025-12-07,WAS,MIN,0.0,31.0,31.0,-1.5,0,True,0.4048145330980786,WAS,0.5951854669019214,MIN,False,-0.301342375379698,-0.04241110351638923,52.8,0.023160507336051656,0.27055137312278743,63.0,-0.3245028827157497,-0.31296247663917665,-10.200000000000003,0
2025_14_MIA_NYJ,2025,14,2025-12-07,MIA,NYJ,34.0,10.0,-24.0,-2.5,1,True,0.4254834044049451,MIA,0.5745165955950549,MIA,True,-0.039863449975371515,0.09473310194971538,58.2,0.020033822378971156,-0.05929218524987371,57.4,-0.05989727235434267,0.15402528719958908,0.8000000000000043,0
2025_14_NO_TB,2025,14,2025-12-07,NO,TB,24.0,20.0,-4.0,7.5,1,True,0.6032039698807,TB,0.6032039698807,NO,False,-0.08351877766236555,0.003593941158479848,62.6,-0.21425148188946253,-0.10973655400497757,64.4,0.13073270422709699,0.11333049516345742,-1.8000000000000043,0
2025_14_DEN_LV,2025,14,2025-12-07,DEN,LV,24.0,17.0,-7.0,-8.5,1,True,0.28366616501989833,DEN,0.7163338349801016,DEN,True,-0.23628924772716603,-0.008323461855455188,59.2,0.047913311297642217,-0.07295727785539527,60.4,-0.28420255902480823,0.06463381599994009,-1.1999999999999957,0
2025_14_LA_ARI,2025,14,2025-12-07,LA,ARI,45.0,17.0,-28.0,-9.5,1,True,0.3424430264468718,LA,0.6575569735531281,LA,True,-0.04187510309900326,0.00554119796186809,69.2,0.1476455715170643,-0.117221613190896,58.4,-0.18952067461606759,0.12276281115276408,10.800000000000004,0
2025_14_CIN_BUF,2025,14,2025-12-07,CIN,BUF,34.0,39.0,5.0,6.0,0,True,0.6442328780143665,BUF,0.6442328780143665,BUF,True,0.06740541060933716,-0.017382606507124098,64.4,0.012589627014486893,0.13142418391285593,65.4,0.05481578359485027,-0.14880679041998002,-1.0,-3
2025_14_HOU_KC,2025,14,2025-12-07,HOU,KC,20.0,10.0,-10.0,4.5,0,True,0.6204774733408777,KC,0.6204774733408777,HOU,False,0.11908480438621134,0.06208074557212384,67.6,-0.03920616714030779,-0.14517657266556275,67.6,0.15829097152651914,0.2072573182376866,0.0,3
2025_14_PHI_LAC,2025,14,2025-12-08,PHI,LAC,19.0,22.0,3.0,-1.5,0,True,0.5560507648180665,LAC,0.5560507648180665,LAC,True,-0.03353872141865916,-0.24601555940011996,62.4,0.03481014292123362,-0.09267906068583144,58.0,-0.06834886433989279,-0.1533364987142885,4.399999999999999,-2
2025_15_ATL_TB,2025,15,2025-12-11,ATL,TB,29.0,28.0,-1.0,6.0,1,True,0.48131441619102255,ATL,0.5186855838089774,ATL,True,-0.08959844259706658,0.10176660004513587,65.2,-0.04678742848298413,0.032943633473761946,60.2,-0.042811014114082446,0.06882296657137392,5.0,0
2025_15_CLE_CHI,2025,15,2025-12-14,CLE,CHI,3.0,31.0,28.0,7.5,0,True,0.6742931605437691,CHI,0.6742931605437691,CHI,True,0.028505747127417397,0.003331390721061095,69.4,-0.19242162736333332,-0.1695712003194612,59.6,0.22092737449075073,0.1729025910405223,9.800000000000004,0
2025_15_BAL_CIN,2025,15,2025-12-14,BAL,CIN,24.0,0.0,-24.0,-2.5,1,True,0.5215345103191006,CIN,0.5215345103191006,BAL,False,-0.016535229905581504,0.11415634980826943,65.2,-0.09378135733161512,-0.09467103394927559,62.2,0.07724612742603362,0.208827383757545,3.0,0
2025_15_ARI_HOU,2025,15,2025-12-14,ARI,HOU,20.0,40.0,20.0,10.5,0,True,0.7164751974508217,HOU,0.7164751974508217,HOU,True,-0.024386273586667902,-0.18575541790952563,66.2,-0.07691187570230676,0.11547936732728958,68.8,0.05252560211563886,-0.30123478523681524,-2.5999999999999943,0
2025_15_NYJ_JAX,2025,15,2025-12-14,NYJ,JAX,20.0,48.0,28.0,13.5,0,True,0.7912278314557636,JAX,0.7912278314557636,JAX,True,-0.04793204641120864,-0.23947870598294663,60.0,-0.1986800629716337,0.08318149926329321,55.6,0.15074801656042508,-0.32266020524623984,4.399999999999999,0
2025_15_LAC_KC,2025,15,2025-12-14,LAC,KC,16.0,13.0,-3.0,5.5,1,True,0.5443005526537368,KC,0.5443005526537368,LAC,False,0.010351397037115939,0.08321141532751157,67.0,-0.12873322247354801,-0.2137664099727127,62.6,0.13908461951066395,0.29697782530022426,4.399999999999999,1
2025_15_BUF_NE,2025,15,2025-12-14,BUF,NE,35.0,31.0,-4.0,-2.5,1,True,0.6319134164660767,NE,0.6319134164660767,BUF,False,0.10615034971626496,-0.054517666968928125,62.0,0.07211152999522549,-0.0006807298697419084,63.4,0.03403881972103946,-0.053836937099186216,-1.3999999999999986,6
2025_15_WAS_NYG,2025,15,2025-12-14,WAS,NYG,29.0,21.0,-8.0,2.5,1,True,0.6910590285551956,NYG,0.6910590285551956,WAS,False,0.06705608049008908,0.20465568095544223,64.8,-0.027054666751146948,0.28227306531179275,62.4,0.09411074724123603,-0.07761738435635052,2.3999999999999986,6
2025_15_LV_PHI,2025,15,2025-12-14,LV,PHI,0.0,31.0,31.0,12.5,0,True,0.7433919646950814,PHI,0.7433919646950814,PHI,True,-0.10903950240898719,-0.16516551053198358,60.2,-0.2748390267285538,-0.00868207223543786,56.4,0.16579952431956663,-0.15648343829654573,3.8000000000000043,-1
2025_15_GB_DEN,2025,15,2025-12-14,GB,DEN,26.0,34.0,8.0,-1.5,0,True,0.46547372304079876,GB,0.5345262769592012,DEN,False,0.00572197926732636,-0.09506505727448332,63.6,0.14591304417416262,-0.04178569471959652,57.6,-0.14019106490683625,-0.0532793625548868,6.0,0
2025_15_DET_LA,2025,15,2025-12-14,DET,LA,34.0,41.0,7.0,5.5,0,True,0.6387527649318968,LA,0.6387527649318968,LA,True,0.18219553825819862,-0.06544069020403961,56.6,0.12203270492648206,0.06714247847157537,61.0,0.060162833331716556,-0.13258316867561498,-4.399999999999999,-3
2025_15_CAR_NO,2025,15,2025-12-14,CAR,NO,17.0,20.0,3.0,-2.5,1,True,0.5203449559245827,NO,0.5203449559245827,NO,True,-0.11607882300280647,-0.1158162189396786,61.0,-0.032070072918814224,0.09391564272467758,56.6,-0.08400875008399225,-0.20973186166435617,4.399999999999999,-7
2025_15_IND_SEA,2025,15,2025-12-14,IND,SEA,16.0,18.0,2.0,13.5,0,True,0.7298016022669301,SEA,0.7298016022669301,SEA,True,0.02768339561292199,-0.2897567547978138,59.8,-0.056186395932372644,-0.012753094543235696,62.2,0.08386979154529464,-0.2770036602545781,-2.4000000000000057,0
2025_15_TEN_SF,2025,15,2025-12-14,TEN,SF,24.0,37.0,13.0,12.5,0,True,0.8107351102243803,SF,0.8107351102243803,SF,True,0.13107150440323312,0.04928660836451397,61.2,-0.16383791250461185,0.052767201692898745,57.6,0.294909416907845,-0.003480593328384775,3.6000000000000014,7
2025_15_MIN_DAL,2025,15,2025-12-14,MIN,DAL,34.0,26.0,-8.0,5.5,0,True,0.713164268442948,DAL,0.713164268442948,MIN,False,0.04382310357680011,0.10818950762167598,66.0,-0.23516096352466956,-0.12742175131667274,53.2,0.27898406710146967,0.23561125893834872,12.799999999999997,3
2025_15_MIA_PIT,2025,15,2025-12-15,MIA,PIT,15.0,28.0,13.0,3.0,0,True,0.4501391727799548,MIA,0.5498608272200451,PIT,False,-0.06633894834230641,-0.03846352427193847,54.2,0.032853823500368945,-0.08165172337211432,56.6,-0.09919277184267536,0.04318819910017585,-2.3999999999999986,0
2025_16_LA_SEA,2025,16,2025-12-18,LA,SEA,37.0,38.0,1.0,1.5,1,True,0.520603389346852,SEA,0.520603389346852,SEA,True,0.004654535028309518,-0.2671750999120811,60.2,0.13946862959860623,-0.05957081649716067,57.6,-0.13481409457029672,-0.20760428341492043,2.6000000000000014,0
2025_16_GB_CHI,2025,16,2025-12-20,GB,CHI,16.0,22.0,6.0,1.5,1,True,0.46813393921548024,GB,0.5318660607845198,CHI,False,0.033661085023416054,-0.09083598688191616,69.6,0.1850098782460482,0.0067680575092613935,57.2,-0.15134879322263214,-0.09760404439117755,12.399999999999991,0
2025_16_PHI_WAS,2025,16,2025-12-20,PHI,WAS,29.0,18.0,-11.0,-7.0,1,True,0.3842989538745226,PHI,0.6157010461254774,PHI,True,-0.02261647773328475,0.19664460540162962,61.0,-0.044188695008915986,-0.21257304982163544,61.4,0.021572217275631238,0.40921765522326503,-0.3999999999999986,0
2025_16_NE_BAL,2025,16,2025-12-21,NE,BAL,28.0,24.0,-4.0,3.5,0,True,0.4261166863566117,NE,0.5738833136433883,NE,True,-0.05149018240305925,-0.12437562229525363,56.4,0.15232604058460503,-0.016248390082917074,59.2,-0.20381622298766428,-0.10812723221233655,-2.8000000000000043,0
2025_16_TB_CAR,2025,16,2025-12-21,TB,CAR,20.0,23.0,3.0,-3.0,1,True,0.5672992165553711,CAR,0.5672992165553711,CAR,True,-0.02897111453988026,0.1066985031076277,57.0,-0.08744451634180325,0.10965996396027222,64.2,0.058473401801922995,-0.0029614608526445235,-7.200000000000003,-3
2025_16_BUF_CLE,2025,16,2025-12-21,BUF,CLE,23.0,20.0,-3.0,-10.5,0,True,0.2580157160130507,BUF,0.7419842839869493,BUF,True,-0.2691518313584118,-0.10024392863573701,56.8,0.13905260857147583,-0.014284425438347802,63.0,-0.40820443992988764,-0.08595950319738921,-6.200000000000003,0
2025_16_LAC_DAL,2025,16,2025-12-21,LAC,DAL,34.0,17.0,-17.0,1.5,0,True,0.6243944092193852,DAL,0.6243944092193852,LAC,False,0.08831034743283014,0.13076539264819567,67.0,-0.15462557581892497,-0.19946020406903492,62.0,0.24293592325175511,0.3302255967172306,5.0,0
2025_16_NYJ_NO,2025,16,2025-12-21,NYJ,NO,6.0,29.0,23.0,6.5,0,True,0.7827330787866678,NO,0.7827330787866678,NO,True,-0.030637623171668016,-0.14695173100662123,65.4,-0.1711376858550088,0.16513461864837556,60.2,0.14050006268334078,-0.3120863496549968,5.200000000000003,0
2025_16_MIN_NYG,2025,16,2025-12-21,MIN,NYG,16.0,13.0,-3.0,-2.5,0,True,0.6316093497849175,NYG,0.6316093497849175,MIN,False,0.037081209578412724,0.13916839989410945,67.0,-0.15780530357423111,-0.10436044032218625,51.0,0.19488651315264383,0.2435288402162957,16.0,0
2025_16_KC_TEN,2025,16,2025-12-21,KC,TEN,9.0,26.0,17.0,-3.5,0,True,0.4677152918149492,KC,0.5322847081850508,TEN,False,-0.081946545428737,0.08547822425791383,58.6,-0.01786615943283878,0.027904347598837302,67.2,-0.06408038599589821,0.05757387665907653,-8.600000000000001,0
2025_16_ATL_ARI,2025,16,2025-12-21,ATL,ARI,26.0,19.0,-7.0,-2.5,0,True,0.44593764447917167,ATL,0.5540623555208284,ATL,True,-0.032315427952295736,0.15039856701848353,66.8,0.010035503142198744,0.013767225417880441,61.6,-0.042350931094494476,0.13663134160060308,5.199999999999996,-3
2025_16_JAX_DEN,2025,16,2025-12-21,JAX,DEN,34.0,20.0,-14.0,3.5,0,True,0.4556710656239289,JAX,0.5443289343760711,JAX,True,0.05663343796352409,-0.06070042921400448,64.0,0.06465603010285884,-0.28556912098035075,60.0,-0.008022592139334747,0.22486869176634627,4.0,0
2025_16_PIT_DET,2025,16,2025-12-21,PIT,DET,29.0,24.0,-5.0,7.5,0,True,0.5235156071284238,DET,0.5235156071284238,PIT,False,0.05511872000165097,0.07195501656716645,59.8,0.0536271504725586,-0.03001463846038756,56.6,0.0014915695290923653,0.10196965502755401,3.1999999999999957,1
2025_16_LV_HOU,2025,16,2025-12-21,LV,HOU,21.0,23.0,2.0,14.5,0,True,0.8414583377671255,HOU,0.8414583377671255,HOU,True,0.010552363598502434,-0.1362258214114999,63.8,-0.27886794998160924,0.09098158643182518,53.2,0.28942031358011167,-0.22720740784332505,10.599999999999994,0
2025_16_CIN_MIA,2025,16,2025-12-21,CIN,MIA,45.0,21.0,-24.0,-3.5,0,True,0.7426141555290743,MIA,0.7426141555290743,CIN,False,0.06480770659759116,-0.07947669651140284,54.4,-0.12452917005010859,0.06501899920583783,66.4,0.18933687664769977,-0.14449569571724066,-12.000000000000007,-1
2025_16_SF_IND,2025,16,2025-12-22,SF,IND,48.0,27.0,-21.0,-4.5,0,True,0.43697977788045095,SF,0.563020222119549,SF,True,-0.051221475810931505,0.001654810358669094,59.2,0.11465033638934294,0.06170058658340111,62.6,-0.16587181220027444,-0.06004577622473201,-3.3999999999999986,0
2025_17_DAL_WAS,2025,17,2025-12-25,DAL,WAS,30.0,23.0,-7.0,-8.5,1,True,0.46168257831507653,DAL,0.5383174216849235,DAL,True,-0.08226009378386483,0.15647025272449505,60.8,0.06842044486429469,0.26355993096515357,66.0,-0.1506805386481595,-0.10708967824065851,-5.200000000000003,1
2025_17_DET_MIN,2025,17,2025-12-25,DET,MIN,10.0,23.0,13.0,-7.0,1,True,0.4311651486332365,DET,0.5688348513667635,MIN,False,-0.13064175106951145,-0.17065294793466107,51.2,0.15553405366671885,0.1601933999803577,61.6,-0.2861758047362303,-0.33084634791501877,-10.399999999999999,0
2025_17_DEN_KC,2025,17,2025-12-25,DEN,KC,20.0,13.0,-7.0,-13.5,1,True,0.38104401093776996,DEN,0.61895598906223,DEN,True,-0.08943823549590534,0.030287341332976014,63.4,0.10048665832729428,0.034842690883659815,66.0,-0.1899248938231996,-0.004555349550683801,-2.6000000000000014,0
2025_17_SEA_CAR,2025,17,2025-12-28,SEA,CAR,27.0,10.0,-17.0,-6.5,0,True,0.43577092415739577,SEA,0.5642290758426043,SEA,True,0.07503170399742151,0.09571663572906917,57.6,0.0509606563792452,-0.18363529580366822,57.4,0.024071047618176314,0.2793519315327374,0.20000000000000284,-3
2025_17_ARI_CIN,2025,17,2025-12-28,ARI,CIN,14.0,37.0,23.0,7.0,0,True,0.6404540441488538,CIN,0.6404540441488538,CIN,True,-0.0027557081734817523,0.013676673424453788,66.0,-0.04545588034755868,0.12276730264665996,63.4,0.04270017217407693,-0.10909062922220616,2.6000000000000014,0
2025_17_PIT_CLE,2025,17,2025-12-28,PIT,CLE,6.0,13.0,7.0,-4.5,1,True,0.36721316985721947,PIT,0.6327868301427806,CLE,False,-0.206505852827276,-0.070421436575175,58.8,0.056121247408670506,0.03759047155373572,58.8,-0.2626271002359465,-0.1080119081289107,0.0,0
2025_17_BAL_GB,2025,17,2025-12-27,BAL,GB,41.0,24.0,-17.0,2.5,0,True,0.6832017115513791,GB,0.6832017115513791,BAL,False,0.1272641386500338,-0.0034734227610205754,60.4,-0.012784805067462855,0.0020714942710026107,55.4,0.14004894371749665,-0.005544917032023186,5.0,1
2025_17_JAX_IND,2025,17,2025-12-28,JAX,IND,23.0,17.0,-6.0,-3.5,1,True,0.2878783428825795,JAX,0.7121216571174205,JAX,True,-0.08877545323049982,0.09554480249711447,55.8,0.06626962715366438,-0.18990177790643953,59.8,-0.1550450803841642,0.285446580403554,-4.0,-1
2025_17_HOU_LAC,2025,17,2025-12-27,HOU,LAC,20.0,16.0,-4.0,1.5,0,True,0.5185856311203685,LAC,0.5185856311203685,HOU,False,-0.048831602308865504,-0.11729374104824053,60.6,-0.0077717944105235495,-0.12076728934022778,62.0,-0.04105980789834195,0.003473548291987247,-1.3999999999999986,0
2025_17_NYG_LV,2025,17,2025-12-28,NYG,LV,34.0,10.0,-24.0,-3.0,0,True,0.4107662173862931,NYG,0.5892337826137068,NYG,True,-0.2438583087846855,0.03252869067418705,52.4,-0.0396866045904185,0.12256529433266801,62.6,-0.204171704194267,-0.09003660365848096,-10.200000000000003,0
2025_17_TB_MIA,2025,17,2025-12-28,TB,MIA,17.0,20.0,3.0,-5.5,0,True,0.6364918923609775,MIA,0.6364918923609775,MIA,True,-0.009142948395405519,0.009681603062269095,55.8,-0.07685439504889968,0.08109020258236485,62.4,0.06771144665349416,-0.07140859952009576,-6.600000000000001,0
2025_17_NE_NYJ,2025,17,2025-12-28,NE,NYJ,42.0,10.0,-32.0,-12.5,1,True,0.19803799694096752,NE,0.8019620030590324,NE,True,-0.2254202795862401,0.1306037208880717,61.4,0.16137227951680666,-0.004076458388045765,61.4,-0.3867925591030468,0.13468017927611747,0.0,0
2025_17_NO_TEN,2025,17,2025-12-28,NO,TEN,34.0,26.0,-8.0,-1.5,0,True,0.48784010154030266,NO,0.5121598984596973,NO,True,-0.04906026517464511,0.03637086723093676,60.8,-0.06414959813212937,-0.13436912028854375,68.0,0.015089332957484256,0.1707399875194805,-7.200000000000003,0
2025_17_PHI_BUF,2025,17,2025-12-28,PHI,BUF,13.0,12.0,-1.0,3.0,0,True,0.5386395178080563,BUF,0.5386395178080563,PHI,False,0.10252129078830989,-0.04424112651017716,61.8,0.05963687535769972,-0.15742905345048544,60.8,0.04288441543061017,0.11318792694030827,1.0,-1
2025_17_CHI_SF,2025,17,2025-12-28,CHI,SF,38.0,42.0,4.0,3.5,0,True,0.6235148986238365,SF,0.6235148986238365,SF,True,0.1698629935699575,-0.027829676643588586,63.0,0.06330528032984552,-0.040152902932321696,67.0,0.10655771324011197,0.01232322628873311,-4.0,-2
2025_17_LA_ATL,2025,17,2025-12-29,LA,ATL,24.0,27.0,3.0,-7.5,0,True,0.3443040454576216,LA,0.6556959545423784,ATL,False,-0.004721469657575282,-0.0125785743232429,64.2,0.22300843370701912,-0.013264695146224994,65.2,-0.2277299033645944,0.0006861208229820941,-1.0,-3
2025_18_NO_ATL,2025,18,2026-01-04,NO,ATL,17.0,19.0,2.0,4.5,1,True,0.46453540741535926,NO,0.5354645925846407,ATL,False,0.040849857342249385,0.021662691746787473,64.0,0.03990464632371342,-0.14808361175243295,62.6,0.0009452110185359658,0.16974630349922043,1.3999999999999986,-1
2025_18_NYJ_BUF,2025,18,2026-01-04,NYJ,BUF,8.0,35.0,27.0,12.5,1,True,0.8668232487484583,BUF,0.8668232487484583,BUF,True,0.11122138888707353,-0.05530697925106516,63.4,-0.23105081355406845,0.23804029131011104,62.6,0.342272202441142,-0.2933472705611762,0.7999999999999972,0
2025_18_DET_CHI,2025,18,2026-01-04,DET,CHI,19.0,16.0,-3.0,3.5,1,True,0.6401940698526319,CHI,0.6401940698526319,DET,False,0.13306394258432658,0.01662748695899638,67.8,0.033112654462675375,0.08138389624981704,61.8,0.0999512881216512,-0.06475640929082066,6.0,-3
2025_18_CLE_CIN,2025,18,2026-01-04,CLE,CIN,20.0,18.0,-2.0,9.5,1,True,0.772589652679123,CIN,0.772589652679123,CLE,False,0.10396710034622936,0.003880354505086177,67.8,-0.2095823247445538,-0.035071668635766926,59.2,0.31354942509078315,0.0389520231408531,8.599999999999994,0
2025_18_LAC_DEN,2025,18,2026-01-04,LAC,DEN,3.0,19.0,16.0,14.5,1,True,0.5839557373291168,DEN,0.5839557373291168,DEN,True,0.11324435828975798,-0.014120353163958505,68.0,0.01037676178120075,-0.16349835959332865,63.4,0.10286759650855723,0.14937800642937013,4.600000000000001,2
2025_18_IND_HOU,2025,18,2026-01-04,IND,HOU,30.0,38.0,8.0,9.5,1,True,0.7266413203768592,HOU,0.7266413203768592,HOU,True,-0.025205196789541383,-0.13098569091126516,62.8,-0.1290414790061992,0.09392298478482877,56.8,0.1038362822166578,-0.22490867569609393,6.0,1
2025_18_TEN_JAX,2025,18,2026-01-04,TEN,JAX,7.0,41.0,34.0,12.5,1,True,0.7734078986384858,JAX,0.7734078986384858,JAX,True,0.10505762047928006,-0.20162779244680182,61.4,-0.08415994128378261,0.027372549665584396,61.6,0.18921756176306267,-0.2290003421123862,-0.20000000000000284,0
2025_18_ARI_LA,2025,18,2026-01-04,ARI,LA,20.0,37.0,17.0,14.5,1,True,0.7555939551913003,LA,0.7555939551913003,LA,True,0.18316274940956992,0.09584761484045427,66.4,-0.025148272524940674,0.2284325324506716,59.0,0.2083110219345106,-0.13258491761021735,7.400000000000006,-1
2025_18_KC_LV,2025,18,2026-01-04,KC,LV,12.0,14.0,2.0,-3.5,1,True,0.4189048463374271,KC,0.5810951536625729,LV,False,-0.21056018726219383,0.12402922712692457,48.2,-0.13212252879663408,0.0504446961689627,53.2,-0.07843765846555975,0.07358453095796187,-5.0,-3
2025_18_GB_MIN,2025,18,2026-01-04,GB,MIN,3.0,16.0,13.0,12.5,1,True,0.5274991594620241,MIN,0.5274991594620241,MIN,True,-0.1002407659963472,-0.2682955620043867,52.6,0.14447737454349013,0.15582243525063982,56.4,-0.24471814053983731,-0.4241179972550265,-3.799999999999997,2
2025_18_MIA_NE,2025,18,2026-01-04,MIA,NE,10.0,38.0,28.0,14.0,1,True,0.7254405338542143,NE,0.7254405338542143,NE,True,0.22552942482560043,-0.026718620347354293,61.4,0.016352724137675495,0.0025696467028005487,55.4,0.20917670068792493,-0.029288267050154842,6.0,0
2025_18_DAL_NYG,2025,18,2026-01-04,DAL,NYG,17.0,34.0,17.0,-3.0,1,True,0.5180539324885989,NYG,0.5180539324885989,NYG,True,-0.022210683750486977,0.009705181340889834,61.0,0.11528840882206585,0.2904760055667157,70.4,-0.13749909257255283,-0.2807708242258259,-9.400000000000006,-3
2025_18_WAS_PHI,2025,18,2026-01-04,WAS,PHI,24.0,17.0,-7.0,3.0,1,True,0.7413548979779866,PHI,0.7413548979779866,WAS,False,0.0233278443591713,-0.17726036886451263,59.8,-0.05707904087021454,0.20299690333493245,56.0,0.08040688522938584,-0.38025727219944505,3.799999999999997,-3
2025_18_BAL_PIT,2025,18,2026-01-04,BAL,PIT,24.0,26.0,2.0,-4.5,1,True,0.5182275771050373,PIT,0.5182275771050373,PIT,True,0.015025304466289219,-0.011898835819454289,57.6,0.07054280243197972,0.058214853103953336,58.8,-0.0555174979656905,-0.07011368892340762,-1.1999999999999957,-1
2025_18_SEA_SF,2025,18,2026-01-03,SEA,SF,13.0,3.0,-10.0,-2.5,1,True,0.5871804605768376,SF,0.5871804605768376,SEA,False,0.1886157245248677,0.03239344693932437,66.6,-0.017844969078798043,-0.28472237264716205,61.2,0.20646069360366573,0.31711581958648644,5.3999999999999915,0
2025_18_CAR_TB,2025,18,2026-01-03,CAR,TB,14.0,16.0,2.0,3.0,1,True,0.6004380368577689,TB,0.6004380368577689,TB,True,0.016142692664040833,0.08349363830305864,61.6,-0.052610651733301726,0.05963531543892978,52.2,0.06875334439734256,0.02385832286412886,9.399999999999999,0
2026_01_NE_SEA,2026,1,2026-09-09,NE,SEA,10.0,13.0,3.0,3.0,0,True,0.4016124189280398,NE,0.5983875810719602,SEA,False,0.03146639897674305,-0.21598117975211112,61.6,0.2967977096452386,-0.05686233788426774,59.0,-0.2653313106684956,-0.15911884186784336,2.6000000000000014,0
2026_01_SF_LA,2026,1,2026-09-10,SF,LA,27.0,7.0,-20.0,3.5,1,True,0.6357507867016214,LA,0.6357507867016214,SF,False,0.20242419062273243,0.05556544907132457,70.0,0.11708715929915851,0.08625784464236179,61.4,0.08533703132357391,-0.030692395571037222,8.600000000000001,0
2026_01_CHI_CAR,2026,1,2026-09-13,CHI,CAR,59.0,37.0,-22.0,-3.0,0,True,0.4259566486424385,CHI,0.5740433513575616,CHI,True,-0.016765858974209007,0.061112909541193264,52.8,0.12080291145403337,0.052796612598658,61.8,-0.13756877042824237,0.008316296942535266,-9.0,0
2026_01_TB_CIN,2026,1,2026-09-13,TB,CIN,27.0,33.0,6.0,3.5,0,True,0.6374356226237194,CIN,0.6374356226237194,CIN,True,0.08178308727968085,0.04682140408574334,65.2,0.004944232169463396,0.08446927586005185,64.0,0.07683885511021746,-0.037647871774308506,1.2000000000000028,0
2026_01_NO_DET,2026,1,2026-09-13,NO,DET,30.0,31.0,1.0,7.0,0,True,0.4800258180758774,NO,0.5199741819241226,DET,False,0.05423402720029515,0.01975685217084418,64.2,0.04998060341729093,-0.17070709182498847,61.4,0.004253423783004223,0.19046394399583266,2.8000000000000043,0
2026_01_BUF_HOU,2026,1,2026-09-13,BUF,HOU,36.0,31.0,-5.0,-1.5,0,True,0.433192824535285,BUF,0.566807175464715,BUF,True,-0.031204036481035598,-0.12230835434893635,61.2,0.16212500336374552,-0.021618755080580875,62.6,-0.19332903984478111,-0.10068959926835547,-1.3999999999999986,0
2026_01_BAL_IND,2026,1,2026-09-13,BAL,IND,41.0,23.0,-18.0,-3.0,0,True,0.3136562686090275,BAL,0.6863437313909725,BAL,True,-0.12036414244387036,0.08792414509333454,59.4,0.1663126451027869,0.07038334862357362,57.0,-0.28667678754665726,0.017540796469760922,2.3999999999999986,0
2026_01_CLE_JAX,2026,1,2026-09-13,CLE,JAX,10.0,34.0,24.0,8.5,0,True,0.8385452346023083,JAX,0.8385452346023083,JAX,True,0.14623122166964864,-0.18649909360017247,61.4,-0.1955824241391947,-0.05950928682790433,57.4,0.3418136458088433,-0.12698980677226815,4.0,0
2026_01_ATL_PIT,2026,1,2026-09-13,ATL,PIT,13.0,20.0,7.0,6.5,0,True,0.6838479293012616,PIT,0.6838479293012616,PIT,True,0.11157430948615513,-0.0041627198633576055,63.6,-0.04359978781835686,-0.003062983654279955,62.2,0.15517409730451198,-0.0010997362090776506,1.3999999999999986,0
2026_01_NYJ_TEN,2026,1,2026-09-13,NYJ,TEN,23.0,10.0,-13.0,1.5,0,True,0.7920960785476946,TEN,0.7920960785476946,NYJ,False,-0.06903124243715324,0.06854615085595296,61.2,-0.28406222885145904,0.27411158515141987,59.6,0.2150309864143058,-0.20556543429546692,1.6000000000000014,0
2026_01_ARI_LAC,2026,1,2026-09-13,ARI,LAC,26.0,14.0,-12.0,8.5,0,True,0.6564974547035775,LAC,0.6564974547035775,ARI,False,-0.09996275351524368,-0.13412993918946597,63.6,-0.012649858273583758,0.2632515289603513,57.6,-0.08731289524165993,-0.3973814681498173,6.0,0
2026_01_MIA_LV,2026,1,2026-09-13,MIA,LV,13.0,27.0,14.0,3.0,0,True,0.4129591121823411,MIA,0.587040887817659,LV,False,-0.24229051773459412,0.002749231081562642,51.4,-0.025484993486074203,0.10750321718418503,55.0,-0.21680552424851993,-0.10475398610262239,-3.6000000000000014,0
2026_01_GB_MIN,2026,1,2026-09-13,GB,MIN,22.0,39.0,17.0,1.5,1,True,0.7275455274025193,MIN,0.7275455274025193,MIN,True,0.03175303971837628,-0.2985113311746964,55.6,0.020929529458184205,0.13952890004355661,54.8,0.010823510260192074,-0.43804023121825303,0.8000000000000043,0
2026_01_WAS_PHI,2026,1,2026-09-13,WAS,PHI,22.0,24.0,2.0,6.0,1,True,0.7517100778625685,PHI,0.7517100778625685,PHI,True,0.010041620297632631,-0.19068267941156028,62.2,-0.07665679551031593,0.1458375931663017,51.2,0.08669841580794856,-0.336520272577862,11.0,0
2026_01_DAL_NYG,2026,1,2026-09-13,DAL,NYG,20.0,28.0,8.0,-3.0,1,True,0.6165577466148839,NYG,0.6165577466148839,NYG,True,-0.018613544275596267,-0.04591380761768659,59.8,0.04302903340097038,0.2674168793094124,68.4,-0.061642577676566654,-0.313330686927099,-8.600000000000009,0
2026_01_DEN_KC,2026,1,2026-09-14,DEN,KC,10.0,31.0,21.0,2.5,1,True,0.26997166601054656,DEN,0.7300283339894534,KC,False,-0.27575448193327645,-0.0939214754220453,53.6,0.0397217857227113,-0.11136557532845277,65.4,-0.31547626765598774,0.017444099906407468,-11.800000000000004,0
2026_02_DET_BUF,2026,2,2026-09-17,DET,BUF,,,,4.5,0,False,0.7049029951602331,BUF,0.7049029951602331,,,0.15699575937736437,-0.03161500689446315,61.4,-0.012333234247356436,0.01631385837228269,67.8,0.1693289936247208,-0.04792886526674584,-6.399999999999999,0
2026_02_CAR_ATL,2026,2,2026-09-20,CAR,ATL,,,,-2.5,1,False,0.6322589113695192,ATL,0.6322589113695192,,,-0.03659784040795819,-0.09398105896034967,61.2,-0.027978377378145264,0.11502521362658391,53.4,-0.008619463029812924,-0.20900627258693358,7.800000000000004,0
2026_02_NO_BAL,2026,2,2026-09-20,NO,BAL,,,,8.5,0,False,0.6543729833068911,BAL,0.6543729833068911,,,0.2279956406956157,-0.031630800660246386,54.0,0.040206785326471,-0.13495546962432492,68.0,0.1877888553691447,0.10332466896407853,-14.0,0
2026_02_MIN_CHI,2026,2,2026-09-20,MIN,CHI,,,,4.5,1,False,0.6071516105243184,CHI,0.6071516105243184,,,0.1810632080231987,0.041135114115843294,62.0,-0.0340425236229358,-0.24705032764552887,56.0,0.2151057316461345,0.2881854417613722,6.0,0
2026_02_CIN_HOU,2026,2,2026-09-20,CIN,HOU,,,,3.0,0,False,0.4914724791884078,CIN,0.5085275208115922,,,-0.0023422023508330113,-0.01787763101457378,62.8,0.05769326247319684,-0.041202262969283136,66.2,-0.06003546482402985,0.023324631954709355,-3.4000000000000057,0
2026_02_PIT_NE,2026,2,2026-09-20,PIT,NE,,,,5.5,0,False,0.7443479598500986,NE,0.7443479598500986,,,0.24106965388432977,-0.022106549611703472,60.2,-0.0027478270015308115,-0.07097764988530382,65.8,0.24381748088586058,0.04887110027360035,-5.599999999999994,4
2026_02_GB_NYJ,2026,2,2026-09-20,GB,NYJ,,,,-3.5,0,False,0.4335039638769505,GB,0.5664960361230496,,,-0.15982432131473362,0.20903578537671744,60.2,-0.06200427378009134,0.11399331994248704,58.0,-0.09782004753464228,0.0950424654342304,2.200000000000003,0
2026_02_CLE_TB,2026,2,2026-09-20,CLE,TB,,,,8.5,0,False,0.7181601288768027,TB,0.7181601288768027,,,0.003571115354761967,0.08051882737326738,60.4,-0.22105098947595847,0.026666898238888227,54.0,0.22462210483072043,0.05385192913437915,6.399999999999999,0
2026_02_PHI_TEN,2026,2,2026-09-20,PHI,TEN,,,,-7.0,0,False,0.3283406929226183,PHI,0.6716593070773818,,,-0.07421336692525145,0.11360170688159732,58.2,0.07684325078942775,-0.1242453826837874,59.4,-0.1510566177146792,0.23784708956538472,-1.1999999999999957,0
2026_02_JAX_DEN,2026,2,2026-09-20,JAX,DEN,,,,2.5,0,False,0.29155026819320695,JAX,0.708449731806793,,,-0.060103943259514805,-0.06771047645524021,60.2,0.19558261609444175,-0.185649027139016,60.0,-0.25568655935395657,0.11793855068377578,0.20000000000000284,-1
2026_02_LV_LAC,2026,2,2026-09-20,LV,LAC,,,,6.5,1,False,0.6579024379691945,LAC,0.6579024379691945,,,-0.09429661574570566,-0.05270299807271507,59.6,-0.2393507152394152,-0.07548378531237102,54.8,0.14505409949370954,0.022780787239655945,4.800000000000004,0
2026_02_SEA_ARI,2026,2,2026-09-20,SEA,ARI,,,,-3.5,1,False,0.40138115614857994,SEA,0.5986188438514201,,,0.028551234554928633,0.12674822044528966,59.2,0.014224262175730815,-0.16670374278624328,59.4,0.014326972379197818,0.29345196323153294,-0.19999999999999574,-4
2026_02_WAS_DAL,2026,2,2026-09-20,WAS,DAL,,,,4.5,1,False,0.5333305984520671,DAL,0.5333305984520671,,,0.08985545372094184,0.2745434946452968,63.4,0.021748701884552496,0.09816483888381348,55.0,0.06810675183638934,0.17637865576148332,8.399999999999999,0
2026_02_MIA_SF,2026,2,2026-09-20,MIA,SF,,,,13.5,0,False,0.8123658320959694,SF,0.8123658320959694,,,0.15105638781528266,0.07240964947879605,61.4,-0.11401401555729944,0.19024127435383695,52.8,0.2650704033725821,-0.1178316248750409,8.600000000000001,3
2026_02_IND_KC,2026,2,2026-09-20,IND,KC,,,,6.5,0,False,0.6214939901419634,KC,0.6214939901419634,,,-0.18428993995652293,-0.1476118699038318,53.8,-0.1309072893079945,0.13393876679566863,57.4,-0.05338265064852843,-0.2815506366995004,-3.6000000000000014,-1
2026_02_NYG_LA,2026,2,2026-09-21,NYG,LA,,,,7.0,0,False,0.5095824235210709,LA,0.5095824235210709,,,0.06178489812649226,0.10369147219904455,68.4,0.07679744748229009,-0.03558219890265184,62.0,-0.015012549355797829,0.1392736711016964,6.400000000000006,3
2026_03_ATL_GB,2026,3,2026-09-24,ATL,GB,,,,6.5,0,False,0.4408994841854952,ATL,0.5591005158145048,,,-0.06200427378009134,0.11399331994248704,58.0,-0.03659784040795819,-0.09398105896034967,61.2,-0.02540643337213315,0.2079743789028367,-3.200000000000003,0
2026_03_LAC_BUF,2026,3,2026-09-27,LAC,BUF,,,,4.5,0,False,0.7588834805224774,BUF,0.7588834805224774,,,0.15699575937736437,-0.03161500689446315,61.4,-0.09429661574570566,-0.05270299807271507,59.6,0.25129237512307,0.02108799117825192,1.7999999999999972,3
2026_03_CAR_CLE,2026,3,2026-09-27,CAR,CLE,,,,-2.5,0,False,0.43010300710896665,CAR,0.5698969928910333,,,-0.22105098947595847,0.026666898238888227,54.0,-0.027978377378145264,0.11502521362658391,53.4,-0.1930726120978132,-0.08835831538769569,0.6000000000000014,0
2026_03_NYJ_DET,2026,3,2026-09-27,NYJ,DET,,,,7.0,0,False,0.7661400767411317,DET,0.7661400767411317,,,-0.012333234247356436,0.01631385837228269,67.8,-0.15982432131473362,0.20903578537671744,60.2,0.14749108706737718,-0.19272192700443475,7.599999999999994,3
2026_03_HOU_IND,2026,3,2026-09-27,HOU,IND,,,,-2.5,1,False,0.3638186897544598,HOU,0.6361813102455403,,,-0.1309072893079945,0.13393876679566863,57.4,-0.0023422023508330113,-0.01787763101457378,62.8,-0.12856508695716148,0.15181639781024242,-5.399999999999999,0
2026_03_NE_JAX,2026,3,2026-09-27,NE,JAX,,,,2.5,0,False,0.5882797795043275,JAX,0.5882797795043275,,,0.19558261609444175,-0.185649027139016,60.0,0.24106965388432977,-0.022106549611703472,60.2,-0.045487037789888024,-0.16354247752731252,-0.20000000000000284,0
2026_03_KC_MIA,2026,3,2026-09-27,KC,MIA,,,,-8.5,0,False,0.4685752500739022,KC,0.5314247499260978,,,-0.11401401555729944,0.19024127435383695,52.8,-0.18428993995652293,-0.1476118699038318,53.8,0.07027592439922349,0.33785314425766877,-1.0,0
2026_03_TEN_NYG,2026,3,2026-09-27,TEN,NYG,,,,5.5,0,False,0.7310189925154277,NYG,0.7310189925154277,,,0.07679744748229009,-0.03558219890265184,62.0,-0.07421336692525145,0.11360170688159732,58.2,0.15101081440754155,-0.14918390578424917,3.799999999999997,-1
2026_03_CIN_PIT,2026,3,2026-09-27,CIN,PIT,,,,-2.5,1,False,0.5038128092896293,PIT,0.5038128092896293,,,-0.0027478270015308115,-0.07097764988530382,65.8,0.05769326247319684,-0.041202262969283136,66.2,-0.06044108947472765,-0.029775386916020684,-0.4000000000000057,0
2026_03_SEA_WAS,2026,3,2026-09-27,SEA,WAS,,,,-2.5,0,False,0.4431369461233107,SEA,0.5568630538766892,,,0.021748701884552496,0.09816483888381348,55.0,0.014224262175730815,-0.16670374278624328,59.4,0.007524439708821681,0.2648685816700568,-4.399999999999999,0
2026_03_ARI_SF,2026,3,2026-09-27,ARI,SF,,,,8.5,1,False,0.6683512092852619,SF,0.6683512092852619,,,0.15105638781528266,0.07240964947879605,61.4,0.028551234554928633,0.12674822044528966,59.2,0.12250515326035402,-0.05433857096649361,2.1999999999999957,0
2026_03_MIN_TB,2026,3,2026-09-27,MIN,TB,,,,1.5,0,False,0.4505017928731139,MIN,0.5494982071268861,,,0.003571115354761967,0.08051882737326738,60.4,-0.0340425236229358,-0.24705032764552887,56.0,0.03761363897769777,0.32756915501879624,4.399999999999999,0
2026_03_BAL_DAL,2026,3,2026-09-27,BAL,DAL,,,,-3.0,0,False,0.32131230468866007,BAL,0.6786876953113399,,,0.08985545372094184,0.2745434946452968,63.4,0.2279956406956157,-0.031630800660246386,54.0,-0.13814018697467387,0.3061742953055432,9.399999999999999,0
2026_03_LV_NO,2026,3,2026-09-27,LV,NO,,,,3.0,0,False,0.7943742995250288,NO,0.7943742995250288,,,0.040206785326471,-0.13495546962432492,68.0,-0.2393507152394152,-0.07548378531237102,54.8,0.2795575005658862,-0.059471684311953904,13.200000000000003,0
2026_03_LA_DEN,2026,3,2026-09-27,LA,DEN,,,,-2.5,0,False,0.5252277416447084,DEN,0.5252277416447084,,,-0.060103943259514805,-0.06771047645524021,60.2,0.06178489812649226,0.10369147219904455,68.4,-0.12188884138600706,-0.17140194865428476,-8.200000000000003,1
2026_03_PHI_CHI,2026,3,2026-09-28,PHI,CHI,,,,1.5,0,False,0.5765137162436076,CHI,0.5765137162436076,,,0.1810632080231987,0.041135114115843294,62.0,0.07684325078942775,-0.1242453826837874,59.4,0.10421995723377095,0.16538049679963068,2.6000000000000014,0
2026_04_PIT_CLE,2026,4,2026-10-01,PIT,CLE,,,,,1,False,0.31006583671061405,PIT,0.689934163289386,,,-0.22105098947595847,0.026666898238888227,54.0,-0.0027478270015308115,-0.07097764988530382,65.8,-0.21830316247442766,0.09764454812419204,-11.799999999999997,0
2026_04_IND_WAS,2026,4,2026-10-04,IND,WAS,,,,,0,False,0.6917145913551997,WAS,0.6917145913551997,,,0.021748701884552496,0.09816483888381348,55.0,-0.1309072893079945,0.13393876679566863,57.4,0.152655991192547,-0.035773927911855144,-2.3999999999999986,0
2026_04_TEN_BAL,2026,4,2026-10-04,TEN,BAL,,,,,0,False,0.818952159650839,BAL,0.818952159650839,,,0.2279956406956157,-0.031630800660246386,54.0,-0.07421336692525145,0.11360170688159732,58.2,0.30220900762086716,-0.1452325075418437,-4.200000000000003,0
2026_04_NE_BUF,2026,4,2026-10-04,NE,BUF,,,,,1,False,0.4761700413007273,NE,0.5238299586992727,,,0.15699575937736437,-0.03161500689446315,61.4,0.24106965388432977,-0.022106549611703472,60.2,-0.0840738945069654,-0.009508457282759678,1.1999999999999957,0
2026_04_NYJ_CHI,2026,4,2026-10-04,NYJ,CHI,,,,,0,False,0.8429356626482084,CHI,0.8429356626482084,,,0.1810632080231987,0.041135114115843294,62.0,-0.15982432131473362,0.20903578537671744,60.2,0.3408875293379323,-0.16790067126087416,1.7999999999999972,-1
2026_04_JAX_CIN,2026,4,2026-10-04,JAX,CIN,,,,,0,False,0.38312595674432315,JAX,0.6168740432556769,,,0.05769326247319684,-0.041202262969283136,66.2,0.19558261609444175,-0.185649027139016,60.0,-0.1378893536212449,0.14444676416973284,6.200000000000003,0
2026_04_DAL_HOU,2026,4,2026-10-04,DAL,HOU,,,,,0,False,0.6034631527977273,HOU,0.6034631527977273,,,-0.0023422023508330113,-0.01787763101457378,62.8,0.08985545372094184,0.2745434946452968,63.4,-0.09219765607177485,-0.2924211256598706,-0.6000000000000014,0
2026_04_ARI_NYG,2026,4,2026-10-04,ARI,NYG,,,,,0,False,0.6661152342241324,NYG,0.6661152342241324,,,0.07679744748229009,-0.03558219890265184,62.0,0.028551234554928633,0.12674822044528966,59.2,0.048246212927361455,-0.1623304193479415,2.799999999999997,0
2026_04_LA_PHI,2026,4,2026-10-04,LA,PHI,,,,,0,False,0.6493660135972691,PHI,0.6493660135972691,,,0.07684325078942775,-0.1242453826837874,59.4,0.06178489812649226,0.10369147219904455,68.4,0.015058352662935488,-0.22793685488283194,-9.000000000000007,-1
2026_04_GB_TB,2026,4,2026-10-04,GB,TB,,,,,0,False,0.6088635805824166,TB,0.6088635805824166,,,0.003571115354761967,0.08051882737326738,60.4,-0.06200427378009134,0.11399331994248704,58.0,0.0655753891348533,-0.033474492569219666,2.3999999999999986,-3
2026_04_MIA_MIN,2026,4,2026-10-04,MIA,MIN,,,,,0,False,0.7831372976260865,MIN,0.7831372976260865,,,-0.0340425236229358,-0.24705032764552887,56.0,-0.11401401555729944,0.19024127435383695,52.8,0.07997149193436365,-0.4372916019993658,3.200000000000003,0
2026_04_KC_LV,2026,4,2026-10-04,KC,LV,,,,,1,False,0.4652641718772491,KC,0.5347358281227509,,,-0.2393507152394152,-0.07548378531237102,54.8,-0.18428993995652293,-0.1476118699038318,53.8,-0.05506077528289227,0.07212808459146078,1.0,0
2026_04_LAC_SEA,2026,4,2026-10-04,LAC,SEA,,,,,0,False,0.6903727157392113,SEA,0.6903727157392113,,,0.014224262175730815,-0.16670374278624328,59.4,-0.09429661574570566,-0.05270299807271507,59.6,0.10852087792143648,-0.11400074471352821,-0.20000000000000284,0
2026_04_DEN_SF,2026,4,2026-10-04,DEN,SF,,,,,0,False,0.6718146247841933,SF,0.6718146247841933,,,0.15105638781528266,0.07240964947879605,61.4,-0.060103943259514805,-0.06771047645524021,60.2,0.21116033107479748,0.14012012593403628,1.1999999999999957,0
2026_04_DET_CAR,2026,4,2026-10-04,DET,CAR,,,,,0,False,0.4855536940187683,DET,0.5144463059812316,,,-0.027978377378145264,0.11502521362658391,53.4,-0.012333234247356436,0.01631385837228269,67.8,-0.015645143130788828,0.09871135525430122,-14.399999999999999,0
2026_04_ATL_NO,2026,4,2026-10-05,ATL,NO,,,,,1,False,0.6124968930714481,NO,0.6124968930714481,,,0.040206785326471,-0.13495546962432492,68.0,-0.03659784040795819,-0.09398105896034967,61.2,0.07680462573442919,-0.04097441066397525,6.799999999999997,-3
2026_05_TB_DAL,2026,5,2026-10-08,TB,DAL,,,,,0,False,0.549322323102156,DAL,0.549322323102156,,,0.08985545372094184,0.2745434946452968,63.4,0.003571115354761967,0.08051882737326738,60.4,0.08628433836617987,0.19402466727202944,3.0,0
2026_05_PHI_JAX,2026,5,2026-10-11,PHI,JAX,,,,,0,False,0.6787808096668335,JAX,0.6787808096668335,,,0.19558261609444175,-0.185649027139016,60.0,0.07684325078942775,-0.1242453826837874,59.4,0.118739365305014,-0.061403644455228584,0.6000000000000014,0
2026_05_CIN_MIA,2026,5,2026-10-11,CIN,MIA,,,,,0,False,0.30460392264915503,CIN,0.695396077350845,,,-0.11401401555729944,0.19024127435383695,52.8,0.05769326247319684,-0.041202262969283136,66.2,-0.1717072780304963,0.2314435373231201,-13.400000000000006,0
2026_05_LV_NE,2026,5,2026-10-11,LV,NE,,,,,0,False,0.8600299648188678,NE,0.8600299648188678,,,0.24106965388432977,-0.022106549611703472,60.2,-0.2393507152394152,-0.07548378531237102,54.8,0.480420369123745,0.05337723570066755,5.400000000000006,0
2026_05_MIN_NO,2026,5,2026-10-11,MIN,NO,,,,,0,False,0.5768606327320759,NO,0.5768606327320759,,,0.040206785326471,-0.13495546962432492,68.0,-0.0340425236229358,-0.24705032764552887,56.0,0.07424930894940679,0.11209485802120395,12.0,-1
2026_05_CLE_NYJ,2026,5,2026-10-11,CLE,NYJ,,,,,0,False,0.5161151069324887,NYJ,0.5161151069324887,,,-0.15982432131473362,0.20903578537671744,60.2,-0.22105098947595847,0.026666898238888227,54.0,0.06122666816122485,0.1823688871378292,6.200000000000003,-3
2026_05_IND_PIT,2026,5,2026-10-11,IND,PIT,,,,,0,False,0.7585088035665712,PIT,0.7585088035665712,,,-0.0027478270015308115,-0.07097764988530382,65.8,-0.1309072893079945,0.13393876679566863,57.4,0.1281594623064637,-0.20491641668097244,8.399999999999999,3
2026_05_HOU_TEN,2026,5,2026-10-11,HOU,TEN,,,,,1,False,0.41967485208157773,HOU,0.5803251479184223,,,-0.07421336692525145,0.11360170688159732,58.2,-0.0023422023508330113,-0.01787763101457378,62.8,-0.07187116457441843,0.1314793378961711,-4.599999999999994,0
2026_05_NYG_WAS,2026,5,2026-10-11,NYG,WAS,,,,,1,False,0.43051255732217797,NYG,0.569487442677822,,,0.021748701884552496,0.09816483888381348,55.0,0.07679744748229009,-0.03558219890265184,62.0,-0.05504874559773759,0.13374703778646532,-7.0,0
2026_05_DEN_LAC,2026,5,2026-10-11,DEN,LAC,,,,,1,False,0.5066385755860413,LAC,0.5066385755860413,,,-0.09429661574570566,-0.05270299807271507,59.6,-0.060103943259514805,-0.06771047645524021,60.2,-0.03419267248619086,0.015007478382525141,-0.6000000000000014,0
2026_05_DET_ARI,2026,5,2026-10-11,DET,ARI,,,,,0,False,0.5350648350476541,ARI,0.5350648350476541,,,0.028551234554928633,0.12674822044528966,59.2,-0.012333234247356436,0.01631385837228269,67.8,0.040884468802285065,0.11043436207300697,-8.599999999999994,0
2026_05_CHI_GB,2026,5,2026-10-11,CHI,GB,,,,,1,False,0.30786733670192057,CHI,0.6921326632980794,,,-0.06200427378009134,0.11399331994248704,58.0,0.1810632080231987,0.041135114115843294,62.0,-0.24306748180329002,0.07285820582664375,-4.0,0
2026_05_SF_SEA,2026,5,2026-10-11,SF,SEA,,,,,1,False,0.5279743529905466,SEA,0.5279743529905466,,,0.014224262175730815,-0.16670374278624328,59.4,0.15105638781528266,0.07240964947879605,61.4,-0.13683212563955185,-0.23911339226503933,-2.0,0
2026_05_BAL_ATL,2026,5,2026-10-11,BAL,ATL,,,,,0,False,0.36032314731293036,BAL,0.6396768526870696,,,-0.03659784040795819,-0.09398105896034967,61.2,0.2279956406956157,-0.031630800660246386,54.0,-0.2645934811035739,-0.06235025830010328,7.200000000000003,-1
2026_05_BUF_LA,2026,5,2026-10-12,BUF,LA,,,,,0,False,0.4232074602636101,BUF,0.5767925397363899,,,0.06178489812649226,0.10369147219904455,68.4,0.15699575937736437,-0.03161500689446315,61.4,-0.09521086125087211,0.1353064790935077,7.000000000000007,0
2026_06_SEA_DEN,2026,6,2026-10-15,SEA,DEN,,,,,0,False,0.45039695555825204,SEA,0.5496030444417479,,,-0.060103943259514805,-0.06771047645524021,60.2,0.014224262175730815,-0.16670374278624328,59.4,-0.07432820543524563,0.09899326633100307,0.8000000000000043,0
2026_06_HOU_JAX,2026,6,2026-10-18,HOU,JAX,,,,,1,False,0.7576366187526411,JAX,0.7576366187526411,,,0.19558261609444175,-0.185649027139016,60.0,-0.0023422023508330113,-0.01787763101457378,62.8,0.19792481844527476,-0.1677713961244422,-2.799999999999997,0
2026_06_CHI_ATL,2026,6,2026-10-18,CHI,ATL,,,,,0,False,0.4279905654727315,CHI,0.5720094345272685,,,-0.03659784040795819,-0.09398105896034967,61.2,0.1810632080231987,0.041135114115843294,62.0,-0.21766104843115688,-0.13511617307619295,-0.7999999999999972,0
2026_06_BAL_CLE,2026,6,2026-10-18,BAL,CLE,,,,,1,False,0.1854793781060571,BAL,0.8145206218939429,,,-0.22105098947595847,0.026666898238888227,54.0,0.2279956406956157,-0.031630800660246386,54.0,-0.4490466301715742,0.05829769889913461,0.0,0
2026_06_TEN_IND,2026,6,2026-10-18,TEN,IND,,,,,1,False,0.4846760406242503,TEN,0.5153239593757497,,,-0.1309072893079945,0.13393876679566863,57.4,-0.07421336692525145,0.11360170688159732,58.2,-0.05669392238274305,0.02033705991407131,-0.8000000000000043,0
2026_06_NYJ_NE,2026,6,2026-10-18,NYJ,NE,,,,,1,False,0.8768865816957073,NE,0.8768865816957073,,,0.24106965388432977,-0.022106549611703472,60.2,-0.15982432131473362,0.20903578537671744,60.2,0.4008939751990634,-0.2311423349884209,0.0,0
2026_06_NO_NYG,2026,6,2026-10-18,NO,NYG,,,,,0,False,0.5388330248577614,NYG,0.5388330248577614,,,0.07679744748229009,-0.03558219890265184,62.0,0.040206785326471,-0.13495546962432492,68.0,0.03659066215581909,0.09937327072167308,-6.0,0
2026_06_CAR_PHI,2026,6,2026-10-18,CAR,PHI,,,,,0,False,0.6998227160313591,PHI,0.6998227160313591,,,0.07684325078942775,-0.1242453826837874,59.4,-0.027978377378145264,0.11502521362658391,53.4,0.10482162816757301,-0.23927059631037131,6.0,-7
2026_06_PIT_TB,2026,6,2026-10-18,PIT,TB,,,,,0,False,0.5106282006573275,TB,0.5106282006573275,,,0.003571115354761967,0.08051882737326738,60.4,-0.0027478270015308115,-0.07097764988530382,65.8,0.006318942356292778,0.15149647725857118,-5.399999999999999,3
2026_06_ARI_LA,2026,6,2026-10-18,ARI,LA,,,,,1,False,0.5840164215564141,LA,0.5840164215564141,,,0.06178489812649226,0.10369147219904455,68.4,0.028551234554928633,0.12674822044528966,59.2,0.033233663571563626,-0.02305674824624511,9.200000000000003,-1
2026_06_LAC_KC,2026,6,2026-10-18,LAC,KC,,,,,1,False,0.5480954305271597,KC,0.5480954305271597,,,-0.18428993995652293,-0.1476118699038318,53.8,-0.09429661574570566,-0.05270299807271507,59.6,-0.08999332421081727,-0.09490887183111672,-5.800000000000004,7
2026_06_BUF_LV,2026,6,2026-10-18,BUF,LV,,,,,0,False,0.2565454963413035,BUF,0.7434545036586965,,,-0.2393507152394152,-0.07548378531237102,54.8,0.15699575937736437,-0.03161500689446315,61.4,-0.3963464746167796,-0.043868778417907865,-6.600000000000001,1
2026_06_DAL_GB,2026,6,2026-10-18,DAL,GB,,,,,0,False,0.4707049351290796,DAL,0.5292950648709204,,,-0.06200427378009134,0.11399331994248704,58.0,0.08985545372094184,0.2745434946452968,63.4,-0.15185972750103316,-0.16055017470280977,-5.399999999999999,-3
2026_06_WAS_SF,2026,6,2026-10-19,WAS,SF,,,,,0,False,0.6782579110362531,SF,0.6782579110362531,,,0.15105638781528266,0.07240964947879605,61.4,0.021748701884552496,0.09816483888381348,55.0,0.12930768593073017,-0.025755189405017434,6.399999999999999,0
2026_07_NE_CHI,2026,7,2026-10-22,NE,CHI,,,,,0,False,0.47930235396099424,NE,0.5206976460390058,,,0.1810632080231987,0.041135114115843294,62.0,0.24106965388432977,-0.022106549611703472,60.2,-0.060006445861131075,0.06324166372754676,1.7999999999999972,0
2026_07_PIT_NO,2026,7,2026-10-25,PIT,NO,,,,,0,False,0.6218654927956317,NO,0.6218654927956317,,,0.040206785326471,-0.13495546962432492,68.0,-0.0027478270015308115,-0.07097764988530382,65.8,0.04295461232800181,-0.0639778197390211,2.200000000000003,0
2026_07_SF_ATL,2026,7,2026-10-25,SF,ATL,,,,,0,False,0.4744369588240786,SF,0.5255630411759213,,,-0.03659784040795819,-0.09398105896034967,61.2,0.15105638781528266,0.07240964947879605,61.4,-0.18765422822324085,-0.16639070843914572,-0.19999999999999574,1
2026_07_CIN_BAL,2026,7,2026-10-25,CIN,BAL,,,,,1,False,0.6242292280149215,BAL,0.6242292280149215,,,0.2279956406956157,-0.031630800660246386,54.0,0.05769326247319684,-0.041202262969283136,66.2,0.17030237822241887,0.00957146230903675,-12.200000000000003,-7
2026_07_TB_CAR,2026,7,2026-10-25,TB,CAR,,,,,1,False,0.4938574752671703,TB,0.5061425247328297,,,-0.027978377378145264,0.11502521362658391,53.4,0.003571115354761967,0.08051882737326738,60.4,-0.03154949273290723,0.034506386253316534,-7.0,0
2026_07_NYG_HOU,2026,7,2026-10-25,NYG,HOU,,,,,0,False,0.48172487592500635,NYG,0.5182751240749937,,,-0.0023422023508330113,-0.01787763101457378,62.8,0.07679744748229009,-0.03558219890265184,62.0,-0.0791396498331231,0.017704567888078056,0.7999999999999972,0
2026_07_IND_MIN,2026,7,2026-10-25,IND,MIN,,,,,0,False,0.8041564959649942,MIN,0.8041564959649942,,,-0.0340425236229358,-0.24705032764552887,56.0,-0.1309072893079945,0.13393876679566863,57.4,0.0968647656850587,-0.3809890944411975,-1.3999999999999986,7
2026_07_MIA_NYJ,2026,7,2026-10-25,MIA,NYJ,,,,,1,False,0.4563145651845913,MIA,0.5436854348154088,,,-0.15982432131473362,0.20903578537671744,60.2,-0.11401401555729944,0.19024127435383695,52.8,-0.04581030575743418,0.01879451102288049,7.400000000000006,-7
2026_07_CLE_TEN,2026,7,2026-10-25,CLE,TEN,,,,,0,False,0.6455974910048073,TEN,0.6455974910048073,,,-0.07421336692525145,0.11360170688159732,58.2,-0.22105098947595847,0.026666898238888227,54.0,0.14683762255070704,0.0869348086427091,4.200000000000003,0
2026_07_DEN_ARI,2026,7,2026-10-25,DEN,ARI,,,,,0,False,0.5271456158448731,ARI,0.5271456158448731,,,0.028551234554928633,0.12674822044528966,59.2,-0.060103943259514805,-0.06771047645524021,60.2,0.08865517781444343,0.19445869690052986,-1.0,-3
2026_07_GB_DET,2026,7,2026-10-25,GB,DET,,,,,1,False,0.6778060274890433,DET,0.6778060274890433,,,-0.012333234247356436,0.01631385837228269,67.8,-0.06200427378009134,0.11399331994248704,58.0,0.0496710395327349,-0.09767946157020435,9.799999999999997,7
2026_07_LA_LV,2026,7,2026-10-25,LA,LV,,,,,0,False,0.36512182859317327,LA,0.6348781714068268,,,-0.2393507152394152,-0.07548378531237102,54.8,0.06178489812649226,0.10369147219904455,68.4,-0.30113561336590744,-0.17917525751141555,-13.600000000000009,0
2026_07_KC_SEA,2026,7,2026-10-25,KC,SEA,,,,,0,False,0.7408187111241061,SEA,0.7408187111241061,,,0.014224262175730815,-0.16670374278624328,59.4,-0.18428993995652293,-0.1476118699038318,53.8,0.19851420213225374,-0.019091872882411487,5.600000000000001,3
2026_07_DAL_PHI,2026,7,2026-10-26,DAL,PHI,,,,,1,False,0.6924305821005693,PHI,0.6924305821005693,,,0.07684325078942775,-0.1242453826837874,59.4,0.08985545372094184,0.2745434946452968,63.4,-0.013012202931514089,-0.3987888773290842,-4.0,0
2026_08_CAR_GB,2026,8,2026-10-29,CAR,GB,,,,,0,False,0.5327039614802314,GB,0.5327039614802314,,,-0.06200427378009134,0.11399331994248704,58.0,-0.027978377378145264,0.11502521362658391,53.4,-0.034025896401946074,-0.0010318936840968684,4.600000000000001,0
2026_08_BAL_BUF,2026,8,2026-11-01,BAL,BUF,,,,,0,False,0.5499409068768908,BUF,0.5499409068768908,,,0.15699575937736437,-0.03161500689446315,61.4,0.2279956406956157,-0.031630800660246386,54.0,-0.07099988131825133,1.579376578323549e-05,7.399999999999999,7
2026_08_TEN_CIN,2026,8,2026-11-01,TEN,CIN,,,,,0,False,0.728608266458645,CIN,0.728608266458645,,,0.05769326247319684,-0.041202262969283136,66.2,-0.07421336692525145,0.11360170688159732,58.2,0.13190662939844827,-0.15480396985088046,8.0,0
2026_08_ARI_DAL,2026,8,2026-11-01,ARI,DAL,,,,,0,False,0.5426023810105276,DAL,0.5426023810105276,,,0.08985545372094184,0.2745434946452968,63.4,0.028551234554928633,0.12674822044528966,59.2,0.0613042191660132,0.14779527420000715,4.199999999999996,-1
2026_08_MIN_DET,2026,8,2026-11-01,MIN,DET,,,,,1,False,0.4587406644602988,MIN,0.5412593355397012,,,-0.012333234247356436,0.01631385837228269,67.8,-0.0340425236229358,-0.24705032764552887,56.0,0.021709289375579362,0.26336418601781153,11.799999999999997,0
2026_08_IND_JAX,2026,8,2026-11-01,IND,JAX,,,,,1,False,0.8869096431443844,JAX,0.8869096431443844,,,0.19558261609444175,-0.185649027139016,60.0,-0.1309072893079945,0.13393876679566863,57.4,0.3264899054024363,-0.3195877939346846,2.6000000000000014,7
2026_08_LV_NYJ,2026,8,2026-11-01,LV,NYJ,,,,,0,False,0.506417613730621,NYJ,0.506417613730621,,,-0.15982432131473362,0.20903578537671744,60.2,-0.2393507152394152,-0.07548378531237102,54.8,0.07952639392468158,0.28451957068908845,5.400000000000006,0
2026_08_CLE_PIT,2026,8,2026-11-01,CLE,PIT,,,,,1,False,0.7588931473701346,PIT,0.7588931473701346,,,-0.0027478270015308115,-0.07097764988530382,65.8,-0.22105098947595847,0.026666898238888227,54.0,0.21830316247442766,-0.09764454812419204,11.799999999999997,0
2026_08_ATL_TB,2026,8,2026-11-01,ATL,TB,,,,,1,False,0.5007163400528699,TB,0.5007163400528699,,,0.003571115354761967,0.08051882737326738,60.4,-0.03659784040795819,-0.09398105896034967,61.2,0.04016895576272016,0.17449988633361704,-0.8000000000000043,0
2026_08_LAC_LA,2026,8,2026-11-01,LAC,LA,,,,,0,False,0.5844418950170247,LA,0.5844418950170247,,,0.06178489812649226,0.10369147219904455,68.4,-0.09429661574570566,-0.05270299807271507,59.6,0.15608151387219793,0.15639447027175962,8.800000000000004,-7
2026_08_KC_DEN,2026,8,2026-11-01,KC,DEN,,,,,1,False,0.6196911048755178,DEN,0.6196911048755178,,,-0.060103943259514805,-0.06771047645524021,60.2,-0.18428993995652293,-0.1476118699038318,53.8,0.12418599669700812,0.07990139344859158,6.400000000000006,0
2026_08_NE_MIA,2026,8,2026-11-01,NE,MIA,,,,,1,False,0.1771453644369577,NE,0.8228546355630423,,,-0.11401401555729944,0.19024127435383695,52.8,0.24106965388432977,-0.022106549611703472,60.2,-0.3550836694416292,0.21234782396554042,-7.400000000000006,-3
2026_08_PHI_WAS,2026,8,2026-11-01,PHI,WAS,,,,,1,False,0.4409626762017649,PHI,0.5590373237982351,,,0.021748701884552496,0.09816483888381348,55.0,0.07684325078942775,-0.1242453826837874,59.4,-0.05509454890487525,0.22241022156760087,-4.399999999999999,7
2026_08_CHI_SEA,2026,8,2026-11-02,CHI,SEA,,,,,0,False,0.48132924113900966,CHI,0.5186707588609903,,,0.014224262175730815,-0.16670374278624328,59.4,0.1810632080231987,0.041135114115843294,62.0,-0.1668389458474679,-0.2078388569020866,-2.6000000000000014,-3
2026_09_JAX_BAL,2026,9,2026-11-05,JAX,BAL,,,,,0,False,0.5113456431778022,BAL,0.5113456431778022,,,0.2279956406956157,-0.031630800660246386,54.0,0.19558261609444175,-0.185649027139016,60.0,0.032413024601173956,0.15401822647876962,-6.0,0
2026_09_CIN_ATL,2026,9,2026-11-08,CIN,ATL,,,,,0,False,0.49363122095218565,CIN,0.5063687790478144,,,-0.03659784040795819,-0.09398105896034967,61.2,0.05769326247319684,-0.041202262969283136,66.2,-0.09429110288115503,-0.05277879599106653,-5.0,0
2026_09_DEN_CAR,2026,9,2026-11-08,DEN,CAR,,,,,0,False,0.5177829481654854,CAR,0.5177829481654854,,,-0.027978377378145264,0.11502521362658391,53.4,-0.060103943259514805,-0.06771047645524021,60.2,0.03212556588136954,0.1827356900818241,-6.800000000000004,3
2026_09_DAL_IND,2026,9,2026-11-08,DAL,IND,,,,,0,False,0.42254939012409093,DAL,0.5774506098759091,,,-0.1309072893079945,0.13393876679566863,57.4,0.08985545372094184,0.2745434946452968,63.4,-0.22076274302893634,-0.14060472784962819,-6.0,0
2026_09_NYJ_KC,2026,9,2026-11-08,NYJ,KC,,,,,0,False,0.6776180764189882,KC,0.6776180764189882,,,-0.18428993995652293,-0.1476118699038318,53.8,-0.15982432131473362,0.20903578537671744,60.2,-0.02446561864178931,-0.3566476552805492,-6.400000000000006,0
2026_09_DET_MIA,2026,9,2026-11-08,DET,MIA,,,,,0,False,0.38006346659087714,DET,0.6199365334091229,,,-0.11401401555729944,0.19024127435383695,52.8,-0.012333234247356436,0.01631385837228269,67.8,-0.101680781309943,0.17392741598155426,-15.0,0
2026_09_CLE_NO,2026,9,2026-11-08,CLE,NO,,,,,0,False,0.8400026376917219,NO,0.8400026376917219,,,0.040206785326471,-0.13495546962432492,68.0,-0.22105098947595847,0.026666898238888227,54.0,0.26125777480242945,-0.16162236786321316,14.0,7
2026_09_NYG_PHI,2026,9,2026-11-08,NYG,PHI,,,,,1,False,0.5326784486597302,PHI,0.5326784486597302,,,0.07684325078942775,-0.1242453826837874,59.4,0.07679744748229009,-0.03558219890265184,62.0,4.5803307137659566e-05,-0.08866318378113557,-2.6000000000000014,-7
2026_09_LA_WAS,2026,9,2026-11-08,LA,WAS,,,,,0,False,0.5112054346065539,WAS,0.5112054346065539,,,0.021748701884552496,0.09816483888381348,55.0,0.06178489812649226,0.10369147219904455,68.4,-0.04003619624193976,-0.0055266333152310665,-13.400000000000006,0
2026_09_HOU_LAC,2026,9,2026-11-08,HOU,LAC,,,,,0,False,0.44296974041282394,HOU,0.5570302595871761,,,-0.09429661574570566,-0.05270299807271507,59.6,-0.0023422023508330113,-0.01787763101457378,62.8,-0.09195441339487265,-0.03482536705814129,-3.1999999999999957,-7
2026_09_LV_SF,2026,9,2026-11-08,LV,SF,,,,,0,False,0.82220613988184,SF,0.82220613988184,,,0.15105638781528266,0.07240964947879605,61.4,-0.2393507152394152,-0.07548378531237102,54.8,0.39040710305469783,0.14789343479116707,6.600000000000001,7
2026_09_GB_NE,2026,9,2026-11-08,GB,NE,,,,,0,False,0.8087511775448878,NE,0.8087511775448878,,,0.24106965388432977,-0.022106549611703472,60.2,-0.06200427378009134,0.11399331994248704,58.0,0.3030739276644211,-0.1360998695541905,2.200000000000003,-3
2026_09_ARI_SEA,2026,9,2026-11-08,ARI,SEA,,,,,1,False,0.6485229674850026,SEA,0.6485229674850026,,,0.014224262175730815,-0.16670374278624328,59.4,0.028551234554928633,0.12674822044528966,59.2,-0.014326972379197818,-0.29345196323153294,0.19999999999999574,-1
2026_09_TB_CHI,2026,9,2026-11-08,TB,CHI,,,,,0,False,0.7088378083736414,CHI,0.7088378083736414,,,0.1810632080231987,0.041135114115843294,62.0,0.003571115354761967,0.08051882737326738,60.4,0.17749209266843674,-0.03938371325742408,1.6000000000000014,-1
2026_09_BUF_MIN,2026,9,2026-11-09,BUF,MIN,,,,,0,False,0.48101130359676314,BUF,0.5189886964032369,,,-0.0340425236229358,-0.24705032764552887,56.0,0.15699575937736437,-0.03161500689446315,61.4,-0.19103828300030018,-0.21543532075106572,-5.399999999999999,0
2026_10_WAS_NYG,2026,10,2026-11-12,WAS,NYG,,,,,1,False,0.651711198958451,NYG,0.651711198958451,,,0.07679744748229009,-0.03558219890265184,62.0,0.021748701884552496,0.09816483888381348,55.0,0.05504874559773759,-0.13374703778646532,7.0,0
2026_10_NE_DET,2026,10,2026-11-15,NE,DET,,,,,0,False,0.33545691862162563,NE,0.6645430813783744,,,-0.012333234247356436,0.01631385837228269,67.8,0.24106965388432977,-0.022106549611703472,60.2,-0.2534028881316862,0.03842040798398616,7.599999999999994,0
2026_10_KC_ATL,2026,10,2026-11-15,KC,ATL,,,,,0,False,0.6624268405799622,ATL,0.6624268405799622,,,-0.03659784040795819,-0.09398105896034967,61.2,-0.18428993995652293,-0.1476118699038318,53.8,0.14769209954856474,0.05363081094348213,7.400000000000006,0
2026_10_HOU_CLE,2026,10,2026-11-15,HOU,CLE,,,,,0,False,0.34495064655776103,HOU,0.655049353442239,,,-0.22105098947595847,0.026666898238888227,54.0,-0.0023422023508330113,-0.01787763101457378,62.8,-0.21870878712512545,0.04454452925346201,-8.799999999999997,0
2026_10_MIN_GB,2026,10,2026-11-15,MIN,GB,,,,,1,False,0.3725332043304191,MIN,0.627466795669581,,,-0.06200427378009134,0.11399331994248704,58.0,-0.0340425236229358,-0.24705032764552887,56.0,-0.02796175015715554,0.3610436475880159,2.0,1
2026_10_MIA_IND,2026,10,2026-11-15,MIA,IND,,,,,0,False,0.5712851827089291,IND,0.5712851827089291,,,-0.1309072893079945,0.13393876679566863,57.4,-0.11401401555729944,0.19024127435383695,52.8,-0.016893273750695062,-0.05630250755816832,4.600000000000001,0
2026_10_CAR_NO,2026,10,2026-11-15,CAR,NO,,,,,1,False,0.7123279107172427,NO,0.7123279107172427,,,0.040206785326471,-0.13495546962432492,68.0,-0.027978377378145264,0.11502521362658391,53.4,0.06818516270461626,-0.24998068325090883,14.600000000000001,0
2026_10_BUF_NYJ,2026,10,2026-11-15,BUF,NYJ,,,,,1,False,0.21067330430439704,BUF,0.789326695695603,,,-0.15982432131473362,0.20903578537671744,60.2,0.15699575937736437,-0.03161500689446315,61.4,-0.316820080692098,0.24065079227118058,-1.1999999999999957,1
2026_10_JAX_TEN,2026,10,2026-11-15,JAX,TEN,,,,,1,False,0.23446052560848016,JAX,0.7655394743915198,,,-0.07421336692525145,0.11360170688159732,58.2,0.19558261609444175,-0.185649027139016,60.0,-0.2697959830196932,0.2992507340206133,-1.7999999999999972,4
2026_10_LA_ARI,2026,10,2026-11-15,LA,ARI,,,,,1,False,0.49518314381608863,LA,0.5048168561839114,,,0.028551234554928633,0.12674822044528966,59.2,0.06178489812649226,0.10369147219904455,68.4,-0.033233663571563626,0.02305674824624511,-9.200000000000003,0
2026_10_SEA_LV,2026,10,2026-11-15,SEA,LV,,,,,0,False,0.3043916092451051,SEA,0.6956083907548949,,,-0.2393507152394152,-0.07548378531237102,54.8,0.014224262175730815,-0.16670374278624328,59.4,-0.253574977415146,0.09121995747387227,-4.600000000000001,0
2026_10_SF_DAL,2026,10,2026-11-15,SF,DAL,,,,,0,False,0.4183099814133507,SF,0.5816900185866494,,,0.08985545372094184,0.2745434946452968,63.4,0.15105638781528266,0.07240964947879605,61.4,-0.061200934094340825,0.20213384516650076,2.0,0
2026_10_PIT_CIN,2026,10,2026-11-15,PIT,CIN,,,,,1,False,0.535937925549108,CIN,0.535937925549108,,,0.05769326247319684,-0.041202262969283136,66.2,-0.0027478270015308115,-0.07097764988530382,65.8,0.06044108947472765,0.029775386916020684,0.4000000000000057,-7
2026_10_LAC_BAL,2026,10,2026-11-16,LAC,BAL,,,,,0,False,0.7960304994299332,BAL,0.7960304994299332,,,0.2279956406956157,-0.031630800660246386,54.0,-0.09429661574570566,-0.05270299807271507,59.6,0.32229225644132137,0.021072197412468685,-5.600000000000001,3
2026_11_IND_HOU,2026,11,2026-11-19,IND,HOU,,,,,1,False,0.7121065733710894,HOU,0.7121065733710894,,,-0.0023422023508330113,-0.01787763101457378,62.8,-0.1309072893079945,0.13393876679566863,57.4,0.12856508695716148,-0.15181639781024242,5.399999999999999,0
2026_11_MIA_BUF,2026,11,2026-11-22,MIA,BUF,,,,,1,False,0.8225090032239766,BUF,0.8225090032239766,,,0.15699575937736437,-0.03161500689446315,61.4,-0.11401401555729944,0.19024127435383695,52.8,0.2710097749346638,-0.2218562812483001,8.600000000000001,0
2026_11_BAL_CAR,2026,11,2026-11-22,BAL,CAR,,,,,0,False,0.2913391143207755,BAL,0.7086608856792245,,,-0.027978377378145264,0.11502521362658391,53.4,0.2279956406956157,-0.031630800660246386,54.0,-0.25597401807376097,0.14665601428683028,-0.6000000000000014,1
2026_11_NO_CHI,2026,11,2026-11-22,NO,CHI,,,,,0,False,0.6384773286542176,CHI,0.6384773286542176,,,0.1810632080231987,0.041135114115843294,62.0,0.040206785326471,-0.13495546962432492,68.0,0.1408564226967277,0.17609058374016823,-6.0,7
2026_11_TEN_DAL,2026,11,2026-11-22,TEN,DAL,,,,,0,False,0.6303092055434896,DAL,0.6303092055434896,,,0.08985545372094184,0.2745434946452968,63.4,-0.07421336692525145,0.11360170688159732,58.2,0.16406882064619327,0.1609417877636995,5.199999999999996,0
2026_11_TB_DET,2026,11,2026-11-22,TB,DET,,,,,0,False,0.532009730545881,DET,0.532009730545881,,,-0.012333234247356436,0.01631385837228269,67.8,0.003571115354761967,0.08051882737326738,60.4,-0.015904349602118402,-0.06420496900098469,7.399999999999999,-7
2026_11_ARI_KC,2026,11,2026-11-22,ARI,KC,,,,,0,False,0.4880129759754306,ARI,0.5119870240245694,,,-0.18428993995652293,-0.1476118699038318,53.8,0.028551234554928633,0.12674822044528966,59.2,-0.21284117451145157,-0.27436009034912145,-5.400000000000006,0
2026_11_JAX_NYG,2026,11,2026-11-22,JAX,NYG,,,,,0,False,0.41171031625011,JAX,0.58828968374989,,,0.07679744748229009,-0.03558219890265184,62.0,0.19558261609444175,-0.185649027139016,60.0,-0.11878516861215166,0.15006682823636414,2.0,3
2026_11_NYJ_LAC,2026,11,2026-11-22,NYJ,LAC,,,,,0,False,0.7076580592945336,LAC,0.7076580592945336,,,-0.09429661574570566,-0.05270299807271507,59.6,-0.15982432131473362,0.20903578537671744,60.2,0.06552770556902796,-0.2617387834494325,-0.6000000000000014,-1
2026_11_LV_DEN,2026,11,2026-11-22,LV,DEN,,,,,1,False,0.7287652831665792,DEN,0.7287652831665792,,,-0.060103943259514805,-0.06771047645524021,60.2,-0.2393507152394152,-0.07548378531237102,54.8,0.1792467719799004,0.0077733088571308034,5.400000000000006,7
2026_11_PIT_PHI,2026,11,2026-11-22,PIT,PHI,,,,,0,False,0.6808666118156762,PHI,0.6808666118156762,,,0.07684325078942775,-0.1242453826837874,59.4,-0.0027478270015308115,-0.07097764988530382,65.8,0.07959107779095856,-0.05326773279848358,-6.399999999999999,7
2026_11_MIN_SF,2026,11,2026-11-22,MIN,SF,,,,,0,False,0.5815171311783025,SF,0.5815171311783025,,,0.15105638781528266,0.07240964947879605,61.4,-0.0340425236229358,-0.24705032764552887,56.0,0.18509891143821847,0.31945997712432495,5.399999999999999,0
2026_11_CIN_WAS,2026,11,2026-11-23,CIN,WAS,,,,,0,False,0.47357713861749573,CIN,0.5264228613825043,,,0.021748701884552496,0.09816483888381348,55.0,0.05769326247319684,-0.041202262969283136,66.2,-0.03594456058864434,0.13936710185309661,-11.200000000000003,3
2026_12_GB_LA,2026,12,2026-11-25,GB,LA,,,,,0,False,0.671705222156146,LA,0.671705222156146,,,0.06178489812649226,0.10369147219904455,68.4,-0.06200427378009134,0.11399331994248704,58.0,0.12378917190658359,-0.010301847743442491,10.400000000000006,0
2026_12_CHI_DET,2026,12,2026-11-26,CHI,DET,,,,,1,False,0.39475604983475426,CHI,0.6052439501652458,,,-0.012333234247356436,0.01631385837228269,67.8,0.1810632080231987,0.041135114115843294,62.0,-0.19339644227055514,-0.024821255743560602,5.799999999999997,0
2026_12_PHI_DAL,2026,12,2026-11-26,PHI,DAL,,,,,1,False,0.38587193865145997,PHI,0.61412806134854,,,0.08985545372094184,0.2745434946452968,63.4,0.07684325078942775,-0.1242453826837874,59.4,0.013012202931514089,0.3987888773290842,4.0,0
2026_12_KC_BUF,2026,12,2026-11-26,KC,BUF,,,,,0,False,0.7745475913992881,BUF,0.7745475913992881,,,0.15699575937736437,-0.03161500689446315,61.4,-0.18428993995652293,-0.1476118699038318,53.8,0.3412856993338873,0.11599686300936865,7.600000000000001,0
2026_12_DEN_PIT,2026,12,2026-11-27,DEN,PIT,,,,,0,False,0.6117304373245843,PIT,0.6117304373245843,,,-0.0027478270015308115,-0.07097764988530382,65.8,-0.060103943259514805,-0.06771047645524021,60.2,0.057356116257983994,-0.003267173430063608,5.599999999999994,0
2026_12_NO_CIN,2026,12,2026-11-29,NO,CIN,,,,,0,False,0.5224428885435823,CIN,0.5224428885435823,,,0.05769326247319684,-0.041202262969283136,66.2,0.040206785326471,-0.13495546962432492,68.0,0.01748647714672584,0.09375320665504178,-1.7999999999999972,-1
2026_12_LV_CLE,2026,12,2026-11-29,LV,CLE,,,,,0,False,0.5735471275110219,CLE,0.5735471275110219,,,-0.22105098947595847,0.026666898238888227,54.0,-0.2393507152394152,-0.07548378531237102,54.8,0.01829972576345673,0.10215068355125924,-0.7999999999999972,7
2026_12_BAL_HOU,2026,12,2026-11-29,BAL,HOU,,,,,0,False,0.3833335125341678,BAL,0.6166664874658322,,,-0.0023422023508330113,-0.01787763101457378,62.8,0.2279956406956157,-0.031630800660246386,54.0,-0.23033784304644872,0.013753169645672605,8.799999999999997,3
2026_12_NYG_IND,2026,12,2026-11-29,NYG,IND,,,,,0,False,0.3262964633674035,NYG,0.6737035366325965,,,-0.1309072893079945,0.13393876679566863,57.4,0.07679744748229009,-0.03558219890265184,62.0,-0.2077047367902846,0.16952096569832048,-4.600000000000001,3
2026_12_NYJ_MIA,2026,12,2026-11-29,NYJ,MIA,,,,,1,False,0.5828392984168871,MIA,0.5828392984168871,,,-0.11401401555729944,0.19024127435383695,52.8,-0.15982432131473362,0.20903578537671744,60.2,0.04581030575743418,-0.01879451102288049,-7.400000000000006,0
2026_12_ATL_MIN,2026,12,2026-11-29,ATL,MIN,,,,,0,False,0.5735850068800769,MIN,0.5735850068800769,,,-0.0340425236229358,-0.24705032764552887,56.0,-0.03659784040795819,-0.09398105896034967,61.2,0.0025553167850223893,-0.1530692686851792,-5.200000000000003,-7
2026_12_TEN_JAX,2026,12,2026-11-29,TEN,JAX,,,,,1,False,0.8371642990947177,JAX,0.8371642990947177,,,0.19558261609444175,-0.185649027139016,60.0,-0.07421336692525145,0.11360170688159732,58.2,0.2697959830196932,-0.2992507340206133,1.7999999999999972,0
2026_12_WAS_ARI,2026,12,2026-11-29,WAS,ARI,,,,,0,False,0.561004236051756,ARI,0.561004236051756,,,0.028551234554928633,0.12674822044528966,59.2,0.021748701884552496,0.09816483888381348,55.0,0.006802532670376137,0.028583381561476176,4.200000000000003,1
2026_12_SEA_SF,2026,12,2026-11-29,SEA,SF,,,,,1,False,0.5118070957358654,SF,0.5118070957358654,,,0.15105638781528266,0.07240964947879605,61.4,0.014224262175730815,-0.16670374278624328,59.4,0.13683212563955185,0.23911339226503933,2.0,-7
2026_12_NE_LAC,2026,12,2026-11-29,NE,LAC,,,,,0,False,0.25605137303630693,NE,0.743948626963693,,,-0.09429661574570566,-0.05270299807271507,59.6,0.24106965388432977,-0.022106549611703472,60.2,-0.33536626963003546,-0.0305964484610116,-0.6000000000000014,-7
2026_12_CAR_TB,2026,12,2026-11-30,CAR,TB,,,,,1,False,0.5917925351282727,TB,0.5917925351282727,,,0.003571115354761967,0.08051882737326738,60.4,-0.027978377378145264,0.11502521362658391,53.4,0.03154949273290723,-0.034506386253316534,7.0,0
2026_13_KC_LA,2026,13,2026-12-03,KC,LA,,,,,0,False,0.6733487958013163,LA,0.6733487958013163,,,0.06178489812649226,0.10369147219904455,68.4,-0.18428993995652293,-0.1476118699038318,53.8,0.2460748380830152,0.25130334210287636,14.600000000000009,1
2026_13_DET_ATL,2026,13,2026-12-06,DET,ATL,,,,,0,False,0.5573297755926986,ATL,0.5573297755926986,,,-0.03659784040795819,-0.09398105896034967,61.2,-0.012333234247356436,0.01631385837228269,67.8,-0.02426460616060175,-0.11029491733263236,-6.599999999999994,-3
2026_13_JAX_CHI,2026,13,2026-12-06,JAX,CHI,,,,,0,False,0.46721178493462856,JAX,0.5327882150653714,,,0.1810632080231987,0.041135114115843294,62.0,0.19558261609444175,-0.185649027139016,60.0,-0.01451940807124305,0.2267841412548593,2.0,3
2026_13_CIN_CLE,2026,13,2026-12-06,CIN,CLE,,,,,1,False,0.2772858968667536,CIN,0.7227141031332465,,,-0.22105098947595847,0.026666898238888227,54.0,0.05769326247319684,-0.041202262969283136,66.2,-0.2787442519491553,0.06786916120817137,-12.200000000000003,0
2026_13_GB_NO,2026,13,2026-12-06,GB,NO,,,,,0,False,0.7213324022314717,NO,0.7213324022314717,,,0.040206785326471,-0.13495546962432492,68.0,-0.06200427378009134,0.11399331994248704,58.0,0.10221105910656234,-0.24894878956681196,10.0,-4
2026_13_SF_NYG,2026,13,2026-12-06,SF,NYG,,,,,0,False,0.5407429960844518,NYG,0.5407429960844518,,,0.07679744748229009,-0.03558219890265184,62.0,0.15105638781528266,0.07240964947879605,61.4,-0.07425894033299257,-0.10799184838144789,0.6000000000000014,0
2026_13_LAC_TB,2026,13,2026-12-06,LAC,TB,,,,,0,False,0.5765949409945815,TB,0.5765949409945815,,,0.003571115354761967,0.08051882737326738,60.4,-0.09429661574570566,-0.05270299807271507,59.6,0.09786773110046763,0.13322182544598243,0.7999999999999972,-1
2026_13_WAS_TEN,2026,13,2026-12-06,WAS,TEN,,,,,0,False,0.4706634510042709,WAS,0.5293365489957291,,,-0.07421336692525145,0.11360170688159732,58.2,0.021748701884552496,0.09816483888381348,55.0,-0.09596206880980394,0.015436867997783835,3.200000000000003,0
2026_13_PHI_ARI,2026,13,2026-12-06,PHI,ARI,,,,,0,False,0.3869489434200358,PHI,0.6130510565799643,,,0.028551234554928633,0.12674822044528966,59.2,0.07684325078942775,-0.1242453826837874,59.4,-0.048292016234499115,0.25099360312907704,-0.19999999999999574,-3
2026_13_MIA_DEN,2026,13,2026-12-06,MIA,DEN,,,,,0,False,0.721161862094483,DEN,0.721161862094483,,,-0.060103943259514805,-0.06771047645524021,60.2,-0.11401401555729944,0.19024127435383695,52.8,0.053910072297784634,-0.2579517508090772,7.400000000000006,2
2026_13_CAR_MIN,2026,13,2026-12-06,CAR,MIN,,,,,0,False,0.7066895800090622,MIN,0.7066895800090622,,,-0.0340425236229358,-0.24705032764552887,56.0,-0.027978377378145264,0.11502521362658391,53.4,-0.0060641462447905345,-0.3620755412721128,2.6000000000000014,1
2026_13_BUF_NE,2026,13,2026-12-06,BUF,NE,,,,,1,False,0.5894808090328105,NE,0.5894808090328105,,,0.24106965388432977,-0.022106549611703472,60.2,0.15699575937736437,-0.03161500689446315,61.4,0.0840738945069654,0.009508457282759678,-1.1999999999999957,-3
2026_13_HOU_PIT,2026,13,2026-12-06,HOU,PIT,,,,,0,False,0.5951977047599681,PIT,0.5951977047599681,,,-0.0027478270015308115,-0.07097764988530382,65.8,-0.0023422023508330113,-0.01787763101457378,62.8,-0.00040562465069780016,-0.05310001887073004,3.0,2
2026_13_DAL_SEA,2026,13,2026-12-07,DAL,SEA,,,,,0,False,0.6556321501943075,SEA,0.6556321501943075,,,0.014224262175730815,-0.16670374278624328,59.4,0.08985545372094184,0.2745434946452968,63.4,-0.07563119154521102,-0.4412472374315401,-4.0,-3
2026_14_MIN_NE,2026,14,2026-12-10,MIN,NE,,,,,0,False,0.6901316171032307,NE,0.6901316171032307,,,0.24106965388432977,-0.022106549611703472,60.2,-0.0340425236229358,-0.24705032764552887,56.0,0.2751121775072656,0.2249437780338254,4.200000000000003,0
2026_14_TB_BAL,2026,14,2026-12-13,TB,BAL,,,,,0,False,0.7959565287720377,BAL,0.7959565287720377,,,0.2279956406956157,-0.031630800660246386,54.0,0.003571115354761967,0.08051882737326738,60.4,0.22442452534085375,-0.11214962803351376,-6.399999999999999,7
2026_14_NO_CAR,2026,14,2026-12-13,NO,CAR,,,,,1,False,0.3635687821520903,NO,0.6364312178479097,,,-0.027978377378145264,0.11502521362658391,53.4,0.040206785326471,-0.13495546962432492,68.0,-0.06818516270461626,0.24998068325090883,-14.600000000000001,0
2026_14_ATL_CLE,2026,14,2026-12-13,ATL,CLE,,,,,0,False,0.3430016779855437,ATL,0.6569983220144563,,,-0.22105098947595847,0.026666898238888227,54.0,-0.03659784040795819,-0.09398105896034967,61.2,-0.18445314906800028,0.12064795719923789,-7.200000000000003,0
2026_14_TEN_DET,2026,14,2026-12-13,TEN,DET,,,,,0,False,0.6573219456044588,DET,0.6573219456044588,,,-0.012333234247356436,0.01631385837228269,67.8,-0.07421336692525145,0.11360170688159732,58.2,0.06188013267789501,-0.09728784850931463,9.599999999999994,0
2026_14_CHI_MIA,2026,14,2026-12-13,CHI,MIA,,,,,0,False,0.25160940938215787,CHI,0.7483905906178421,,,-0.11401401555729944,0.19024127435383695,52.8,0.1810632080231987,0.041135114115843294,62.0,-0.29507722358049815,0.14910616023799367,-9.200000000000003,0
2026_14_DEN_NYJ,2026,14,2026-12-13,DEN,NYJ,,,,,0,False,0.39791139705036943,DEN,0.6020886029496306,,,-0.15982432131473362,0.20903578537671744,60.2,-0.060103943259514805,-0.06771047645524021,60.2,-0.09972037805521881,0.27674626183195766,0.0,7
2026_14_IND_PHI,2026,14,2026-12-13,IND,PHI,,,,,0,False,0.7718537210652548,PHI,0.7718537210652548,,,0.07684325078942775,-0.1242453826837874,59.4,-0.1309072893079945,0.13393876679566863,57.4,0.20775054009742225,-0.258184149479456,2.0,-7
2026_14_HOU_WAS,2026,14,2026-12-13,HOU,WAS,,,,,0,False,0.5189695993754402,WAS,0.5189695993754402,,,0.021748701884552496,0.09816483888381348,55.0,-0.0023422023508330113,-0.01787763101457378,62.8,0.024090904235385506,0.11604246989838726,-7.799999999999997,0
2026_14_LAC_LV,2026,14,2026-12-13,LAC,LV,,,,,1,False,0.4701371523000844,LAC,0.5298628476999157,,,-0.2393507152394152,-0.07548378531237102,54.8,-0.09429661574570566,-0.05270299807271507,59.6,-0.14505409949370954,-0.022780787239655945,-4.800000000000004,7
2026_14_KC_CIN,2026,14,2026-12-13,KC,CIN,,,,,0,False,0.6999785674701027,CIN,0.6999785674701027,,,0.05769326247319684,-0.041202262969283136,66.2,-0.18428993995652293,-0.1476118699038318,53.8,0.24198320242971977,0.10640960693454865,12.400000000000006,-3
2026_14_NYG_SEA,2026,14,2026-12-13,NYG,SEA,,,,,0,False,0.5509298296719298,SEA,0.5509298296719298,,,0.014224262175730815,-0.16670374278624328,59.4,0.07679744748229009,-0.03558219890265184,62.0,-0.06257318530655927,-0.13112154388359143,-2.6000000000000014,-1
2026_14_LA_SF,2026,14,2026-12-13,LA,SF,,,,,1,False,0.6053201898678673,SF,0.6053201898678673,,,0.15105638781528266,0.07240964947879605,61.4,0.06178489812649226,0.10369147219904455,68.4,0.0892714896887904,-0.0312818227202485,-7.000000000000007,-3
2026_14_BUF_GB,2026,14,2026-12-13,BUF,GB,,,,,0,False,0.310548878191752,BUF,0.689451121808248,,,-0.06200427378009134,0.11399331994248704,58.0,0.15699575937736437,-0.03161500689446315,61.4,-0.2190000331574557,0.14560832683695019,-3.3999999999999986,0
2026_14_PIT_JAX,2026,14,2026-12-14,PIT,JAX,,,,,0,False,0.7484571829648229,JAX,0.7484571829648229,,,0.19558261609444175,-0.185649027139016,60.0,-0.0027478270015308115,-0.07097764988530382,65.8,0.19833044309597256,-0.11467137725371217,-5.799999999999997,0
2026_15_SF_LAC,2026,15,2026-12-17,SF,LAC,,,,,0,False,0.3995582755908201,SF,0.60044172440918,,,-0.09429661574570566,-0.05270299807271507,59.6,0.15105638781528266,0.07240964947879605,61.4,-0.24535300356098833,-0.12511264755151114,-1.7999999999999972,0
2026_15_SEA_PHI,2026,15,2026-12-19,SEA,PHI,,,,,0,False,0.5914052956982397,PHI,0.5914052956982397,,,0.07684325078942775,-0.1242453826837874,59.4,0.014224262175730815,-0.16670374278624328,59.4,0.06261898861369693,0.04245836010245588,0.0,0
2026_15_CHI_BUF,2026,15,2026-12-19,CHI,BUF,,,,,0,False,0.5670899141616866,BUF,0.5670899141616866,,,0.15699575937736437,-0.03161500689446315,61.4,0.1810632080231987,0.041135114115843294,62.0,-0.024067448645834322,-0.07275012101030645,-0.6000000000000014,0
2026_15_CIN_CAR,2026,15,2026-12-20,CIN,CAR,,,,,0,False,0.4027567457205801,CIN,0.5972432542794199,,,-0.027978377378145264,0.11502521362658391,53.4,0.05769326247319684,-0.041202262969283136,66.2,-0.0856716398513421,0.15622747659586705,-12.800000000000004,0
2026_15_MIA_GB,2026,15,2026-12-20,MIA,GB,,,,,0,False,0.6370262666832118,GB,0.6370262666832118,,,-0.06200427378009134,0.11399331994248704,58.0,-0.11401401555729944,0.19024127435383695,52.8,0.0520097417772081,-0.0762479544113499,5.200000000000003,0
2026_15_JAX_HOU,2026,15,2026-12-20,JAX,HOU,,,,,1,False,0.31730982080039016,JAX,0.6826901791996098,,,-0.0023422023508330113,-0.01787763101457378,62.8,0.19558261609444175,-0.185649027139016,60.0,-0.19792481844527476,0.1677713961244422,2.799999999999997,1
2026_15_CLE_NYG,2026,15,2026-12-20,CLE,NYG,,,,,0,False,0.8019238727879051,NYG,0.8019238727879051,,,0.07679744748229009,-0.03558219890265184,62.0,-0.22105098947595847,0.026666898238888227,54.0,0.2978484369582486,-0.06224909714154006,8.0,0
2026_15_BAL_PIT,2026,15,2026-12-20,BAL,PIT,,,,,1,False,0.36976296159333416,BAL,0.6302370384066658,,,-0.0027478270015308115,-0.07097764988530382,65.8,0.2279956406956157,-0.031630800660246386,54.0,-0.23074346769714651,-0.039346849225057434,11.799999999999997,-1
2026_15_NO_TB,2026,15,2026-12-20,NO,TB,,,,,1,False,0.4104919913206097,NO,0.5895080086793902,,,0.003571115354761967,0.08051882737326738,60.4,0.040206785326471,-0.13495546962432492,68.0,-0.03663566997170903,0.2154742969975923,-7.600000000000001,0
2026_15_IND_TEN,2026,15,2026-12-20,IND,TEN,,,,,1,False,0.6006380344270381,TEN,0.6006380344270381,,,-0.07421336692525145,0.11360170688159732,58.2,-0.1309072893079945,0.13393876679566863,57.4,0.05669392238274305,-0.02033705991407131,0.8000000000000043,0
2026_15_ATL_WAS,2026,15,2026-12-20,ATL,WAS,,,,,0,False,0.5168131431682326,WAS,0.5168131431682326,,,0.021748701884552496,0.09816483888381348,55.0,-0.03659784040795819,-0.09398105896034967,61.2,0.058346542292510684,0.19214589784416314,-6.200000000000003,0
2026_15_NYJ_ARI,2026,15,2026-12-20,NYJ,ARI,,,,,0,False,0.7696498590651908,ARI,0.7696498590651908,,,0.028551234554928633,0.12674822044528966,59.2,-0.15982432131473362,0.20903578537671744,60.2,0.18837555586966226,-0.08228756493142778,-1.0,7
2026_15_DAL_LA,2026,15,2026-12-20,DAL,LA,,,,,0,False,0.5720543643505162,LA,0.5720543643505162,,,0.06178489812649226,0.10369147219904455,68.4,0.08985545372094184,0.2745434946452968,63.4,-0.028070555594449577,-0.17085202244625225,5.000000000000007,-6
2026_15_DEN_LV,2026,15,2026-12-20,DEN,LV,,,,,1,False,0.38841010592748065,DEN,0.6115898940725193,,,-0.2393507152394152,-0.07548378531237102,54.8,-0.060103943259514805,-0.06771047645524021,60.2,-0.1792467719799004,-0.0077733088571308034,-5.400000000000006,0
2026_15_DET_MIN,2026,15,2026-12-20,DET,MIN,,,,,1,False,0.6439625392665722,MIN,0.6439625392665722,,,-0.0340425236229358,-0.24705032764552887,56.0,-0.012333234247356436,0.01631385837228269,67.8,-0.021709289375579362,-0.26336418601781153,-11.799999999999997,3
2026_15_NE_KC,2026,15,2026-12-21,NE,KC,,,,,0,False,0.24464087231900578,NE,0.7553591276809942,,,-0.18428993995652293,-0.1476118699038318,53.8,0.24106965388432977,-0.022106549611703472,60.2,-0.4253595938408527,-0.12550532029212833,-6.400000000000006,-3
2026_16_HOU_PHI,2026,16,2026-12-24,HOU,PHI,,,,,0,False,0.6683932951412289,PHI,0.6683932951412289,,,0.07684325078942775,-0.1242453826837874,59.4,-0.0023422023508330113,-0.01787763101457378,62.8,0.07918545314026076,-0.10636775166921363,-3.3999999999999986,1
2026_16_GB_CHI,2026,16,2026-12-25,GB,CHI,,,,,1,False,0.765614555477335,CHI,0.765614555477335,,,0.1810632080231987,0.041135114115843294,62.0,-0.06200427378009134,0.11399331994248704,58.0,0.24306748180329002,-0.07285820582664375,4.0,1
2026_16_BUF_DEN,2026,16,2026-12-25,BUF,DEN,,,,,0,False,0.3798500715453905,BUF,0.6201499284546095,,,-0.060103943259514805,-0.06771047645524021,60.2,0.15699575937736437,-0.03161500689446315,61.4,-0.21709970263687917,-0.03609546956077706,-1.1999999999999957,-1
2026_16_LA_SEA,2026,16,2026-12-25,LA,SEA,,,,,1,False,0.616204331725588,SEA,0.616204331725588,,,0.014224262175730815,-0.16670374278624328,59.4,0.06178489812649226,0.10369147219904455,68.4,-0.047560635950761446,-0.27039521498528785,-9.000000000000007,1
2026_16_TB_ATL,2026,16,2026-12-27,TB,ATL,,,,,1,False,0.5851482220436159,ATL,0.5851482220436159,,,-0.03659784040795819,-0.09398105896034967,61.2,0.003571115354761967,0.08051882737326738,60.4,-0.04016895576272016,-0.17449988633361704,0.8000000000000043,0
2026_16_CLE_BAL,2026,16,2026-12-27,CLE,BAL,,,,,1,False,0.861340103952235,BAL,0.861340103952235,,,0.2279956406956157,-0.031630800660246386,54.0,-0.22105098947595847,0.026666898238888227,54.0,0.4490466301715742,-0.05829769889913461,0.0,0
2026_16_CIN_IND,2026,16,2026-12-27,CIN,IND,,,,,0,False,0.31727007347685604,CIN,0.6827299265231439,,,-0.1309072893079945,0.13393876679566863,57.4,0.05769326247319684,-0.041202262969283136,66.2,-0.18860055178119134,0.17514102976495177,-8.800000000000004,0
2026_16_LAC_MIA,2026,16,2026-12-27,LAC,MIA,,,,,0,False,0.4075191292846765,LAC,0.5924808707153235,,,-0.11401401555729944,0.19024127435383695,52.8,-0.09429661574570566,-0.05270299807271507,59.6,-0.019717399811593775,0.24294427242655203,-6.800000000000004,-3
2026_16_WAS_MIN,2026,16,2026-12-27,WAS,MIN,,,,,0,False,0.6558255545588252,MIN,0.6558255545588252,,,-0.0340425236229358,-0.24705032764552887,56.0,0.021748701884552496,0.09816483888381348,55.0,-0.055791225507488294,-0.34521516652934237,1.0,0
2026_16_ARI_NO,2026,16,2026-12-27,ARI,NO,,,,,0,False,0.6820035223275785,NO,0.6820035223275785,,,0.040206785326471,-0.13495546962432492,68.0,0.028551234554928633,0.12674822044528966,59.2,0.011655550771542365,-0.2617036900696146,8.799999999999997,0
2026_16_NE_NYJ,2026,16,2026-12-27,NE,NYJ,,,,,1,False,0.16943055339786273,NE,0.8305694466021373,,,-0.15982432131473362,0.20903578537671744,60.2,0.24106965388432977,-0.022106549611703472,60.2,-0.4008939751990634,0.2311423349884209,0.0,1
2026_16_CAR_PIT,2026,16,2026-12-27,CAR,PIT,,,,,0,False,0.6663639476457124,PIT,0.6663639476457124,,,-0.0027478270015308115,-0.07097764988530382,65.8,-0.027978377378145264,0.11502521362658391,53.4,0.025230550376614452,-0.18600286351188772,12.399999999999999,0
2026_16_TEN_LV,2026,16,2026-12-27,TEN,LV,,,,,0,False,0.493849426300819,TEN,0.5061505736991809,,,-0.2393507152394152,-0.07548378531237102,54.8,-0.07421336692525145,0.11360170688159732,58.2,-0.16513734831416377,-0.18908549219396834,-3.4000000000000057,0
2026_16_SF_KC,2026,16,2026-12-27,SF,KC,,,,,0,False,0.3357111982327533,SF,0.6642888017672467,,,-0.18428993995652293,-0.1476118699038318,53.8,0.15105638781528266,0.07240964947879605,61.4,-0.3353463277718056,-0.22002151938262784,-7.600000000000001,-4
2026_16_JAX_DAL,2026,16,2026-12-27,JAX,DAL,,,,,0,False,0.2828576758777258,JAX,0.7171423241222742,,,0.08985545372094184,0.2745434946452968,63.4,0.19558261609444175,-0.185649027139016,60.0,-0.10572716237349991,0.4601925217843128,3.3999999999999986,0
2026_16_NYG_DET,2026,16,2026-12-28,NYG,DET,,,,,0,False,0.46325715930730493,NYG,0.5367428406926951,,,-0.012333234247356436,0.01631385837228269,67.8,0.07679744748229009,-0.03558219890265184,62.0,-0.08913068172964653,0.05189605727493453,5.799999999999997,0
2026_17_BAL_CIN,2026,17,2026-12-31,BAL,CIN,,,,,1,False,0.41379793092097783,BAL,0.5862020690790222,,,0.05769326247319684,-0.041202262969283136,66.2,0.2279956406956157,-0.031630800660246386,54.0,-0.17030237822241887,-0.00957146230903675,12.200000000000003,0
2026_17_NO_ATL,2026,17,2027-01-03,NO,ATL,,,,,1,False,0.4522973725226335,NO,0.5477026274773664,,,-0.03659784040795819,-0.09398105896034967,61.2,0.040206785326471,-0.13495546962432492,68.0,-0.07680462573442919,0.04097441066397525,-6.799999999999997,0
2026_17_SEA_CAR,2026,17,2027-01-03,SEA,CAR,,,,,0,False,0.37992931544341907,SEA,0.6200706845565809,,,-0.027978377378145264,0.11502521362658391,53.4,0.014224262175730815,-0.16670374278624328,59.4,-0.04220263955387608,0.2817289564128272,-6.0,-2
2026_17_IND_CLE,2026,17,2027-01-03,IND,CLE,,,,,0,False,0.5227151936072455,CLE,0.5227151936072455,,,-0.22105098947595847,0.026666898238888227,54.0,-0.1309072893079945,0.13393876679566863,57.4,-0.09014370016796397,-0.1072718685567804,-3.3999999999999986,0
2026_17_NYG_DAL,2026,17,2027-01-03,NYG,DAL,,,,,1,False,0.4273061597995997,NYG,0.5726938402004003,,,0.08985545372094184,0.2745434946452968,63.4,0.07679744748229009,-0.03558219890265184,62.0,0.013058006238651748,0.31012569354794867,1.3999999999999986,1
2026_17_WAS_JAX,2026,17,2027-01-03,WAS,JAX,,,,,0,False,0.7935392802905454,JAX,0.7935392802905454,,,0.19558261609444175,-0.185649027139016,60.0,0.021748701884552496,0.09816483888381348,55.0,0.17383391420988925,-0.2838138660228295,5.0,0
2026_17_KC_LAC,2026,17,2027-01-03,KC,LAC,,,,,1,False,0.5845277831426176,LAC,0.5845277831426176,,,-0.09429661574570566,-0.05270299807271507,59.6,-0.18428993995652293,-0.1476118699038318,53.8,0.08999332421081727,0.09490887183111672,5.800000000000004,0
2026_17_BUF_MIA,2026,17,2027-01-03,BUF,MIA,,,,,1,False,0.22439800632678164,BUF,0.7756019936732184,,,-0.11401401555729944,0.19024127435383695,52.8,0.15699575937736437,-0.03161500689446315,61.4,-0.2710097749346638,0.2218562812483001,-8.600000000000001,-2
2026_17_DEN_NE,2026,17,2027-01-03,DEN,NE,,,,,0,False,0.7566768952041103,NE,0.7566768952041103,,,0.24106965388432977,-0.022106549611703472,60.2,-0.060103943259514805,-0.06771047645524021,60.2,0.30117359714384456,0.04560392684353674,0.0,-2
2026_17_MIN_NYJ,2026,17,2027-01-03,MIN,NYJ,,,,,0,False,0.27108349700609247,MIN,0.7289165029939075,,,-0.15982432131473362,0.20903578537671744,60.2,-0.0340425236229358,-0.24705032764552887,56.0,-0.12578179769179781,0.45608611302224633,4.200000000000003,0
2026_17_LA_TB,2026,17,2027-01-03,LA,TB,,,,,0,False,0.4953494943849852,LA,0.5046505056150148,,,0.003571115354761967,0.08051882737326738,60.4,0.06178489812649226,0.10369147219904455,68.4,-0.05821378277173029,-0.023172644825777175,-8.000000000000007,-2
2026_17_PIT_TEN,2026,17,2027-01-03,PIT,TEN,,,,,0,False,0.40770203641351216,PIT,0.5922979635864878,,,-0.07421336692525145,0.11360170688159732,58.2,-0.0027478270015308115,-0.07097764988530382,65.8,-0.07146553992372064,0.18457935676690113,-7.599999999999994,0
2026_17_LV_ARI,2026,17,2027-01-03,LV,ARI,,,,,0,False,0.6934877873810205,ARI,0.6934877873810205,,,0.028551234554928633,0.12674822044528966,59.2,-0.2393507152394152,-0.07548378531237102,54.8,0.26790194979434384,0.20223200575766068,4.400000000000006,0
2026_17_DET_CHI,2026,17,2027-01-03,DET,CHI,,,,,1,False,0.7015217308683237,CHI,0.7015217308683237,,,0.1810632080231987,0.041135114115843294,62.0,-0.012333234247356436,0.01631385837228269,67.8,0.19339644227055514,0.024821255743560602,-5.799999999999997,3
2026_17_PHI_SF,2026,17,2027-01-03,PHI,SF,,,,,0,False,0.5167879757134655,SF,0.5167879757134655,,,0.15105638781528266,0.07240964947879605,61.4,0.07684325078942775,-0.1242453826837874,59.4,0.07421313702585491,0.19665503216258345,2.0,-3
2026_17_HOU_GB,2026,17,2027-01-04,HOU,GB,,,,,0,False,0.4364285599175079,HOU,0.563571440082492,,,-0.06200427378009134,0.11399331994248704,58.0,-0.0023422023508330113,-0.01787763101457378,62.8,-0.05966207142925833,0.13187095095706083,-4.799999999999997,-1
2026_18_SF_ARI,2026,18,2027-01-10,SF,ARI,,,,,1,False,0.4124302178112886,SF,0.5875697821887114,,,0.028551234554928633,0.12674822044528966,59.2,0.15105638781528266,0.07240964947879605,61.4,-0.12250515326035402,0.05433857096649361,-2.1999999999999957,0
2026_18_PIT_BAL,2026,18,2027-01-10,PIT,BAL,,,,,1,False,0.7178113581563557,BAL,0.7178113581563557,,,0.2279956406956157,-0.031630800660246386,54.0,-0.0027478270015308115,-0.07097764988530382,65.8,0.23074346769714651,0.039346849225057434,-11.799999999999997,3
2026_18_NYJ_BUF,2026,18,2027-01-10,NYJ,BUF,,,,,1,False,0.8448117461700716,BUF,0.8448117461700716,,,0.15699575937736437,-0.03161500689446315,61.4,-0.15982432131473362,0.20903578537671744,60.2,0.316820080692098,-0.24065079227118058,1.1999999999999957,0
2026_18_ATL_CAR,2026,18,2027-01-10,ATL,CAR,,,,,1,False,0.4513765028410671,ATL,0.5486234971589329,,,-0.027978377378145264,0.11502521362658391,53.4,-0.03659784040795819,-0.09398105896034967,61.2,0.008619463029812924,0.20900627258693358,-7.800000000000004,0
2026_18_CLE_CIN,2026,18,2027-01-10,CLE,CIN,,,,,1,False,0.7998177592605942,CIN,0.7998177592605942,,,0.05769326247319684,-0.041202262969283136,66.2,-0.22105098947595847,0.026666898238888227,54.0,0.2787442519491553,-0.06786916120817137,12.200000000000003,3
2026_18_LAC_DEN,2026,18,2027-01-10,LAC,DEN,,,,,1,False,0.5793860041329829,DEN,0.5793860041329829,,,-0.060103943259514805,-0.06771047645524021,60.2,-0.09429661574570566,-0.05270299807271507,59.6,0.03419267248619086,-0.015007478382525141,0.6000000000000014,0
2026_18_DET_GB,2026,18,2027-01-10,DET,GB,,,,,1,False,0.4412391880098084,DET,0.5587608119901917,,,-0.06200427378009134,0.11399331994248704,58.0,-0.012333234247356436,0.01631385837228269,67.8,-0.0496710395327349,0.09767946157020435,-9.799999999999997,-1
2026_18_TEN_HOU,2026,18,2027-01-10,TEN,HOU,,,,,1,False,0.6556850085912237,HOU,0.6556850085912237,,,-0.0023422023508330113,-0.01787763101457378,62.8,-0.07421336692525145,0.11360170688159732,58.2,0.07187116457441843,-0.1314793378961711,4.599999999999994,-1
2026_18_JAX_IND,2026,18,2027-01-10,JAX,IND,,,,,1,False,0.17869867785504623,JAX,0.8213013221449538,,,-0.1309072893079945,0.13393876679566863,57.4,0.19558261609444175,-0.185649027139016,60.0,-0.3264899054024363,0.3195877939346846,-2.6000000000000014,0
2026_18_LV_KC,2026,18,2027-01-10,LV,KC,,,,,1,False,0.6191581989640805,KC,0.6191581989640805,,,-0.18428993995652293,-0.1476118699038318,53.8,-0.2393507152394152,-0.07548378531237102,54.8,0.05506077528289227,-0.07212808459146078,-1.0,0
2026_18_SEA_LA,2026,18,2027-01-10,SEA,LA,,,,,1,False,0.4750544514631468,SEA,0.5249455485368533,,,0.06178489812649226,0.10369147219904455,68.4,0.014224262175730815,-0.16670374278624328,59.4,0.047560635950761446,0.27039521498528785,9.000000000000007,0
2026_18_CHI_MIN,2026,18,2027-01-10,CHI,MIN,,,,,1,False,0.4778780725160768,CHI,0.5221219274839233,,,-0.0340425236229358,-0.24705032764552887,56.0,0.1810632080231987,0.041135114115843294,62.0,-0.2151057316461345,-0.2881854417613722,-6.0,0
2026_18_MIA_NE,2026,18,2027-01-10,MIA,NE,,,,,1,False,0.8584209374783998,NE,0.8584209374783998,,,0.24106965388432977,-0.022106549611703472,60.2,-0.11401401555729944,0.19024127435383695,52.8,0.3550836694416292,-0.21234782396554042,7.400000000000006,0
2026_18_TB_NO,2026,18,2027-01-10,TB,NO,,,,,1,False,0.6701229380653737,NO,0.6701229380653737,,,0.040206785326471,-0.13495546962432492,68.0,0.003571115354761967,0.08051882737326738,60.4,0.03663566997170903,-0.2154742969975923,7.600000000000001,0
2026_18_PHI_NYG,2026,18,2027-01-10,PHI,NYG,,,,,1,False,0.5070873161274552,NYG,0.5070873161274552,,,0.07679744748229009,-0.03558219890265184,62.0,0.07684325078942775,-0.1242453826837874,59.4,-4.5803307137659566e-05,0.08866318378113557,2.6000000000000014,0
2026_18_DAL_WAS,2026,18,2027-01-10,DAL,WAS,,,,,1,False,0.5531209825829084,WAS,0.5531209825829084,,,0.021748701884552496,0.09816483888381348,55.0,0.08985545372094184,0.2745434946452968,63.4,-0.06810675183638934,-0.17637865576148332,-8.399999999999999,0
