game_id,season,week,gameday,team,off_epa,def_epa,plays,form_off_epa,form_def_epa,form_plays
2016_01_NE_ARI,2016,1,2016-09-11,ARI,0.17622554731680887,0.11660427756316182,59,,,
2016_02_TB_ARI,2016,2,2016-09-18,ARI,0.15753012357491294,-0.28918037953961495,65,,,
2016_03_ARI_BUF,2016,3,2016-09-25,ARI,-0.28367128680024467,-0.031090530278560447,78,,,
2016_04_LA_ARI,2016,4,2016-10-02,ARI,-0.1398665744196866,-0.11398580214751386,74,0.016694794697159048,-0.06788887741833786,67.33333333333333
2016_05_ARI_SF,2016,5,2016-10-06,ARI,-0.0077228528126106755,-0.1738261227980508,64,-0.022445547582052368,-0.07941310860063186,69.0
2016_06_NYJ_ARI,2016,6,2016-10-17,ARI,0.18273429458734908,-0.26646030307952634,68,-0.019501008628164028,-0.09829571144011565,68.0
2016_07_SEA_ARI,2016,7,2016-10-23,ARI,-0.09843021210745646,-0.1960953530945595,90,-0.018199259174055994,-0.17490862756865327,69.8
2016_08_ARI_CAR,2016,8,2016-10-30,ARI,-0.09135679304532421,-0.016724772591673584,65,-0.06939132631052987,-0.15629162227964216,74.8
2016_10_SF_ARI,2016,10,2016-11-13,ARI,-0.13549612981694714,-0.03044565217368166,73,-0.03092842755954578,-0.1534184707422648,72.2
2016_11_ARI_MIN,2016,11,2016-11-20,ARI,-0.23233254184879654,-0.12945957586464782,70,-0.030054338638997886,-0.13671044074749836,72.0
2016_12_ARI_ATL,2016,12,2016-11-27,ARI,-0.03155627860958911,0.12250109438300515,62,-0.07497627644623506,-0.12783713136081779,73.2
2016_13_WAS_ARI,2016,13,2016-12-04,ARI,0.2110759215435748,0.05977640760966453,70,-0.11783439108562269,-0.05004485186831148,72.0
2016_14_ARI_MIA,2016,14,2016-12-11,ARI,-0.2268286396893702,-0.12786343194416633,63,-0.05593316435541644,0.0011295002725333237,68.0
2016_15_NO_ARI,2016,15,2016-12-18,ARI,0.21354140886472203,0.2031691014972973,56,-0.08302753368422564,-0.021098231597965224,67.6
2016_16_ARI_SEA,2016,16,2016-12-24,ARI,0.09089793843596243,-0.013641482466773654,56,-0.0132200259478918,0.025624719136230566,64.2
2016_17_ARI_LA,2016,17,2017-01-01,ARI,0.032576602152214175,-0.7962772163639124,67,0.051426070109059994,0.0487883378158054,61.4
2017_01_ARI_DET,2017,1,2017-09-10,ARI,-0.284850697220739,-0.1380092866609023,68,0.06425264626142065,-0.1349673243335781,62.4
2017_02_ARI_IND,2017,2,2017-09-17,ARI,-0.04218540370940972,-0.15061040637606232,64,-0.03493267749144212,-0.17452446318769146,62.0
2017_03_DAL_ARI,2017,3,2017-09-25,ARI,-0.0641014437320275,0.09559513805222443,75,0.001995969704549974,-0.17907385807407064,62.2
2017_04_SF_ARI,2017,4,2017-10-01,ARI,-0.09863298056893072,-0.12626957227075633,78,-0.053532600814799935,-0.20058865076308524,66.0
2017_05_ARI_PHI,2017,5,2017-10-08,ARI,-0.11383358540844313,0.18116866054517786,60,-0.09143878461577856,-0.22311426872388176,70.4
2017_06_TB_ARI,2017,6,2017-10-15,ARI,0.030925947407094496,0.07504656826709877,55,-0.12072082212791002,-0.027625093342063728,69.0
2017_07_ARI_LA,2017,7,2017-10-22,ARI,-0.38355812758821084,0.18927859571927344,47,-0.05756549320234332,0.014986077643536483,66.4
2017_09_ARI_SF,2017,9,2017-11-05,ARI,-0.09125647519602866,-0.3121669207306619,70,-0.12584003797810356,0.08296387806260364,63.0
2017_10_SEA_ARI,2017,10,2017-11-09,ARI,-0.22359855664283834,-0.0211603700743896,73,-0.13127104427090378,0.0014114663060263767,62.0
2017_11_ARI_HOU,2017,11,2017-11-19,ARI,-0.17936205283115636,0.0019437782271446418,54,-0.1562641594856853,0.022433306745299718,61.0
2017_12_JAX_ARI,2017,12,2017-11-26,ARI,-0.13881574995489962,-0.24322122008354533,70,-0.16936985297022794,-0.013411669718306925,59.8
2017_13_LA_ARI,2017,13,2017-12-03,ARI,-0.24017504099463594,-0.02984447133737392,62,-0.20331819244262675,-0.07706522738843576,62.8
2017_14_TEN_ARI,2017,14,2017-12-10,ARI,-0.18653438313652815,-0.41086619359031307,61,-0.17464157512391182,-0.12088984079976521,65.8
2017_15_ARI_WAS,2017,15,2017-12-17,ARI,-0.2832529170609669,-0.18140566691266535,79,-0.19369715671201168,-0.14062969537169545,64.0
2017_16_NYG_ARI,2017,16,2017-12-24,ARI,-0.1811011140687558,-0.46682771434986947,63,-0.20562802879563744,-0.1726787547393506,65.2
2017_17_ARI_SEA,2017,17,2017-12-31,ARI,-0.0915402697788917,-0.05464909300296264,67,-0.2059758410431573,-0.2664330532547534,67.0
2018_01_WAS_ARI,2018,1,2018-09-09,ARI,-0.23807425653663297,0.16909063617335365,51,-0.19652074500795572,-0.2287186278386369,66.4
2018_02_ARI_LA,2018,2,2018-09-16,ARI,-0.38946263356470007,0.19512181904496564,43,-0.1961005881163551,-0.18893160633649136,64.2
2018_03_CHI_ARI,2018,3,2018-09-23,ARI,-0.22876298999835853,-0.05754610182818543,48,-0.2366862382019895,-0.06773400380943564,60.6
2018_04_SEA_ARI,2018,4,2018-09-30,ARI,-0.1167909083114599,0.02903705065222641,56,-0.22578825278946785,-0.042962090792539646,54.4
2018_05_ARI_SF,2018,5,2018-10-07,ARI,-0.137509951079523,-0.1721814224872768,45,-0.21292621163800868,0.05621086220787952,53.0
2018_06_ARI_MIN,2018,6,2018-10-14,ARI,-0.40792049363946176,-0.13904811637711553,55,-0.22212014789813495,0.03270439631101668,48.6
2018_07_DEN_ARI,2018,7,2018-10-18,ARI,-0.6443177252405144,0.04957182081181059,66,-0.2560893953187007,-0.02892335419907715,49.4
2018_08_SF_ARI,2018,8,2018-10-28,ARI,-0.10024762174244253,-0.14997798973563709,65,-0.3070604136538636,-0.05803335384570816,54.0
2018_10_ARI_KC,2018,10,2018-11-11,ARI,-0.14464764824429843,0.12084633680896997,68,-0.28135734000268037,-0.0765197314271985,57.4
2018_11_OAK_ARI,2018,11,2018-11-18,ARI,-0.22118328600033868,-0.013130393412014095,52,-0.28692868798924803,-0.05815787419584978,59.8
2018_12_ARI_LAC,2018,12,2018-11-25,ARI,-0.32137562481663257,0.3538903279247015,44,-0.30366335497341124,-0.02634766838079724,61.2
2018_13_ARI_GB,2018,13,2018-12-02,ARI,0.07356999657866507,0.005037538866715183,56,-0.2863543812088454,0.07224002047956617,59.0
2018_14_DET_ARI,2018,14,2018-12-09,ARI,-0.32957346889225503,-0.20503998877927926,65,-0.14277683684500947,0.06333316409054708,57.0
2018_15_ARI_ATL,2018,15,2018-12-16,ARI,-0.3575794373109602,0.1674142640269983,64,-0.18864200627497194,0.052320764281818644,57.0
2018_16_LA_ARI,2018,16,2018-12-23,ARI,-0.11812453101400827,0.2907920028215044,53,-0.2312283640883043,0.06163434972542431,56.2
2018_17_ARI_SEA,2018,17,2018-12-30,ARI,-0.3448438106218145,-0.12633395667603445,65,-0.2106166130910382,0.12241882897212801,56.4
2019_01_DET_ARI,2019,1,2019-09-08,ARI,-0.0916371031980363,0.03797092241164882,83,-0.2153102502520746,0.026373972051980825,60.6
2019_02_ARI_BAL,2019,2,2019-09-15,ARI,0.11049634496107354,0.16846542023483962,54,-0.2483516702074149,0.032960648760967555,66.0
2019_03_CAR_ARI,2019,3,2019-09-22,ARI,-0.08813342939557849,0.2749217801589285,73,-0.16033770743674916,0.10766173056379133,63.8
2019_04_SEA_ARI,2019,4,2019-09-29,ARI,-0.11238311359560198,0.15641691894468177,58,-0.10644850585367283,0.12916323379017736,65.6
2019_05_ARI_CIN,2019,5,2019-10-06,ARI,0.28262861233330866,0.0980404018064623,70,-0.10530022236999156,0.10228821701481283,66.6
2019_06_ATL_ARI,2019,6,2019-10-13,ARI,0.2627441239241223,0.31889396306412265,62,0.020194262221033064,0.14716308871131217,67.6
2019_07_ARI_NYG,2019,7,2019-10-20,ARI,0.08215723873005833,-0.19410667351825533,58,0.09107050764546479,0.20334769684180695,63.4
2019_08_ARI_NO,2019,8,2019-10-27,ARI,-0.32749127321478205,0.22762921760610352,49,0.08540268639926174,0.13083327809118797,64.2
2019_09_SF_ARI,2019,9,2019-10-31,ARI,0.2102129312262103,0.2213133992388351,51,0.03753111763542102,0.12137476558062296,59.4
2019_10_ARI_TB,2019,10,2019-11-10,ARI,0.05387391493894009,0.012991541355371719,64,0.10205032659978348,0.13435406163945363,58.0
2019_11_ARI_SF,2019,11,2019-11-17,ARI,-0.08685618004306976,0.05746216389290683,62,0.05629938712090976,0.11734428954923552,56.8
2019_13_LA_ARI,2019,13,2019-12-01,ARI,-0.48379761016962014,0.2206773414273446,61,-0.013620673672528647,0.06505792971499236,56.8
2019_14_PIT_ARI,2019,14,2019-12-08,ARI,-0.15641212323496306,-0.06594041986411696,57,-0.12681164345246435,0.14801473270411236,57.4
2019_15_CLE_ARI,2019,15,2019-12-15,ARI,0.28584917741945887,0.10408883332492767,59,-0.09259581345650054,0.08930080521006825,59.0
2019_16_ARI_SEA,2019,16,2019-12-22,ARI,0.1523132861960012,-0.24699455082929014,67,-0.07746856421785084,0.06585589202728677,60.6
2019_17_ARI_LA,2019,17,2019-12-29,ARI,-0.023436346225983378,0.09557740795025275,60,-0.057780689966438606,0.013858673590354387,61.2
2020_01_ARI_SF,2020,1,2020-09-13,ARI,0.07341390348060058,-0.04643698925104778,75,-0.04509672320302132,0.021481722401823573,60.8
2020_02_WAS_ARI,2020,2,2020-09-20,ARI,0.11327621015931913,-0.0717449529094042,73,0.06634557952702282,-0.031941143733854906,63.6
2020_03_DET_ARI,2020,3,2020-09-27,ARI,-0.00336974730441672,0.03197606522480413,63,0.12028324620587927,-0.033102050342912345,66.8
2020_04_ARI_CAR,2020,4,2020-10-04,ARI,0.0795731609017821,0.2922404895176665,55,0.06243946126110415,-0.04752460396293706,67.6
2020_05_ARI_NYJ,2020,5,2020-10-11,ARI,0.2576662150012208,-0.13452415905629414,65,0.04789143620226032,0.06032240410645427,65.2
2020_06_ARI_DAL,2020,6,2020-10-19,ARI,0.3243538995968065,-0.1766447711171702,59,0.10411194844770115,0.014302090705144894,66.2
2020_07_SEA_ARI,2020,7,2020-10-25,ARI,0.07198948011413757,0.1136944847123917,77,0.15429994767094235,-0.011739465668079587,63.0
2020_09_MIA_ARI,2020,9,2020-11-08,ARI,0.1514236879951334,0.14548929819128112,64,0.14604260166190602,0.025348421856279592,63.8
2020_10_BUF_ARI,2020,10,2020-11-15,ARI,0.05501847701911777,-0.009383768152184538,71,0.17700128872181603,0.048051068449575,64.0
2020_11_ARI_SEA,2020,11,2020-11-19,ARI,0.13338364317407092,0.2054197975830147,63,0.1720903519452832,-0.012273783084395213,67.2
2020_12_ARI_NE,2020,12,2020-11-29,ARI,-0.06309570091173962,-0.2286295070275081,70,0.14723383757985323,0.055715008243466556,66.8
2020_13_LA_ARI,2020,13,2020-12-06,ARI,-0.1837336891680594,0.19482828043713307,61,0.069743917478144,0.045318061061398976,69.0
2020_14_ARI_NYG,2020,14,2020-12-13,ARI,0.04675627736972642,-0.3717806302070409,76,0.0185992836217046,0.06154482020634725,65.8
2020_15_PHI_ARI,2020,15,2020-12-20,ARI,0.016829091800105358,0.01834550300860536,68,-0.0023341985033767955,-0.04190916547331715,68.2
2020_16_SF_ARI,2020,16,2020-12-26,ARI,-0.1792376735750279,0.17706637908032224,80,-0.009972075547179276,-0.03636331124115917,67.6
2020_17_ARI_LA,2020,17,2021-01-03,ARI,-0.3186803292683816,-0.13744736081894934,48,-0.07249633889699905,-0.04203399494169767,71.0
2021_01_ARI_TEN,2021,1,2021-09-12,ARI,0.18510035134424338,-0.3256597406822204,67,-0.12361326456832744,-0.023797565699985916,66.6
2021_02_MIN_ARI,2021,2,2021-09-19,ARI,0.11648162638779587,0.1926080379725707,60,-0.04984645646586687,-0.12789516992385663,67.8
2021_03_ARI_JAX,2021,3,2021-09-26,ARI,0.21610276282502275,-0.1572958153493416,64,-0.035901386662252975,-0.015017436287934305,64.6
2021_04_ARI_LA,2021,4,2021-10-03,ARI,0.3059580654482863,0.009420315072295123,73,0.003953347542730501,-0.05014569995952369,63.8
2021_05_SF_ARI,2021,5,2021-10-10,ARI,-0.012080320340712691,-0.17376208141556038,57,0.10099249534739334,-0.08367491276112912,62.4
2021_06_ARI_CLE,2021,6,2021-10-17,ARI,0.2237708940696204,-0.27024951666508884,66,0.1623124971329271,-0.09093785688045133,64.2
2021_07_HOU_ARI,2021,7,2021-10-24,ARI,0.13694302835856906,-0.459868938217872,67,0.1700466056780025,-0.079855812077025,64.0
2021_08_GB_ARI,2021,8,2021-10-28,ARI,0.05028688398359174,0.08475255907858387,55,0.17413888607215716,-0.21035120731511353,65.4
2021_09_ARI_SF,2021,9,2021-11-07,ARI,0.24492310247439059,-0.11438524168555407,67,0.14097571030387096,-0.16194153242952844,63.6
2021_10_CAR_ARI,2021,10,2021-11-14,ARI,-0.5789253617088127,0.0037369464010643606,53,0.12876871770909182,-0.1867026437810983,62.4
2021_11_ARI_SEA,2021,11,2021-11-21,ARI,0.18013296940262163,-0.11601083221104083,77,0.01539970943547182,-0.15120283821777333,61.6
2021_13_ARI_CHI,2021,13,2021-12-05,ARI,0.12120204620739752,-0.16919074416303514,52,0.006672124502072063,-0.12035510132696374,63.8
2021_14_LA_ARI,2021,14,2021-12-13,ARI,-0.060379984100781395,0.21822441853800306,75,0.003523928071837756,-0.06221946251599636,60.8
2021_15_ARI_DET,2021,15,2021-12-19,ARI,-0.208128337424053,0.04953930540346404,73,-0.018609445545036872,-0.03552509062411252,64.8
2021_16_IND_ARI,2021,16,2021-12-25,ARI,0.059372578119481156,0.07166289383937423,64,-0.10921973352472558,-0.002740181206308899,66.0
2021_17_ARI_DAL,2021,17,2022-01-02,ARI,0.1625361893801919,0.08635404325545501,70,0.018439854440933177,0.010845008281353074,68.2
2021_18_SEA_ARI,2021,18,2022-01-09,ARI,-0.02285908263016338,0.18176256709474584,72,0.014920498436447233,0.051317983374652244,66.8
2022_01_KC_ARI,2022,1,2022-09-11,ARI,0.007048831084379342,0.42194901752294217,64,-0.01389172733106495,0.12150864562620844,70.8
2022_02_ARI_LV,2022,2,2022-09-18,ARI,0.03151987762685458,-0.08002786385973491,80,-0.0004059642940328005,0.16225356542319624,68.6
2022_03_LA_ARI,2022,3,2022-09-25,ARI,-0.03673337835800609,0.22357499348702933,81,0.047523678716148716,0.13634013157055647,70.0
2022_04_ARI_CAR,2022,4,2022-10-02,ARI,-0.06127473131082912,-0.47032009556721255,68,0.02830248742065127,0.1667225515000875,73.4
2022_05_PHI_ARI,2022,5,2022-10-09,ARI,0.10111711209759514,0.142591009007342,67,-0.016459696717552937,0.05538772373555397,73.0
2022_06_ARI_SEA,2022,6,2022-10-16,ARI,-0.20328896572878288,-0.19058264973341846,71,0.008335542227998769,0.047553412118073214,72.0
2022_07_NO_ARI,2022,7,2022-10-20,ARI,0.1432535602347589,0.03130387127892485,61,-0.033732017134633675,-0.0749529213331989,73.4
2022_08_ARI_MIN,2022,8,2022-10-30,ARI,-0.07119049416666723,0.010338986775927412,70,-0.011385280613052818,-0.05268657430546696,69.6
2022_09_SEA_ARI,2022,9,2022-11-06,ARI,-0.15286356392917683,0.08884308019679586,61,-0.01827670377478504,-0.09533377564768734,67.4
2022_10_ARI_LA,2022,10,2022-11-13,ARI,0.04790672797392316,-0.19614592496793626,64,-0.036594470298454584,0.016498859505114337,66.0
2022_11_SF_ARI,2022,11,2022-11-21,ARI,-0.16528359260710232,0.3718208115551801,71,-0.04723654712318899,-0.051248527289941316,65.4
2022_12_LAC_ARI,2022,12,2022-11-27,ARI,0.058060248783089935,0.0690964950208742,64,-0.03963547249885287,0.06123216496777839,65.4
2022_14_NE_ARI,2022,14,2022-12-12,ARI,-0.38201284525076185,0.018245282481550655,69,-0.05667413478918666,0.06879068971616827,66.0
2022_15_ARI_DEN,2022,15,2022-12-18,ARI,-0.3045540370995941,-0.04938370983903905,60,-0.11883860500600558,0.07037194885729291,65.8
2022_16_TB_ARI,2022,16,2022-12-25,ARI,-0.235962948494429,-0.09827332432668985,73,-0.14917669964008903,0.04272659085012593,65.6
2022_17_ARI_ATL,2022,17,2023-01-01,ARI,0.01905227218737011,-0.07777606811963392,69,-0.20595063493375948,0.06230111097837522,67.4
2022_18_ARI_SF,2022,18,2023-01-08,ARI,-0.36167640502716664,0.051053187003507965,49,-0.16908346197486496,-0.02761826495658759,67.0
2023_01_ARI_WAS,2023,1,2023-09-10,ARI,-0.3520510891186187,-0.2941835299337889,58,-0.2530307927369163,-0.031226926560060837,64.0
2023_02_NYG_ARI,2023,2,2023-09-17,ARI,0.1778705323474945,0.2223894054768939,61,-0.24703844151048768,-0.09371268904312875,61.8
2023_03_DAL_ARI,2023,3,2023-09-24,ARI,0.21866413959703226,0.0620664877643527,53,-0.15055352762106997,-0.039358065979942146,62.0
2023_04_ARI_SF,2023,4,2023-10-01,ARI,0.12396832736913008,0.5003909786590193,68,-0.05962811000277772,-0.007290103561733636,58.0
2023_05_CIN_ARI,2023,5,2023-10-08,ARI,-0.29481530804370876,0.007757813892624546,57,-0.038644898966425714,0.10834330579399701,57.8
2023_06_ARI_LA,2023,6,2023-10-15,ARI,-0.26177127413163354,0.13998909877402557,72,-0.025272679569734134,0.09968423117182032,59.4
2023_07_ARI_SEA,2023,7,2023-10-22,ARI,-0.21504111562402864,0.021397064206919697,63,-0.007216716572337101,0.1865187569133832,62.2
2023_08_BAL_ARI,2023,8,2023-10-29,ARI,-0.1927366532222012,0.03310078718347266,72,-0.08579904616664173,0.14632028865938837,62.6
2023_09_ARI_CLE,2023,9,2023-11-05,ARI,-0.8043486848982866,-0.07796932140425704,48,-0.16807920473048843,0.14052714854321235,66.4
2023_10_ATL_ARI,2023,10,2023-11-12,ARI,-0.003437750067341927,-0.03175243972505517,60,-0.35374260718397177,0.02485508853055709,62.4
2023_11_ARI_HOU,2023,11,2023-11-19,ARI,-0.0569310708240043,-0.05287954821213904,59,-0.2954670955886984,0.01695303780702115,63.0
2023_12_LA_ARI,2023,12,2023-11-26,ARI,-0.1384552957480188,0.3348599183290731,66,-0.25449905492717256,-0.021620691590211776,60.4
2023_13_ARI_PIT,2023,13,2023-12-03,ARI,0.03809573249114291,-0.09221512000953318,60,-0.23918189095197057,0.0410718792342189,61.0
2023_15_SF_ARI,2023,15,2023-12-17,ARI,0.003787161366518756,0.42628159982975244,73,-0.19301541380930173,0.016008697795617734,58.6
2023_16_ARI_CHI,2023,16,2023-12-24,ARI,-0.15749019734626238,0.11651338674885472,60,-0.03138824455634069,0.11685888204241963,63.6
2023_17_ARI_PHI,2023,17,2023-12-31,ARI,0.2558193753436117,0.22749688327204765,72,-0.06219873401212479,0.1465120473372016,63.6
2023_18_SEA_ARI,2023,18,2024-01-07,ARI,0.23259490097564622,0.1125584719604875,69,0.0003513552213984195,0.20258733363403897,66.2
2024_01_ARI_BUF,2024,1,2024-09-08,ARI,0.06333499944819312,0.2220843524679833,60,0.07456139456613142,0.15812704436032182,66.8
2024_02_LA_ARI,2024,2,2024-09-15,ARI,0.3468297459864201,-0.26304207862079354,62,0.07960924795754147,0.22098693885582513,66.8
2024_03_DET_ARI,2024,3,2024-09-22,ARI,-0.23840536020362937,0.044779570458393377,53,0.14821776488152175,0.08312220316571592,64.6
2024_04_WAS_ARI,2024,4,2024-09-29,ARI,-0.08621050947514394,0.41568827038638456,58,0.13203473231004834,0.06877543990762366,63.2
2024_05_ARI_SF,2024,5,2024-10-06,ARI,0.12357341654668454,-0.04176984130080571,56,0.06362875534629721,0.10641371733049103,60.4
2024_06_ARI_GB,2024,6,2024-10-13,ARI,-0.12452218036849662,0.2862532046806263,55,0.041824458460504865,0.07554805467823239,57.8
2024_07_LAC_ARI,2024,7,2024-10-21,ARI,0.03591196748696022,0.04946805758481444,53,0.004253022497166919,0.088381825120761,56.8
2024_08_ARI_MIA,2024,8,2024-10-27,ARI,0.27863852290874985,0.19287460964627995,62,-0.05793053320272505,0.15088385236188256,55.0
2024_09_CHI_ARI,2024,9,2024-11-03,ARI,-0.06949403704706653,-0.22807485400687943,57,0.045478243419750805,0.1805028601994599,56.8
2024_10_NYJ_ARI,2024,10,2024-11-10,ARI,0.375025533842705,-0.15724570151786854,56,0.04882153790536629,0.0517502353208071,56.6
2024_12_ARI_SEA,2024,12,2024-11-24,ARI,-0.1847070503206257,-0.06546132758983621,56,0.09911196136457037,0.028655063277394532,56.6
2024_13_ARI_MIN,2024,13,2024-12-01,ARI,0.036537850582664774,-0.0658263997318538,76,0.08707498737414457,-0.04168784317669797,56.8
2024_14_SEA_ARI,2024,14,2024-12-08,ARI,-0.06725611021829739,0.15525940599889404,63,0.08720016399328548,-0.06474673464003163,61.4
2024_15_NE_ARI,2024,15,2024-12-15,ARI,0.18360129757292515,0.044622635037075156,63,0.018021237367876027,-0.07226977536950878,61.6
2024_16_ARI_CAR,2024,16,2024-12-22,ARI,0.16333864765339806,0.2464324704972173,64,0.06864030429187437,-0.01773027756071788,62.8
2024_17_ARI_LA,2024,17,2024-12-28,ARI,-0.00913665684852672,-0.03091085615455659,74,0.026302927054012982,0.06300535684229928,64.4
2024_18_SF_ARI,2024,18,2025-01-05,ARI,0.24859288199629878,0.009232503674161303,63,0.061417005748432785,0.06991545112935521,68.0
2025_01_ARI_NO,2025,1,2025-09-07,ARI,0.043989166043527976,-0.04165398697715263,61,0.10382801203115959,0.08492723181055825,65.4
2025_02_CAR_ARI,2025,2,2025-09-14,ARI,0.12701131969957394,-0.018261211651571223,47,0.12607706728352466,0.04554455321534891,65.0
2025_03_ARI_SF,2025,3,2025-09-21,ARI,-0.011040268516559676,-0.05528022227968054,64,0.11475907170885442,0.03296778387761962,61.8
2025_04_SEA_ARI,2025,4,2025-09-25,ARI,-0.08130371034049266,0.05527675193449541,64,0.07988328847486285,-0.02737475467775994,61.8
2025_05_TEN_ARI,2025,5,2025-10-05,ARI,-0.07426535388094635,-0.040184388989610034,64,0.06544987777646967,-0.01013723305994954,59.8
2025_06_ARI_IND,2025,6,2025-10-12,ARI,0.08987307613540867,0.14932353989474517,70,0.0008782306010206465,-0.020020611592703807,60.0
2025_07_GB_ARI,2025,7,2025-10-19,ARI,-0.0522111322400125,0.11762536637441785,70,0.010055012619396784,0.018174893781675753,61.8
2025_09_ARI_DAL,2025,9,2025-11-03,ARI,0.11332130881309921,-0.11113330770290628,63,-0.025789477768520502,0.045352209386873565,66.4
2025_10_ARI_SEA,2025,10,2025-11-09,ARI,-0.21090279241203252,0.0737041313480599,74,-0.0009171623025887255,0.03418159230222843,66.2
2025_11_SF_ARI,2025,11,2025-11-16,ARI,0.061462755207460036,0.19118915616353555,73,-0.0268369787168967,0.03786706818494132,68.2
2025_12_JAX_ARI,2025,12,2025-11-23,ARI,-0.1469523248096587,-0.18808638796123014,76,0.0003086431007845794,0.08414177721557044,70.0
2025_13_ARI_TB,2025,13,2025-11-30,ARI,-0.0263044622938843,0.062032397961881446,60,-0.04705643708822889,0.016659791644375373,71.2
2025_14_LA_ARI,2025,14,2025-12-07,ARI,-0.0618625542034183,0.4385575391242012,61,-0.04187510309900326,0.00554119796186809,69.2
2025_15_ARI_HOU,2025,15,2025-12-14,ARI,0.012079446338022534,0.24830012980402955,64,-0.07691187570230676,0.11547936732728958,68.8
2025_16_ATL_ARI,2025,16,2025-12-21,ARI,-0.004239506768854666,0.053032834304417804,56,-0.032315427952295736,0.15039856701848353,66.8
2025_17_ARI_CIN,2025,17,2025-12-28,ARI,-0.045414285696568656,0.3402397610588282,54,-0.04545588034755868,0.12276730264665996,63.4
2025_18_ARI_LA,2025,18,2026-01-04,ARI,0.03618760896290027,0.23612738051027957,53,-0.025148272524940674,0.2284325324506716,59.0
2026_01_ARI_LAC,2026,1,2026-09-13,ARI,0.1441429099391437,-0.24395900345110683,69,-0.012649858273583758,0.2632515289603513,57.6
2016_01_TB_ATL,2016,1,2016-09-11,ATL,0.0208827576979572,0.13213299546301693,64,,,
2016_02_ATL_OAK,2016,2,2016-09-18,ATL,0.3448777457877245,0.1606333329495898,65,,,
2016_03_ATL_NO,2016,3,2016-09-26,ATL,0.4319049408420157,0.07779153595368311,61,,,
2016_04_CAR_ATL,2016,4,2016-10-02,ATL,0.3383267830227325,0.006515704222286336,63,0.26588848144256577,0.12351928812209662,63.333333333333336
2016_05_ATL_DEN,2016,5,2016-10-09,ATL,0.07889709161230066,-0.037874130257554366,61,0.2839980568376075,0.09426839214714405,63.25
2016_06_ATL_SEA,2016,6,2016-10-16,ATL,0.053962509286451465,0.1093528334571466,64,0.2429778637925461,0.06783988766620437,62.8
2016_07_SD_ATL,2016,7,2016-10-23,ATL,0.025956528757246942,0.09177142503212493,63,0.249593814110245,0.0632838552650303,62.8
2016_08_GB_ATL,2016,8,2016-10-30,ATL,0.2678999526158504,0.23097441833331578,56,0.18580957070414947,0.04951147368153732,62.4
2016_09_ATL_TB,2016,9,2016-11-03,ATL,0.30645686182043236,0.11334590602726287,69,0.1530085730589164,0.08014805015746386,61.4
2016_10_ATL_PHI,2016,10,2016-11-13,ATL,-0.06310722098269073,0.09215648521113962,48,0.14663458881845637,0.10151409051845917,62.6
2016_12_ARI_ATL,2016,12,2016-11-27,ATL,0.12250109438300515,-0.03155627860958911,65,0.1182337262994581,0.12752021361219795,60.0
2016_13_KC_ATL,2016,13,2016-12-04,ATL,-0.0358202443537901,0.3601726901458783,68,0.13194144331876884,0.09933839119885082,60.2
2016_14_ATL_LA,2016,14,2016-12-11,ATL,0.1620945388087676,-0.30764082070168997,57,0.1195860886965614,0.1530186442216015,61.2
2016_15_SF_ATL,2016,15,2016-12-18,ATL,0.32243749689262896,-0.06287249617744237,65,0.09842500593514485,0.04529559641460035,61.4
2016_16_ATL_CAR,2016,16,2016-12-24,ATL,0.2585943946514743,-0.17440384652957125,61,0.10162113294958419,0.0100519159736593,60.6
2016_17_NO_ATL,2016,17,2017-01-01,ATL,0.35494744804521716,0.1637438222367314,58,0.16596145607641719,-0.04326015037448287,63.2
2017_01_ATL_CHI,2017,1,2017-09-10,ATL,0.23743666240348593,0.014205506974099944,53,0.21245072680885962,-0.004200130205218778,61.8
2017_02_GB_ATL,2017,2,2017-09-17,ATL,0.1953748640586725,0.0795574072824767,58,0.26710210816031477,-0.07339356683957446,58.8
2017_03_ATL_DET,2017,3,2017-09-24,ATL,-0.008076243949192957,-0.1336744717483653,64,0.2737581732102958,0.00404607875725888,59.0
2017_04_BUF_ATL,2017,4,2017-10-01,ATL,-0.1274889416884757,0.042349264885202145,72,0.2076554250419314,-0.010114316356925706,58.8
2017_06_MIA_ATL,2017,6,2017-10-15,ATL,0.010675610171467476,0.0027149095099573647,55,0.13043875777394137,0.033236305926028976,61.0
2017_07_ATL_NE,2017,7,2017-10-22,ATL,0.058944953089609765,0.23339297332302603,56,0.061584390199191465,0.001030523380674166,60.4
2017_08_ATL_NYJ,2017,8,2017-10-29,ATL,-0.040126925827379895,-0.049312556227522474,63,0.02588604833641623,0.04486801665045938,61.0
2017_09_ATL_CAR,2017,9,2017-11-05,ATL,-0.1280360529442026,-0.10114628122972735,57,-0.021214309640794248,0.01909402394845954,62.0
2017_10_DAL_ATL,2017,10,2017-11-12,ATL,0.05850422967873642,-0.18206744798641938,64,-0.04520627143979618,0.025599662052187132,60.6
2017_11_ATL_SEA,2017,11,2017-11-20,ATL,0.1591166959835054,0.03928182899341467,56,-0.008007637166353753,-0.01928368052213717,59.0
2017_12_TB_ATL,2017,12,2017-11-26,ATL,0.27717643656347435,0.0561836618251174,63,0.021680579996053828,-0.011970296625445713,59.2
2017_13_MIN_ATL,2017,13,2017-12-03,ATL,-0.08672307022752901,0.07361904738645535,51,0.06532687669082674,-0.04741215892502744,60.6
2017_14_NO_ATL,2017,14,2017-12-07,ATL,-0.04732470031322259,0.02526098684521709,63,0.05600764781079692,-0.022825838202231875,58.2
2017_15_ATL_TB,2017,15,2017-12-18,ATL,0.25962042313455674,0.18412685623383676,67,0.07214991833699291,0.0024556154127570147,59.4
2017_16_ATL_NO,2017,16,2017-12-24,ATL,-0.17893374661464906,-0.12542083213882224,60,0.11237315702815698,0.07569447625680825,60.0
2017_17_CAR_ATL,2017,17,2017-12-31,ATL,-0.020684130959552814,-0.30321752743029695,70,0.044763068508526085,0.04275394403036087,60.8
2018_01_ATL_PHI,2018,1,2018-09-06,ATL,-0.22093535905272083,-0.08164934344429785,65,-0.014809044996079351,-0.029126293820722005,62.2
2018_02_CAR_ATL,2018,2,2018-09-16,ATL,0.21642579799942532,0.12809365391995456,60,-0.04165150276111772,-0.06017997198687265,65.0
2018_03_NO_ATL,2018,3,2018-09-23,ATL,0.23963194062263843,0.31131590226952177,61,0.011098596901411868,-0.039613438571925154,64.4
2018_04_CIN_ATL,2018,4,2018-09-30,ATL,0.2336648938875963,0.25952499900191306,67,0.007100900399028204,-0.014175629364788144,63.2
2018_05_ATL_PIT,2018,5,2018-10-07,ATL,-0.07459080001044695,0.2721755367115532,70,0.08962062849947727,0.06281353686335892,64.6
2018_06_TB_ATL,2018,6,2018-10-14,ATL,0.2310325864762489,0.23634256754478838,64,0.07883929468929844,0.17789214969172895,64.6
2018_07_NYG_ATL,2018,7,2018-10-22,ATL,0.14652891680514876,0.13786824863052116,61,0.1692328837950924,0.24149053188954622,64.4
2018_09_ATL_WAS,2018,9,2018-11-04,ATL,0.38369054056926616,-0.006877112991787726,64,0.1552535075562371,0.24344545083165947,64.6
2018_10_ATL_CLE,2018,10,2018-11-11,ATL,0.0014175390161130967,0.3607748441766792,73,0.18406522754556262,0.1798068477793976,65.2
2018_11_DAL_ATL,2018,11,2018-11-18,ATL,0.008915697114172963,0.10007926939380189,55,0.13761575657126598,0.20005681681435084,66.4
2018_12_ATL_NO,2018,12,2018-11-22,ATL,-0.16685013339291638,0.14519764659988915,69,0.15431705599618997,0.16563756335080057,63.4
2018_13_BAL_ATL,2018,13,2018-12-02,ATL,-0.49681401649359996,-0.10056664626873135,45,0.07474051202235692,0.14740857916182076,64.4
2018_14_ATL_GB,2018,14,2018-12-09,ATL,0.008119956236934445,0.1248930078570081,68,-0.05392807463739284,0.09972160018197024,61.2
2018_15_ARI_ATL,2018,15,2018-12-16,ATL,0.1674142640269983,-0.3575794373109602,66,-0.1290421915038592,0.1260756243517294,62.0
2018_16_ATL_CAR,2018,16,2018-12-23,ATL,0.1491606200274291,-0.16472931984746228,47,-0.09584284650168215,-0.017595231945798494,60.6
2018_17_ATL_TB,2018,17,2018-12-30,ATL,0.20603710399772532,0.1521754649514179,73,-0.06779386191903092,-0.07055694979405133,59.0
2019_01_ATL_MIN,2019,1,2019-09-08,ATL,-0.22716974523517075,0.20226424587692352,69,0.006783585559097427,-0.06916138612374559,59.8
2019_02_PHI_ATL,2019,2,2019-09-15,ATL,-0.014196872296773192,-0.10146791467433211,60,0.06071243981078327,-0.00859520769461461,64.6
2019_03_ATL_IND,2019,3,2019-09-22,ATL,0.40683141219785646,0.25917709492546465,53,0.056249074104041744,-0.05386739220088266,63.0
2019_04_TEN_ATL,2019,4,2019-09-29,ATL,-0.13244750677969339,0.05750748534614333,75,0.10413250373821337,0.06948391424640232,60.4
2019_05_ATL_HOU,2019,5,2019-10-06,ATL,0.08402716232984643,0.5010064449574787,68,0.047810878376788865,0.11393127528512345,66.0
2019_06_ATL_ARI,2019,6,2019-10-13,ATL,0.31889396306412265,0.2627441239241223,63,0.02340889004321309,0.1836974712863356,65.0
2019_07_LA_ATL,2019,7,2019-10-20,ATL,-0.2593275072607415,0.13978555226551234,52,0.13262163170307179,0.19579344689577535,63.8
2019_08_SEA_ATL,2019,8,2019-10-27,ATL,0.1104608715488022,0.20400942241165781,71,0.08359550471027813,0.24404414028374424,62.2
2019_10_ATL_NO,2019,10,2019-11-10,ATL,0.003907738365302357,-0.26216055834103635,70,0.02432139658046726,0.23301060578098287,65.8
2019_11_ATL_CAR,2019,11,2019-11-17,ATL,0.1647564547225037,-0.2921477178030534,60,0.05159244560946641,0.16907699704354695,64.8
2019_12_TB_ATL,2019,12,2019-11-24,ATL,-0.15438938883368009,0.1951811447030167,81,0.06773830408799786,0.010446164491440512,63.2
2019_13_NO_ATL,2019,13,2019-11-28,ATL,-0.2592737619211789,-0.008137111588708099,85,-0.02691836629156269,-0.003066431352780602,66.8
2019_14_CAR_ATL,2019,14,2019-12-08,ATL,0.16111161313002137,-0.047112419833965795,66,-0.02690761722365017,-0.03265096412362469,73.4
2019_15_ATL_SF,2019,15,2019-12-15,ATL,0.07576491589580087,-0.057687261118213054,61,-0.016777468907406334,-0.08287533257274941,72.4
2019_16_JAX_ATL,2019,16,2019-12-22,ATL,0.18425027046855283,-0.037336601637917806,70,-0.0024060334013066343,-0.04198067312818475,70.6
2019_17_ATL_TB,2019,17,2019-12-29,ATL,-0.17368211042112666,-0.20105496124453312,86,0.001492729747903193,0.008981550104842362,72.6
2020_01_SEA_ATL,2020,1,2020-09-13,ATL,-0.011682406761209152,0.3228372052786408,78,-0.002365814569586122,-0.07026567108466761,73.6
2020_02_ATL_DAL,2020,2,2020-09-20,ATL,0.11242206589442687,0.0674474114172469,73,0.04715245646240783,-0.004070807711197821,72.2
2020_03_CHI_ATL,2020,3,2020-09-27,ATL,-0.030040807610343993,0.02662998421936934,64,0.03741454701528892,0.018841158539044715,73.6
2020_04_ATL_GB,2020,4,2020-10-05,ATL,0.038416537675442834,0.2875558315335169,68,0.016253402314059955,0.035704607606561196,74.2
2020_05_CAR_ATL,2020,5,2020-10-11,ATL,0.05236316886408658,0.2509414035349552,61,-0.012913344244562044,0.10068309424084813,73.8
2020_06_ATL_MIN,2020,6,2020-10-18,ATL,0.1828923209074063,-0.10966037715842966,78,0.032295711612480606,0.1910823671967458,68.8
2020_07_DET_ATL,2020,7,2020-10-25,ATL,0.07889136507706454,0.118271407143427,71,0.0712106571462037,0.10458285070933171,68.8
2020_08_ATL_CAR,2020,8,2020-10-29,ATL,0.20361067069322458,-0.05023838579645564,66,0.06450451698273123,0.11474764985456772,68.4
2020_09_DEN_ATL,2020,9,2020-11-08,ATL,0.06360149411086485,-0.03327703981978868,67,0.11123481264344495,0.09937397585140272,68.8
2020_11_ATL_NO,2020,11,2020-11-22,ATL,-0.31211758931935163,0.03774102615365899,59,0.11627180393052935,0.03520740158074161,68.6
2020_12_LV_ATL,2020,12,2020-11-29,ATL,-0.08446703773682057,-0.7230092730274403,69,0.043375652293841716,-0.007432673895517631,68.2
2020_13_NO_ATL,2020,13,2020-12-06,ATL,-0.20190593316192548,0.07545826455267766,63,-0.010096219435003667,-0.13010245306931978,66.4
2020_14_ATL_LAC,2020,14,2020-12-13,ATL,0.006257004455099507,0.05120247279603842,55,-0.06625567908280168,-0.13866508158746962,64.8
2020_15_TB_ATL,2020,15,2020-12-20,ATL,0.028069316231759563,0.22573417745928634,65,-0.10572641233042668,-0.1183769098689708,62.6
2020_16_ATL_KC,2020,16,2020-12-27,ATL,0.056521395282048366,0.012791848219818496,61,-0.11283284790624774,-0.06657466641315579,62.2
2020_17_ATL_TB,2020,17,2021-01-03,ATL,0.06688873708238727,0.4132386617904757,71,-0.03910505098596775,-0.0715645019999239,62.6
2021_01_PHI_ATL,2021,1,2021-09-12,ATL,-0.27938932033814085,0.2204582127005394,64,-0.008833896022126178,0.1556850849636593,63.0
2021_02_ATL_TB,2021,2,2021-09-19,ATL,-0.2718796256022658,0.06398078600882161,70,-0.024330573457369255,0.18468507459323164,63.2
2021_03_ATL_NYG,2021,3,2021-09-26,ATL,0.033050417015100635,0.042378091642827964,59,-0.07995789946884231,0.1872407372357883,66.2
2021_04_WAS_ATL,2021,4,2021-10-03,ATL,0.1058050601033049,0.24347715715094406,71,-0.0789616793121741,0.1505695200724966,65.0
2021_05_NYJ_ATL,2021,5,2021-10-10,ATL,0.19633550281748144,-0.03137872370276225,74,-0.06910494634792279,0.19670658185872172,67.0
2021_07_ATL_MIA,2021,7,2021-10-24,ATL,0.11623987711665154,0.10548972574099245,61,-0.04321559320090396,0.10778310476007413,67.6
2021_08_CAR_ATL,2021,8,2021-10-31,ATL,-0.225687020691749,0.06038604609122217,50,0.03591024629005452,0.08478940736816473,67.0
2021_09_ATL_NO,2021,9,2021-11-07,ATL,0.09596352319423052,-0.07307324435570856,55,0.04514876727215787,0.08407045938464486,63.0
2021_10_ATL_DAL,2021,10,2021-11-14,ATL,-0.4606960720115013,0.18561156194669728,53,0.05773138850798386,0.060980192184937554,62.2
2021_11_NE_ATL,2021,11,2021-11-18,ATL,-0.6108968453291499,-0.058674779325303496,52,-0.055568837914977375,0.049407073144088196,58.6
2021_12_ATL_JAX,2021,12,2021-11-28,ATL,0.10845947546247196,-0.013510739471995943,57,-0.21701530754430368,0.043947862019579946,54.2
2021_13_TB_ATL,2021,13,2021-12-05,ATL,-0.05242073498658003,0.20712248827415367,69,-0.21857138787513955,0.02014776897698227,53.4
2021_14_ATL_CAR,2021,14,2021-12-12,ATL,0.03672035449873292,-0.1751227579999625,63,-0.18391813073410576,0.04949505741356856,57.2
2021_15_ATL_SF,2021,15,2021-12-19,ATL,-0.23261429140276452,0.2881209036169948,58,-0.1957667644732053,0.029085154684717784,58.8
2021_16_DET_ATL,2021,16,2021-12-26,ATL,0.08358392469105386,0.0852605573008881,44,-0.1501504083514579,0.04958702301877728,59.8
2021_17_ATL_BUF,2021,17,2022-01-02,ATL,-0.21463911614407444,0.08693211303371937,50,-0.01125425434741716,0.0783740903440156,58.2
2021_18_NO_ATL,2021,18,2022-01-09,ATL,-0.2873038936581691,0.14279298424566228,48,-0.07587397266872645,0.09846266084515867,56.8
2022_01_NO_ATL,2022,1,2022-09-11,ATL,-0.024763180108485335,0.11551567159886544,70,-0.12285060440304425,0.0855967600394604,52.6
2022_02_ATL_LA,2022,2,2022-09-18,ATL,-0.15120273065489084,0.011383609037427536,57,-0.1351473113244879,0.14372444595922598,54.0
2022_03_ATL_SEA,2022,3,2022-09-25,ATL,0.31956693503815153,0.19240257909789435,52,-0.11886499917491318,0.08837698704331254,53.8
2022_04_CLE_ATL,2022,4,2022-10-02,ATL,0.0366911777182564,0.05238017793338429,52,-0.07166839710549362,0.10980539140271377,55.4
2022_05_ATL_TB,2022,5,2022-10-09,ATL,0.08305232547361355,0.14671293680510988,62,-0.021402338333027467,0.10289500438264676,55.8
2022_06_SF_ATL,2022,6,2022-10-16,ATL,0.12233446610272429,-0.12068417551518794,56,0.05266890549332907,0.10367899489453629,58.6
2022_07_ATL_CIN,2022,7,2022-10-23,ATL,0.014753206197767415,0.4213073721974909,45,0.082088434735571,0.056439025471725614,55.8
2022_08_CAR_ATL,2022,8,2022-10-30,ATL,0.035043804763976,0.0921023403154796,66,0.11527962210610265,0.1384237781037383,53.4
2022_09_LAC_ATL,2022,9,2022-11-06,ATL,0.0001368572797082505,0.03089886485084412,60,0.05837499605126752,0.11836373034725534,56.2
2022_10_ATL_CAR,2022,10,2022-11-10,ATL,-0.11147119090507612,0.08209062202270268,59,0.05106413196355789,0.1140674677307473,57.8
2022_11_CHI_ATL,2022,11,2022-11-20,ATL,-0.012924427887807233,0.026334445149637547,48,0.012159428687819964,0.10114300477426585,57.2
2022_12_ATL_WAS,2022,12,2022-11-27,ATL,0.018130561716223556,0.12345921490799572,55,-0.01489235011028634,0.13054672890723096,55.6
2022_13_PIT_ATL,2022,13,2022-12-04,ATL,-0.008778206210495215,0.18008784618441503,53,-0.014216879006595112,0.07097709744933192,57.6
2022_15_ATL_NO,2022,15,2022-12-18,ATL,-0.004373359138077079,0.052320513944357154,70,-0.022981281201489352,0.08857419862311902,55.0
2022_16_ATL_BAL,2022,16,2022-12-24,ATL,-0.14873552513133734,0.012529911795979272,68,-0.02388332448504642,0.0928585284418216,57.0
2022_17_ARI_ATL,2022,17,2023-01-01,ATL,-0.07777606811963392,0.01905227218737011,60,-0.03133619133029866,0.07894638639647693,58.8
2022_18_TB_ATL,2022,18,2023-01-08,ATL,0.05213676512492602,-0.16879996341669054,67,-0.044306519376664,0.07748995180402345,61.2
2023_01_CAR_ATL,2023,1,2023-09-10,ATL,-0.1073664108582692,-0.2698056696144229,47,-0.03750527869492351,0.0190381161390862,63.6
2023_02_GB_ATL,2023,2,2023-09-17,ATL,0.11507423426202068,0.051882758680097694,77,-0.057222919624478306,-0.0709405870206814,62.4
2023_03_ATL_DET,2023,3,2023-09-24,ATL,-0.3364149456640255,-0.015512912315112945,65,-0.03333340094445876,-0.07102813807353328,63.8
2023_04_ATL_JAX,2023,4,2023-10-01,ATL,-0.30040760985943243,0.006607778374848085,57,-0.07086928505099639,-0.07663670289575172,63.2
2023_05_HOU_ATL,2023,5,2023-10-08,ATL,-0.01011290221431869,-0.06645162105847083,73,-0.11539559339895611,-0.07912560165825613,62.6
2023_06_WAS_ATL,2023,6,2023-10-15,ATL,-0.17202877530060398,-0.03237380377785007,79,-0.12784552686680503,-0.058655933186612184,63.8
2023_07_ATL_TB,2023,7,2023-10-22,ATL,-0.04735950969105728,-0.13255855228051133,64,-0.140777999755272,-0.01116956001929761,70.2
2023_08_ATL_TEN,2023,8,2023-10-29,ATL,-0.05012484104413301,0.06637833869535825,65,-0.17326474854588758,-0.04805782221141942,67.6
2023_09_MIN_ATL,2023,9,2023-11-05,ATL,-0.11742127976120362,-0.03658112461908321,66,-0.11600672762190908,-0.03167957200932518,67.6
2023_10_ATL_ARI,2023,10,2023-11-12,ATL,-0.03175243972505517,-0.003437750067341927,65,-0.07940946160226332,-0.04031735260811144,69.4
2023_12_NO_ATL,2023,12,2023-11-26,ATL,0.05104963398402192,-0.044506588660492695,61,-0.08373736910441061,-0.02771457840988566,67.8
2023_13_ATL_NYJ,2023,13,2023-12-03,ATL,-0.22768282893642075,-0.34924504313876686,63,-0.03912168724748543,-0.03014113538641418,64.2
2023_14_TB_ATL,2023,14,2023-12-10,ATL,-0.01568192891235079,-0.03212770888048178,69,-0.07518635109655812,-0.0734784335580653,64.0
2023_15_ATL_CAR,2023,15,2023-12-17,ATL,-0.30273039171239363,-0.19567796324016454,50,-0.06829776867020168,-0.09317964307323329,64.8
2023_16_IND_ATL,2023,16,2023-12-24,ATL,0.13086961448151932,-0.2399623808193562,63,-0.10535959106043968,-0.12499901079744954,61.6
2023_17_ATL_CHI,2023,17,2023-12-31,ATL,-0.07273240969459133,0.1274256920188893,59,-0.07283518021912479,-0.17230393694785243,61.2
2023_18_ATL_NO,2023,18,2024-01-07,ATL,-0.30003483737296704,0.2054833860913079,60,-0.09759158895484743,-0.137917480811976,60.8
2024_01_PIT_ATL,2024,1,2024-09-08,ATL,-0.35138503203369764,-0.09979451265639395,49,-0.11206199064215669,-0.026971794965961048,60.2
2024_02_ATL_PHI,2024,2,2024-09-16,ATL,0.151705755301145,0.11931952640829258,57,-0.17920261126642606,-0.04050515572114348,56.2
2024_03_KC_ATL,2024,3,2024-09-22,ATL,-0.09951051042494855,0.09948727250851187,55,-0.08831538186371833,0.022494342208547936,57.6
2024_04_NO_ATL,2024,4,2024-09-29,ATL,0.019696935750721217,0.060148734435872674,51,-0.1343914068450119,0.09038427287412155,56.0
2024_05_TB_ATL,2024,5,2024-10-03,ATL,0.23220593246419632,0.17322463147046066,79,-0.1159055377559494,0.07692888135751821,54.4
2024_06_ATL_CAR,2024,6,2024-10-13,ATL,0.27975168882516765,-0.09854121783584546,65,-0.009457383788516743,0.07047713043334877,58.2
2024_07_SEA_ATL,2024,7,2024-10-20,ATL,-0.09877075560005133,0.1131318122023641,70,0.11676996038325631,0.07072778939745847,61.4
2024_08_ATL_TB,2024,8,2024-10-27,ATL,0.2599835265407362,0.08780195819872409,60,0.06667465820301705,0.06949024655627277,64.0
2024_09_DAL_ATL,2024,9,2024-11-03,ATL,0.10899376716433713,-0.006381509031356178,54,0.138573465596154,0.06715318369431522,65.0
2024_10_ATL_NO,2024,10,2024-11-10,ATL,0.07373846124251972,0.003852461072695219,73,0.1564328318788772,0.05384713500086945,65.6
2024_11_ATL_DEN,2024,11,2024-11-17,ATL,-0.27390878263394286,0.37719540593009715,55,0.12473933763454186,0.01997270092131636,64.4
2024_13_LAC_ATL,2024,13,2024-12-01,ATL,-0.23777067035088434,-0.28624597088101467,77,0.014007243342719744,0.11512002567450488,62.4
2024_14_ATL_MIN,2024,14,2024-12-08,ATL,0.09990188977755841,0.4576278262207319,71,-0.013792739607446858,0.03524446905782913,63.8
2024_15_ATL_LV,2024,15,2024-12-16,ATL,-0.20984076669696722,-0.26475047003767,57,-0.04580906696008241,0.1092096426622307,66.0
2024_16_NYG_ATL,2024,16,2024-12-22,ATL,0.0798530071311659,-0.42913856733780864,63,-0.10957597373234326,0.057535850460967916,66.6
2024_17_ATL_WAS,2024,17,2024-12-29,ATL,0.06587515463216208,0.2215034776568865,60,-0.10835306455461405,-0.029062355221132853,64.6
2024_18_CAR_ATL,2024,18,2025-01-05,ATL,0.29230843032309944,0.41231425398478677,77,-0.04039627710139306,-0.06020074087577498,65.6
2025_01_TB_ATL,2025,1,2025-09-07,ATL,0.0551085821851325,0.11404061733898174,70,0.0656195430334037,0.0795113040973853,65.6
2025_02_ATL_MIN,2025,2,2025-09-14,ATL,-0.02861152864905705,-0.45022468701221624,62,0.05666088151491851,0.010793862321035274,65.4
2025_03_ATL_CAR,2025,3,2025-09-21,ATL,-0.3391001895957404,-0.008956547344796546,66,0.09290672912450054,-0.026300981073873974,66.4
2025_04_WAS_ATL,2025,4,2025-09-28,ATL,0.2673250416999427,0.1313126924813322,61,0.009116089779119286,0.05773542292472844,67.0
2025_06_BUF_ATL,2025,6,2025-10-13,ATL,0.06679594271918607,-0.11888455337019102,65,0.04940606719267541,0.03969726588961759,67.2
2025_07_ATL_SF,2025,7,2025-10-19,ATL,-0.11414267221860112,0.03446365946299321,60,0.004303569671892732,-0.06654249558137797,64.8
2025_08_MIA_ATL,2025,8,2025-10-26,ATL,-0.34104173670715415,0.14265521886032412,48,-0.02954668120885399,-0.08245788715657568,62.8
2025_09_ATL_NE,2025,9,2025-11-02,ATL,0.06972141226584215,0.013419395030301828,54,-0.09203272282047341,0.036118094017932395,60.0
2025_10_ATL_IND,2025,10,2025-11-09,ATL,-0.06675310395738128,0.15098934089260876,60,-0.010268402448156902,0.04059328249295206,57.6
2025_11_CAR_ATL,2025,11,2025-11-16,ATL,0.12681769830328793,0.12748949193676204,58,-0.0770840315796217,0.04452861217520738,57.4
2025_12_ATL_NO,2025,12,2025-11-23,ATL,-0.11221282572562642,-0.27482358596316864,54,-0.06507968046280133,0.09380342123659799,56.0
2025_13_ATL_NYJ,2025,13,2025-11-30,ATL,0.17422654433470755,0.009249043064762529,67,-0.06469371116420639,0.03194597215136561,54.8
2025_14_SEA_ATL,2025,14,2025-12-07,ATL,-0.35601545536990825,0.15181387743784508,62,0.038359945044165955,0.005264736992253297,58.6
2025_15_ATL_TB,2025,15,2025-12-11,ATL,0.2173615541685331,0.055107300613201245,67,-0.04678742848298413,0.032943633473761946,60.2
2025_16_ATL_ARI,2025,16,2025-12-21,ATL,0.053032834304417804,-0.004239506768854666,71,0.010035503142198744,0.013767225417880441,61.6
2025_17_LA_ATL,2025,17,2025-12-29,ATL,0.1156438092734969,-0.10361725561301678,53,-0.004721469657575282,-0.0125785743232429,64.2
2025_18_NO_ATL,2025,18,2026-01-04,ATL,-0.24802168146832365,-0.11437933394057462,58,0.040849857342249385,0.021662691746787473,64.0
2026_01_ATL_PIT,2026,1,2026-09-13,ATL,-0.3210057183179151,-0.3027764990925035,57,-0.04359978781835686,-0.003062983654279955,62.2
2016_01_BUF_BAL,2016,1,2016-09-11,BAL,-0.10594157514236799,-0.13894299552799858,62,,,
2016_02_BAL_CLE,2016,2,2016-09-18,BAL,-0.00033050551597729505,0.08781999910936446,71,,,
2016_03_BAL_JAX,2016,3,2016-09-25,BAL,-0.15970684403574845,-0.25990151199693245,63,,,
2016_04_OAK_BAL,2016,4,2016-10-02,BAL,-0.032936841829068864,-0.00117017674104621,80,-0.08865964156469791,-0.10367483613852219,65.33333333333333
2016_05_WAS_BAL,2016,5,2016-10-09,BAL,-0.17549194899333667,-0.07731522555430169,69,-0.07472894163079065,-0.07804867128915319,69.0
2016_06_BAL_NYG,2016,6,2016-10-16,BAL,-0.030971369232122726,0.04898937974525975,76,-0.09488154310329985,-0.07790198214218289,69.0
2016_07_BAL_NYJ,2016,7,2016-10-23,BAL,-0.38521535315823574,-0.08636666546835871,56,-0.0798875019212508,-0.04031550708753122,71.8
2016_09_PIT_BAL,2016,9,2016-11-06,BAL,-0.18975575908471046,-0.1952859351040388,61,-0.1568644714497025,-0.07515284000307586,68.8
2016_10_CLE_BAL,2016,10,2016-11-10,BAL,0.06287854660106512,-0.42615831608418375,75,-0.16287425445949488,-0.06222972462449713,68.4
2016_11_BAL_DAL,2016,11,2016-11-20,BAL,0.12792440997165822,0.1944230773159061,52,-0.14371117677346806,-0.14722735249312463,67.4
2016_12_CIN_BAL,2016,12,2016-11-27,BAL,-0.12769066459556372,-0.08323813650761386,67,-0.08302790498046911,-0.09287969191908307,64.0
2016_13_MIA_BAL,2016,13,2016-12-04,BAL,0.20937525341551835,-0.24384987845055756,66,-0.10237176405315732,-0.11932519516965781,62.2
2016_14_BAL_NE,2016,14,2016-12-12,BAL,0.03427492952457116,0.17473078436250944,68,0.0165463572615935,-0.15082183776609756,64.2
2016_15_PHI_BAL,2016,15,2016-12-18,BAL,-0.07184257055266378,-0.05855952335270859,55,0.06135249498344982,-0.07681849387278791,65.6
2016_16_BAL_PIT,2016,16,2016-12-25,BAL,0.0870895869280723,0.1797472113300313,73,0.034408271552704046,-0.003298735326492891,61.6
2016_17_BAL_CIN,2016,17,2017-01-01,BAL,-0.1430016963095051,0.12341070739049753,70,0.026241306943986863,-0.006233908523667853,65.8
2017_01_BAL_CIN,2017,1,2017-09-10,BAL,-0.0724836107787116,-0.5229924098625659,60,0.02317910060119859,0.035095860255954424,66.4
2017_02_CLE_BAL,2017,2,2017-09-17,BAL,-0.03437772261462624,-0.21562829326307498,67,-0.0331926722376474,-0.020732646026447244,65.2
2017_03_BAL_JAX,2017,3,2017-09-24,BAL,-0.4609768610313983,0.2756357509871431,54,-0.046923202665486885,-0.09880446155156412,65.0
2017_04_PIT_BAL,2017,4,2017-10-01,BAL,-0.2797342029670596,0.08025709365042713,67,-0.12475006076123378,-0.03196540668359379,64.8
2017_05_BAL_OAK,2017,5,2017-10-08,BAL,0.19964593841085923,-0.16976250156210704,62,-0.19811481874026016,-0.05186343021951463,63.6
2017_06_CHI_BAL,2017,6,2017-10-15,BAL,-0.4124301206735585,-0.127462492703643,71,-0.1295852917961873,-0.11049807201003554,62.0
2017_07_BAL_MIN,2017,7,2017-10-22,BAL,-0.163998847346395,-0.04842049512331718,64,-0.19757459377515668,-0.03139208857825095,64.2
2017_08_MIA_BAL,2017,8,2017-10-26,BAL,0.05303009975010635,-0.5414883578755383,60,-0.22349881872151042,0.0020494710497006062,63.6
2017_09_BAL_TEN,2017,9,2017-11-05,BAL,-0.02424667748821966,-0.043326487930202225,77,-0.1206974265652095,-0.16137535072283565,64.8
2017_11_BAL_GB,2017,11,2017-11-19,BAL,-0.18218076809236625,-0.5647076872518849,56,-0.06959992146944152,-0.18609206703896153,66.8
2017_12_HOU_BAL,2017,12,2017-11-27,BAL,-0.04553179139125955,-0.13641981638117343,63,-0.14596526277008662,-0.2650811041769171,65.6
2017_13_DET_BAL,2017,13,2017-12-03,BAL,0.11787431370132263,-0.08820922621797903,62,-0.07258559691362684,-0.2668725689124232,64.0
2017_14_BAL_PIT,2017,14,2017-12-10,BAL,0.30528801308024517,0.21601208556061283,61,-0.016210964704083307,-0.2748303151313556,63.6
2017_15_BAL_CLE,2017,15,2017-12-17,BAL,0.03886494241185959,-0.38572073530872053,72,0.034240617961944456,-0.12333022644412535,63.8
2017_16_IND_BAL,2017,16,2017-12-23,BAL,0.10450723808217396,0.0552465144377704,68,0.04686294194196031,-0.19180907591982901,62.8
2017_17_CIN_BAL,2017,17,2017-12-31,BAL,-0.22617303331991534,-0.006359842801057959,74,0.10420054317686836,-0.06781823558189795,65.2
2018_01_BUF_BAL,2018,1,2018-09-09,BAL,0.045598920325349825,-0.651590323393735,75,0.06807229479113719,-0.04180624086587485,67.4
2018_02_BAL_CIN,2018,2,2018-09-13,BAL,-0.13949570017840623,0.07412464520618765,80,0.05361721611594263,-0.15448246030102605,70.0
2018_03_DEN_BAL,2018,3,2018-09-23,BAL,0.06369147766560358,-0.08594884473799927,66,-0.03533952653578765,-0.18285994837191108,73.8
2018_04_BAL_PIT,2018,4,2018-09-30,BAL,0.10045781733465654,-0.21866011916922637,72,-0.030374219485038857,-0.12290557025776683,72.6
2018_05_BAL_CLE,2018,5,2018-10-07,BAL,-0.17581234525532682,-0.08985766936592982,84,-0.031184103634542333,-0.1776868969791662,73.4
2018_06_BAL_TEN,2018,6,2018-10-14,BAL,0.17401864727906569,-0.3635224382422166,71,-0.021111966021624635,-0.19438646229214057,75.4
2018_07_NO_BAL,2018,7,2018-10-21,BAL,0.1324017900774943,0.16363578825365507,64,0.00457197936911854,-0.1367728852618369,74.6
2018_08_BAL_CAR,2018,8,2018-10-28,BAL,0.03414195678305987,0.22279092192512093,64,0.058951477420298645,-0.11887065665234339,71.4
2018_09_PIT_BAL,2018,9,2018-11-04,BAL,-0.05774037728793986,0.22229662244792067,56,0.053041573243789907,-0.05712270331971936,71.0
2018_11_CIN_BAL,2018,11,2018-11-18,BAL,0.04105280893920218,0.006311048941675153,73,0.021401934319270625,0.031068645003710055,67.8
2018_12_OAK_BAL,2018,12,2018-11-25,BAL,0.1457313773831926,-0.10076540595259663,67,0.06477496515817642,0.05030238866523105,65.6
2018_13_BAL_ATL,2018,13,2018-12-02,BAL,-0.10056664626873135,-0.49681401649359996,75,0.05911751117900181,0.10285379512315504,64.8
2018_14_BAL_KC,2018,14,2018-12-09,BAL,0.07936713478184512,0.12173667642418044,68,0.012523823909756676,-0.029236165826295957,67.0
2018_15_TB_BAL,2018,15,2018-12-16,BAL,0.05364773917382407,-0.18621461843138826,71,0.021568859509513726,-0.049447014926484054,67.8
2018_16_BAL_LAC,2018,16,2018-12-22,BAL,-0.10751012609351247,-0.4003046360262686,59,0.04384648280186651,-0.13114926310234581,70.8
2018_17_CLE_BAL,2018,17,2018-12-30,BAL,0.09278804863689168,0.10046546629273372,71,0.014133895795323587,-0.2124724000959346,68.0
2019_01_BAL_MIA,2019,1,2019-09-08,BAL,0.6602583175086832,-0.24775125673031814,71,0.0035452300460633995,-0.17222622564686854,68.8
2019_02_ARI_BAL,2019,2,2019-09-15,BAL,0.16846542023483962,0.11049634496107354,70,0.1557102228015463,-0.12241367369421216,68.0
2019_03_BAL_KC,2019,3,2019-09-22,BAL,0.20617406491406667,0.28735417612757885,81,0.17352987989214524,-0.12466173998683353,68.4
2019_04_CLE_BAL,2019,4,2019-09-29,BAL,0.009376780500669831,0.3878941147427999,67,0.20403514504019374,-0.02994798107504012,70.4
2019_05_BAL_PIT,2019,5,2019-10-06,BAL,-0.08720051149783492,-0.12473860880084509,73,0.22741252635903017,0.12769176907877358,72.0
2019_06_CIN_BAL,2019,6,2019-10-13,BAL,0.1623694869469474,-0.10467846933477964,73,0.19141481433208488,0.08265095406005782,72.4
2019_07_BAL_SEA,2019,7,2019-10-20,BAL,0.16522772029149754,-0.2108899642021828,53,0.09183704821973769,0.11126551153916553,72.8
2019_09_NE_BAL,2019,9,2019-11-03,BAL,0.18926346441496558,-0.10838606366401918,62,0.09118950823106928,0.04698824970651425,69.4
2019_10_BAL_CIN,2019,10,2019-11-10,BAL,0.5394465782473244,-0.3580697208402453,44,0.08780738813124907,-0.03215979825180536,65.6
2019_11_HOU_BAL,2019,11,2019-11-17,BAL,0.4137222154568502,-0.40799594637127934,62,0.19382134768058,-0.1813525653684144,61.0
2019_12_BAL_LA,2019,12,2019-11-25,BAL,0.49644362762775507,-0.21809470448553694,71,0.29400589307151703,-0.23800403288250122,58.8
2019_13_SF_BAL,2019,13,2019-12-01,BAL,-0.006399772647666278,0.09519607213449327,62,0.36082072120767855,-0.2606872799126527,58.4
2019_14_BAL_BUF,2019,14,2019-12-08,BAL,-0.007986505554565662,-0.3176117558086941,57,0.32649522261984576,-0.1994700726453175,60.2
2019_15_NYJ_BAL,2019,15,2019-12-12,BAL,0.413946189961775,-0.15407535193882788,59,0.2870452286259395,-0.24131521107425247,59.2
2019_16_BAL_CLE,2019,16,2019-12-22,BAL,0.2758165565468497,-0.1361198453403086,69,0.26194515096882964,-0.20051633729396898,62.2
2019_17_PIT_BAL,2019,17,2019-12-29,BAL,-0.10832546515096929,-0.4221638497953409,68,0.23436401918682956,-0.14614111708777483,63.6
2020_01_CLE_BAL,2020,1,2020-09-13,BAL,0.2041100019269502,-0.24521405330497842,57,0.11341020063108469,-0.18695494614973565,63.0
2020_02_BAL_HOU,2020,2,2020-09-20,BAL,0.21053178879306483,-0.2049727590352061,62,0.15551215554600797,-0.25503697123763003,62.0
2020_03_KC_BAL,2020,3,2020-09-28,BAL,-0.11831149430526049,0.32199752519172187,52,0.1992158144155341,-0.23250917188293235,63.0
2020_04_BAL_WAS,2020,4,2020-10-04,BAL,0.2748782026123829,-0.030801225426945335,54,0.09276427756212698,-0.13729459645682246,61.6
2020_05_CIN_BAL,2020,5,2020-10-11,BAL,-0.06933352253114834,-0.49674171118550453,61,0.0925766067752336,-0.11623087247414979,58.6
2020_06_BAL_PHI,2020,6,2020-10-18,BAL,0.08117720272396084,-0.09818894458379296,65,0.1003749952991978,-0.1311464447521825,57.2
2020_08_PIT_BAL,2020,8,2020-11-01,BAL,-0.0786018645523701,-0.015467122130794451,78,0.07578843545859992,-0.10174142300794542,58.8
2020_09_BAL_IND,2020,9,2020-11-08,BAL,-0.0003089187125760847,-0.37242808715655434,63,0.017961704789512933,-0.06384029562706309,62.0
2020_10_BAL_NE,2020,10,2020-11-15,BAL,0.047339959237896724,0.19388461617702651,64,0.04156221990804982,-0.20272541809671835,64.2
2020_11_TEN_BAL,2020,11,2020-11-22,BAL,0.11446342046258196,0.17927935600782147,64,-0.003945428766847415,-0.15778824977592396,66.2
2020_12_BAL_PIT,2020,12,2020-12-02,BAL,-0.3803045355729113,-0.10175821886793242,49,0.032813959831898644,-0.02258403633725876,66.8
2020_13_DAL_BAL,2020,13,2020-12-08,BAL,0.2716973913512396,0.03174676997277131,54,-0.05948238782747578,-0.023297891194086654,63.6
2020_14_BAL_CLE,2020,14,2020-12-14,BAL,0.38818752124426853,0.2471175036671261,57,0.010577463353246164,-0.013855112773373502,58.8
2020_15_JAX_BAL,2020,15,2020-12-20,BAL,0.2941003500123043,-0.031847037186837825,62,0.08827675134461507,0.11005400539136259,57.6
2020_16_NYG_BAL,2020,16,2020-12-27,BAL,0.26424605413916047,-0.05379379059737427,64,0.1376288294994966,0.06490767471858971,57.2
2020_17_BAL_CIN,2020,17,2021-01-03,BAL,0.34907772568221235,-0.5843484051693235,73,0.1675853562348123,0.018293045397550573,57.2
2021_01_BAL_LV,2021,1,2021-09-13,BAL,-0.047958187244139416,0.017037434221200385,66,0.31346180848583705,-0.07822499186272765,62.0
2021_02_KC_BAL,2021,2,2021-09-19,BAL,0.1766774067953528,0.291301350969327,68,0.24953069276676124,-0.08116685901304183,64.4
2021_03_BAL_DET,2021,3,2021-09-26,BAL,0.0603679223095162,-0.04175223127874276,56,0.20722866987697808,-0.07233008955260165,66.6
2021_04_BAL_DEN,2021,4,2021-10-03,BAL,0.10186727747655329,-0.22052666170165433,70,0.16048218433642047,-0.07431112837098262,65.4
2021_05_IND_BAL,2021,5,2021-10-11,BAL,0.29063080667274294,0.3114101521987436,73,0.12800642900389902,-0.10765770259183864,66.6
2021_06_LAC_BAL,2021,6,2021-10-17,BAL,0.058067906261238436,-0.32787016786652495,66,0.11631704520200514,0.07149400888177479,66.6
2021_07_CIN_BAL,2021,7,2021-10-24,BAL,-0.14045357797239802,0.30219374905776925,71,0.1375222639030807,0.0025124884642297118,66.6
2021_09_MIN_BAL,2021,9,2021-11-07,BAL,0.1052774836435949,0.17361283507499908,89,0.07409606694953055,0.0046909680819181565,67.2
2021_10_BAL_MIA,2021,10,2021-11-11,BAL,-0.2740263238150921,-0.055952722557905205,67,0.0830779792163463,0.047763981352666525,73.8
2021_11_BAL_CHI,2021,11,2021-11-21,BAL,-0.08758286148211712,-0.037375750880311476,76,0.007899258958017208,0.08067876918141634,73.2
2021_12_CLE_BAL,2021,12,2021-11-28,BAL,-0.13086975948961282,-0.19932210261118924,74,-0.0677434746729548,0.01092158856560534,73.8
2021_13_BAL_PIT,2021,13,2021-12-05,BAL,0.05486228877641704,0.1130304173455518,70,-0.10553100782312504,0.03663120161667248,75.4
2021_14_BAL_CLE,2021,14,2021-12-12,BAL,-0.10478489468060806,-0.06903661275846612,69,-0.06646783447336205,-0.001201464725771001,75.2
2021_15_GB_BAL,2021,15,2021-12-19,BAL,0.20850001507132218,0.35772844380812135,67,-0.10848031013820263,-0.049731354292464044,71.2
2021_16_BAL_CIN,2021,16,2021-12-26,BAL,0.09860078938021488,0.4991355801700279,57,-0.011975042360919775,0.03300487898074127,71.2
2021_17_LA_BAL,2021,17,2022-01-02,BAL,-0.03470143656045308,0.09079142614243244,67,0.02526168781154663,0.14030714519080917,67.4
2021_18_PIT_BAL,2021,18,2022-01-09,BAL,-0.24044289881174438,-0.0630210687531435,71,0.044495352397378576,0.1983298509415335,66.0
2022_01_BAL_NYJ,2022,1,2022-09-11,BAL,0.0550539618546558,-0.2012884673419006,51,-0.014565685120253708,0.16311955372179443,66.2
2022_02_MIA_BAL,2022,2,2022-09-18,BAL,0.26735856945466424,0.44830273251400155,54,0.017402086186799063,0.1366691828051075,62.6
2022_03_BAL_NE,2022,3,2022-09-25,BAL,0.2222306258402619,0.0043066098013196386,56,0.029173797063467476,0.15478404054628356,60.0
2022_04_BUF_BAL,2022,4,2022-10-02,BAL,-0.04096466753304692,0.025156954761874798,63,0.05389976435547687,0.05581824647254191,59.8
2022_05_CIN_BAL,2022,5,2022-10-09,BAL,-0.04439922514955973,-0.06549382248959415,60,0.052647118160958115,0.04269135219643038,59.0
2022_06_BAL_NYG,2022,6,2022-10-16,BAL,0.12312934553408315,0.12714391382464668,58,0.09185585289339504,0.04219680144914026,56.8
2022_07_CLE_BAL,2022,7,2022-10-23,BAL,-0.07219662671406833,0.07629365208537878,62,0.10547092962928051,0.1078832776824497,58.2
2022_08_BAL_TB,2022,8,2022-10-27,BAL,0.14267506381885342,0.06802189239174203,71,0.037559890395534,0.03348146159672515,59.8
2022_09_BAL_NO,2022,9,2022-11-07,BAL,0.15803022501036762,-0.15926626935933105,65,0.021648777991252303,0.04622451811480963,62.8
2022_11_CAR_BAL,2022,11,2022-11-20,BAL,-0.11812783847456057,-0.4122960484719638,65,0.06144775649993521,0.009339873290568462,63.2
2022_12_BAL_JAX,2022,12,2022-11-27,BAL,0.1118688685352277,0.04828160793351202,68,0.04670203383493505,-0.06002057190590547,64.2
2022_13_DEN_BAL,2022,13,2022-12-04,BAL,-0.1408562717046562,-0.13513205603114192,68,0.044449938435163955,-0.0757930330841324,66.2
2022_14_BAL_PIT,2022,14,2022-12-11,BAL,0.050310720180246196,0.018191662327214964,57,0.03071800943704638,-0.11807817470743653,67.4
2022_15_BAL_CLE,2022,15,2022-12-17,BAL,-0.22211701725475105,0.03027423261207158,61,0.012245140709324934,-0.12804422072034197,64.6
2022_16_ATL_BAL,2022,16,2022-12-24,BAL,0.012529911795979272,-0.14873552513133734,49,-0.0637843077436988,-0.09013612032606143,63.8
2022_17_PIT_BAL,2022,17,2023-01-01,BAL,0.0013348012406263284,0.1534037895300573,49,-0.03765275768959084,-0.03742401565793614,60.6
2022_18_BAL_CIN,2022,18,2023-01-08,BAL,-0.31929797612227473,-0.19921847733637915,73,-0.05975957114851112,-0.016399579338627086,56.8
2023_01_HOU_BAL,2023,1,2023-09-10,BAL,-0.05436458412580866,-0.27491486882037375,59,-0.09544791203203482,-0.02921686359967453,57.8
2023_02_BAL_CIN,2023,2,2023-09-17,BAL,0.2413778549753646,0.06091693167326717,69,-0.1163829728932458,-0.08783816982919228,58.2
2023_03_IND_BAL,2023,3,2023-09-24,BAL,-0.1447947964237003,-0.15425004682659932,72,-0.023683998447222666,-0.08170963001695317,59.8
2023_04_BAL_CLE,2023,4,2023-10-01,BAL,0.034992652595974505,-0.5140968351217508,55,-0.05514894009115858,-0.08281253435600557,64.4
2023_05_BAL_PIT,2023,5,2023-10-08,BAL,-0.22795378536250974,-0.02825304761758007,67,-0.04841736982008894,-0.21631265928636717,65.6
2023_06_BAL_TEN,2023,6,2023-10-15,BAL,0.022584863119277692,-0.19703886103086593,69,-0.03014853166813595,-0.18211957334260737,64.4
2023_07_DET_BAL,2023,7,2023-10-22,BAL,0.47323000159624007,-0.15742408825353119,54,-0.014758642219118675,-0.1665443717847058,66.4
2023_08_BAL_ARI,2023,8,2023-10-29,BAL,0.03310078718347266,-0.1927366532222012,59,0.031611787105056424,-0.21021257577006547,63.4
2023_09_SEA_BAL,2023,9,2023-11-05,BAL,0.19018535696173633,-0.4455855544696665,72,0.067190903826491,-0.21790989704918587,60.8
2023_10_CLE_BAL,2023,10,2023-11-12,BAL,-0.16973024622484445,0.08693490709910437,50,0.09822944469964337,-0.20420764091876903,64.2
2023_11_CIN_BAL,2023,11,2023-11-16,BAL,0.17070736318432225,0.05278226851470349,60,0.10987415252717643,-0.18117004997543212,60.8
2023_12_BAL_LAC,2023,12,2023-11-26,BAL,0.0266497987897133,-0.30167102230636483,67,0.13949865254018534,-0.13120582406631823,59.0
2023_14_LA_BAL,2023,14,2023-12-10,BAL,0.1683850297674844,0.10266544081521926,71,0.050182611978879986,-0.16005521087688496,61.6
2023_15_BAL_JAX,2023,15,2023-12-17,BAL,0.0261147803617203,-0.22573760696844497,69,0.07723946049568234,-0.10097479206940085,64.0
2023_16_BAL_SF,2023,16,2023-12-25,BAL,0.06304676072558904,-0.22893375222702575,62,0.04442534517567913,-0.05700520256915655,63.4
2023_17_MIA_BAL,2023,17,2023-12-31,BAL,0.6068663599951422,-0.15177700449723658,53,0.09098074656576582,-0.12017893443438257,65.8
2023_18_PIT_BAL,2023,18,2024-01-06,BAL,-0.28679343830903914,-0.06786419070346343,56,0.1782125459279298,-0.1610907890367706,64.4
2024_01_BAL_KC,2024,1,2024-09-05,BAL,0.08064930100139914,0.2084062224455951,74,0.11552389850817932,-0.11432942271619032,62.2
2024_02_LV_BAL,2024,2,2024-09-15,BAL,-0.010843661948616447,-0.16523290203071855,61,0.09797675275496227,-0.09318126639011513,62.8
2024_03_BAL_DAL,2024,3,2024-09-22,BAL,0.37345552815082994,0.0061805209034083465,58,0.09058506429289492,-0.08108032540256986,61.2
2024_04_BUF_BAL,2024,4,2024-09-29,BAL,0.29366926166619156,-0.13561953114747205,54,0.1526668177779431,-0.034057470776483044,60.4
2024_05_BAL_CIN,2024,5,2024-10-06,BAL,0.2904486013039307,0.26622877819415425,76,0.09002739811215299,-0.03082597610653014,60.6
2024_06_WAS_BAL,2024,6,2024-10-13,BAL,0.16918393421624747,0.10231656484340847,63,0.20547580603474697,0.0359926176729934,64.6
2024_07_BAL_TB,2024,7,2024-10-21,BAL,0.4721303591944569,0.12291366223525951,54,0.22318273267771663,0.014774686152556074,62.4
2024_08_BAL_CLE,2024,8,2024-10-27,BAL,0.09718478239354364,0.13171000165279875,60,0.3197775369063313,0.07240399900575169,61.0
2024_09_DEN_BAL,2024,9,2024-11-03,BAL,0.415576015253066,-0.1608216498616676,53,0.264523387754874,0.09750989515562976,61.4
2024_10_CIN_BAL,2024,10,2024-11-07,BAL,0.32205032452450394,0.09940526549843152,58,0.2889047384722489,0.09246947141279065,61.2
2024_11_BAL_PIT,2024,11,2024-11-17,BAL,-0.10600444784829538,-0.2507253060152086,54,0.29522508311636353,0.05910476887364611,57.6
2024_12_BAL_LAC,2024,12,2024-11-25,BAL,0.3251611416574621,0.007558067130374887,59,0.24018740670345498,-0.011503605298077303,55.8
2024_13_PHI_BAL,2024,13,2024-12-01,BAL,-0.0017640556218816033,0.04506097750205439,71,0.21079356319605608,-0.03457472431905423,56.8
2024_15_BAL_NYG,2024,15,2024-12-15,BAL,0.44326374318615275,-0.22819634245647416,58,0.19100379559297098,-0.051904529149203106,59.0
2024_16_PIT_BAL,2024,16,2024-12-21,BAL,0.17810179664736042,-0.17896074560762903,59,0.19654134117958835,-0.06537946766816441,60.0
2024_17_BAL_HOU,2024,17,2024-12-25,BAL,0.31108718914939026,-0.41480403844616376,61,0.16775163560415965,-0.12105266988937653,60.2
2024_18_CLE_BAL,2024,18,2025-01-04,BAL,0.15761476364842206,-0.4532905818637893,66,0.25116996300369676,-0.15386841637556756,61.6
2025_01_BAL_BUF,2025,1,2025-09-07,BAL,0.3856986985481338,0.2349865763823882,50,0.21766068740188876,-0.2460381461744004,63.0
2025_02_CLE_BAL,2025,2,2025-09-14,BAL,0.12490885511974023,-0.26294704133987706,50,0.29515323823589185,-0.20805302639833362,58.8
2025_03_DET_BAL,2025,3,2025-09-22,BAL,0.06822748655965248,0.39179975683166285,55,0.23148226062260932,-0.2150031661750142,57.2
2025_04_BAL_KC,2025,4,2025-09-28,BAL,-0.06252122664137569,0.2306042405934028,53,0.20950739860506779,-0.10085106568715582,56.4
2025_05_HOU_BAL,2025,5,2025-10-05,BAL,-0.33574280385889443,0.3914223138318197,40,0.1347857154469146,0.02823059012075747,54.8
2025_06_LA_BAL,2025,6,2025-10-12,BAL,-0.33207327289524907,-0.0331867793169627,74,0.03611420194545127,0.19717316925987927,49.6
2025_08_CHI_BAL,2025,8,2025-10-26,BAL,0.21501733361346967,0.024400010712218322,59,-0.10744019234322533,0.1435384981200091,54.4
2025_09_BAL_MIA,2025,9,2025-10-30,BAL,0.21235004634945653,-0.20004813488724682,54,-0.08941849664447943,0.20100790853042816,56.2
2025_10_BAL_MIN,2025,10,2025-11-09,BAL,-0.004003643395188539,-0.16057756580649468,66,-0.06059398468651862,0.08263833018664621,56.0
2025_11_BAL_CLE,2025,11,2025-11-16,BAL,-0.0883295588667408,-0.40910965357742174,58,-0.04889046803728119,0.004401968906666731,58.6
2025_12_NYJ_BAL,2025,12,2025-11-23,BAL,-0.049538823772300976,-0.17015552693500374,56,0.0005921809611495355,-0.15570442457518158,62.2
2025_13_CIN_BAL,2025,13,2025-11-27,BAL,-0.34010369241566096,-0.002346606773383658,56,0.057099070785739156,-0.18309817409878976,58.6
2025_14_PIT_BAL,2025,14,2025-12-07,BAL,0.013068931791815798,0.26883418334592607,75,-0.05392513442008697,-0.18844749759591015,58.0
2025_15_BAL_CIN,2025,15,2025-12-14,BAL,0.2074522312475908,-0.3091005075363849,37,-0.09378135733161512,-0.09467103394927559,62.2
2025_16_NE_BAL,2025,16,2025-12-21,BAL,0.1051973278112412,0.22312592925385946,53,-0.05149018240305925,-0.12437562229525363,56.4
2025_17_BAL_GB,2025,17,2025-12-27,BAL,0.3670992137249119,0.11056126722974988,73,-0.012784805067462855,0.0020714942710026107,55.4
2025_18_BAL_PIT,2025,18,2026-01-04,BAL,0.13874552093837494,0.05849587082471776,47,0.07054280243197972,0.058214853103953336,58.8
2026_01_BAL_IND,2026,1,2026-09-13,BAL,0.3214839097559596,-0.2412365630731741,60,0.1663126451027869,0.07038334862357362,57.0
2016_01_BUF_BAL,2016,1,2016-09-11,BUF,-0.13894299552799858,-0.10594157514236799,48,,,
2016_02_NYJ_BUF,2016,2,2016-09-15,BUF,0.15403174484441626,0.23920312035407848,49,,,
2016_03_ARI_BUF,2016,3,2016-09-25,BUF,-0.031090530278560447,-0.28367128680024467,59,,,
2016_04_BUF_NE,2016,4,2016-10-02,BUF,0.16040189842061567,-0.17016172696286846,73,-0.005333926987380922,-0.05013658052951139,52.0
2016_05_BUF_LA,2016,5,2016-10-09,BUF,0.06607653941972161,-0.2296358525435702,51,0.03610002936461822,-0.08014286713785065,57.25
2016_06_SF_BUF,2016,6,2016-10-16,BUF,0.17843686367224815,-0.1019938640178363,73,0.0420953313756389,-0.11004146421899456,56.0
2016_07_BUF_MIA,2016,7,2016-10-23,BUF,0.0664298106620316,0.20153265127179334,55,0.10557130321568824,-0.10925192199408822,61.0
2016_08_NE_BUF,2016,8,2016-10-30,BUF,0.02730126016572381,0.28536070089483534,69,0.08805091637921132,-0.11678601581054526,62.2
2016_09_BUF_SEA,2016,9,2016-11-07,BUF,0.15996792861265996,0.1949294729989933,82,0.09972927446806816,-0.0029796182715292607,64.2
2016_11_BUF_CIN,2016,11,2016-11-20,BUF,-0.006894006443125051,-0.12979621775282016,63,0.09964248050647702,0.0700386217208431,66.0
2016_12_JAX_BUF,2016,12,2016-11-27,BUF,0.11399626726807596,0.0490224055301951,52,0.08504837133390769,0.0900065486789931,68.4
2016_13_BUF_OAK,2016,13,2016-12-04,BUF,0.07856652728368362,0.12343516512368412,69,0.07216025205307326,0.12020980258859937,64.2
2016_14_PIT_BUF,2016,14,2016-12-11,BUF,-0.002286107241161517,0.078154712414497,48,0.07458759537740367,0.10459030535897754,67.0
2016_15_CLE_BUF,2016,15,2016-12-18,BUF,0.267194489542634,0.013209041803433737,66,0.0686701218960266,0.06314910766290986,62.8
2016_16_MIA_BUF,2016,16,2016-12-24,BUF,0.21243674140541868,0.2794787239075278,89,0.09011543408202141,0.026805021423797946,59.6
2016_17_BUF_NYJ,2016,17,2017-01-01,BUF,-0.40788138014479475,-0.09932850109180752,62,0.13398158365173013,0.10866000975586754,64.8
2017_01_NYJ_BUF,2017,1,2017-09-10,BUF,0.08209439103825285,-0.20753578981847276,69,0.029606054169155994,0.07898982843146701,66.8
2017_02_BUF_CAR,2017,2,2017-09-17,BUF,-0.264023381092287,-0.11343226320666595,51,0.030311626920069844,0.012795637443035645,66.8
2017_03_DEN_BUF,2017,3,2017-09-24,BUF,-0.03058604702683859,-0.08369628583854358,60,-0.022035827850155253,-0.025521757681196945,67.4
2017_04_BUF_ATL,2017,4,2017-10-01,BUF,0.042349264885202145,-0.1274889416884757,57,-0.08159193516404976,-0.044902823209592414,66.2
2017_05_BUF_CIN,2017,5,2017-10-08,BUF,-0.1425064081161169,-0.047770386959511676,67,-0.11560943046809306,-0.1262963563287931,59.8
2017_07_TB_BUF,2017,7,2017-10-22,BUF,0.1578326055938326,0.14223609340659404,67,-0.0625344360623575,-0.11598473350233393,60.8
2017_08_OAK_BUF,2017,8,2017-10-29,BUF,0.14661244896355227,-0.1250610508409048,62,-0.047386793151241544,-0.046030356857320584,60.4
2017_09_BUF_NYJ,2017,9,2017-11-02,BUF,-0.22638107386950834,0.17354158856699076,69,0.03474037285992631,-0.048356114384168356,62.6
2017_10_NO_BUF,2017,10,2017-11-12,BUF,-0.29156952747898796,0.43269023393358486,45,-0.004418632508607639,0.0030914604969385084,64.4
2017_11_BUF_LAC,2017,11,2017-11-19,BUF,-0.20717547407416503,0.22957203278316254,62,-0.07120239098144567,0.11512729562135063,62.0
2017_12_BUF_KC,2017,12,2017-11-26,BUF,-0.09149501357387252,-0.31069820209488314,66,-0.0841362041730553,0.17059577956988545,61.0
2017_13_NE_BUF,2017,13,2017-12-03,BUF,-0.2582168885032423,0.26330716647173813,64,-0.13400172800659632,0.08000892046959003,60.8
2017_14_IND_BUF,2017,14,2017-12-10,BUF,-0.17140096169714525,-0.15618146404031302,64,-0.21496759549995526,0.1576825639321186,61.2
2017_15_MIA_BUF,2017,15,2017-12-17,BUF,0.07624954370839987,-0.06527852111645366,60,-0.2039715730654826,0.09173795341065788,60.2
2017_16_BUF_NE,2017,16,2017-12-24,BUF,-0.0975871308538516,0.17861171529337588,68,-0.13040775882800504,-0.007855797599349835,63.2
2017_17_BUF_MIA,2017,17,2017-12-31,BUF,0.09894465160074037,-0.033420883684858536,62,-0.10849009018394236,-0.01804786109730717,64.4
2018_01_BUF_BAL,2018,1,2018-09-09,BUF,-0.651590323393735,0.045598920325349825,61,-0.07040215714901978,0.03740760258469776,63.6
2018_02_LAC_BUF,2018,2,2018-09-16,BUF,-0.08077775500197994,0.26176412876464067,59,-0.14907684412711833,-0.006134046644579902,63.0
2018_03_BUF_MIN,2018,3,2018-09-23,BUF,0.006897159729791166,-0.37334702198352016,63,-0.13095220278808525,0.07745507191641084,62.0
2018_04_BUF_GB,2018,4,2018-09-30,BUF,-0.42831249441535746,-0.024804124036068416,56,-0.144822679583807,0.015841371742997535,62.6
2018_05_TEN_BUF,2018,5,2018-10-07,BUF,-0.1691564112008808,-0.26923291195094473,64,-0.21096775229610815,-0.024841796122891325,60.2
2018_06_BUF_HOU,2018,6,2018-10-14,BUF,-0.2609611425636653,-0.40403120191275627,58,-0.2645879648564324,-0.07200420177610856,60.6
2018_07_BUF_IND,2018,7,2018-10-21,BUF,-0.49426083854356123,0.27281372615066607,55,-0.18646212869041848,-0.1619302262237298,60.0
2018_08_NE_BUF,2018,8,2018-10-29,BUF,-0.36804865584063184,0.07585737579555096,62,-0.26915874539873474,-0.1597203067465247,59.2
2018_09_CHI_BUF,2018,9,2018-11-04,BUF,-0.35932632303204937,-0.14144506191603054,82,-0.3441479085128193,-0.06987942719071048,59.0
2018_10_BUF_NYJ,2018,10,2018-11-11,BUF,0.2889451351406745,-0.39366404759067797,71,-0.3303506742361577,-0.09320761476670292,64.2
2018_12_JAX_BUF,2018,12,2018-11-25,BUF,0.10088585177047579,-0.010249600680963008,52,-0.23873036496784666,-0.11809384189464955,65.6
2018_13_BUF_MIA,2018,13,2018-12-02,BUF,0.059978352947036497,-0.11505607323245688,67,-0.16636096610101841,-0.039337521648290914,64.4
2018_14_NYJ_BUF,2018,14,2018-12-09,BUF,0.01716068093121159,0.061534277090222404,71,-0.05551312780289889,-0.11691148152491551,66.8
2018_15_DET_BUF,2018,15,2018-12-16,BUF,-0.013647330699548606,0.050508983987919684,62,0.0215287395514698,-0.11977610126598123,68.6
2018_16_BUF_NE,2018,16,2018-12-23,BUF,-0.3456088509447847,-0.189175140723575,60,0.09066453801796995,-0.08138529208519119,64.6
2018_17_MIA_BUF,2018,17,2018-12-30,BUF,0.25507518939851137,-0.37575839225717406,58,-0.03624625919912189,-0.040487510711770584,62.4
2019_01_BUF_NYJ,2019,1,2019-09-08,BUF,-0.1258214523748217,-0.09981844550461276,62,-0.005408391673514768,-0.11358926902701279,63.6
2019_02_BUF_NYG,2019,2,2019-09-15,BUF,0.1675119362874494,-0.06591910502046353,65,-0.04256835273788641,-0.11054174348144397,62.6
2019_03_CIN_BUF,2019,3,2019-09-22,BUF,-0.02077288820139352,-0.19418206116752662,72,-0.01249810166663885,-0.13603241990358117,61.4
2019_04_NE_BUF,2019,4,2019-09-29,BUF,-0.26661217255214975,-0.2767816877487351,70,-0.013923213167007833,-0.18497062893467042,63.4
2019_05_BUF_TEN,2019,5,2019-10-06,BUF,-0.09035984672544921,-0.08173201656584271,61,0.0018761225115191626,-0.20249193833970244,65.4
2019_07_MIA_BUF,2019,7,2019-10-20,BUF,0.20778698403018003,0.04512724463801043,52,-0.06721088471327295,-0.14368666320143614,66.0
2019_08_PHI_BUF,2019,8,2019-10-27,BUF,-0.17438035893903306,0.15296493669530903,58,-0.0004891974322726089,-0.11469752517291151,64.0
2019_09_WAS_BUF,2019,9,2019-11-03,BUF,0.08842617811887625,-0.11383886877142942,58,-0.0688676564775691,-0.07092071682975701,62.6
2019_10_BUF_CLE,2019,10,2019-11-10,BUF,0.03166422306099682,0.04625958931563818,62,-0.04702784321351515,-0.05485207835053757,59.8
2019_11_BUF_MIA,2019,11,2019-11-17,BUF,0.27489126321542523,-0.21303249376311642,66,0.012627435909114165,0.009756177062337078,58.2
2019_12_DEN_BUF,2019,12,2019-11-24,BUF,0.08748441928282605,-0.3342467670780721,71,0.08567765789728905,-0.016503918377117666,59.2
2019_13_BUF_DAL,2019,13,2019-11-28,BUF,0.16928367865511243,-0.04028541463108596,62,0.061617144947818246,-0.09237872072033418,63.0
2019_14_BAL_BUF,2019,14,2019-12-08,BUF,-0.3176117558086941,-0.007986505554565662,69,0.13034995246664732,-0.13102879098561318,63.8
2019_15_BUF_PIT,2019,15,2019-12-15,BUF,-0.1538812083521269,-0.40095847388911016,63,0.04914236568113328,-0.10985831834224043,66.0
2019_16_BUF_NE,2019,16,2019-12-21,BUF,0.014607910112905256,0.1006889113768125,53,0.012033279398508534,-0.1993019309831901,66.2
2019_17_NYJ_BUF,2019,17,2019-12-29,BUF,-0.25428603747960044,-0.10889559755563792,60,-0.04002339122199546,-0.1365576499552043,63.6
2020_01_NYJ_BUF,2020,1,2020-09-13,BUF,0.03370701383391012,-0.1733868654444129,79,-0.10837748257448077,-0.09148741605071746,61.4
2020_02_BUF_MIA,2020,2,2020-09-20,BUF,0.39383605344527023,0.15666703070887555,57,-0.13549281553872122,-0.11810770621338285,64.8
2020_03_LA_BUF,2020,3,2020-09-27,BUF,0.19503754592783637,0.3319453207701796,58,0.006796746312071644,-0.08517699896069461,62.4
2020_04_BUF_LV,2020,4,2020-10-04,BUF,0.27113967411320816,-0.020741799702844302,57,0.0765804971680643,0.06140375997116334,61.4
2020_05_BUF_TEN,2020,5,2020-10-13,BUF,0.020849704895232093,0.2872113448350818,69,0.12788684996812488,0.03711761775523198,62.2
2020_06_KC_BUF,2020,6,2020-10-19,BUF,-0.027376097119698767,0.3322544417588536,50,0.1829139984430914,0.11633900623337592,64.0
2020_07_BUF_NYJ,2020,7,2020-10-25,BUF,0.1318992001717364,-0.25868413833537707,70,0.1706973762523696,0.21746726767402924,58.2
2020_08_NE_BUF,2020,8,2020-11-01,BUF,0.17158308872153227,0.09774893160259264,53,0.11831000559766285,0.1343970338651787,60.8
2020_09_SEA_BUF,2020,9,2020-11-08,BUF,0.25410162749325116,0.02421769648577599,61,0.11361911415640202,0.08755775603166131,59.8
2020_10_BUF_ARI,2020,10,2020-11-15,BUF,-0.009383768152184538,0.05501847701911777,68,0.11021150483241063,0.09654965526938537,60.6
2020_12_LAC_BUF,2020,12,2020-11-29,BUF,-0.036763819314975646,-0.06605747011732363,57,0.1041648102229273,0.050111081706192565,60.4
2020_13_BUF_SF,2020,13,2020-12-07,BUF,0.20819420646943684,0.08631358277527675,67,0.10228726578387193,-0.02955130066904288,61.8
2020_14_PIT_BUF,2020,14,2020-12-13,BUF,-0.08673819417518493,-0.2867700617033323,69,0.117546267043412,0.03944824355308788,61.2
2020_15_BUF_DEN,2020,15,2020-12-19,BUF,0.49841419908164714,-0.13229770042731595,65,0.06588201046406857,-0.0374555551080971,64.4
2020_16_BUF_NE,2020,16,2020-12-28,BUF,0.3989024391954583,-0.1541887136393707,67,0.11474452478174775,-0.06875863449071548,65.2
2020_17_MIA_BUF,2020,17,2021-01-03,BUF,0.2524670334736584,-0.1675566812884009,60,0.19640176625127634,-0.11060007262241318,65.0
2021_01_PIT_BUF,2021,1,2021-09-12,BUF,-0.09832721952709135,-0.06088694845276596,79,0.2542479368090031,-0.13089991485662864,65.6
2021_02_BUF_MIA,2021,2,2021-09-19,BUF,0.1610910705504814,-0.455033309228779,62,0.1929436516096975,-0.16034002110223716,68.0
2021_03_WAS_BUF,2021,3,2021-09-26,BUF,0.23517763634740083,-0.19207280000206084,75,0.2425095045548308,-0.19399267060732653,66.6
2021_04_HOU_BUF,2021,4,2021-10-03,BUF,0.11665777241655953,-0.8317076259298206,70,0.18986219200798152,-0.20594769052227552,68.6
2021_05_BUF_KC,2021,5,2021-10-10,BUF,0.35192293677403086,-0.157711290219852,51,0.13341325865220174,-0.3414514729803655,69.2
2021_06_BUF_TEN,2021,6,2021-10-18,BUF,0.12116740855036415,0.25212000418077785,74,0.15330443931227625,-0.33948239476665576,67.4
2021_08_MIA_BUF,2021,8,2021-10-31,BUF,0.04478547823256623,-0.11869988113436078,66,0.19720336492776733,-0.2768810042399469,66.4
2021_09_BUF_JAX,2021,9,2021-11-07,BUF,-0.1661722834084579,-0.20877131353213205,65,0.1739422464641843,-0.20961431862106328,67.2
2021_10_BUF_NYJ,2021,10,2021-11-14,BUF,0.461130498185441,-0.16757749900423,51,0.09367226251301257,-0.21295402132707753,65.2
2021_11_IND_BUF,2021,11,2021-11-21,BUF,0.012437887454542737,0.26709584012962156,55,0.16256680766678885,-0.0801279959419594,61.4
2021_12_BUF_NO,2021,12,2021-11-25,BUF,0.14815982811609754,-0.3406373932531283,62,0.09466979780289123,0.004833430127935296,62.2
2021_13_NE_BUF,2021,13,2021-12-06,BUF,-0.19168536626316585,0.005808436610116476,57,0.10006828171603792,-0.11371804935884593,59.8
2021_14_BUF_TB,2021,14,2021-12-12,BUF,0.07560802565476568,0.17018949706605474,76,0.0527741128168915,-0.08881638580995048,58.0
2021_15_CAR_BUF,2021,15,2021-12-19,BUF,0.11393223389118314,-0.1940942128306089,63,0.10113017462953619,-0.013024223690313131,60.2
2021_16_BUF_NE,2021,16,2021-12-26,BUF,0.3098488740729307,0.09267543451181458,74,0.03169052177068464,-0.01832756645558891,62.6
2021_17_ATL_BUF,2021,17,2022-01-02,BUF,0.08693211303371937,-0.21463911614407444,69,0.09117271909436224,-0.05321164757915031,66.4
2021_18_NYJ_BUF,2021,18,2022-01-09,BUF,0.028372233809085688,-0.5187687924215768,76,0.07892717607788662,-0.028011992157339526,67.8
2022_01_BUF_LA,2022,1,2022-09-08,BUF,0.1753475096326811,-0.2729326942990401,57,0.12293869609233692,-0.13292743796367817,71.6
2022_02_TEN_BUF,2022,2,2022-09-19,BUF,0.22617654883334934,-0.38024678361769065,63,0.14288659288792,-0.22155187623669717,67.8
2022_03_BUF_MIA,2022,3,2022-09-25,BUF,0.10848552404572066,0.13401253839271168,89,0.16533545587635323,-0.2587823903941135,67.8
2022_04_BUF_BAL,2022,4,2022-10-02,BUF,0.025156954761874798,-0.04096466753304692,60,0.12506278587091121,-0.25051496961793407,70.8
2022_05_PIT_BUF,2022,5,2022-10-09,BUF,0.4031078061756918,-0.12204620994325663,51,0.1127077542165423,-0.21578007989572862,69.0
2022_06_BUF_KC,2022,6,2022-10-16,BUF,0.11995593969191766,0.04719999668306952,70,0.18765486868986353,-0.13643556340006455,64.0
2022_08_GB_BUF,2022,8,2022-10-30,BUF,0.12410890126609272,0.061240134637829034,53,0.17657655470171085,-0.07240902520364262,66.6
2022_09_BUF_NYJ,2022,9,2022-11-06,BUF,-0.02385302952604773,0.06552016107088164,61,0.15616302518825953,0.015888358447461316,64.6
2022_10_MIN_BUF,2022,10,2022-11-13,BUF,-0.05727955131136045,0.06940630881828803,72,0.12969531447390586,0.0021898829830953063,59.0
2022_11_CLE_BUF,2022,11,2022-11-20,BUF,0.11518620952106144,0.0818928958298771,62,0.1132080132592588,0.024264078253362298,61.4
2022_12_BUF_DET,2022,12,2022-11-24,BUF,0.09993126165720789,0.03504951813059959,74,0.05562369392833273,0.06505189940798904,63.6
2022_13_BUF_NE,2022,13,2022-12-01,BUF,0.16978842768264704,-0.025925594317993062,68,0.051618758321390776,0.06262180369749507,64.4
2022_14_NYJ_BUF,2022,14,2022-12-11,BUF,-0.10415163203138238,-0.16866227625374683,53,0.06075466360470163,0.04518865790633063,67.4
2022_15_MIA_BUF,2022,15,2022-12-17,BUF,0.19276536844976733,0.159529170612672,71,0.04469494310363471,-0.0016478295585950543,65.8
2022_16_BUF_CHI,2022,16,2022-12-24,BUF,0.21708589818741003,-0.4294691351666137,59,0.09470392705586027,0.016376742800281736,65.6
2022_18_NE_BUF,2022,18,2023-01-08,BUF,0.09968469035811722,-0.03685553022143706,55,0.11508386478912999,-0.08589566339901643,65.0
2023_01_BUF_NYJ,2023,1,2023-09-11,BUF,-0.06778166957460209,-0.04741279796088383,67,0.11503455052931186,-0.10027667306942376,61.2
2023_02_LV_BUF,2023,2,2023-09-17,BUF,0.3068545541948476,-0.26116006681075166,72,0.06752053107786203,-0.10457411379800192,61.0
2023_03_BUF_WAS,2023,3,2023-09-24,BUF,0.21725666499612653,-0.5987696191156288,63,0.14972176832310802,-0.12307367190940285,64.8
2023_04_MIA_BUF,2023,4,2023-10-01,BUF,0.4369712308554382,-0.011877731256573699,52,0.15462002763237986,-0.27473342985506305,63.2
2023_05_JAX_BUF,2023,5,2023-10-08,BUF,0.18866958356321428,0.13415352075976572,54,0.19859709416598548,-0.191215149073055,61.8
2023_06_NYG_BUF,2023,6,2023-10-15,BUF,-0.017308061093822477,-0.15634067549055033,59,0.2163940728070049,-0.15701333887681446,61.6
2023_07_BUF_NE,2023,7,2023-10-22,BUF,0.158961412954623,0.15693329340320744,66,0.22648879450316084,-0.17879891438274778,60.0
2023_08_TB_BUF,2023,8,2023-10-26,BUF,0.09943383593787673,-0.0742080300387657,67,0.1969101662551159,-0.09518024233995596,58.8
2023_09_BUF_CIN,2023,9,2023-11-05,BUF,0.04206963807684415,0.18691368331592084,56,0.17334560044346595,0.009732075475416662,59.6
2023_10_DEN_BUF,2023,10,2023-11-13,BUF,-0.06321615949937336,-0.0028946404316210787,53,0.09436528188774713,0.04949035838991557,60.4
2023_11_NYJ_BUF,2023,11,2023-11-19,BUF,0.09407515487065332,-0.37760150382448493,69,0.043988133275229616,0.022080726151638207,60.2
2023_12_BUF_PHI,2023,12,2023-11-26,BUF,0.16537280363350393,0.03547633071424077,91,0.06626477646812477,-0.022171439515148716,62.2
2023_14_BUF_KC,2023,14,2023-12-10,BUF,0.01806460304745864,-0.05713788338026805,70,0.06754705460390095,-0.04646283205294205,67.2
2023_15_DAL_BUF,2023,15,2023-12-17,BUF,0.18652302219143793,-0.0941812861989965,62,0.05127320802581734,-0.04304880272124252,67.8
2023_16_BUF_LAC,2023,16,2023-12-23,BUF,0.06887286251368133,-0.09489866467715144,52,0.08016388484873609,-0.09926779662422598,69.0
2023_17_NE_BUF,2023,17,2023-12-31,BUF,-0.06537826248180913,-0.2827885444635375,66,0.10658168925134703,-0.11766860147333205,68.8
2023_18_BUF_MIA,2023,18,2024-01-07,BUF,0.07408543291036039,0.038294135311540835,75,0.07469100578085455,-0.09870600960114258,68.2
2024_01_ARI_BUF,2024,1,2024-09-08,BUF,0.2220843524679833,0.06333499944819312,57,0.056433531636225845,-0.09814244868168255,65.0
2024_02_BUF_MIA,2024,2,2024-09-12,BUF,0.23071621487760674,-0.26672958425093596,42,0.09723748152033077,-0.07404787211599033,62.4
2024_03_JAX_BUF,2024,3,2024-09-23,BUF,0.446529584894625,-0.24341390146074288,59,0.10607612005756453,-0.10855753172637823,58.4
2024_04_BUF_BAL,2024,4,2024-09-29,BUF,-0.13561953114747205,0.29366926166619156,57,0.18160746453375326,-0.1382605790830965,59.8
2024_05_BUF_HOU,2024,5,2024-10-06,BUF,-0.0150581178917669,-0.057969271695458124,59,0.1675592108006207,-0.022969017857150685,58.0
2024_06_BUF_NYJ,2024,6,2024-10-14,BUF,0.28208355403679286,0.18870879239171717,57,0.14973050064019522,-0.042221699258550474,54.8
2024_07_TEN_BUF,2024,7,2024-10-20,BUF,0.21962814052913,-0.2237247071501999,54,0.16173034095395714,-0.017146940669845668,54.8
2024_08_BUF_SEA,2024,8,2024-10-27,BUF,0.31383554172262085,-0.21150003550330926,66,0.15951272608426179,-0.008545965249698455,57.2
2024_09_MIA_BUF,2024,9,2024-11-03,BUF,0.16632274530009294,0.3055681748716005,59,0.13297391744986092,-0.0021631920582117327,58.6
2024_10_BUF_IND,2024,10,2024-11-10,BUF,0.019989930434927642,-0.25126254354012095,69,0.19336237273937393,0.0002165905828700465,59.0
2024_11_KC_BUF,2024,11,2024-11-17,BUF,0.10483378220066315,0.11798019830278533,69,0.20037198240471285,-0.03844206378606252,61.0
2024_13_SF_BUF,2024,13,2024-12-01,BUF,0.3458036979428207,-0.24711014303322767,53,0.16492202803748693,-0.05258778260384889,63.4
2024_14_BUF_LA,2024,14,2024-12-08,BUF,0.44754335454598293,0.2856349099443072,54,0.19015713952022503,-0.05726486978045444,63.2
2024_15_BUF_DET,2024,15,2024-12-15,BUF,0.4799142187384701,0.257717255373629,67,0.21689870208489745,0.042162119309068845,60.8
2024_16_NE_BUF,2024,16,2024-12-22,BUF,0.034190916288598425,-0.02519604440578191,58,0.2796169967725729,0.03259193540947455,62.4
2024_17_NYJ_BUF,2024,17,2024-12-29,BUF,0.16659985220992338,-0.20912926959246397,60,0.28245719394330704,0.07780523523634235,60.2
2024_18_BUF_NE,2024,18,2025-01-05,BUF,-0.06714681854610154,0.033465403571571295,65,0.2948104079451591,0.012383341657292496,58.4
2025_01_BAL_BUF,2025,1,2025-09-07,BUF,0.2349865763823882,0.3856986985481338,77,0.21222030464737465,0.06849845097825229,60.8
2025_02_BUF_NYJ,2025,2,2025-09-14,BUF,0.19778235719753628,-0.2953253710950093,67,0.16970894901465572,0.08851120869901762,65.4
2025_03_MIA_BUF,2025,3,2025-09-18,BUF,0.2772775162637864,0.05354211520170793,57,0.11328257670646895,-0.022097316594710037,65.4
2025_04_NO_BUF,2025,4,2025-09-28,BUF,0.19637072308012193,-0.09360413658291644,54,0.16189989670150656,-0.006349684673212069,65.2
2025_05_NE_BUF,2025,5,2025-10-05,BUF,0.03892745436064732,0.061872875329927024,61,0.16785407087554627,0.01675534192869744,64.0
2025_06_BUF_ATL,2025,6,2025-10-13,BUF,-0.11888455337019102,0.06679594271918607,54,0.18906892545689602,0.022436836280368584,63.2
2025_08_BUF_CAR,2025,8,2025-10-26,BUF,0.3438355488205429,-0.3448128232429677,60,0.11829469950638019,-0.041343714885420976,58.6
2025_09_KC_BUF,2025,9,2025-11-02,BUF,0.23137387021057962,0.03537957011217095,63,0.1475053378309815,-0.05124120531501264,57.2
2025_10_BUF_MIA,2025,10,2025-11-09,BUF,-0.0736375961853544,0.3123163272150317,66,0.13832460862034016,-0.05487371433292003,58.4
2025_11_TB_BUF,2025,11,2025-11-16,BUF,0.24343949035189907,0.05390374443740425,54,0.08432294476724488,0.0263103784266696,60.8
2025_12_BUF_HOU,2025,12,2025-11-20,BUF,-0.16421365248832998,-0.06426352002561553,65,0.12522535196549522,0.024716552248165047,59.4
2025_13_BUF_PIT,2025,13,2025-11-30,BUF,0.10006494115789154,-0.4242491542746118,74,0.11615953214186743,-0.0014953403007952725,61.6
2025_14_CIN_BUF,2025,14,2025-12-07,BUF,0.2549044671400213,0.1188889532990819,58,0.06740541060933716,-0.017382606507124098,64.4
2025_15_BUF_NE,2025,15,2025-12-14,BUF,0.2610677966958974,0.24429784937200227,64,0.07211152999522549,-0.0006807298697419084,63.4
2025_16_BUF_CLE,2025,16,2025-12-21,BUF,0.06078290143606926,-0.09587976092174261,48,0.13905260857147583,-0.014284425438347802,63.0
2025_17_PHI_BUF,2025,17,2025-12-28,BUF,-0.12071316199451174,-0.11959278373005547,73,0.10252129078830989,-0.04424112651017716,61.8
2025_18_NYJ_BUF,2025,18,2026-01-04,BUF,0.35458301354125144,-0.25580803342219044,70,0.11122138888707353,-0.05530697925106516,63.4
2026_01_BUF_HOU,2026,1,2026-09-13,BUF,0.22925824720811552,0.06890769422967051,52,0.16212500336374552,-0.021618755080580875,62.6
2016_01_CAR_DEN,2016,1,2016-09-08,CAR,0.03866157227857544,0.002588532600467178,66,,,
2016_02_SF_CAR,2016,2,2016-09-18,CAR,0.08031203575228281,-0.24005917932096874,77,,,
2016_03_MIN_CAR,2016,3,2016-09-25,CAR,-0.21955418414756267,-0.08807673088194912,72,,,
2016_04_CAR_ATL,2016,4,2016-10-02,CAR,0.006515704222286336,0.3383267830227325,65,-0.033526858705568145,-0.10851579253415022,71.66666666666667
2016_05_TB_CAR,2016,5,2016-10-10,CAR,0.003866539527616395,0.0575948865982251,53,-0.023516217973604522,0.0031948513550704577,70.0
2016_06_CAR_NO,2016,6,2016-10-16,CAR,0.06672294838583274,0.2284739517599156,76,-0.01803966647336034,0.014074858403701384,66.6
2016_08_ARI_CAR,2016,8,2016-10-30,CAR,-0.016724772591673584,-0.09135679304532421,64,-0.012427391251908879,0.05925194223559107,68.6
2016_09_CAR_LA,2016,9,2016-11-06,CAR,-0.09056183120091198,-0.11588777084509982,61,-0.03183475292070016,0.08899241949071998,66.0
2016_10_KC_CAR,2016,10,2016-11-13,CAR,-0.03272085214710785,-0.0202340189970256,68,-0.006036282331370019,0.08343021149808985,63.8
2016_11_NO_CAR,2016,11,2016-11-17,CAR,-0.1023992065931453,0.01172108162912194,62,-0.013883593605248856,0.011718051094138208,64.4
2016_12_CAR_OAK,2016,12,2016-11-27,CAR,0.012481440050864654,-0.0035640206817930294,58,-0.0351367428294012,0.0025432901003175764,66.2
2016_13_CAR_SEA,2016,13,2016-12-04,CAR,-0.2782219243839521,0.246995320772294,54,-0.04598504449639481,-0.043864304388024154,62.6
2016_14_SD_CAR,2016,14,2016-12-11,CAR,-0.1702502639472483,-0.19318833949523526,67,-0.09828447485485052,0.023806118375499487,60.6
2016_15_CAR_WAS,2016,15,2016-12-19,CAR,0.05543043578834242,-0.2194627710502416,71,-0.11422216140411778,0.008346004645472398,61.8
2016_16_ATL_CAR,2016,16,2016-12-24,CAR,-0.17440384652957125,0.2585943946514743,67,-0.09659190381702773,-0.0314997457651708,62.4
2016_17_CAR_TB,2016,17,2017-01-01,CAR,-0.13310688688282768,-0.17225440810616985,68,-0.11099283180431292,0.017874916839299676,63.4
2017_01_CAR_SF,2017,1,2017-09-10,CAR,-0.037733972891841,-0.4132850831266734,59,-0.14011049719105137,-0.015863160645575684,65.4
2017_02_BUF_CAR,2017,2,2017-09-17,CAR,-0.11343226320666595,-0.264023381092287,65,-0.09201290689262917,-0.14791924142536916,66.4
2017_03_NO_CAR,2017,3,2017-09-24,CAR,-0.1882561256353976,0.2808627454927747,59,-0.0806493067445127,-0.16208624974477953,66.0
2017_04_CAR_NE,2017,4,2017-10-01,CAR,0.2978603444364088,0.18812315478270555,60,-0.1293866190292607,-0.062021146436176254,63.6
2017_05_CAR_DET,2017,5,2017-10-08,CAR,0.11452941869820102,-0.18420606743914422,61,-0.03493378083606469,-0.07611539440993002,62.2
2017_06_PHI_CAR,2017,6,2017-10-12,CAR,-0.20616566693486477,-0.004912541244045421,79,0.014593480280141046,-0.0785057262765249,60.8
2017_07_CAR_CHI,2017,7,2017-10-22,CAR,-0.4323283994092813,-0.33593273634431287,69,-0.019092858528463708,0.0031687821000006985,64.8
2017_08_CAR_TB,2017,8,2017-10-29,CAR,-0.08261617660288888,-0.2671036155057952,61,-0.08287208576898678,-0.01121308895040447,65.6
2017_09_ATL_CAR,2017,9,2017-11-05,CAR,-0.10114628122972735,-0.1280360529442026,63,-0.061744095962485035,-0.12080636115011845,66.0
2017_10_MIA_CAR,2017,10,2017-11-13,CAR,0.4785101487256476,0.07544481408681264,69,-0.14154542109571228,-0.18403820269550009,66.6
2017_12_CAR_NYJ,2017,12,2017-11-26,CAR,-0.006558000824041363,-0.10153297642772592,67,-0.06874927509022294,-0.1321080263903087,68.2
2017_13_CAR_NO,2017,13,2017-12-03,CAR,-0.07606653228428496,0.11934969292992456,53,-0.028827741868058265,-0.15143211342704482,65.8
2017_14_MIN_CAR,2017,14,2017-12-10,CAR,0.08951341158926854,-0.12456007722738573,60,0.042424631556941005,-0.06037562757219731,62.6
2017_15_GB_CAR,2017,15,2017-12-17,CAR,0.1587393848542805,0.057827347910685466,67,0.07685054919537249,-0.03186691991651542,62.4
2017_16_TB_CAR,2017,16,2017-12-24,CAR,-0.1577494815897426,-0.03753917981962135,58,0.12882768241217407,0.005305760254462192,63.2
2017_17_CAR_ATL,2017,17,2017-12-31,CAR,-0.30321752743029695,-0.020684130959552814,59,0.0015757563490960136,-0.017291038526824603,61.0
2018_01_DAL_CAR,2018,1,2018-09-09,CAR,-0.03455033117241692,-0.13514362187514883,58,-0.05775614897215511,-0.0011212694331899837,59.4
2018_02_CAR_ATL,2018,2,2018-09-16,CAR,0.12809365391995456,0.21642579799942532,65,-0.0494529087497815,-0.05201993239420466,60.4
2018_03_CIN_CAR,2018,3,2018-09-23,CAR,0.12505636340014356,0.07976076857260092,65,-0.041736860283644296,0.016177242651157546,61.4
2018_05_NYG_CAR,2018,5,2018-10-07,CAR,-0.11521815767367806,0.0819884565989548,65,-0.048473464574471686,0.020563926783540642,61.0
2018_06_CAR_WAS,2018,6,2018-10-14,CAR,0.063857108281354,-0.03672731680777744,59,-0.039967199791258776,0.04446945406725587,62.4
2018_07_CAR_PHI,2018,7,2018-10-21,CAR,0.2524781263067612,0.10161387953138445,58,0.03344772735107142,0.04126081689761095,62.4
2018_08_BAL_CAR,2018,8,2018-10-28,CAR,0.22279092192512093,0.03414195678305987,62,0.09085341884690704,0.08861231717891761,62.4
2018_09_TB_CAR,2018,9,2018-11-04,CAR,0.27837699008417655,-0.027296853029670623,55,0.10979287244794031,0.052155548935644516,61.8
2018_10_CAR_PIT,2018,10,2018-11-08,CAR,-0.028592473693216953,0.4565232753521513,56,0.1404569977847469,0.030744024615190206,59.8
2018_11_CAR_DET,2018,11,2018-11-18,CAR,0.17511599163587377,0.020868926323584263,58,0.15778213458083912,0.1056509883658295,58.0
2018_12_SEA_CAR,2018,12,2018-11-25,CAR,0.2019313121588961,0.28716376405084154,57,0.1800339112517431,0.11717023699210186,57.8
2018_13_CAR_TB,2018,13,2018-12-02,CAR,-0.043601852548414644,-0.015109774086365099,64,0.16992454842217003,0.15428021389599328,57.6
2018_14_CAR_CLE,2018,14,2018-12-09,CAR,0.00421270885254735,0.03512779920462682,69,0.11664599352746292,0.14442986772210828,58.0
2018_15_NO_CAR,2018,15,2018-12-17,CAR,-0.15370719930693408,-0.11859354140261977,56,0.0618131372811371,0.15691479816896775,60.8
2018_16_ATL_CAR,2018,16,2018-12-23,CAR,-0.16472931984746228,0.1491606200274291,83,0.03679019215839367,0.04189143481801355,60.8
2018_17_CAR_NO,2018,17,2018-12-30,CAR,0.08145201898468094,-0.13019900197533013,68,-0.031178870138273536,0.06754977355878253,65.8
2019_01_LA_CAR,2019,1,2019-09-08,CAR,-0.13203190591332745,0.025816405367080072,63,-0.055274728773116566,-0.015922779646451807,68.0
2019_02_TB_CAR,2019,2,2019-09-12,CAR,-0.23536133776431323,0.0419350314643748,73,-0.07296073944609913,-0.007737543755762771,67.8
2019_03_CAR_ARI,2019,3,2019-09-22,CAR,0.2749217801589285,-0.08813342939557849,57,-0.12087554876947124,-0.006376097303813175,68.6
2019_04_CAR_HOU,2019,4,2019-09-29,CAR,-0.20731630811738352,-0.2962842701272723,65,-0.035149752876298734,-0.0002840749024049183,68.8
2019_05_JAX_CAR,2019,5,2019-10-06,CAR,0.18469142334849167,-0.03458125608027995,61,-0.043667150530282986,-0.08937305293334522,65.2
2019_06_CAR_TB,2019,6,2019-10-13,CAR,-0.016268891199198825,-0.17858410510950137,62,-0.02301926965752083,-0.07024950375433517,63.8
2019_08_CAR_SF,2019,8,2019-10-27,CAR,-0.4940351221150247,0.18501987963866778,64,0.0001333332853048888,-0.11112960584965145,63.6
2019_09_TEN_CAR,2019,9,2019-11-03,CAR,0.08711232296179916,0.05579409064117252,66,-0.051601423584837415,-0.08251263621479288,61.8
2019_10_CAR_GB,2019,10,2019-11-10,CAR,-0.019348031482885577,0.18550471256483056,70,-0.08916331502426325,-0.05372713220744267,63.6
2019_11_ATL_CAR,2019,11,2019-11-17,CAR,-0.2921477178030534,0.1647564547225037,70,-0.05156965969736368,0.04263066433097791,64.6
2019_12_CAR_NO,2019,12,2019-11-24,CAR,0.1265021546305362,0.11900930920237532,70,-0.1469374879276727,0.08249820649153464,66.4
2019_13_WAS_CAR,2019,13,2019-12-01,CAR,-0.10398096859069184,0.08633242593896875,73,-0.11838327876172569,0.14201688935391,68.0
2019_14_CAR_ATL,2019,14,2019-12-08,CAR,-0.047112419833965795,0.16111161313002137,68,-0.04037244805685911,0.12227939861397016,69.8
2019_15_SEA_CAR,2019,15,2019-12-15,CAR,0.01425123404376922,0.27496882635174896,71,-0.0672173966160121,0.14334290311173994,70.2
2019_16_CAR_IND,2019,16,2019-12-22,CAR,-0.18938874730186972,0.10659305818811672,71,-0.06049754351068115,0.16123572586912363,70.4
2019_17_NO_CAR,2019,17,2019-12-29,CAR,-0.34057946543638057,0.2641364874078944,69,-0.03994574941044442,0.14960304656224624,70.6
2020_01_LV_CAR,2020,1,2020-09-13,CAR,0.12143918990416637,0.24714226130371209,66,-0.13336207342382775,0.17862848220335006,70.4
2020_02_CAR_TB,2020,2,2020-09-20,CAR,-0.14495941282344305,-0.01972645716385839,71,-0.08827804172485612,0.21079044927629872,69.0
2020_03_CAR_LAC,2020,3,2020-09-27,CAR,-0.10107356141500196,-0.1209044316721012,51,-0.10784744032275158,0.17462283521752278,69.6
2020_04_ARI_CAR,2020,4,2020-10-04,CAR,0.2922404895176665,0.0795731609017821,69,-0.1309123994145058,0.09544818361275273,65.6
2020_05_CAR_ATL,2020,5,2020-10-11,CAR,0.2509414035349552,0.05236316886408658,62,-0.034586552050598574,0.0900442041554858,65.2
2020_06_CHI_CAR,2020,6,2020-10-18,CAR,-0.2817524939923254,0.0018745672085792215,62,0.08371762174366858,0.04768954044672423,63.8
2020_07_CAR_NO,2020,7,2020-10-25,CAR,0.2973377946210943,0.2506464806619329,43,0.0030792849643702324,-0.0013639983723023378,63.0
2020_08_ATL_CAR,2020,8,2020-10-29,CAR,-0.05023838579645564,0.20361067069322458,52,0.0915387264532777,0.052710589192855914,57.4
2020_09_CAR_KC,2020,9,2020-11-08,CAR,0.3219494625633535,0.25512910368602726,75,0.10170576157698696,0.11761360966592108,57.6
2020_10_TB_CAR,2020,10,2020-11-15,CAR,-0.23715046161788442,0.37070797632061553,48,0.10764755618612436,0.1527247982227701,58.8
2020_11_DET_CAR,2020,11,2020-11-22,CAR,-0.051619788842214284,-0.3791086134433133,67,0.010029183155556436,0.21639375971407587,56.0
2020_12_CAR_MIN,2020,12,2020-11-29,CAR,0.02984337535635328,-0.0058938129235298715,63,0.05605572418557865,0.1401971235836974,57.0
2020_14_DEN_CAR,2020,14,2020-12-13,CAR,0.058599385537695184,0.1471415199508317,65,0.0025568403326304513,0.08888906486660483,61.0
2020_15_CAR_GB,2020,15,2020-12-19,CAR,-0.019727501957302877,0.07757231296993596,65,0.024324394599460616,0.07759523471812627,63.6
2020_16_CAR_WAS,2020,16,2020-12-27,CAR,-0.11183870851712686,-0.1375020602689282,63,-0.04401099830467066,0.042083876574907995,61.6
2020_17_NO_CAR,2020,17,2021-01-03,CAR,-0.40206385421721885,0.16393337918843154,60,-0.018948647684519142,-0.059558130743000745,64.6
2021_01_NYJ_CAR,2021,1,2021-09-12,CAR,-0.01524736744395212,-0.18519751937269052,60,-0.08903746075952006,0.04905026778334822,63.2
2021_02_NO_CAR,2021,2,2021-09-19,CAR,0.0653473157031559,-0.5337016310492929,73,-0.09805560931958114,0.013189526493516091,62.6
2021_03_CAR_HOU,2021,3,2021-09-23,CAR,0.19368104389973642,-0.29117589492158785,67,-0.096706023286489,-0.12297910370650884,64.2
2021_04_CAR_DAL,2021,4,2021-10-03,CAR,0.08015057146512314,0.25898533637573457,68,-0.05402431411508113,-0.19672874528481357,64.6
2021_05_PHI_CAR,2021,5,2021-10-10,CAR,-0.2988178640583671,-0.255823759868133,70,-0.015626458118631135,-0.11743126595588102,65.6
2021_06_MIN_CAR,2021,6,2021-10-17,CAR,-0.273969902256977,0.07717723227605452,68,0.005022739913139218,-0.20138269376719392,67.6
2021_07_CAR_NYG,2021,7,2021-10-24,CAR,-0.35488349370744665,-0.10835260964899626,62,-0.046721767049465755,-0.14890774343744492,69.2
2021_08_CAR_ATL,2021,8,2021-10-31,CAR,0.06038604609122217,-0.225687020691749,71,-0.13076792893158626,-0.06383793915738559,67.0
2021_09_NE_CAR,2021,9,2021-11-07,CAR,-0.4930742551992948,-0.04486492712319334,57,-0.15742692849328913,-0.05074016431141781,67.8
2021_10_CAR_ARI,2021,10,2021-11-14,CAR,0.0037369464010643606,-0.5789253617088127,70,-0.2720718938261727,-0.11151021701120341,65.6
2021_11_WAS_CAR,2021,11,2021-11-21,CAR,0.15018732541284407,0.19879077988362004,48,-0.21156093173428644,-0.1761305373793393,65.6
2021_12_CAR_MIA,2021,12,2021-11-28,CAR,-0.31362318020977975,0.06867583652281062,54,-0.12672948620032223,-0.15180782785782626,61.6
2021_14_ATL_CAR,2021,14,2021-12-12,CAR,-0.1751227579999625,0.03672035449873292,62,-0.11847742350078883,-0.11640213862346487,60.0
2021_15_CAR_BUF,2021,15,2021-12-19,CAR,-0.1940942128306089,0.11393223389118314,73,-0.16557918431902577,-0.06392066358536849,58.2
2021_16_TB_CAR,2021,16,2021-12-26,CAR,-0.3320208205226668,0.18307683460837018,67,-0.10578317584528858,-0.03216123138249319,61.4
2021_17_CAR_NO,2021,17,2022-01-02,CAR,-0.3029486185719013,-0.133743735323201,59,-0.1729347292300348,0.1202392078809434,60.8
2021_18_CAR_TB,2021,18,2022-01-09,CAR,-0.19627906716410184,0.2962910350184059,70,-0.26356191802698387,0.05373230483957918,63.0
2022_01_CLE_CAR,2022,1,2022-09-11,CAR,0.01577582192292151,0.015453683935361506,49,-0.24009309541784832,0.09925534453869825,66.2
2022_02_CAR_NYG,2022,2,2022-09-18,CAR,-0.04787813656802849,-0.13796997981971235,54,-0.20191337943327148,0.09500201042602396,63.6
2022_03_NO_CAR,2022,3,2022-09-25,CAR,-0.12832596496510373,-0.061465497048307685,59,-0.17267016418075543,0.04462156768384487,59.8
2022_04_ARI_CAR,2022,4,2022-10-02,CAR,-0.47032009556721255,-0.06127473131082912,52,-0.1319311930692428,-0.0042868986474907085,58.2
2022_05_SF_CAR,2022,5,2022-10-09,CAR,-0.1747454370182248,0.26779079334574496,66,-0.16540548846830508,0.010206902154983667,56.8
2022_06_CAR_LA,2022,6,2022-10-16,CAR,-0.3516853978903985,0.00806607042804436,43,-0.16109876243912966,0.004506853820451473,56.0
2022_07_TB_CAR,2022,7,2022-10-23,CAR,0.13568357801879757,-0.15481061373272953,50,-0.23459100640179367,0.003029331118988044,54.8
2022_08_CAR_ATL,2022,8,2022-10-30,CAR,0.0921023403154796,0.035043804763976,74,-0.19787866348442842,-0.00033879566361539324,54.0
2022_09_CAR_CIN,2022,9,2022-11-06,CAR,-0.027083824235887732,0.38616737681153873,48,-0.1537930024283118,0.01896306469884134,57.0
2022_10_ATL_CAR,2022,10,2022-11-10,CAR,0.08209062202270268,-0.11147119090507612,64,-0.0651457481620468,0.10845148632331492,56.2
2022_11_CAR_BAL,2022,11,2022-11-20,CAR,-0.4122960484719638,-0.11812783847456057,54,-0.013778536353861313,0.03259908947315069,55.8
2022_12_DEN_CAR,2022,12,2022-11-27,CAR,0.08300223560131129,-0.2672756104846915,64,-0.02590066647017438,0.007360307692629703,58.0
2022_14_CAR_SEA,2022,14,2022-12-11,CAR,0.1674021187320643,-0.07895279309414796,71,-0.03643693495367163,-0.015132691657762692,60.8
2022_15_PIT_CAR,2022,15,2022-12-18,CAR,0.03912898072345805,0.22951254663483858,42,-0.0213769792703547,-0.03793201122938748,60.2
2022_16_DET_CAR,2022,16,2022-12-24,CAR,0.4071262296369374,0.06570456768536734,64,-0.008134418278485548,-0.06926297726472752,59.0
2022_17_CAR_TB,2022,17,2023-01-01,CAR,-0.011225776340402031,0.11955578994781182,59,0.0568727032443614,-0.03382782554663882,59.0
2022_18_CAR_NO,2022,18,2023-01-08,CAR,-0.21616780785689232,-0.1829290726066134,58,0.13708675767067374,0.013708900137835656,60.0
2023_01_CAR_ATL,2023,1,2023-09-10,CAR,-0.2698056696144229,-0.1073664108582692,72,0.07725274897903303,0.030578207713451277,58.8
2023_02_NO_CAR,2023,2,2023-09-18,CAR,-0.14652735352884408,0.03964336510922279,57,-0.0101888086902644,0.024895484160627028,59.0
2023_03_CAR_SEA,2023,3,2023-09-24,CAR,0.04581659013250206,0.20921183329274842,75,-0.04732007554072483,-0.01307835214449613,62.0
2023_04_MIN_CAR,2023,4,2023-10-01,CAR,-0.2563485436015448,-0.154154807367542,68,-0.11958200344161189,0.015623100976980086,64.2
2023_05_CAR_DET,2023,5,2023-10-08,CAR,-0.07971091644127982,0.2528485923907475,65,-0.16860655689384046,-0.03911901848609068,66.0
2023_06_CAR_MIA,2023,6,2023-10-15,CAR,-0.14276293217331334,0.17893996180341235,68,-0.14131517861071793,0.04803651451338149,67.4
2023_08_HOU_CAR,2023,8,2023-10-29,CAR,-0.15516670663757487,-0.03473908612182723,61,-0.11590663112249604,0.10529778904571781,66.6
2023_09_IND_CAR,2023,9,2023-11-05,CAR,-0.29856316736192623,-0.10387839918708558,71,-0.11763450174424221,0.0904212987995078,67.4
2023_10_CAR_CHI,2023,10,2023-11-09,CAR,-0.13794126291191885,-0.05898953078957393,57,-0.18651045324312787,0.027803252303541005,66.6
2023_11_DAL_CAR,2023,11,2023-11-19,CAR,-0.2955619702480339,0.18181384805329623,58,-0.16282899710520266,0.04683630761913461,64.4
2023_12_CAR_TEN,2023,12,2023-11-26,CAR,-0.13866227316256857,0.04109319935467246,67,-0.20599920786655349,0.03262935875164437,63.0
2023_13_CAR_TB,2023,13,2023-12-03,CAR,-0.08558960970233236,-0.045349389956494894,70,-0.2051790760644045,0.00506000626189639,62.8
2023_14_CAR_NO,2023,14,2023-12-10,CAR,-0.32672463587772066,-0.19093744698670215,79,-0.19126365667735604,0.002937945494962857,64.6
2023_15_ATL_CAR,2023,15,2023-12-17,CAR,-0.19567796324016454,-0.30273039171239363,60,-0.1968959503805149,-0.014473864064960457,66.2
2023_16_GB_CAR,2023,16,2023-12-24,CAR,0.18296155141212095,0.26127758171272925,63,-0.20844329044616403,-0.0632220362495244,66.8
2023_17_CAR_JAX,2023,17,2023-12-31,CAR,-0.45515617516928547,0.10604497942392903,53,-0.11273858611413308,-0.04732928951763778,67.8
2023_18_TB_CAR,2023,18,2024-01-07,CAR,-0.3102939823857225,-0.09411871407956807,50,-0.17603736651547647,-0.03433893350378647,65.0
2024_01_CAR_NO,2024,1,2024-09-08,CAR,-0.4854165381306121,0.2058199877417747,55,-0.2209782410521545,-0.04409279832840111,61.0
2024_02_LAC_CAR,2024,2,2024-09-15,CAR,-0.49060622454402397,0.11135080133706401,46,-0.2527166215027328,0.035258688617294254,56.2
2024_03_CAR_LV,2024,3,2024-09-22,CAR,0.2018615480162518,-0.0830609448607849,69,-0.3117022737635046,0.11807492722718578,53.4
2024_04_CIN_CAR,2024,4,2024-09-29,CAR,0.003686762715682796,0.16715398730578387,69,-0.3079222744426785,0.04920722191248296,54.6
2024_05_CAR_CHI,2024,5,2024-10-06,CAR,-0.25997198687286327,0.2143630333396083,58,-0.21615368686568487,0.061429023488853915,57.8
2024_06_ATL_CAR,2024,6,2024-10-13,CAR,-0.09854121783584546,0.27975168882516765,62,-0.206089287763113,0.12312537297268919,59.4
2024_07_CAR_WAS,2024,7,2024-10-20,CAR,-0.4739950681770487,0.2692260682342439,42,-0.1287142237041597,0.1379117131893678,60.8
2024_08_CAR_DEN,2024,8,2024-10-27,CAR,-0.145657219136289,0.035369763308217825,60,-0.12539199243076463,0.16948676656880377,60.0
2024_09_NO_CAR,2024,9,2024-11-03,CAR,-0.007854261661332445,0.12825395045611507,49,-0.19489574586127278,0.1931729082026043,58.2
2024_10_NYG_CAR,2024,10,2024-11-10,CAR,-0.01719173711026695,-0.12398125862417528,58,-0.19720395073667582,0.18539290083267054,54.2
2024_12_KC_CAR,2024,12,2024-11-24,CAR,0.19307642256124094,0.28216850231015866,59,-0.14864790078415657,0.11772404243991383,54.2
2024_13_TB_CAR,2024,13,2024-12-01,CAR,0.002090434313836036,-0.030901692524250738,68,-0.09032437270473928,0.11820740513691204,53.6
2024_14_CAR_PHI,2024,14,2024-12-08,CAR,0.0190429469009689,0.14238011264706238,68,0.004892727793437655,0.05818185298521311,58.8
2024_15_DAL_CAR,2024,15,2024-12-15,CAR,-0.32890248268144207,0.20379833957529075,50,0.03783276100088924,0.07958392285298202,60.4
2024_16_ARI_CAR,2024,16,2024-12-22,CAR,0.2464324704972173,0.16333864765339806,64,-0.026376883203132688,0.09469280067681715,60.6
2024_17_CAR_TB,2024,17,2024-12-29,CAR,-0.10282477504936936,0.45438960213542484,46,0.026347958318364163,0.15215678193233184,61.8
2024_18_CAR_ATL,2024,18,2025-01-05,CAR,0.41231425398478677,0.29230843032309944,64,-0.0328322812037579,0.18660100189738507,59.2
2025_01_CAR_JAX,2025,1,2025-09-07,CAR,-0.2563797084211179,0.15245799652321068,60,0.04921248273043225,0.25124302646685515,58.4
2025_02_CAR_ARI,2025,2,2025-09-14,CAR,-0.018261211651571223,0.12701131969957394,78,-0.005872048333985108,0.25325860324208477,56.8
2025_03_ATL_CAR,2025,3,2025-09-21,CAR,-0.008956547344796546,-0.3391001895957404,54,0.056256205871989054,0.2379011992669414,62.4
2025_04_CAR_NE,2025,4,2025-09-28,CAR,-0.024340105037695424,0.39204877451993525,65,0.005178402303586284,0.1374134318171137,60.4
2025_05_MIA_CAR,2025,5,2025-10-05,CAR,0.15926762393042973,0.095273431587789,62,0.02087533630592107,0.12494526629401578,64.2
2025_06_DAL_CAR,2025,6,2025-10-12,CAR,0.1593848109816331,0.17961180428658052,62,-0.02973398970495033,0.0855382665469537,63.8
2025_07_CAR_NYJ,2025,7,2025-10-19,CAR,-0.06082142597444249,-0.25576603516145946,68,0.05341891417559985,0.09096902809962767,64.2
2025_08_BUF_CAR,2025,8,2025-10-26,CAR,-0.3448128232429677,0.3438355488205429,59,0.04490687131102561,0.014413557127420984,62.2
2025_09_CAR_GB,2025,9,2025-11-02,CAR,0.09463535318914694,0.042524528103241595,54,-0.02226438386860862,0.15100070481067765,63.2
2025_10_NO_CAR,2025,10,2025-11-09,CAR,-0.41942340922414667,0.16176368779471467,50,0.0015307077767598488,0.08109585552733892,61.0
2025_11_CAR_ATL,2025,11,2025-11-16,CAR,0.12748949193676204,0.12681769830328793,76,-0.11420749885415545,0.09439390676872404,58.6
2025_12_CAR_SF,2025,12,2025-11-24,CAR,-0.20065023830438192,-0.0013478750223231515,44,-0.12058656266312966,0.08383508557206552,61.4
2025_13_LA_CAR,2025,13,2025-11-30,CAR,0.2375984378085488,0.13982017444446682,59,-0.14855232512911754,0.1347187175998928,56.6
2025_15_CAR_NO,2025,15,2025-12-14,CAR,0.11013014508381673,0.10643883001799215,56,-0.032070072918814224,0.09391564272467758,56.6
2025_16_TB_CAR,2025,16,2025-12-21,CAR,0.10059068346236226,0.10685435090192215,53,-0.02897111453988026,0.1066985031076277,57.0
2025_17_SEA_CAR,2025,17,2025-12-28,CAR,-0.5107222867168542,-0.05358890314740905,49,0.07503170399742151,0.09571663572906917,57.6
2025_18_CAR_TB,2025,18,2026-01-03,CAR,-0.021426274508918312,0.006040095488994255,47,-0.052610651733301726,0.05963531543892978,52.2
2026_01_CHI_CAR,2026,1,2026-09-13,CAR,0.18153584578886714,0.4093816948714201,62,-0.016765858974209007,0.061112909541193264,52.8
2016_01_CHI_HOU,2016,1,2016-09-11,CHI,-0.2111283346091147,0.0202757937695122,54,,,
2016_02_PHI_CHI,2016,2,2016-09-19,CHI,-0.3421720476797114,0.06635729850253784,50,,,
2016_03_CHI_DAL,2016,3,2016-09-25,CHI,-0.018594715761155973,0.21781624848230632,62,,,
2016_04_DET_CHI,2016,4,2016-10-02,CHI,0.09519281462074894,-0.13430166637455018,64,-0.19063169934999402,0.10148311358478546,55.333333333333336
2016_05_CHI_IND,2016,5,2016-10-09,CHI,0.2676395213583552,0.06710004046373062,61,-0.11917557085730829,0.042536918594951546,57.5
2016_06_JAX_CHI,2016,6,2016-10-16,CHI,0.009327594646556494,-0.08809114994977543,77,-0.041812552414175586,0.04744954296870736,58.2
2016_07_CHI_GB,2016,7,2016-10-20,CHI,-0.24916603551389327,0.11242594237069352,44,0.002278633436958654,0.025776154224849836,62.8
2016_08_MIN_CHI,2016,8,2016-10-31,CHI,0.12468758003784444,-0.04344070778048539,61,0.020879835870122276,0.03498988299848097,61.6
2016_10_CHI_TB,2016,10,2016-11-13,CHI,-0.41730348988057714,0.06479867343468776,54,0.049536295029922364,-0.017261508254077372,61.4
2016_11_CHI_NYG,2016,11,2016-11-20,CHI,0.046902036570554,0.1296699907818526,59,-0.05296296587034286,0.022558559707770216,59.4
2016_12_TEN_CHI,2016,12,2016-11-27,CHI,-0.023647059243031482,0.29565769530632313,76,-0.0971104628279031,0.03507254977139461,59.0
2016_13_SF_CHI,2016,13,2016-12-04,CHI,0.06075441956504196,-0.29316334047867554,57,-0.10370539360582068,0.11182231882261433,58.8
2016_14_CHI_DET,2016,14,2016-12-11,CHI,0.06753733737758162,-0.07377523065184222,50,-0.041721302590033635,0.030704462252740518,61.4
2016_15_GB_CHI,2016,15,2016-12-18,CHI,0.08820444973872962,0.2194260422174624,63,-0.05315135112208621,0.024637557678469146,59.2
2016_16_WAS_CHI,2016,16,2016-12-24,CHI,-0.028392566953305567,0.341221145995776,67,0.047950236801775147,0.05556303143502408,61.0
2016_17_CHI_MIN,2016,17,2017-01-01,CHI,-0.26399740435558317,0.15826907872611615,59,0.03289131609700323,0.09787326247780877,62.6
2017_01_ATL_CHI,2017,1,2017-09-10,CHI,0.014205506974099944,0.23743666240348593,63,-0.015178752925507105,0.07039553916176737,59.2
2017_02_CHI_TB,2017,2,2017-09-17,CHI,-0.24480002000364626,-0.009347178501389561,62,-0.02448853544369551,0.17651553973819967,60.4
2017_03_PIT_CHI,2017,3,2017-09-24,CHI,-0.13104656632716724,-0.022211609929849552,62,-0.08695600691994108,0.1894011501682902,62.8
2017_04_CHI_GB,2017,4,2017-09-28,CHI,-0.11578919972746957,0.2145789064715455,64,-0.13080621013312047,0.1410736197388278,62.6
2017_05_MIN_CHI,2017,5,2017-10-09,CHI,-0.10957057978227538,-0.028257034695561074,57,-0.14828553668795327,0.1157451718339817,62.0
2017_06_CHI_BAL,2017,6,2017-10-15,CHI,-0.127462492703643,-0.4124301206735585,74,-0.11740017177329169,0.07843994914964625,61.6
2017_07_CAR_CHI,2017,7,2017-10-22,CHI,-0.33593273634431287,-0.4323283994092813,34,-0.14573377170884028,-0.051533407465762626,63.8
2017_08_CHI_NO,2017,8,2017-10-29,CHI,-0.13358082636002316,-0.07711337554397409,66,-0.1639603149769736,-0.13612965164734098,58.2
2017_10_GB_CHI,2017,10,2017-11-12,CHI,-0.13837623579253414,0.12736502614373071,57,-0.16446716698354477,-0.1471100047701659,59.0
2017_11_DET_CHI,2017,11,2017-11-19,CHI,0.10057243077742382,0.1140072711382937,61,-0.1689845741965577,-0.16455278083572886,57.6
2017_12_CHI_PHI,2017,12,2017-11-26,CHI,-0.4471846549057347,0.10367574054598057,48,-0.12695597208461787,-0.1360999196689579,58.4
2017_13_SF_CHI,2017,13,2017-12-03,CHI,-0.1499083271272765,0.10995878887942696,36,-0.1909004045250362,-0.03287874742505008,53.2
2017_14_CHI_CIN,2017,14,2017-12-10,CHI,0.2727787177181691,-0.30910960244199365,71,-0.15369552268162895,0.07557869023269156,53.6
2017_15_CHI_DET,2017,15,2017-12-16,CHI,-0.05362713857426625,-0.024374863614792217,63,-0.07242361386599047,0.029179444853087655,54.6
2017_16_CLE_CHI,2017,16,2017-12-24,CHI,-0.007419333846497712,-0.3324523790564764,59,-0.05547379442233691,-0.0011685330986169259,55.8
2017_17_CHI_MIN,2017,17,2017-12-31,CHI,-0.44556547506934385,-0.04402461686201035,53,-0.07707214734712123,-0.09046046313757095,55.4
2018_01_CHI_GB,2018,1,2018-09-09,CHI,-0.03789421911758997,-0.02344391587356889,66,-0.07674831137984305,-0.12000053461916912,56.4
2018_02_SEA_CHI,2018,2,2018-09-17,CHI,-0.08556318659617546,-0.20422196158228945,62,-0.054345489777905744,-0.1466810755697683,62.4
2018_03_CHI_ARI,2018,3,2018-09-23,CHI,-0.05754610182818543,-0.22876298999835853,69,-0.12601387064077466,-0.12570354739782746,60.6
2018_04_TB_CHI,2018,4,2018-09-30,CHI,0.4613674527768347,-0.12303218758033736,56,-0.12679766329155848,-0.1665811726745407,61.8
2018_06_CHI_MIA,2018,6,2018-10-14,CHI,0.10631202989578332,0.07906016732477986,63,-0.03304030596689199,-0.12469713437931292,61.2
2018_07_NE_CHI,2018,7,2018-10-21,CHI,-0.002117704371578041,0.13460058281075463,76,0.07733519502613342,-0.10008017754195489,63.2
2018_08_NYJ_CHI,2018,8,2018-10-28,CHI,0.16784504684571938,-0.07663798228067724,65,0.08449049797533582,-0.06847127780509017,65.2
2018_09_CHI_BUF,2018,9,2018-11-04,CHI,-0.14144506191603054,-0.35932632303204937,43,0.1351721446637148,-0.04295448194476773,65.8
2018_10_DET_CHI,2018,10,2018-11-11,CHI,0.29431881726986836,-0.14909149168335234,54,0.11839235264614575,-0.06906714855150589,60.6
2018_11_MIN_CHI,2018,11,2018-11-18,CHI,-0.004398036778697821,-0.17945825960881537,70,0.0849826255447525,-0.07427900937210889,60.2
2018_12_CHI_DET,2018,12,2018-11-22,CHI,-0.08388761508377597,-0.16322252578776372,57,0.06284061220985628,-0.12598269475882792,61.6
2018_13_CHI_NYG,2018,13,2018-12-02,CHI,-0.12285769661261157,-0.09121525382296089,77,0.04648663006741669,-0.1855473164785316,57.8
2018_14_LA_CHI,2018,14,2018-12-09,CHI,-0.20036540806981706,-0.3322392943954097,64,-0.011653918624249509,-0.18846277078698834,60.2
2018_15_GB_CHI,2018,15,2018-12-16,CHI,0.02714788643634216,-0.04441799334371523,57,-0.023437987855006816,-0.1830453650596604,64.4
2018_16_CHI_SF,2018,16,2018-12-23,CHI,0.07761507252454791,-0.0980681998610696,58,-0.07687217402171206,-0.16211066539173297,65.0
2018_17_CHI_MIN,2018,17,2018-12-30,CHI,0.07404956903288334,-0.44035862944034054,63,-0.06046955216106291,-0.14583265344218382,62.6
2019_01_GB_CHI,2019,1,2019-09-05,CHI,-0.29548416433544755,-0.1866993685447107,65,-0.028882115337731044,-0.2012598741726992,63.8
2019_02_CHI_DEN,2019,2,2019-09-15,CHI,0.021766019783829398,0.044482931971884104,56,-0.06340740888229823,-0.22035669711704914,61.4
2019_03_CHI_WAS,2019,3,2019-09-23,CHI,0.09390060527745264,-0.2723431217794377,58,-0.01898112331156894,-0.1450122518435904,59.8
2019_04_MIN_CHI,2019,4,2019-09-29,CHI,-0.06451099698076845,-0.255555814163416,67,-0.005630579543346842,-0.1905972775307349,60.0
2019_05_CHI_OAK,2019,5,2019-10-06,CHI,-0.012249207069901019,0.05635393626049741,51,-0.034055793444410114,-0.22209480039120416,61.8
2019_07_NO_CHI,2019,7,2019-10-20,CHI,-0.2181435139598888,0.22409618828919844,64,-0.051315548664966994,-0.12275228725103657,59.4
2019_08_LAC_CHI,2019,8,2019-10-27,CHI,-0.11028227886823094,-0.07827381300083551,75,-0.03584741858985523,-0.04059317588425475,59.2
2019_09_CHI_PHI,2019,9,2019-11-03,CHI,-0.11221484533217292,0.06407938676501289,42,-0.0622570783202673,-0.06514452487879867,63.0
2019_10_DET_CHI,2019,10,2019-11-10,CHI,-0.0702097902719218,-0.15640517813542928,52,-0.1034801684421924,0.0021399768300914444,59.8
2019_11_CHI_LA,2019,11,2019-11-17,CHI,-0.23264334394622344,-0.11562208045884685,74,-0.10461992710042307,0.021970104035688783,56.8
2019_12_NYG_CHI,2019,12,2019-11-24,CHI,-0.1439217204522909,-0.25612314022647853,66,-0.14869875447568756,-0.01242509930818007,61.4
2019_13_CHI_DET,2019,13,2019-11-28,CHI,0.11261093940344498,-0.017746826463267928,61,-0.13385439577416797,-0.10846896501131546,61.8
2019_14_DAL_CHI,2019,14,2019-12-05,CHI,0.04567030887788693,0.08020921654240284,66,-0.08927575211983281,-0.09636356770380194,59.0
2019_15_CHI_GB,2019,15,2019-12-15,CHI,-0.11845062340148524,-0.09997916195575741,82,-0.057698721277820844,-0.09313760174832396,63.8
2019_16_KC_CHI,2019,16,2019-12-22,CHI,-0.2483532246237034,0.19366737069348117,58,-0.06734688790373353,-0.0818523985123896,69.8
2019_17_CHI_MIN,2019,17,2019-12-29,CHI,-0.029935320616663316,-0.1369353874059718,75,-0.07048886403922952,-0.019994508281923985,66.6
2020_01_CHI_DET,2020,1,2020-09-13,CHI,0.11135673454970704,-0.012796314223340476,65,-0.047691584072104,0.0038430422821773614,68.4
2020_02_NYG_CHI,2020,2,2020-09-20,CHI,-0.01531879420094678,-0.1032314401348984,64,-0.04794242504285158,0.004833144730162853,69.2
2020_03_CHI_ATL,2020,3,2020-09-27,CHI,0.02662998421936934,-0.030040807610343993,76,-0.06014024565861833,-0.0318549866052974,68.8
2020_04_IND_CHI,2020,4,2020-10-04,CHI,-0.15059119632486423,-0.0012827531050444549,59,-0.03112412413444741,-0.017867315736214712,67.6
2020_05_TB_CHI,2020,5,2020-10-08,CHI,-0.12196660519280239,-0.013192508849617963,58,-0.011571718474679577,-0.05685734049591984,67.8
2020_06_CHI_CAR,2020,6,2020-10-18,CHI,0.0018745672085792215,-0.2817524939923254,60,-0.02997797538990739,-0.032108764784649066,64.4
2020_07_CHI_LA,2020,7,2020-10-26,CHI,-0.38512935995922853,-0.10020153361016515,61,-0.05187440885813296,-0.08590000073844604,63.4
2020_08_NO_CHI,2020,8,2020-11-01,CHI,-0.08054408409936534,0.06520028169827663,69,-0.12583652200978931,-0.0852940194334994,62.8
2020_09_CHI_TEN,2020,9,2020-11-08,CHI,-0.16212231939295482,-0.09563891956266292,75,-0.14727133567353626,-0.06624580157177527,61.4
2020_10_MIN_CHI,2020,10,2020-11-16,CHI,-0.4363253960487768,-0.033549318428044685,49,-0.14957756028715438,-0.08511703486329897,64.6
2020_12_CHI_GB,2020,12,2020-11-29,CHI,0.03837925975185409,0.3418652624126425,66,-0.21244931845834927,-0.08918839677898431,62.8
2020_13_DET_CHI,2020,13,2020-12-06,CHI,0.09240777013926997,0.2253094225638331,67,-0.20514837994969426,0.03553515450200926,64.0
2020_14_HOU_CHI,2020,14,2020-12-13,CHI,0.26114205164200216,-0.16509176954804433,59,-0.10964095392999455,0.10063734573680891,65.2
2020_15_CHI_MIN,2020,15,2020-12-20,CHI,0.13606835205469098,0.025507452557501524,64,-0.041303726781721076,0.05457893548754471,63.2
2020_16_CHI_JAX,2020,16,2020-12-27,CHI,0.2575763077550127,-0.12857789370576056,68,0.01833440750780809,0.0788082099115776,61.0
2020_17_GB_CHI,2020,17,2021-01-03,CHI,-0.11649525192599348,0.4819750938702121,74,0.157114748268566,0.059802494856034435,64.8
2021_01_CHI_LA,2021,1,2021-09-12,CHI,-0.09573871645134995,0.44448121961232645,69,0.12613984593299649,0.08782446114754835,66.4
2021_02_CIN_CHI,2021,2,2021-09-19,CHI,-0.23639133373052199,-0.34431672973841365,58,0.08851054861487251,0.13165882055724704,66.8
2021_03_CHI_CLE,2021,3,2021-09-26,CHI,-0.6063796942159032,0.042590341755852246,42,-0.010996128459632331,0.09581382851917317,66.6
2021_04_DET_CHI,2021,4,2021-10-03,CHI,0.193241400079009,-0.050385962710403076,55,-0.15948573771375116,0.09923040635884331,62.2
2021_05_CHI_LV,2021,5,2021-10-10,CHI,0.0037998843196896666,-0.17841156129685326,59,-0.17235271924895193,0.1148687925579148,59.6
2021_06_GB_CHI,2021,6,2021-10-17,CHI,0.019908108875633365,0.24282525656388776,57,-0.1482936919998153,-0.017208538475498268,56.6
2021_07_CHI_TB,2021,7,2021-10-24,CHI,-0.4364551428567235,0.14024328831535152,65,-0.12516432693441862,-0.057539731085185994,54.2
2021_08_SF_CHI,2021,8,2021-10-31,CHI,0.09052261106393306,0.46963671788040207,67,-0.16517708875965892,0.03937227252556703,55.6
2021_09_CHI_PIT,2021,9,2021-11-08,CHI,0.11959706888711322,0.01761491571914592,58,-0.025796627703691656,0.12478154775047698,60.6
2021_11_BAL_CHI,2021,11,2021-11-21,CHI,-0.037375750880311476,-0.08758286148211712,58,-0.040525493942070806,0.1383817234363868,61.2
2021_12_CHI_DET,2021,12,2021-11-25,CHI,0.04861188399859064,-0.033217620060572196,66,-0.04876062098207104,0.15654746339933404,61.0
2021_13_ARI_CHI,2021,13,2021-12-05,CHI,-0.16919074416303514,0.12120204620739752,72,-0.04301986595747958,0.101338888074442,62.8
2021_14_CHI_GB,2021,14,2021-12-12,CHI,-0.1284481384253693,0.32115491014654096,58,0.010433013781258087,0.09753063965285122,64.2
2021_15_MIN_CHI,2021,15,2021-12-20,CHI,-0.1624980265958286,-0.09521881615646816,69,-0.03336113611660239,0.06783427810607899,62.4
2021_16_CHI_SEA,2021,16,2021-12-26,CHI,0.073711431019396,0.15440141910426747,69,-0.08978015521319074,0.04526753173095618,64.6
2021_17_NYG_CHI,2021,17,2022-01-02,CHI,-0.1673462852686971,-0.6801020399759587,64,-0.06756271883324926,0.0936643878482331,66.8
2021_18_CHI_MIN,2021,18,2022-01-09,CHI,-0.27561033550770625,0.1023628133159039,81,-0.11075435268670679,-0.035712496134844215,66.4
2022_01_SF_CHI,2022,1,2022-09-11,CHI,-0.049831176343602394,-0.1644976454722218,53,-0.13203827095564102,-0.039480342713142935,68.2
2022_02_CHI_GB,2022,2,2022-09-18,CHI,-0.07653392410386697,0.20902867413412993,41,-0.11631487853928764,-0.13661085383689547,67.2
2022_03_HOU_CHI,2022,3,2022-09-25,CHI,-0.02850308593127564,-0.09492579514071607,60,-0.09912205804089531,-0.07576135577877585,61.6
2022_04_CHI_NYG,2022,4,2022-10-02,CHI,-0.08936706419416746,0.07097742197445628,60,-0.11956496143102965,-0.12562679862777257,59.8
2022_05_CHI_MIN,2022,5,2022-10-09,CHI,0.010697448513938316,0.23391332682083343,48,-0.10396911721612372,0.02458909376231043,59.0
2022_06_WAS_CHI,2022,6,2022-10-13,CHI,-0.11170307083048628,-0.10838856358584541,69,-0.046707560411794795,0.05089919646329634,52.4
2022_07_CHI_NE,2022,7,2022-10-24,CHI,0.13758589141414374,-0.2478305461836305,69,-0.05908193930917157,0.06212101284057161,55.6
2022_08_CHI_DAL,2022,8,2022-10-30,CHI,0.007954109350661471,0.44670804118928076,73,-0.01625797620556943,-0.029250831222980472,61.2
2022_09_MIA_CHI,2022,9,2022-11-06,CHI,0.18104773305864588,0.302453871307352,70,-0.008966537149182007,0.0790759360430189,63.8
2022_10_DET_CHI,2022,10,2022-11-13,CHI,0.07435467200515304,0.18299409021344312,58,0.04511642230138066,0.12537122590959804,65.8
2022_11_CHI_ATL,2022,11,2022-11-20,CHI,0.026334445149637547,-0.012924427887807233,66,0.05784786699962361,0.11518737858811998,67.8
2022_12_CHI_NYJ,2022,12,2022-11-27,CHI,-0.06323986060791324,0.24551404088500736,55,0.08545537019564836,0.13428020572772761,67.2
2022_13_GB_CHI,2022,13,2022-12-04,CHI,0.12366285811292474,0.18376793015611367,49,0.04529021979123697,0.2329491231414552,64.4
2022_15_PHI_CHI,2022,15,2022-12-18,CHI,-0.12446351285325363,0.014563429895679507,57,0.06843196954368963,0.18036110093482177,59.6
2022_16_BUF_CHI,2022,16,2022-12-24,CHI,-0.4294691351666137,0.21708589818741003,58,0.007329720361309725,0.12278301265248726,57.0
2022_17_CHI_DET,2022,17,2023-01-01,CHI,-0.33719157792760546,0.18656113723222065,50,-0.09343504107304364,0.12960137424728063,57.0
2022_18_MIN_CHI,2022,18,2023-01-08,CHI,-0.1568512125858391,0.25174688058672673,49,-0.16614024568849223,0.16949848727128622,53.8
2023_01_GB_CHI,2023,1,2023-09-10,CHI,-0.17680651572120346,0.15570135692023807,72,-0.1848625160840774,0.17074505521163008,52.6
2023_02_CHI_TB,2023,2,2023-09-17,CHI,-0.16475395199217477,0.2331477608696884,51,-0.24495639085090307,0.16513174056445495,57.2
2023_03_CHI_KC,2023,3,2023-09-24,CHI,-0.3016755081315661,0.23597103009636697,51,-0.2530144786786873,0.20884860675925676,56.0
2023_04_DEN_CHI,2023,4,2023-10-01,CHI,0.09795688592047165,0.34916502305484104,70,-0.22745575327167772,0.21262563314104815,54.6
2023_05_CHI_WAS,2023,5,2023-10-05,CHI,0.308947133198785,-0.10337574538745493,64,-0.1404260605020623,0.2451464103055722,58.6
2023_06_MIN_CHI,2023,6,2023-10-15,CHI,-0.36363377458544693,-0.19431961715133717,64,-0.04726639134513749,0.17412188511073587,61.6
2023_07_LV_CHI,2023,7,2023-10-22,CHI,0.18971876236357835,-0.2388653506357971,67,-0.08463184311798619,0.10411769029642085,60.0
2023_08_CHI_LAC,2023,8,2023-10-29,CHI,-0.15339637039752016,-0.021017976698852765,62,-0.013737300246835565,0.009715067995323734,63.2
2023_09_CHI_NO,2023,9,2023-11-05,CHI,-0.09571840076552021,-0.0631943455718067,64,0.015918527299973617,-0.041682733363720206,65.4
2023_10_CAR_CHI,2023,10,2023-11-09,CHI,-0.05898953078957393,-0.13794126291191885,69,-0.022816530037224756,-0.12415460708904975,64.2
2023_11_CHI_DET,2023,11,2023-11-19,CHI,0.018868297576275297,0.07415806177201666,70,-0.09640386283489653,-0.13106771059394254,65.2
2023_12_CHI_MIN,2023,12,2023-11-27,CHI,-0.12092265004090065,-0.5115122717537043,65,-0.019903448402552093,-0.07737217480927178,66.4
2023_14_DET_CHI,2023,14,2023-12-10,CHI,0.042477918178091385,-0.1476562321250741,65,-0.08203173088344788,-0.13190155903285322,66.0
2023_15_CHI_CLE,2023,15,2023-12-17,CHI,-0.3111668758925698,-0.3703540916182818,70,-0.04285687316832558,-0.15722921011809748,66.6
2023_16_ARI_CHI,2023,16,2023-12-24,CHI,0.11651338674885472,-0.15749019734626238,67,-0.0859465681937355,-0.21866115932739252,67.8
2023_17_ATL_CHI,2023,17,2023-12-31,CHI,0.1274256920188893,-0.07273240969459133,72,-0.05084598468604977,-0.22257094621426118,67.4
2023_18_CHI_GB,2023,18,2024-01-07,CHI,-0.0955791452901083,0.2359012119391375,46,-0.029134505797526973,-0.25194904050758277,67.8
2024_01_TEN_CHI,2024,1,2024-09-08,CHI,-0.24889682060395574,-0.26414464840040225,52,-0.0240658048473685,-0.10246634376901445,64.0
2024_02_CHI_HOU,2024,2,2024-09-15,CHI,-0.31363906648977563,-0.1496798627033682,66,-0.08234075260377793,-0.12576402702408007,61.4
2024_03_CHI_IND,2024,3,2024-09-22,CHI,-0.2015746309292614,-0.21308674622788185,84,-0.08283519072321908,-0.08162918124109735,60.6
2024_04_LA_CHI,2024,4,2024-09-29,CHI,0.0832592610471906,0.03806562744287404,52,-0.14645279425884233,-0.09274849101742125,64.0
2024_05_CAR_CHI,2024,5,2024-10-06,CHI,0.2143630333396083,-0.25997198687286327,67,-0.15528608045318207,-0.07058888358992817,60.0
2024_06_JAX_CHI,2024,6,2024-10-13,CHI,0.292747729056039,-0.00654797974294398,58,-0.09329764472723873,-0.1697635233523283,64.2
2024_08_CHI_WAS,2024,8,2024-10-27,CHI,-0.12941421041781173,0.07505590199857659,61,0.01503126520476022,-0.11824418962083667,65.4
2024_09_CHI_ARI,2024,9,2024-11-03,CHI,-0.22807485400687943,-0.06949403704706653,69,0.051876236419152996,-0.07329703668044771,64.4
2024_10_NE_CHI,2024,10,2024-11-10,CHI,-0.4018640639909333,0.004981852731434159,59,0.04657619180362938,-0.04457849484428465,61.4
2024_11_GB_CHI,2024,11,2024-11-17,CHI,0.20041244266002994,0.26649005350563676,69,-0.05044847320399539,-0.051195249786572625,62.8
2024_12_MIN_CHI,2024,12,2024-11-24,CHI,0.06028022992501862,0.07162828564785387,74,-0.05323859133991106,0.05409715828912738,63.2
2024_13_CHI_DET,2024,13,2024-11-28,CHI,-0.009250351456455667,0.07395306239548231,59,-0.09973209116611513,0.06973241136728695,66.4
2024_14_CHI_SF,2024,14,2024-12-08,CHI,-0.1547104220890598,0.4070073706351582,53,-0.07569931937384393,0.06951184344666808,66.0
2024_15_CHI_MIN,2024,15,2024-12-16,CHI,-0.2101805232369646,0.032160901704518824,63,-0.06102643299027999,0.164812124983113,62.8
2024_16_DET_CHI,2024,16,2024-12-22,CHI,0.014175742925806253,0.32327141022115463,59,-0.02268972483948626,0.17024793477772998,63.6
2024_17_SEA_CHI,2024,17,2024-12-26,CHI,-0.20850898979649193,-0.17081621145457898,58,-0.059937064786331,0.18160420612083356,61.6
2024_18_CHI_GB,2024,18,2025-01-05,CHI,-0.17034980808239197,-0.10587411005574261,56,-0.1136949087306331,0.13311530670034694,58.4
2025_01_MIN_CHI,2025,1,2025-09-08,CHI,-0.07139121302123265,-0.17688631513317526,63,-0.14591480005582036,0.09714987221010199,57.8
2025_02_CHI_DET,2025,2,2025-09-14,CHI,-0.16596288634355005,0.4094902379067139,64,-0.1292509582422549,-0.019628864943564705,59.8
2025_03_DAL_CHI,2025,3,2025-09-21,CHI,0.3017187412359374,-0.039522151250425616,55,-0.12040743086357204,0.055837002296874313,60.0
2025_04_CHI_LV,2025,4,2025-09-28,CHI,-0.12057133318733107,-0.19576072275759035,64,-0.0628988312015458,-0.016721709997441735,59.2
2025_06_CHI_WAS,2025,6,2025-10-13,CHI,0.16552726067451567,-0.06369690371164834,59,-0.045311299879713635,-0.021710612258044007,60.4
2025_07_NO_CHI,2025,7,2025-10-19,CHI,0.09379912528868677,-0.29681739717672306,65,0.021864113871667895,-0.013275170989225153,61.0
2025_08_CHI_BAL,2025,8,2025-10-26,CHI,0.024400010712218322,0.21501733361346967,62,0.054902181533651784,-0.037261387397934706,61.4
2025_09_CHI_CIN,2025,9,2025-11-02,CHI,0.4531389842597489,0.2308691931862506,77,0.09297476094480546,-0.07615596825658358,61.0
2025_10_NYG_CHI,2025,10,2025-11-09,CHI,0.026302652246660178,0.0047921175323133195,62,0.12325880954956776,-0.02207769936924831,65.4
2025_11_CHI_MIN,2025,11,2025-11-16,CHI,-0.04758441524946868,-0.19253063808414522,73,0.152633606636366,0.01803286868873242,65.0
2025_12_PIT_CHI,2025,12,2025-11-23,CHI,0.01378506184961941,0.0010508614814961734,59,0.11001127145156915,-0.007733878185766962,67.8
2025_13_CHI_PHI,2025,13,2025-11-28,CHI,0.04194522476468253,-0.03649872552729946,84,0.09400845876375567,0.05183977354587689,66.6
2025_14_CHI_GB,2025,14,2025-12-07,CHI,0.10808021202559331,0.23984333820294076,69,0.09751750157424852,0.0015365617177230603,71.0
2025_15_CLE_CHI,2025,15,2025-12-14,CHI,0.05207934172665347,-0.466044770482573,63,0.028505747127417397,0.003331390721061095,69.4
2025_16_GB_CHI,2025,16,2025-12-20,CHI,0.1006365612826786,0.06088478166382712,60,0.033661085023416054,-0.09083598688191616,69.6
2025_17_CHI_SF,2025,17,2025-12-28,CHI,0.3625783731220248,0.28495281093808655,63,0.06330528032984552,-0.040152902932321696,67.0
2025_18_DET_CHI,2025,18,2026-01-04,CHI,-0.019359930886783536,0.14434690267100864,54,0.13306394258432658,0.01662748695899638,67.8
2026_01_CHI_CAR,2026,1,2026-09-13,CHI,0.4093816948714201,0.18153584578886714,70,0.12080291145403337,0.052796612598658,61.8
2016_01_CIN_NYJ,2016,1,2016-09-11,CIN,0.14021589524327982,-0.019849157510500485,55,,,
2016_02_CIN_PIT,2016,2,2016-09-18,CIN,-0.07971764758085874,-0.01203014834601775,73,,,
2016_03_DEN_CIN,2016,3,2016-09-25,CIN,-0.027592359931274155,0.08861765160866655,63,,,
2016_04_MIA_CIN,2016,4,2016-09-29,CIN,-0.026974204274719225,-0.32554118785205793,65,0.010968629243715644,0.018912781917382774,63.666666666666664
2016_05_CIN_DAL,2016,5,2016-10-09,CIN,0.12757679400813726,0.3306164398015244,64,0.0014829208641069253,-0.0672007105249774,64.0
2016_06_CIN_NE,2016,6,2016-10-16,CIN,0.1396045860435082,0.2663017289293078,65,0.026701695492912993,0.012362719540322952,64.0
2016_07_CLE_CIN,2016,7,2016-10-23,CIN,0.40997270853272433,0.06601025909000623,61,0.026579433652958666,0.06959289682828461,66.0
2016_08_WAS_CIN,2016,8,2016-10-30,CIN,0.13299809023847964,0.22793711049555326,81,0.12451750487567528,0.08520097831548941,63.6
2016_10_CIN_NYG,2016,10,2016-11-14,CIN,-0.1312373030244906,-0.06132060080583739,55,0.15663559490962603,0.11306487009286674,67.2
2016_11_BUF_CIN,2016,11,2016-11-20,CIN,-0.12979621775282016,-0.006894006443125051,70,0.13578297515967175,0.16590898750211086,65.2
2016_12_CIN_BAL,2016,12,2016-11-27,CIN,-0.08323813650761386,-0.12769066459556372,71,0.08430837280748027,0.09840689825318097,66.4
2016_13_PHI_CIN,2016,13,2016-12-04,CIN,0.1661889306996151,-0.05115626264076559,63,0.03973982829725587,0.01960841954820667,67.6
2016_14_CIN_CLE,2016,14,2016-12-11,CIN,0.14990648680526256,-0.11259834633255532,70,-0.009016927269365977,-0.0038248847979476946,68.0
2016_15_PIT_CIN,2016,15,2016-12-18,CIN,-0.09793640444062426,0.17086907723699202,56,-0.005635247956009393,-0.07193197616356942,65.8
2016_16_CIN_HOU,2016,16,2016-12-24,CIN,-0.14913073789601342,-0.22134793053323037,63,0.0010249317607638753,-0.02549404055500353,66.0
2016_17_BAL_CIN,2016,17,2017-01-01,CIN,0.12341070739049753,-0.1430016963095051,64,-0.002841972267874776,-0.0683848253730246,64.6
2017_01_BAL_CIN,2017,1,2017-09-10,CIN,-0.5229924098625659,-0.0724836107787116,58,0.0384877965117475,-0.07144703171581288,63.2
2017_02_HOU_CIN,2017,2,2017-09-14,CIN,-0.3120639916819788,-0.13743387163282628,62,-0.09934847160068869,-0.07571250134340206,62.2
2017_03_CIN_GB,2017,3,2017-09-24,CIN,0.052807489592247334,-0.08948755276607981,59,-0.19174256729813693,-0.08067960640345626,60.6
2017_04_CIN_CLE,2017,4,2017-10-01,CIN,0.13109483375632794,-0.2999319995649437,63,-0.16159378849156264,-0.13275093240407063,61.2
2017_05_BUF_CIN,2017,5,2017-10-08,CIN,-0.047770386959511676,-0.1425064081161169,60,-0.1055486741610944,-0.1484677462104133,61.2
2017_07_CIN_PIT,2017,7,2017-10-22,CIN,-0.19843350009410643,0.043386607982962094,50,-0.13978489303109623,-0.14836868857173566,60.4
2017_08_IND_CIN,2017,8,2017-10-29,CIN,-0.00898540731097056,-0.05087085365138272,51,-0.07487311107740433,-0.12519464481940093,58.8
2017_09_CIN_JAX,2017,9,2017-11-05,CIN,-0.14943418556857588,0.10744713283961335,35,-0.014257394203202683,-0.10788204122311221,56.6
2017_10_CIN_TEN,2017,10,2017-11-12,CIN,-0.18692533921101132,-0.09223459087586036,50,-0.05470572923536733,-0.06849510410197357,51.8
2017_11_CIN_DEN,2017,11,2017-11-19,CIN,-0.06970593182246804,-0.18364422263626445,51,-0.11830976382883518,-0.026955622364156905,49.2
2017_12_CLE_CIN,2017,12,2017-11-26,CIN,0.15790269384857905,0.14239567593563215,57,-0.12269687280142642,-0.035183185268186416,47.4
2017_13_PIT_CIN,2017,13,2017-12-04,CIN,0.17777396470224544,0.09411230760230124,60,-0.05142963401288936,-0.015381371677652406,48.8
2017_14_CHI_CIN,2017,14,2017-12-10,CIN,-0.30910960244199365,0.2727787177181691,53,-0.014077759610246154,0.013615260573084386,50.6
2017_15_CIN_MIN,2017,15,2017-12-17,CIN,-0.5828826034774858,-0.02061671137218868,51,-0.046012842984929705,0.04668157754879553,54.2
2017_16_DET_CIN,2017,16,2017-12-24,CIN,0.008723576293145907,-0.05092901749661145,76,-0.1252042958382246,0.06100515344952987,54.4
2017_17_CIN_BAL,2017,17,2017-12-31,CIN,-0.006359842801057959,-0.22617303331991534,72,-0.10951839421510183,0.08754819447746047,59.4
2018_01_CIN_IND,2018,1,2018-09-09,CIN,0.01755063717238613,-0.09216547201911236,50,-0.14237090154502924,0.013834452626350968,62.4
2018_02_BAL_CIN,2018,2,2018-09-13,CIN,0.07412464520618765,-0.13949570017840623,70,-0.17441556705100109,-0.023421103297931747,60.4
2018_03_CIN_CAR,2018,3,2018-09-23,CIN,0.07976076857260092,0.12505636340014356,60,-0.09776871752136482,-0.1058759868772468,63.8
2018_04_CIN_ATL,2018,4,2018-09-30,CIN,0.25952499900191306,0.2336648938875963,68,0.03475995688865251,-0.07674137192278037,65.6
2018_05_MIA_CIN,2018,5,2018-10-07,CIN,-0.0680582463452916,-0.2131428143743034,57,0.08492024143040594,-0.019822589645938814,64.0
2018_06_PIT_CIN,2018,6,2018-10-14,CIN,0.07846817783338965,0.32307971719337264,58,0.0725805607215592,-0.01721654585681643,61.0
2018_07_CIN_KC,2018,7,2018-10-21,CIN,-0.3009059695176014,0.3813610552318035,54,0.08476406885375991,0.06583249198568057,62.6
2018_08_TB_CIN,2018,8,2018-10-28,CIN,0.08816322776990881,0.10120753806117258,61,0.009757945909002096,0.1700038430677225,59.4
2018_10_NO_CIN,2018,10,2018-11-11,CIN,-0.1648721551007059,0.5186228397615251,42,0.011438437748463681,0.16523407799992834,59.6
2018_11_CIN_BAL,2018,11,2018-11-18,CIN,0.006311048941675153,0.04105280893920218,54,-0.07344099307206012,0.22222566717471412,54.4
2018_12_CLE_CIN,2018,12,2018-11-25,CIN,-0.027075256501318243,0.2878149247015984,67,-0.058567134014666754,0.2730647918374153,53.8
2018_13_DEN_CIN,2018,13,2018-12-02,CIN,-0.18065983170373368,0.057530018721379146,64,-0.07967582088160834,0.26601183333906037,55.6
2018_14_CIN_LAC,2018,14,2018-12-09,CIN,0.02650929801180458,0.06639599153361954,64,-0.055626593318834794,0.2012456260369755,57.6
2018_15_OAK_CIN,2018,15,2018-12-16,CIN,-0.03560311511798418,-0.18874536320867852,72,-0.06795737927045564,0.1942833167314649,58.2
2018_16_CIN_CLE,2018,16,2018-12-23,CIN,0.013517500708549783,0.386987668766768,46,-0.042103571273911296,0.052809676137424176,64.2
2018_17_CIN_PIT,2018,17,2018-12-30,CIN,-0.22715625793852717,-0.08949206251712696,46,-0.040662280920536364,0.12199664810293734,62.6
2019_01_CIN_SEA,2019,1,2019-09-08,CIN,0.0010857550682123128,-0.1704959355516389,70,-0.08067848120797816,0.04653525065919226,58.4
2019_02_SF_CIN,2019,2,2019-09-15,CIN,-0.028114195546977947,0.45202001037368733,65,-0.04432936385358895,0.000930059804588651,59.6
2019_03_CIN_BUF,2019,3,2019-09-22,CIN,-0.19418206116752662,-0.02077288820139352,56,-0.055254062565345465,0.0780548635726022,59.8
2019_04_CIN_PIT,2019,4,2019-09-30,CIN,-0.3915714192451969,0.09436227876294098,64,-0.08696985177525395,0.1116493585740592,56.6
2019_05_ARI_CIN,2019,5,2019-10-06,CIN,0.0980404018064623,0.28262861233330866,62,-0.16798763576600328,0.053124280573293804,60.2
2019_06_CIN_BAL,2019,6,2019-10-13,CIN,-0.10467846933477964,0.1623694869469474,55,-0.1029483038170054,0.12754841554338095,63.4
2019_07_JAX_CIN,2019,7,2019-10-20,CIN,-0.32385202574308536,0.024791169556066108,65,-0.12410114869760377,0.1941215000430982,60.4
2019_08_CIN_LA,2019,8,2019-10-27,CIN,0.038293441121878026,0.3804903501379366,76,-0.18324871473682527,0.10867573187957394,60.4
2019_10_BAL_CIN,2019,10,2019-11-10,CIN,-0.3580697208402453,0.5394465782473244,72,-0.13675361427894434,0.18892837954743996,64.4
2019_11_CIN_OAK,2019,11,2019-11-17,CIN,-0.22295593338331549,0.03413247209409105,58,-0.13005327459795402,0.27794523944431665,66.0
2019_12_PIT_CIN,2019,12,2019-11-24,CIN,-0.3779900727974715,-0.06935774111387576,51,-0.1942525416359096,0.22824601139647313,65.2
2019_13_NYJ_CIN,2019,13,2019-12-01,CIN,-0.025097154759939802,-0.15600437148125418,59,-0.24891486232844792,0.18190056578430852,64.4
2019_14_CIN_CLE,2019,14,2019-12-08,CIN,-0.011315377414793394,0.05374195674787232,70,-0.1891638881318188,0.14574145757684448,63.2
2019_15_NE_CIN,2019,15,2019-12-15,CIN,-0.23622382417722784,0.04127601517627515,62,-0.1990856518391531,0.0803917788988316,62.0
2019_16_CIN_MIA,2019,16,2019-12-22,CIN,0.05580483301859061,0.17947699129920267,87,-0.17471647250654962,-0.01924233371537826,60.0
2019_17_CLE_CIN,2019,17,2019-12-29,CIN,0.14341316219044192,0.023507253625818923,65,-0.11896431922616839,0.009826570125644063,65.8
2020_01_LAC_CIN,2020,1,2020-09-13,CIN,-0.21666460880239646,-0.08884040778128752,66,-0.01468367222858572,0.028399569073582997,68.6
2020_02_CIN_CLE,2020,2,2020-09-17,CIN,0.07109836348078503,0.3438606757299567,87,-0.05299716303707706,0.04183236181357633,70.0
2020_03_CIN_PHI,2020,3,2020-09-27,CIN,-0.0013794642151118254,-0.03890046376070306,69,-0.03651441485796138,0.09985610560999321,73.4
2020_04_JAX_CIN,2020,4,2020-10-04,CIN,0.24779056124023477,0.16453279977707413,69,0.010454457134461831,0.08382080982259757,74.8
2020_05_CIN_BAL,2020,5,2020-10-11,CIN,-0.49674171118550453,-0.06933352253114834,65,0.04885160277879066,0.08083197151817187,71.2
2020_06_CIN_IND,2020,6,2020-10-18,CIN,0.2021758576630399,0.21757707952821986,72,-0.07917937189639862,0.06226381628677842,71.2
2020_07_CLE_CIN,2020,7,2020-10-25,CIN,0.2565915389656792,0.444478776035989,73,0.004588721396688649,0.12354731374867989,72.4
2020_08_TEN_CIN,2020,8,2020-11-01,CIN,0.26711935262952036,0.2357387430314183,69,0.041687356493667484,0.14367093380988635,69.6
2020_10_CIN_PIT,2020,10,2020-11-15,CIN,-0.2109365453692514,0.05044867013419908,64,0.09538711986259392,0.19859877516831065,69.6
2020_11_CIN_WAS,2020,11,2020-11-22,CIN,-0.18483570487915169,-0.037113635512932584,66,0.0036416985406966806,0.1757819492397356,68.6
2020_12_NYG_CIN,2020,12,2020-11-29,CIN,-0.38586403447453205,0.03092515119831422,45,0.06602289980196725,0.18222592664337878,68.8
2020_13_CIN_MIA,2020,13,2020-12-06,CIN,-0.24323593261335227,-0.01399874594102631,50,-0.051585078625547134,0.14489554097739762,63.4
2020_14_DAL_CIN,2020,14,2020-12-13,CIN,-0.2590556471317541,0.1644208159495164,70,-0.15155057294135343,0.05320003658199457,58.8
2020_15_PIT_CIN,2020,15,2020-12-21,CIN,-0.1158364862455051,-0.33479729557981625,55,-0.25678557289360826,0.038936451165614186,59.0
2020_16_CIN_HOU,2020,16,2020-12-27,CIN,0.35032473237520456,0.24381603920586195,70,-0.23776556106885907,-0.03811274197718888,57.2
2020_17_BAL_CIN,2020,17,2021-01-03,CIN,-0.5843484051693235,0.34907772568221235,40,-0.13073347361798784,0.018073192966570024,58.0
2021_01_MIN_CIN,2021,1,2021-09-12,CIN,-0.029862233173665213,0.04741005478363887,67,-0.17043034775694613,0.08170370786334966,57.0
2021_02_CIN_CHI,2021,2,2021-09-19,CIN,-0.34431672973841365,-0.23639133373052199,55,-0.1277556078690087,0.09398546800828268,60.4
2021_03_CIN_PIT,2021,3,2021-09-26,CIN,0.1416154883653634,-0.16702867710299044,39,-0.14480782439034062,0.013823038072275019,57.4
2021_04_JAX_CIN,2021,4,2021-09-30,CIN,0.327179265863473,0.18333087567959658,55,-0.0933174294681669,0.04737676176764017,54.2
2021_05_GB_CIN,2021,5,2021-10-10,CIN,0.012206788931346094,0.13756126838103558,66,-0.09794652277051322,0.03527972906238709,51.2
2021_06_CIN_DET,2021,6,2021-10-17,CIN,0.2000213313857574,-0.1645131698245948,65,0.02136451604962071,-0.00702356239784826,56.4
2021_07_CIN_BAL,2021,7,2021-10-24,CIN,0.30219374905776925,-0.14045357797239802,62,0.06734122896150523,-0.04940820731949499,56.0
2021_08_CIN_NYJ,2021,8,2021-10-31,CIN,0.022686101215478167,0.05101861381323958,53,0.1966433247207418,-0.030220656167870195,57.4
2021_09_CLE_CIN,2021,9,2021-11-07,CIN,-0.3179912624972322,0.3118136729288931,71,0.17285744729076477,0.013388802015375807,60.2
2021_11_CIN_LV,2021,11,2021-11-21,CIN,0.018599467539842516,-0.2752611445718812,70,0.04382334161862372,0.03908536146523511,63.4
2021_12_PIT_CIN,2021,12,2021-11-28,CIN,0.19216735331630191,-0.3101300537199361,65,0.04510187734032301,-0.04347912112534825,64.2
2021_13_LAC_CIN,2021,13,2021-12-05,CIN,-0.2868915521021581,0.016383483233566597,72,0.043531081726431914,-0.0726024979044165,64.2
2021_14_SF_CIN,2021,14,2021-12-12,CIN,0.11469381401860296,0.11700578988810677,64,-0.07428597850555356,-0.0412350856632236,66.2
2021_15_CIN_DEN,2021,15,2021-12-19,CIN,-0.03429386838676484,-0.15889792655568663,51,-0.055884435944928604,-0.028037650448250163,68.4
2021_16_BAL_CIN,2021,16,2021-12-26,CIN,0.4991355801700279,0.09860078938021488,69,0.0008550428771648702,-0.1221799703451661,64.4
2021_17_KC_CIN,2021,17,2022-01-02,CIN,0.35296129235059537,0.36559481782823355,61,0.09696226540320195,-0.04740758355474688,64.2
2021_18_CIN_CLE,2021,18,2022-01-09,CIN,-0.18257936687790421,-0.007974874873448593,52,0.12912105321006065,0.08773739075488705,63.4
2022_01_PIT_CIN,2022,1,2022-09-11,CIN,-0.2176621978606619,-0.13268610514139922,95,0.14998349025491142,0.08286571913348402,59.4
2022_02_CIN_DAL,2022,2,2022-09-18,CIN,0.04414751609475553,-0.0029012182909171702,67,0.08351228787905844,0.03292734012758282,65.6
2022_03_CIN_NYJ,2022,3,2022-09-25,CIN,0.05846303982422998,-0.32115505356963847,64,0.09920056477536252,0.06412668178053671,68.8
2022_04_MIA_CIN,2022,4,2022-09-29,CIN,0.11386512566501049,-0.03808543782871503,60,0.01106605670620294,-0.019824486809433956,67.8
2022_05_CIN_BAL,2022,5,2022-10-09,CIN,-0.06549382248959415,-0.04439922514955973,59,-0.03675317663091403,-0.10056053794082367,67.6
2022_06_CIN_NO,2022,6,2022-10-16,CIN,0.2830284896262563,0.10855099157775999,54,-0.01333606775325202,-0.10784540799604589,69.0
2022_07_ATL_CIN,2022,7,2022-10-23,CIN,0.4213073721974909,0.014753206197767415,65,0.08680206974413163,-0.059597988652214065,60.8
2022_08_CIN_CLE,2022,8,2022-10-31,CIN,-0.1748590855884175,0.21027538728454978,50,0.1622340409646787,-0.05606710375447714,60.4
2022_09_CAR_CIN,2022,9,2022-11-06,CIN,0.38616737681153873,-0.027083824235887732,70,0.11556961588214923,0.0502189844163605,57.6
2022_11_CIN_PIT,2022,11,2022-11-20,CIN,0.15575136364689496,-0.03862462218363181,63,0.17003006611145485,0.05241930713492597,59.6
2022_12_CIN_TEN,2022,12,2022-11-27,CIN,0.1366037179941061,0.06004013382602572,62,0.2142791033387527,0.05357422772811156,60.4
2022_13_KC_CIN,2022,13,2022-12-04,CIN,0.2608933370524459,0.23900882778404528,64,0.18499414901232264,0.0438720561777647,62.0
2022_14_CLE_CIN,2022,14,2022-12-11,CIN,0.03658071901818594,-0.13943221586810112,58,0.15291134198331363,0.08872318049502027,61.8
2022_15_CIN_TB,2022,15,2022-12-18,CIN,-0.017468014199383458,-0.10564986884501247,61,0.19519930290463433,0.01878165986449009,63.4
2022_16_CIN_NE,2022,16,2022-12-24,CIN,0.08046744913582302,-0.08766027116647455,78,0.11447222470244989,0.0030684509426651433,61.6
2022_18_BAL_CIN,2022,18,2023-01-08,CIN,-0.19921847733637915,-0.31929797612227473,64,0.09941544180023548,-0.006738678853903406,64.6
2023_01_CIN_CLE,2023,1,2023-09-10,CIN,-0.46536577856767436,-0.13927836568026067,52,0.03225100273413843,-0.08260630084356349,65.0
2023_02_BAL_CIN,2023,2,2023-09-17,CIN,0.06091693167326717,0.2413778549753646,57,-0.11300082038988561,-0.15826373953642467,62.6
2023_03_LA_CIN,2023,3,2023-09-25,CIN,-0.09668759942135782,-0.13044823441102577,70,-0.10813357785886937,-0.08210172536773155,62.4
2023_04_CIN_TEN,2023,4,2023-10-01,CIN,-0.22988560790352555,0.20212646460574152,50,-0.12397749490326423,-0.08706139848093421,64.2
2023_05_CIN_ARI,2023,5,2023-10-08,CIN,0.007757813892624546,-0.29481530804370876,78,-0.18604810631113394,-0.029104051326490986,58.6
2023_06_SEA_CIN,2023,6,2023-10-15,CIN,-0.10075903137140155,-0.06760867389978475,52,-0.14465284806533324,-0.024207517710777792,61.4
2023_08_CIN_SF,2023,8,2023-10-29,CIN,0.22802712961006277,-0.031718588663059544,61,-0.07173149862607865,-0.00987357935468261,61.4
2023_09_BUF_CIN,2023,9,2023-11-05,CIN,0.18691368331592084,0.04206963807684415,64,-0.03830945903871953,-0.06449286808236744,62.2
2023_10_HOU_CIN,2023,10,2023-11-12,CIN,0.0005702718301031583,0.10137644285801448,59,0.018410797508736206,-0.029989293584793453,61.0
2023_11_CIN_BAL,2023,11,2023-11-16,CIN,0.05278226851470349,0.17070736318432225,59,0.06450197345546195,-0.05013929793433887,62.8
2023_12_PIT_CIN,2023,12,2023-11-26,CIN,-0.15613913311285393,0.07946452581377549,40,0.07350686437987773,0.04296523631126734,59.0
2023_13_CIN_JAX,2023,13,2023-12-04,CIN,0.19447215601804066,0.18604210767038096,72,0.06243084403158725,0.07237987625397939,56.6
2023_14_IND_CIN,2023,14,2023-12-10,CIN,0.07264914657086599,-0.04437234248803605,57,0.055719849313182836,0.11593201552066748,58.8
2023_15_MIN_CIN,2023,15,2023-12-16,CIN,0.1479929611710682,0.1409011299869616,67,0.03286694196417186,0.09864361940769144,57.4
2023_16_CIN_PIT,2023,16,2023-12-23,CIN,-0.20901685340722587,0.22046579698746552,62,0.062351479832364866,0.10654855683348088,59.0
2023_17_CIN_KC,2023,17,2023-12-31,CIN,-0.0759069002250588,0.04761590506907518,71,0.009991655447978998,0.11650024359410953,59.6
2023_18_CLE_CIN,2023,18,2024-01-07,CIN,0.01078276348656342,-0.25429601322461026,61,0.026038102025538024,0.11013051944516947,65.8
2024_01_NE_CIN,2024,1,2024-09-08,CIN,-0.17894963442784265,-0.0068992799715534734,48,-0.010699776480757425,0.022062895266171223,63.6
2024_02_CIN_KC,2024,2,2024-09-15,CIN,0.045869673695266226,-0.08461721914130532,61,-0.06101953268049916,0.02955750776946774,61.8
2024_03_WAS_CIN,2024,3,2024-09-23,CIN,0.36884499768732204,0.5153402799418085,61,-0.08144419017565954,-0.01554616205618565,60.6
2024_04_CIN_CAR,2024,4,2024-09-29,CIN,0.16715398730578387,0.003686762715682796,62,0.034128180043250037,0.043428734534682954,60.4
2024_05_BAL_CIN,2024,5,2024-10-06,CIN,0.26622877819415425,0.2904486013039307,66,0.08274035754941858,0.034642906064004476,58.6
2024_06_CIN_NYG,2024,6,2024-10-13,CIN,0.03341397806081556,-0.1374357061992767,50,0.13382956049093675,0.14359182896971268,59.6
2024_07_CIN_CLE,2024,7,2024-10-20,CIN,-0.19461500147266186,-0.15467243608536543,50,0.17630228298866837,0.11748454372416801,60.0
2024_08_PHI_CIN,2024,8,2024-10-27,CIN,-0.0009322542729809077,0.3379380400955622,57,0.12820534795508276,0.10347350033535599,57.8
2024_09_LV_CIN,2024,9,2024-11-03,CIN,0.08859871780297211,-0.28455004935027317,69,0.054249897563022176,0.06799305236610673,57.0
2024_10_CIN_BAL,2024,10,2024-11-07,CIN,0.09940526549843152,0.32205032452450394,76,0.03853884366245982,0.010345689952915538,58.4
2024_11_CIN_LAC,2024,11,2024-11-17,CIN,0.10320479573417679,0.04700973538578244,78,0.005174141123315279,0.01666603459703019,60.4
2024_13_PIT_CIN,2024,13,2024-12-01,CIN,-0.0004929456742833562,0.27613297432982464,57,0.019132304657987525,0.05355512291404202,66.0
2024_14_CIN_DAL,2024,14,2024-12-09,CIN,0.15660042494561535,-0.01648346478238886,63,0.05795671581766322,0.13971620499708004,67.4
2024_15_CIN_TEN,2024,15,2024-12-15,CIN,0.1949040566409111,-0.11534370897061308,63,0.08946325166138248,0.06883190402148981,68.6
2024_16_CLE_CIN,2024,16,2024-12-22,CIN,0.11405103122944937,-0.2803599524232263,55,0.11072431942897028,0.10267317209742184,67.4
2024_17_DEN_CIN,2024,17,2024-12-28,CIN,0.14198116660070267,0.17167536599955877,83,0.11365347257517384,-0.01780888329212422,63.2
2024_18_CIN_PIT,2024,18,2025-01-04,CIN,-0.028872098026185216,-0.1747617132745999,70,0.12140874674847904,0.007124242830631044,64.2
2025_01_CIN_CLE,2025,1,2025-09-07,CIN,-0.10886814770917332,-0.051202136508424784,49,0.11573291627809865,-0.08305469469025387,66.8
2025_02_JAX_CIN,2025,2,2025-09-14,CIN,-0.0071659925196110716,0.09293807758550672,65,0.06263920174714091,-0.08999842903546104,64.0
2025_03_CIN_MIN,2025,3,2025-09-21,CIN,-0.7874375241005505,0.12105881499350823,52,0.022225191915036482,-0.04834207172423709,64.4
2025_04_CIN_DEN,2025,4,2025-09-29,CIN,-0.25636486359050425,0.22374861138304333,42,-0.1580725191509635,0.031941681759109816,63.8
2025_05_DET_CIN,2025,5,2025-10-05,CIN,-0.1200700493598614,0.226807719230715,58,-0.2377417251892049,0.04235633083580674,55.6
2025_06_CIN_GB,2025,6,2025-10-12,CIN,0.09290518327846518,0.20802989668066227,61,-0.2559813154559401,0.12267021733686971,53.2
2025_07_PIT_CIN,2025,7,2025-10-16,CIN,0.32944476488115476,0.36488681497630077,69,-0.2156266492584124,0.17451662397468712,55.6
2025_08_NYJ_CIN,2025,8,2025-10-26,CIN,0.2645132378994239,0.3412436376629537,58,-0.14830449777825921,0.22890637145284595,56.4
2025_09_CHI_CIN,2025,9,2025-11-02,CIN,0.2308691931862506,0.4531389842597489,65,0.06208565462173563,0.27294333598673504,57.6
2025_11_CIN_PIT,2025,11,2025-11-16,CIN,-0.236713407700129,0.19927468115696842,63,0.15953246597708662,0.31882141056207614,62.2
2025_12_NE_CIN,2025,12,2025-11-23,CIN,-0.19337428153972736,0.003567308900269411,61,0.1362037943090331,0.31331480294732683,63.2
2025_13_CIN_BAL,2025,13,2025-11-27,CIN,-0.002346606773383658,-0.34010369241566096,80,0.07894790134539457,0.27242228539124824,63.2
2025_14_CIN_BUF,2025,14,2025-12-07,CIN,0.1188889532990819,0.2549044671400213,57,0.012589627014486893,0.13142418391285593,65.4
2025_15_BAL_CIN,2025,15,2025-12-14,CIN,-0.3091005075363849,0.2074522312475908,71,-0.016535229905581504,0.11415634980826943,65.2
2025_16_CIN_MIA,2025,16,2025-12-21,CIN,0.3721539016830053,-0.05743694774995173,61,-0.12452917005010859,0.06501899920583783,66.4
2025_17_ARI_CIN,2025,17,2025-12-28,CIN,0.3402397610588282,-0.045414285696568656,70,-0.0027557081734817523,0.013676673424453788,66.0
2025_18_CLE_CIN,2025,18,2026-01-04,CIN,-0.11326667210612613,-0.12539844451237517,67,0.10396710034622936,0.003880354505086177,67.8
2026_01_TB_CIN,2026,1,2026-09-13,CIN,-0.0015601707333382329,-0.18521386813511093,62,0.08178308727968085,0.04682140408574334,65.2
2016_01_CLE_PHI,2016,1,2016-09-11,CLE,-0.3678361846429476,0.04557219492189679,50,,,
2016_02_BAL_CLE,2016,2,2016-09-18,CLE,0.08781999910936446,-0.00033050551597729505,59,,,
2016_03_CLE_MIA,2016,3,2016-09-25,CLE,0.0502349542127857,-0.09344328701375285,74,,,
2016_04_CLE_WAS,2016,4,2016-10-02,CLE,-0.007730193468472133,0.137379706365514,68,-0.07659374377359915,-0.016067199202611116,61.0
2016_05_NE_CLE,2016,5,2016-10-09,CLE,-0.1500837826774282,0.24385730866009359,59,-0.05937785619731739,0.02229452718942016,62.75
2016_06_CLE_TEN,2016,6,2016-10-16,CLE,0.09991837778413803,0.19763000499331845,64,-0.07751904149333955,0.06660708348355485,62.0
2016_07_CLE_CIN,2016,7,2016-10-23,CLE,0.06601025909000623,0.40997270853272433,63,0.016031870992077573,0.09701864549783919,64.8
2016_08_NYJ_CLE,2016,8,2016-10-30,CLE,0.030684314005495768,0.19577236220737862,71,0.011669922988205928,0.1790792883075795,65.6
2016_09_DAL_CLE,2016,9,2016-11-06,CLE,-0.03143827391329251,0.43461705180868476,44,0.007759794946747942,0.23692241815180579,65.0
2016_10_CLE_BAL,2016,10,2016-11-10,CLE,-0.42615831608418375,0.06287854660106512,48,0.0030181788577838668,0.29636988724043994,60.2
2016_11_PIT_CLE,2016,11,2016-11-20,CLE,-0.2042790082343798,0.14485936461811755,62,-0.05219672782356725,0.2601741348286343,58.0
2016_12_NYG_CLE,2016,12,2016-11-27,CLE,-0.34689342242276605,0.03184290040495261,71,-0.11303620502727081,0.24962000675359403,57.6
2016_14_CIN_CLE,2016,14,2016-12-11,CLE,-0.11259834633255532,0.14990648680526256,53,-0.19561694132982527,0.1739940451280397,59.2
2016_15_CLE_BUF,2016,15,2016-12-18,CLE,0.013209041803433737,0.267194489542634,54,-0.22427347339743547,0.1648208700476165,55.6
2016_16_SD_CLE,2016,16,2016-12-24,CLE,-0.05945348366418167,0.07050406285717752,66,-0.21534401025409028,0.13133635759440634,57.6
2016_17_CLE_PIT,2016,17,2017-01-01,CLE,0.03046854159869013,0.02840523873886053,77,-0.14200304377008982,0.13286146084562883,61.2
2017_01_PIT_CLE,2017,1,2017-09-10,CLE,-0.13923128938567386,-0.012975655899008773,63,-0.09505353380347584,0.1095706356697774,64.2
2017_02_CLE_BAL,2017,2,2017-09-17,CLE,-0.21562829326307498,-0.03437772261462624,66,-0.05352110719605739,0.10060692440898515,62.6
2017_03_CLE_IND,2017,3,2017-09-24,CLE,-0.015463233245890993,-0.01929308644757566,69,-0.07412709658216132,0.06375008252500738,65.2
2017_04_CIN_CLE,2017,4,2017-10-01,CLE,-0.2999319995649437,0.13109483375632794,61,-0.07986155159202626,0.006452567326965452,68.2
2017_05_NYJ_CLE,2017,5,2017-10-08,CLE,-0.06694787972433794,-0.1185350675544961,70,-0.1279572547721787,0.018570721506795538,67.2
2017_06_CLE_HOU,2017,6,2017-10-15,CLE,-0.3323575872570413,-0.10975330864206095,63,-0.14744053903678428,-0.010817339751875788,65.8
2017_07_TEN_CLE,2017,7,2017-10-22,CLE,-0.2768509433336671,-0.20102369476234982,66,-0.1860657986110578,-0.03017287030048622,65.8
2017_08_MIN_CLE,2017,8,2017-10-29,CLE,-0.1651893546095431,0.0032150165125051735,59,-0.1983103286251762,-0.06350206473003094,65.8
2017_10_CLE_DET,2017,10,2017-11-12,CLE,-0.09749014945100593,0.0953040880008144,77,-0.2282555528979066,-0.05900044413801477,63.8
2017_11_JAX_CLE,2017,11,2017-11-19,CLE,-0.6286663163099783,-0.20235825273222244,54,-0.18776718287511907,-0.06615859328911747,67.0
2017_12_CLE_CIN,2017,12,2017-11-26,CLE,0.14239567593563215,0.15790269384857905,66,-0.30011087019224714,-0.08292323032466276,63.8
2017_13_CLE_LAC,2017,13,2017-12-03,CLE,-0.12386697390310926,0.16848544941469015,57,-0.20516021755371247,-0.02939202982653475,64.4
2017_14_GB_CLE,2017,14,2017-12-10,CLE,0.13925678184023127,0.1894316174726206,56,-0.1745634236676009,0.044509799008873245,62.6
2017_15_BAL_CLE,2017,15,2017-12-17,CLE,-0.38572073530872053,0.03886494241185959,58,-0.11367419637764602,0.08175311920089634,62.0
2017_16_CLE_CHI,2017,16,2017-12-24,CLE,-0.3324523790564764,-0.007419333846497712,57,-0.17132031354918892,0.07046529008310537,58.2
2017_17_CLE_PIT,2017,17,2017-12-31,CLE,0.004428399159400069,-0.08723823387755833,63,-0.11207752609848858,0.10945307386025031,58.8
2018_01_PIT_CLE,2018,1,2018-09-09,CLE,-0.16168513774963295,-0.14973205708452866,84,-0.139670981453735,0.06042488831502284,58.2
2018_02_CLE_NO,2018,2,2018-09-16,CLE,-0.0966918838743763,-0.1633035208080311,60,-0.1472346142230397,-0.003218612984820923,63.6
2018_03_NYJ_CLE,2018,3,2018-09-20,CLE,-0.055722666281271684,-0.14131501614352468,73,-0.19442434736596123,-0.07376564064095126,64.4
2018_04_CLE_OAK,2018,4,2018-09-30,CLE,0.00797569319721712,-0.0020688000358890413,76,-0.12842473356047146,-0.10980163235202811,67.4
2018_05_BAL_CLE,2018,5,2018-10-07,CLE,-0.08985766936592982,-0.17581234525532682,75,-0.060339119109732754,-0.10873152558990637,71.2
2018_06_LAC_CLE,2018,6,2018-10-14,CLE,-0.33228940399643525,0.25125478245598243,73,-0.07919633281479874,-0.1264463478654601,73.6
2018_07_CLE_TB,2018,7,2018-10-21,CLE,-0.13110264057702867,-0.10977422728281014,62,-0.11331718606415922,-0.04624897995735787,71.4
2018_08_CLE_PIT,2018,8,2018-10-28,CLE,-0.1407063808921088,0.12326927383553973,60,-0.12019933740468966,-0.03554312125231368,71.8
2018_09_KC_CLE,2018,9,2018-11-04,CLE,0.0519935955330586,0.5156524687517444,73,-0.1371960803268571,0.0173737367434992,69.2
2018_10_ATL_CLE,2018,10,2018-11-11,CLE,0.3607748441766792,0.0014175390161130967,48,-0.1283924998596888,0.12091799050102589,68.6
2018_12_CLE_CIN,2018,12,2018-11-25,CLE,0.2878149247015984,-0.027075256501318243,59,-0.038265997151166985,0.15636396735531388,63.2
2018_13_CLE_HOU,2018,13,2018-12-02,CLE,-0.2035375465812965,0.07711484847183606,51,0.08575486858843975,0.10069795956385375,60.4
2018_14_CAR_CLE,2018,14,2018-12-09,CLE,0.03512779920462682,0.00421270885254735,43,0.07126788738758619,0.138075774714783,58.2
2018_15_CLE_DEN,2018,15,2018-12-15,CLE,-0.08645314607557993,-0.08626010201618983,60,0.1064347234069333,0.11426446171818452,54.8
2018_16_CIN_CLE,2018,16,2018-12-23,CLE,0.386987668766768,0.013517500708549783,63,0.0787453750852056,-0.006118052435402338,52.2
2018_17_CLE_BAL,2018,17,2018-12-30,CLE,0.10046546629273372,0.09278804863689168,56,0.08398794000322336,-0.003698060096915001,55.2
2019_01_TEN_CLE,2019,1,2019-09-08,CLE,-0.3518784212767117,0.13506536190383478,63,0.04651804832145042,0.020274600930726982,54.6
2019_02_CLE_NYJ,2019,2,2019-09-16,CLE,-0.04325741570662695,-0.36427102597209843,58,0.016849873382367375,0.031864703617126726,57.0
2019_03_LA_CLE,2019,3,2019-09-22,CLE,-0.16719492140258024,0.04440392447517004,63,0.001172830400116627,-0.041832043347802425,60.0
2019_04_CLE_BAL,2019,4,2019-09-29,CLE,0.3878941147427999,0.009376780500669831,61,-0.014975524665283435,-0.015699238049530453,60.6
2019_05_CLE_SF,2019,5,2019-10-07,CLE,-0.5145271746005841,0.2244321325730714,46,-0.014794235470077055,-0.016527382091106442,60.2
2019_06_SEA_CLE,2019,6,2019-10-13,CLE,-0.0491653750979792,0.19293823802444882,61,-0.1377927636487406,0.009801434696129502,58.2
2019_08_CLE_NE,2019,8,2019-10-27,CLE,-0.2681496231817453,-0.030387613503304968,58,-0.07725015441299413,0.02137600992025231,57.8
2019_09_CLE_DEN,2019,9,2019-11-03,CLE,-0.03090803407389,0.03179649843579614,73,-0.12222859590801778,0.088152692414011,57.8
2019_10_BUF_CLE,2019,10,2019-11-10,CLE,0.04625958931563818,0.03166422306099682,65,-0.09497121844227974,0.08563120720613622,59.8
2019_11_PIT_CLE,2019,11,2019-11-14,CLE,-0.10765707220415908,-0.5221507406901357,67,-0.16329812352771209,0.09008869571820162,60.6
2019_12_MIA_CLE,2019,12,2019-11-24,CLE,0.24470581593305693,-0.054635489620493666,66,-0.0819241030484271,-0.059227878934439794,64.8
2019_13_CLE_PIT,2019,13,2019-12-01,CLE,-0.06360055251671781,0.029227241806393602,63,-0.023149864842219862,-0.10874262446342828,65.8
2019_14_CIN_CLE,2019,14,2019-12-08,CLE,0.05374195674787232,-0.011315377414793394,51,0.017759949290785632,-0.09681965340148857,66.8
2019_15_CLE_ARI,2019,15,2019-12-15,CLE,0.10408883332492767,0.28584917741945887,66,0.0346899474551381,-0.10544202857160648,62.4
2019_16_BAL_CLE,2019,16,2019-12-22,CLE,-0.1361198453403086,0.2758165565468497,53,0.04625579625699599,-0.05460503769991406,62.6
2019_17_CLE_CIN,2019,17,2019-12-29,CLE,0.023507253625818923,0.14341316219044192,53,0.040563241629766086,0.10498842174748302,59.8
2020_01_CLE_BAL,2020,1,2020-09-13,CLE,-0.24521405330497842,0.2041100019269502,67,-0.003676470831681512,0.14459815210967014,57.2
2020_02_CIN_CLE,2020,2,2020-09-17,CLE,0.3438606757299567,0.07109836348078503,56,-0.03999917098933363,0.17957470413378146,58.0
2020_03_WAS_CLE,2020,3,2020-09-27,CLE,0.0737760634239603,-0.11541057670406336,62,0.01802457280708325,0.19605745231289715,59.0
2020_04_CLE_DAL,2020,4,2020-10-04,CLE,0.39508314418451074,0.1510844056222349,71,0.011962018826889773,0.11580550148819269,58.2
2020_05_IND_CLE,2020,5,2020-10-11,CLE,0.03686761557054527,-0.04457466886489249,72,0.11820261673185364,0.09085907130326973,61.8
2020_06_CLE_PIT,2020,6,2020-10-18,CLE,-0.5149177843467677,0.12797261487280617,54,0.12087468912079893,0.05326150509220284,65.6
2020_07_CLE_CIN,2020,7,2020-10-25,CLE,0.444478776035989,0.2565915389656792,49,0.06693394291244106,0.038034027681374045,63.0
2020_08_LV_CLE,2020,8,2020-11-01,CLE,-0.029056336064462947,0.15118772132237052,47,0.08705756297364751,0.07513266277835287,61.6
2020_10_HOU_CLE,2020,10,2020-11-15,CLE,0.0504949953304048,0.01306783032090295,60,0.06649108307596287,0.12845232238363966,58.6
2020_11_PHI_CLE,2020,11,2020-11-22,CLE,-0.18162622119103738,-0.23876501490466434,63,-0.0024265466948583227,0.10084900732337325,56.4
2020_12_CLE_JAX,2020,12,2020-11-29,CLE,0.20946061916382447,0.14469870084491254,61,-0.046125314047174855,0.06201093811541889,54.6
2020_13_CLE_TEN,2020,13,2020-12-06,CLE,0.2666539430602007,0.04010568234191605,69,0.09875036665494358,0.06535615530984015,56.0
2020_14_BAL_CLE,2020,14,2020-12-14,CLE,0.2471175036671261,0.38818752124426853,77,0.06318540005978592,0.022058983985087533,60.0
2020_15_CLE_NYG,2020,15,2020-12-20,CLE,0.26144088830129936,-0.06219609487330499,63,0.11842016800610371,0.06945894396946714,66.0
2020_16_CLE_NYJ,2020,16,2020-12-27,CLE,-0.13800879664952273,-0.016768878599652606,73,0.16060934660028264,0.054406158930625545,66.6
2020_17_PIT_CLE,2020,17,2021-01-03,CLE,0.17416746702195846,0.11142232440268511,61,0.16933283150858558,0.0988053861916279,68.6
2021_01_CLE_KC,2021,1,2021-09-12,CLE,0.2751701959935262,0.3390620606822681,57,0.16227420108021234,0.0921501109031824,68.6
2021_02_HOU_CLE,2021,2,2021-09-19,CLE,0.14914089120631713,0.09622291173907883,54,0.16397745166687744,0.1519413865712528,66.2
2021_03_CHI_CLE,2021,3,2021-09-26,CLE,0.042590341755852246,-0.6063796942159032,75,0.14438212917471566,0.09354846467021487,61.6
2021_04_CLE_MIN,2021,4,2021-10-03,CLE,-0.06986561034218625,-0.261793651063213,75,0.10061201986562625,-0.015288255198304767,64.0
2021_05_CLE_LAC,2021,5,2021-10-10,CLE,0.3032052962796783,0.3053580821669809,68,0.11424065712709353,-0.06429320969101684,64.4
2021_06_ARI_CLE,2021,6,2021-10-17,CLE,-0.27024951666508884,0.2237708940696204,55,0.1400482229786375,-0.025506058138157695,65.8
2021_07_DEN_CLE,2021,7,2021-10-21,CLE,0.23307190003902997,0.1103138660213777,66,0.030964280446914506,-0.048564291460687234,65.4
2021_08_PIT_CLE,2021,8,2021-10-31,CLE,-0.1020401815335876,0.05785258950844794,58,0.047750482213457075,-0.04574610060422746,67.8
2021_09_CLE_CIN,2021,9,2021-11-07,CLE,0.3118136729288931,-0.3179912624972322,46,0.018824377555569104,0.08710035614064277,64.4
2021_10_CLE_NE,2021,10,2021-11-14,CLE,-0.17957799280953496,0.4952313477191511,58,0.09516023420978498,0.07586083385383893,58.6
2021_11_DET_CLE,2021,11,2021-11-21,CLE,-0.06189812756470528,-0.2426188812510984,64,-0.0013964236080576732,0.11383548696427297,56.6
2021_12_CLE_BAL,2021,12,2021-11-28,CLE,-0.19932210261118924,-0.13086975948961282,57,0.04027385421201904,0.020557531900129218,58.4
2021_14_BAL_CLE,2021,14,2021-12-12,CLE,-0.06903661275846612,-0.10478489468060806,59,-0.046204946318024805,-0.027679193202068898,56.6
2021_15_LV_CLE,2021,15,2021-12-20,CLE,-0.020026086310765082,-0.008978662834787939,53,-0.03960423256300051,-0.06020669003988009,56.8
2021_16_CLE_GB,2021,16,2021-12-25,CLE,0.15247909334093232,0.1626565833538071,66,-0.10597218441093215,0.0015958298926087564,58.2
2021_17_CLE_PIT,2021,17,2022-01-03,CLE,-0.24357500509619573,-0.09168886076069718,67,-0.03956076718083869,-0.06491912298046006,59.8
2021_18_CIN_CLE,2021,18,2022-01-09,CLE,-0.007974874873448593,-0.18257936687790421,65,-0.07589614268713678,-0.0347331188823798,60.4
2022_01_CLE_CAR,2022,1,2022-09-11,CLE,0.015453683935361506,0.01577582192292151,72,-0.03762669713958865,-0.04507504036003808,62.0
2022_02_NYJ_CLE,2022,2,2022-09-18,CLE,0.2938547862046348,0.2747308459646171,64,-0.020728637800823128,-0.020962897039332167,64.6
2022_03_PIT_CLE,2022,3,2022-09-22,CLE,0.111584052411809,-0.03677863704445017,71,0.042047536702256846,0.03577900472054884,66.8
2022_04_CLE_ATL,2022,4,2022-10-02,CLE,0.05238017793338429,0.0366911777182564,71,0.033868528516432184,-0.004108039359102611,67.8
2022_05_LAC_CLE,2022,5,2022-10-09,CLE,0.1754443653957438,0.292535686338161,65,0.09305956512234818,0.021567968336688104,68.6
2022_06_NE_CLE,2022,6,2022-10-16,CLE,-0.2824056561000697,0.16630383566124352,68,0.12974341317618668,0.11659097897990116,68.6
2022_07_CLE_BAL,2022,7,2022-10-23,CLE,0.07629365208537878,-0.07219662671406833,56,0.07017154516910043,0.14669658172756556,67.8
2022_08_CIN_CLE,2022,8,2022-10-31,CLE,0.21027538728454978,-0.1748590855884175,67,0.026659318345249233,0.07731108719182847,66.2
2022_10_CLE_MIA,2022,10,2022-11-13,CLE,-0.0910604757653647,0.3979669895482477,61,0.04639758531979739,0.049694997483035,65.4
2022_11_CLE_BUF,2022,11,2022-11-20,CLE,0.0818928958298771,0.11518620952106144,67,0.017709454580047593,0.12195015984903326,63.4
2022_12_TB_CLE,2022,12,2022-11-27,CLE,0.024984683930894248,-0.033332639370570266,75,-0.0010008393331257443,0.08648026448561334,63.8
2022_13_CLE_HOU,2022,13,2022-12-04,CLE,-0.23208451359295706,-0.44357413923284655,58,0.06047722867306704,0.04655296947925058,65.2
2022_14_CLE_CIN,2022,14,2022-12-11,CLE,-0.13943221586810112,0.03658071901818594,69,-0.0011984044626001278,-0.02772253302450506,65.6
2022_15_BAL_CLE,2022,15,2022-12-17,CLE,0.03027423261207158,-0.22211701725475105,61,-0.0711399250931303,0.014565427896815631,66.0
2022_16_NO_CLE,2022,16,2022-12-24,CLE,-0.2542336623721943,-0.11474032636255871,67,-0.04687298341764305,-0.10945137346378413,66.0
2022_17_CLE_WAS,2022,17,2023-01-01,CLE,0.17733330968724018,-0.1767261793932792,50,-0.11409829505805733,-0.15543668064050814,66.0
2022_18_CLE_PIT,2022,18,2023-01-08,CLE,-0.014812979699120644,0.07744559709689579,57,-0.08362856990678816,-0.18411538864504995,61.0
2023_01_CIN_CLE,2023,1,2023-09-10,CLE,-0.13927836568026067,-0.46536577856767436,73,-0.040174263128020866,-0.07991144137910147,60.8
2023_02_CLE_PIT,2023,2,2023-09-18,CLE,-0.2082358624893218,-0.3919658122247713,83,-0.04014349309045277,-0.18030074089627351,61.6
2023_03_TEN_CLE,2023,3,2023-09-24,CLE,0.02176471014507728,-0.43798187266689165,67,-0.08784551211073145,-0.21427049989027758,66.0
2023_04_BAL_CLE,2023,4,2023-10-01,CLE,-0.5140968351217508,0.034992652595974505,64,-0.032645837607277135,-0.27891880915114414,66.0
2023_06_SF_CLE,2023,6,2023-10-15,CLE,-0.1952681014465713,-0.19412102598999276,69,-0.17093186656907533,-0.23657504275329339,68.8
2023_07_CLE_IND,2023,7,2023-10-22,CLE,-0.16354894575130144,-0.05101485561307239,71,-0.20702289091856546,-0.29088836737067114,71.2
2023_08_CLE_SEA,2023,8,2023-10-29,CLE,-0.08579944052201051,0.0691586181836274,74,-0.21187700693277361,-0.20801818277975076,70.8
2023_09_ARI_CLE,2023,9,2023-11-05,CLE,-0.07796932140425704,-0.8043486848982866,70,-0.18738972253931135,-0.115793296698071,69.0
2023_10_CLE_BAL,2023,10,2023-11-12,CLE,0.08693490709910437,-0.16973024622484445,75,-0.20733652884917825,-0.18906665914435,69.6
2023_11_PIT_CLE,2023,11,2023-11-19,CLE,-0.13850446899076643,-0.10724966047796856,71,-0.08713018040500721,-0.23001123890851377,71.8
2023_12_CLE_DEN,2023,12,2023-11-26,CLE,-0.282240643440032,-0.02734540571490806,70,-0.07577745391384623,-0.2126369658061089,72.2
2023_13_CLE_LA,2023,13,2023-12-03,CLE,-0.09596306305276736,0.1179723458215971,69,-0.09951579345159237,-0.20790307582647607,72.0
2023_14_JAX_CLE,2023,14,2023-12-10,CLE,-0.11807995619019106,-0.1883115441665412,71,-0.10154851795774374,-0.19814033029888212,71.0
2023_15_CHI_CLE,2023,15,2023-12-17,CLE,-0.3703540916182818,-0.3111668758925698,67,-0.10957064491493054,-0.07493290215253305,71.2
2023_16_CLE_HOU,2023,16,2023-12-24,CLE,0.11339988014695246,-0.2678220143442398,77,-0.20102844465840777,-0.10322022808607811,69.6
2023_17_NYJ_CLE,2023,17,2023-12-28,CLE,-0.05723404000296305,-0.1770979685320207,58,-0.150647574830864,-0.1353346988593324,70.8
2023_18_CLE_CIN,2023,18,2024-01-07,CLE,-0.25429601322461026,0.01078276348656342,52,-0.10564625414345019,-0.1652852114227549,68.4
2024_01_DAL_CLE,2024,1,2024-09-08,CLE,-0.2718643898194257,-0.11094499589713286,70,-0.13731284417781878,-0.18672312788976164,65.0
2024_02_CLE_JAX,2024,2,2024-09-15,CLE,0.022338850429188945,-0.033992861799752735,65,-0.1680697309036657,-0.17124981823587998,64.8
2024_03_NYG_CLE,2024,3,2024-09-22,CLE,-0.377381554168326,0.04435736410041135,63,-0.08953114249417156,-0.11581501541731654,64.4
2024_04_CLE_LV,2024,4,2024-09-29,CLE,-0.11794547341168886,-0.15934773658131007,57,-0.18768742935722726,-0.05337913972838633,61.6
2024_05_CLE_WAS,2024,5,2024-10-06,CLE,-0.30568817992423686,0.08449649525226172,59,-0.19982971603897243,-0.0498290933382442,61.4
2024_06_CLE_PHI,2024,6,2024-10-13,CLE,-0.02047589263765254,0.1712757292793628,53,-0.21010814937889774,-0.035086346985104544,62.8
2024_07_CIN_CLE,2024,7,2024-10-20,CLE,-0.15467243608536543,-0.19461500147266186,77,-0.15983044994254308,0.02135779805019459,59.4
2024_08_BAL_CLE,2024,8,2024-10-27,CLE,0.13171000165279875,0.09718478239354364,67,-0.195232707245454,-0.010766629884387235,61.8
2024_09_LAC_CLE,2024,9,2024-11-03,CLE,-0.27078907886966,0.031492660151150945,76,-0.09341439608122902,-0.00020114622576077878,62.6
2024_11_CLE_NO,2024,11,2024-11-17,CLE,0.03021658492135726,0.3113062858423551,71,-0.12398311717282326,0.037966933120731426,66.4
2024_12_PIT_CLE,2024,12,2024-11-21,CLE,0.0052255449527385785,-0.036713675725190686,57,-0.05680216420370443,0.0833288912387501,68.8
2024_13_CLE_DEN,2024,13,2024-12-02,CLE,-0.06116876458693555,0.06892106307396875,85,-0.051661876685626204,0.04173101023783941,69.6
2024_14_CLE_PIT,2024,14,2024-12-08,CLE,-0.16220861044955417,-0.10542690436555908,69,-0.03296114238594023,0.09443822314716552,71.2
2024_15_KC_CLE,2024,15,2024-12-15,CLE,-0.5222386951110389,-0.07742544998265263,59,-0.09174486480641082,0.053915885795344974,71.6
2024_16_CLE_CIN,2024,16,2024-12-22,CLE,-0.2803599524232263,0.11405103122944937,63,-0.1420347880546866,0.03213226376858427,68.2
2024_17_MIA_CLE,2024,17,2024-12-29,CLE,-0.36496926899427645,-0.09800092579572847,76,-0.20415009552360336,-0.007318787153996878,66.6
2024_18_CLE_BAL,2024,18,2025-01-04,CLE,-0.4532905818637893,0.15761476364842206,54,-0.27818905831300633,-0.019576237168104436,70.4
2025_01_CIN_CLE,2025,1,2025-09-07,CLE,-0.051202136508424784,-0.10886814770917332,71,-0.35661342176837707,-0.0018374970532137713,64.2
2025_02_CLE_BAL,2025,2,2025-09-14,CLE,-0.26294704133987706,0.12490885511974023,72,-0.3344121269801512,-0.00252574572193662,64.6
2025_03_GB_CLE,2025,3,2025-09-21,CLE,-0.15162070701623168,-0.07903598365834229,56,-0.2825537962259188,0.03794111529854195,67.2
2025_04_CLE_DET,2025,4,2025-09-28,CLE,-0.36304271292973606,-0.12780117351946355,64,-0.25680594714451993,-0.0006762876790163796,65.8
2025_05_MIN_CLE,2025,5,2025-10-05,CLE,-0.011413968600349553,0.03647955072198828,66,-0.25642063593161185,-0.006636337223763394,63.4
2025_06_CLE_PIT,2025,6,2025-10-12,CLE,-0.18536203440857055,0.13015411187084536,75,-0.16804531327892389,-0.03086337980905015,65.8
2025_07_MIA_CLE,2025,7,2025-10-19,CLE,-0.0790437820964866,-0.558327655649518,52,-0.19487729285895303,0.016941072106953583,66.6
2025_08_CLE_NE,2025,8,2025-10-26,CLE,-0.3489714522845772,0.0732997381371432,53,-0.15809664101027493,-0.11970623004689807,62.6
2025_10_CLE_NYJ,2025,10,2025-11-09,CLE,-0.0823937505071805,-0.29455701669196743,70,-0.19756679006394404,-0.08923908568780096,62.0
2025_11_BAL_CLE,2025,11,2025-11-16,CLE,-0.40910965357742174,-0.0883295588667408,54,-0.1414369975794329,-0.12259025432230175,63.2
2025_12_CLE_LV,2025,12,2025-11-23,CLE,-0.21827911542994152,-0.3811776929274506,47,-0.22097613457484738,-0.14755207624004757,60.8
2025_13_SF_CLE,2025,13,2025-11-30,CLE,-0.19539794753917078,0.008921418854560902,61,-0.22755955077912157,-0.24981843719970676,55.2
2025_14_TEN_CLE,2025,14,2025-12-07,CLE,-0.05692766976295185,-0.09271315196570791,66,-0.2508303838676584,-0.13636862229889096,57.0
2025_15_CLE_CHI,2025,15,2025-12-14,CLE,-0.466044770482573,0.05207934172665347,56,-0.19242162736333332,-0.1695712003194612,59.6
2025_16_BUF_CLE,2025,16,2025-12-21,CLE,-0.09587976092174261,0.06078290143606926,64,-0.2691518313584118,-0.10024392863573701,56.8
2025_17_PIT_CLE,2025,17,2025-12-28,CLE,-0.2336614750163306,-0.2044288532304102,49,-0.206505852827276,-0.070421436575175,58.8
2025_18_CLE_CIN,2025,18,2026-01-04,CLE,-0.12539844451237517,-0.11326667210612613,52,-0.2095823247445538,-0.035071668635766926,59.2
2026_01_CLE_JAX,2026,1,2026-09-13,CLE,-0.18427049644677104,0.33816777336825476,49,-0.1955824241391947,-0.05950928682790433,57.4
2016_01_NYG_DAL,2016,1,2016-09-11,DAL,-0.005907105880386124,0.09882093762711587,73,,,
2016_02_DAL_WAS,2016,2,2016-09-18,DAL,0.17703520497443848,0.05958494583234633,64,,,
2016_03_CHI_DAL,2016,3,2016-09-25,DAL,0.21781624848230632,-0.018594715761155973,65,,,
2016_04_DAL_SF,2016,4,2016-10-02,DAL,0.26070098868506797,0.0029053043464487816,70,0.12964811585878622,0.046603722566102075,67.33333333333333
2016_05_CIN_DAL,2016,5,2016-10-09,DAL,0.3306164398015244,0.12757679400813726,50,0.16241133406535666,0.035679118011188754,68.0
2016_06_DAL_GB,2016,6,2016-10-16,DAL,0.11010178811188938,-0.2220854028631583,62,0.1960523552125902,0.054058653210578456,64.4
2016_08_PHI_DAL,2016,8,2016-10-30,DAL,0.08823154470673504,-0.05121848345021668,76,0.2192541340110453,-0.010122614887476377,62.2
2016_09_DAL_CLE,2016,9,2016-11-06,DAL,0.43461705180868476,-0.03143827391329251,67,0.20149340195750462,-0.03228330074398898,64.6
2016_10_DAL_PIT,2016,10,2016-11-13,DAL,0.3293755467198613,0.0955934391995898,61,0.2448535626227803,-0.034852012374416284,65.0
2016_11_BAL_DAL,2016,11,2016-11-20,DAL,0.1944230773159061,0.12792440997165822,67,0.25858847422973896,-0.016314385403788084,63.2
2016_12_WAS_DAL,2016,12,2016-11-24,DAL,0.32659133055933365,0.3243831930550096,52,0.23134980173261535,-0.016244862211083892,66.6
2016_13_DAL_MIN,2016,13,2016-12-01,DAL,-0.18092383669705123,-0.08092517174044045,48,0.27464771022210416,0.09304885697254969,64.6
2016_14_DAL_NYG,2016,14,2016-12-11,DAL,-0.3698765729892935,-0.3348037733189377,65,0.22081663394134693,0.08710751931450496,59.0
2016_15_TB_DAL,2016,15,2016-12-18,DAL,0.07704487065104619,-0.134260925322928,70,0.05991790898175127,0.026434419433375912,58.6
2016_16_DET_DAL,2016,16,2016-12-26,DAL,0.42162118989766056,0.032622326184750465,52,0.009451773767988244,-0.019536453471127653,60.4
2016_17_DAL_PHI,2016,17,2017-01-01,DAL,-0.28783939963467375,0.012043608782820818,52,0.05489139628433913,-0.0385968702285092,57.4
2017_01_NYG_DAL,2017,1,2017-09-10,DAL,0.08098915830137392,-0.14266522179304536,70,-0.06799474975446235,-0.10106478708294694,57.4
2017_02_DAL_DEN,2017,2,2017-09-17,DAL,-0.3447378533494999,0.07579946305690452,66,-0.015612150754777319,-0.11341279709346794,61.8
2017_03_DAL_ARI,2017,3,2017-09-25,DAL,0.09559513805222443,-0.0641014437320275,44,-0.010584406826818604,-0.031292149818299496,62.0
2017_04_LA_DAL,2017,4,2017-10-01,DAL,0.16381976040951335,0.15393514170926897,65,-0.006874353346582959,-0.0172602535001194,56.8
2017_05_GB_DAL,2017,5,2017-10-08,DAL,0.14080173643449773,0.33497030251745386,72,-0.058434639244212404,0.007002309604784302,59.4
2017_07_DAL_SF,2017,7,2017-10-22,DAL,0.34457429387902044,-0.2185408437921209,70,0.02729358796962189,0.07158764835171091,63.4
2017_08_DAL_WAS,2017,8,2017-10-29,DAL,0.03951770885460261,-0.16891011849855417,63,0.0800106150851512,0.0564125239518958,63.4
2017_09_KC_DAL,2017,9,2017-11-05,DAL,0.20575209224345878,0.04040895699544439,65,0.1568617275259717,0.0074706076408040615,62.8
2017_10_DAL_ATL,2017,10,2017-11-12,DAL,-0.18206744798641938,0.05850422967873642,59,0.17889311836421856,0.02837268778629844,67.0
2017_11_PHI_DAL,2017,11,2017-11-19,DAL,-0.4797061596478127,0.2816873631857554,62,0.10971567668503204,0.009286505380191929,65.8
2017_12_LAC_DAL,2017,12,2017-11-23,DAL,-0.2723159528619703,0.40027042251234657,50,-0.014385902531430062,-0.0013700824861477613,63.8
2017_13_WAS_DAL,2017,13,2017-11-30,DAL,0.021766452374235978,-0.14905642112134956,65,-0.13776395187962823,0.12239217077474573,59.8
2017_14_DAL_NYG,2017,14,2017-12-10,DAL,0.3452897044385453,-0.11888164414092899,58,-0.14131420317570154,0.12636291025018667,60.2
2017_15_DAL_OAK,2017,15,2017-12-17,DAL,0.07637282607123093,0.010220371632469066,59,-0.11340668073668425,0.09450479002291198,58.8
2017_16_SEA_DAL,2017,16,2017-12-24,DAL,-0.24625142180434142,-0.12681923401610487,68,-0.06171862592515418,0.0848480184136585,58.8
2017_17_DAL_PHI,2017,17,2017-12-31,DAL,-0.10291661600669046,-0.3885623042376458,63,-0.015027678356459916,0.0031466989732864548,60.0
2018_01_DAL_CAR,2018,1,2018-09-09,DAL,-0.13514362187514883,-0.03455033117241692,57,0.018852189014596052,-0.15461984637671203,62.6
2018_02_NYG_DAL,2018,2,2018-09-16,DAL,0.11244198391566995,-0.10288731464304315,48,-0.012529825835280912,-0.1317186283869255,61.0
2018_03_DAL_SEA,2018,3,2018-09-23,DAL,-0.23482525923481004,0.015311542596723411,58,-0.059099369939855984,-0.1285197624873483,59.0
2018_04_DET_DAL,2018,4,2018-09-30,DAL,0.21013381488339516,0.3033841555147225,64,-0.12133898700106416,-0.12750152829449746,58.8
2018_05_DAL_HOU,2018,5,2018-10-07,DAL,-0.1489978203520471,-0.1338651277874973,59,-0.030061939663516852,-0.041460850388332006,58.0
2018_06_JAX_DAL,2018,6,2018-10-14,DAL,0.09843642654284723,-0.45669345167822184,72,-0.03927818053258818,0.009478584901697711,57.2
2018_07_DAL_WAS,2018,7,2018-10-21,DAL,-0.05637502498535684,-0.0586446880300083,61,0.007437829151011039,-0.07495003919946328,60.2
2018_09_TEN_DAL,2018,9,2018-11-05,DAL,-0.11759085621601864,0.11472152565514962,56,-0.02632557262919432,-0.0661015138768563,62.8
2018_10_DAL_PHI,2018,10,2018-11-11,DAL,0.23451725028424805,-0.05543544348367213,68,-0.0028786920254360417,-0.04621951726517106,62.4
2018_11_DAL_ATL,2018,11,2018-11-18,DAL,0.10007926939380189,0.008915697114172963,63,0.001997995054734536,-0.11798343706485,63.2
2018_12_WAS_DAL,2018,12,2018-11-22,DAL,0.09696734984148081,-0.07717472344185934,67,0.05181341300390433,-0.08942727208451592,64.0
2018_13_NO_DAL,2018,13,2018-11-29,DAL,-0.08973497302549886,-0.34708133332658,63,0.051519597663631046,-0.013523526437243426,63.0
2018_14_PHI_DAL,2018,14,2018-12-09,DAL,0.06409899421399724,-0.06311925987858463,93,0.044847608055602645,-0.07121085549655777,63.4
2018_15_DAL_IND,2018,15,2018-12-16,DAL,-0.15760297122654549,0.0791976153361278,64,0.08118557814160582,-0.10677901260330462,70.8
2018_16_TB_DAL,2018,16,2018-12-23,DAL,-0.02671502943434012,-0.09815838842717471,48,0.0027615338394471113,-0.07985240083934463,70.0
2018_17_DAL_NYG,2018,17,2018-12-30,DAL,0.24586653777433787,0.17317954488419818,67,-0.022597325926181293,-0.10126721794761417,67.0
2019_01_NYG_DAL,2019,1,2019-09-08,DAL,0.40848113953737386,0.12706134733518093,60,0.007182511660390123,-0.051196364282402665,67.0
2019_02_DAL_WAS,2019,2,2019-09-15,DAL,0.3057698520424318,0.0970324739297481,64,0.10682573417296466,0.043632171849949525,66.4
2019_03_MIA_DAL,2019,3,2019-09-22,DAL,0.22437510520682194,-0.2932883657548599,66,0.15515990573865157,0.07566251861161608,60.6
2019_04_DAL_NO,2019,4,2019-09-29,DAL,-0.17247851617481155,-0.13788167724354855,53,0.23155552102532506,0.001165322393418533,61.0
2019_05_GB_DAL,2019,5,2019-10-06,DAL,0.058180599259981175,0.11726493686503187,68,0.20240282367723078,-0.006779335369856232,62.0
2019_06_DAL_NYJ,2019,6,2019-10-13,DAL,0.10109243983410847,0.18947244821692466,76,0.16486563597435944,-0.017962256973689493,62.2
2019_07_PHI_DAL,2019,7,2019-10-20,DAL,0.139347538025429,-0.3572701058064761,66,0.10338789603370635,-0.005480036797340748,65.4
2019_09_DAL_NYG,2019,9,2019-11-04,DAL,0.10684677595332182,-0.24212017557993187,65,0.0701034332303058,-0.0963405527445856,65.8
2019_10_MIN_DAL,2019,10,2019-11-10,DAL,0.17062476463012974,0.2367554626730186,70,0.046597767379605776,-0.0861069147096,65.6
2019_11_DAL_DET,2019,11,2019-11-17,DAL,0.2717282289698281,0.07063268674226282,69,0.11521842354059404,-0.011179486726286558,69.0
2019_12_DAL_NE,2019,12,2019-11-24,DAL,-0.13205152931531494,-0.1402207954461835,59,0.15792794948256342,-0.020505936750840368,69.2
2019_13_BUF_DAL,2019,13,2019-11-28,DAL,-0.04028541463108596,0.16928367865511243,73,0.11129915565267874,-0.086444585483462,65.8
2019_14_DAL_CHI,2019,14,2019-12-05,DAL,0.08020921654240284,0.04567030887788693,72,0.07537256512137573,0.018866171408855707,67.2
2019_15_LA_DAL,2019,15,2019-12-15,DAL,0.3118214251394266,-0.09422517240897456,67,0.07004505323919194,0.07642426830041946,68.6
2019_16_DAL_PHI,2019,16,2019-12-22,DAL,-0.15870894769763627,0.048749281373568265,62,0.09828438534105133,0.010228141284020836,68.0
2019_17_WAS_DAL,2019,17,2019-12-29,DAL,0.20151835812113056,-0.45092553963193727,71,0.012196950007558438,0.005851460210281925,66.6
2020_01_DAL_LA,2020,1,2020-09-13,DAL,-0.01983681607737738,0.05819304995343374,69,0.07891092749484754,-0.05628948862686883,69.0
2020_02_ATL_DAL,2020,2,2020-09-20,DAL,0.0674474114172469,0.11242206589442687,81,0.08300064720558926,-0.07850761436720458,68.2
2020_03_DAL_SEA,2020,3,2020-09-27,DAL,0.1342558997751515,0.07277624245138639,80,0.08044828618055806,-0.0651572629638966,70.0
2020_04_CLE_DAL,2020,4,2020-10-04,DAL,0.1510844056222349,0.39508314418451074,82,0.044935181107703046,-0.0317569799918244,72.6
2020_05_NYG_DAL,2020,5,2020-10-11,DAL,0.02921063702749528,0.0024689998266440943,64,0.10689385177167728,0.037509792570364096,76.6
2020_06_ARI_DAL,2020,6,2020-10-19,DAL,-0.1766447711171702,0.3243538995968065,84,0.07243230755295023,0.12818870046208036,75.2
2020_07_DAL_WAS,2020,7,2020-10-25,DAL,-0.29852701496497,0.11242675275067121,54,0.041070716544991656,0.18142087039075494,78.2
2020_08_DAL_PHI,2020,8,2020-11-01,DAL,-0.3443790308729561,-0.30812342365822454,78,-0.03212416873145173,0.1814218077620038,72.8
2020_09_PIT_DAL,2020,9,2020-11-08,DAL,-0.12876861883712581,0.024347924913231934,70,-0.12785115486107326,0.1052418745400816,72.4
2020_11_DAL_MIN,2020,11,2020-11-22,DAL,0.16219552921554967,0.08877145539640953,63,-0.1838217597529454,0.03109483068582584,70.0
2020_12_WAS_DAL,2020,12,2020-11-26,DAL,-0.49410302900334324,0.0880922752339928,57,-0.15722478131533452,0.04835532179977893,69.8
2020_13_DAL_BAL,2020,13,2020-12-08,DAL,0.03174676997277131,0.2716973913512396,77,-0.22071643289256912,0.0011029969272161933,64.4
2020_14_DAL_CIN,2020,14,2020-12-13,DAL,0.1644208159495164,-0.2590556471317541,49,-0.1546616759050209,0.032957124647329875,69.0
2020_15_SF_DAL,2020,15,2020-12-20,DAL,0.004532964464627047,0.08462125904571222,58,-0.05290170654052636,0.04277067995262396,63.2
2020_16_PHI_DAL,2020,16,2020-12-27,DAL,0.15759953223780027,-0.06669357096059911,65,-0.026241389880175787,0.05482534677912001,60.8
2020_17_DAL_NYG,2020,17,2021-01-03,DAL,-0.1009629799477066,-0.027793187028878966,80,-0.027160589275725667,0.023732341507718285,61.2
2021_01_DAL_TB,2021,1,2021-09-09,DAL,0.12302168851680507,0.04958885844740802,77,0.05146742053540167,0.0005552490551439332,65.8
2021_02_DAL_LAC,2021,2,2021-09-19,DAL,0.10290378556756453,0.09433346691218679,60,0.06972240424420842,-0.043866457525622383,65.8
2021_03_PHI_DAL,2021,3,2021-09-27,DAL,0.09832874330373563,-0.20417401604552068,68,0.057418998167818036,0.0268113652831658,68.0
2021_04_CAR_DAL,2021,4,2021-10-03,DAL,0.25898533637573457,0.08015057146512314,56,0.07617815393563976,-0.03094768973508078,70.0
2021_05_NYG_DAL,2021,5,2021-10-10,DAL,0.17673002035757243,-0.12968985724492316,74,0.09645531476322662,-0.0015788612499363307,68.2
2021_06_DAL_NE,2021,6,2021-10-17,DAL,0.1614611183855448,-0.012813650061224341,83,0.15199391482428243,-0.021958195293145168,67.0
2021_08_DAL_MIN,2021,8,2021-10-31,DAL,0.025386464198439707,-0.23038204767334716,68,0.15968180079803035,-0.03443869699487164,68.2
2021_09_DEN_DAL,2021,9,2021-11-07,DAL,-0.16089762838890428,0.16299446744162088,59,0.1441783365242054,-0.09938179991197842,69.8
2021_10_ATL_DAL,2021,10,2021-11-14,DAL,0.18561156194669728,-0.4606960720115013,70,0.09233306218567741,-0.025948103214550117,68.0
2021_11_DAL_KC,2021,11,2021-11-21,DAL,-0.2606907522321421,-0.07196709575388406,64,0.07765830729986996,-0.13411743190987502,70.8
2021_12_LV_DAL,2021,12,2021-11-25,DAL,0.08413501786672913,0.07114805282872184,70,-0.009825847218072952,-0.12257287961166718,68.8
2021_13_DAL_NO,2021,13,2021-12-02,DAL,-0.1071633794648317,-0.2694366624256881,62,-0.025291067321836093,-0.10578053903367794,66.2
2021_14_DAL_WAS,2021,14,2021-12-12,DAL,-0.14414596494578272,-0.45756553573254494,76,-0.051801036054490365,-0.11359146198414613,65.0
2021_15_DAL_NYG,2021,15,2021-12-19,DAL,0.029589192641689657,-0.31376625583331574,68,-0.04845070336586606,-0.2377034626189793,68.4
2021_16_WAS_DAL,2021,16,2021-12-26,DAL,0.34290919755908866,-0.3386947727974205,72,-0.07965517722686759,-0.20831749938334218,68.0
2021_17_ARI_DAL,2021,17,2022-01-02,DAL,0.08635404325545501,0.1625361893801919,58,0.04106481273137856,-0.2616630347920495,69.6
2021_18_DAL_PHI,2021,18,2022-01-08,DAL,0.6452812925838055,0.09884500644422084,58,0.04150861780912374,-0.24338540748175547,67.2
2022_01_TB_DAL,2022,1,2022-09-11,DAL,-0.3427635913189204,0.013678611515836714,63,0.19199755221885118,-0.16972907370777365,66.4
2022_02_CIN_DAL,2022,2,2022-09-18,DAL,-0.0029012182909171702,0.04414751609475553,58,0.15227402694422362,-0.07548024425809734,63.8
2022_03_DAL_NYG,2022,3,2022-09-26,DAL,0.18295199035866067,-0.06829858489149461,59,0.14577594475770228,-0.003897489872483091,61.8
2022_04_WAS_DAL,2022,4,2022-10-02,DAL,-0.18321254073436302,-0.2654656311850215,57,0.11378450331761666,0.05018174770870208,59.2
2022_05_DAL_LA,2022,5,2022-10-09,DAL,-0.11900481836203274,-0.2722966303482012,51,0.059871186519653063,-0.03541861640434059,59.0
2022_06_DAL_PHI,2022,6,2022-10-16,DAL,-0.06443290033002354,0.01573532373422618,64,-0.09298603566951458,-0.109646943762825,57.6
2022_07_DET_DAL,2022,7,2022-10-23,DAL,0.02708318663726951,-0.28810660438965374,57,-0.037319897471735204,-0.10923560131914711,57.8
2022_08_CHI_DAL,2022,8,2022-10-30,DAL,0.44670804118928076,0.007954109350661471,55,-0.031323016486097865,-0.17568642541602894,57.6
2022_10_DAL_GB,2022,10,2022-11-13,DAL,0.007505137531552464,0.23205627334057793,79,0.02142819368002615,-0.16043588656759772,56.8
2022_11_DAL_MIN,2022,11,2022-11-20,DAL,0.2890419940818853,-0.3696225346624321,70,0.05957172933320924,-0.06093150566247785,61.2
2022_12_NYG_DAL,2022,12,2022-11-24,DAL,0.14236666576014034,-0.06909114040541846,68,0.14118109182199284,-0.08039668652532404,65.0
2022_13_IND_DAL,2022,13,2022-12-04,DAL,0.21357833752104535,-0.2982592410802721,66,0.18254100504002563,-0.09736197935325298,65.8
2022_14_HOU_DAL,2022,14,2022-12-11,DAL,-0.02442233430621373,-0.18641566477410693,70,0.2198400352167808,-0.09939250669137664,67.6
2022_15_DAL_JAX,2022,15,2022-12-18,DAL,0.04509885212197209,0.11629362891315408,74,0.12561396011768192,-0.13826646151633032,70.6
2022_16_PHI_DAL,2022,16,2022-12-24,DAL,0.05850605118043011,0.04171380488398199,70,0.13313270303576583,-0.16141899040181512,69.6
2022_17_DAL_TEN,2022,17,2022-12-29,DAL,0.0022969097941889084,-0.16398711312247952,74,0.08702551445547478,-0.07915172249253229,69.6
2022_18_DAL_WAS,2022,18,2023-01-08,DAL,-0.48184338974092633,-0.19370374138977525,66,0.0590115632622845,-0.09813091703594448,70.8
2023_01_DAL_NYG,2023,1,2023-09-10,DAL,0.05990976477124927,-0.46106273078249926,55,-0.08007278219010983,-0.07721981709784512,70.8
2023_02_NYJ_DAL,2023,2,2023-09-17,DAL,0.05701604152446409,-0.5825553219001613,80,-0.06320636237461723,-0.13214923029952358,67.8
2023_03_DAL_ARI,2023,3,2023-09-24,DAL,0.0620664877643527,0.21866413959703226,75,-0.06082292449411882,-0.2719190204621867,69.0
2023_04_NE_DAL,2023,4,2023-10-01,DAL,0.11402779287118242,-0.47803653429437815,66,-0.06011083717733431,-0.23652895351957662,70.0
2023_05_DAL_SF,2023,5,2023-10-08,DAL,-0.4466797269752926,0.20159002192844072,48,-0.0377646605619356,-0.29933883775395637,68.4
2023_06_DAL_LAC,2023,6,2023-10-16,DAL,0.07469932552948622,-0.10898622999978357,59,-0.030731928008808862,-0.22028008509031313,64.8
2023_08_LA_DAL,2023,8,2023-10-29,DAL,0.1629830778515587,-0.15677518819022376,60,-0.027774015857161473,-0.14986478493377,65.6
2023_09_DAL_PHI,2023,9,2023-11-05,DAL,0.1207983331152977,0.1935425420435761,70,-0.006580608591742554,-0.06470875819178248,61.6
2023_10_NYG_DAL,2023,10,2023-11-12,DAL,0.30986557386284785,-0.25041148977120076,76,0.005165760478446446,-0.06973307770247372,60.6
2023_11_DAL_CAR,2023,11,2023-11-19,DAL,0.18181384805329623,-0.2955619702480339,65,0.04433331667677953,-0.024208068797838232,62.6
2023_12_WAS_DAL,2023,12,2023-11-23,DAL,0.4576479048020379,-0.22685714284017877,51,0.1700320316824973,-0.12363846723313317,66.0
2023_13_SEA_DAL,2023,13,2023-11-30,DAL,0.17725046138628708,0.1319885657045118,78,0.24662174753700766,-0.1472126498012122,64.4
2023_14_PHI_DAL,2023,14,2023-12-10,DAL,0.03769751544824359,-0.17774963431662213,74,0.2494752242439533,-0.08945989902226507,68.0
2023_15_DAL_BUF,2023,15,2023-12-17,DAL,-0.0941812861989965,0.18652302219143793,57,0.2328550607105425,-0.16371833429430474,68.8
2023_16_DAL_MIA,2023,16,2023-12-24,DAL,0.06010501517054035,0.035878146083775035,60,0.15204568869817361,-0.076331431901777,65.0
2023_17_DET_DAL,2023,17,2023-12-30,DAL,-0.04094774382396881,-0.04500411851193409,61,0.12770392212162246,-0.010043408635415214,64.0
2023_18_DAL_WAS,2023,18,2024-01-07,DAL,0.36375239115700453,-0.29947396023535133,69,0.02798479239642112,0.026327196230233725,66.0
2024_01_DAL_CLE,2024,1,2024-09-08,DAL,-0.11094499589713286,-0.2718643898194257,59,0.0652851783505646,-0.059965308957738904,64.2
2024_02_NO_DAL,2024,2,2024-09-15,DAL,-0.17185714665842478,0.46125246332746656,65,0.035556676081489325,-0.07878826005829961,61.2
2024_03_BAL_DAL,2024,3,2024-09-22,DAL,0.0061805209034083465,0.37345552815082994,72,0.020021503989603673,-0.02384237183109388,62.8
2024_04_DAL_NYG,2024,4,2024-09-26,DAL,0.20791502489900995,-0.04494051165357972,50,0.009236605136177268,0.043673104582317095,65.2
2024_05_DAL_PIT,2024,5,2024-10-06,DAL,0.1131753628813,0.04542422653076469,75,0.05900915888077303,0.043685825953987976,63.0
2024_06_DET_DAL,2024,6,2024-10-13,DAL,-0.545867239277654,0.3739155748950122,65,0.008893753225632118,0.1126654633072112,64.2
2024_08_DAL_SF,2024,8,2024-10-27,DAL,-0.017973590718526295,0.2514795341508654,58,-0.07809069545047212,0.2418214562500988,65.4
2024_09_DAL_ATL,2024,9,2024-11-03,DAL,-0.006381509031356178,0.10899376716433713,74,-0.04731398426249242,0.19986687041477852,64.0
2024_10_PHI_DAL,2024,10,2024-11-10,DAL,-0.7085975825744606,-0.05011665815093853,56,-0.049826390249445324,0.14697451821747995,64.4
2024_11_HOU_DAL,2024,11,2024-11-18,DAL,-0.3053468709088249,0.1938374301101505,79,-0.23312891174413944,0.1459392889180082,65.6
2024_12_DAL_WAS,2024,12,2024-11-24,DAL,-0.05523064933276668,-0.029198595789597975,61,-0.31683335850216443,0.17562192963388534,66.4
2024_13_NYG_DAL,2024,13,2024-11-28,DAL,-0.14145098609861034,-0.22846491891259044,66,-0.21870604051318693,0.09499909549696332,65.6
2024_14_CIN_DAL,2024,14,2024-12-09,DAL,-0.01648346478238886,0.15660042494561535,59,-0.24340151958920378,-0.0009897951157278374,67.2
2024_15_DAL_CAR,2024,15,2024-12-15,DAL,0.20379833957529075,-0.32890248268144207,68,-0.2454219107394103,0.008531536440527806,64.2
2024_16_TB_DAL,2024,16,2024-12-22,DAL,0.01339712979400351,0.08336109182054098,53,-0.06294272630946003,-0.0472256284655729,66.6
2024_17_DAL_PHI,2024,17,2024-12-29,DAL,-0.30404382732854834,0.27142536211391144,60,0.0008060738311056581,-0.06932089612349482,61.4
2024_18_WAS_DAL,2024,18,2025-01-05,DAL,-0.04375298736429032,0.08709049513575884,75,-0.048956561768050674,-0.009196104542792927,61.2
2025_01_DAL_PHI,2025,1,2025-09-04,DAL,0.035278117869239026,0.1604501459603092,55,-0.029416962021186672,0.053914978266876926,63.0
2025_02_NYG_DAL,2025,2,2025-09-14,DAL,0.1336964227637165,0.221682736722675,83,-0.0190646454908611,0.0546849224698157,62.2
2025_03_DAL_CHI,2025,3,2025-09-21,DAL,-0.039522151250425616,0.3017187412359374,68,-0.03308502885317595,0.16480196635063912,65.2
2025_04_GB_DAL,2025,4,2025-09-28,DAL,0.3580656074350035,0.34132966512021595,67,-0.04366888506206178,0.20847349623371839,68.2
2025_05_DAL_NYJ,2025,5,2025-10-05,DAL,0.3599104924790044,0.011919381357202824,56,0.08875300189064858,0.22245435683497933,69.6
2025_06_DAL_CAR,2025,6,2025-10-12,DAL,0.17961180428658052,0.1593848109816331,52,0.16948569785930753,0.20742013407926807,65.8
2025_07_WAS_DAL,2025,7,2025-10-19,DAL,0.09817092506242014,-0.22131152660881342,60,0.19835243514277584,0.20720706708353287,65.2
2025_08_DAL_DEN,2025,8,2025-10-26,DAL,0.056690743149447914,0.36623185623243476,68,0.19124733560251655,0.11860821441723517,60.6
2025_09_ARI_DAL,2025,9,2025-11-03,DAL,-0.11113330770290628,0.11332130881309921,64,0.21048991448249127,0.13151083741653466,60.6
2025_11_DAL_LV,2025,11,2025-11-17,DAL,0.13367651452533807,-0.21752597249338235,61,0.11665013145490932,0.08590916615511132,60.0
2025_12_PHI_DAL,2025,12,2025-11-23,DAL,-0.021556584924375653,0.06195237126258659,65,0.07140333586417605,0.04002009538499428,61.0
2025_13_KC_DAL,2025,13,2025-11-27,DAL,0.23159094574665268,0.24995369634610445,63,0.03116965802198482,0.02053360744118498,63.6
2025_14_DAL_DET,2025,14,2025-12-04,DAL,-0.01346204976070817,0.3332461341799719,77,0.05785366215883132,0.11478665203216856,64.2
2025_15_MIN_DAL,2025,15,2025-12-14,DAL,0.1113029115772439,0.22620073394569767,69,0.04382310357680011,0.10818950762167598,66.0
2025_16_LAC_DAL,2025,16,2025-12-21,DAL,0.03422700168266081,0.4464467190914071,56,0.08831034743283014,0.13076539264819567,67.0
2025_17_DAL_WAS,2025,17,2025-12-25,DAL,0.2127832348644801,0.19653274427039732,87,0.06842044486429469,0.26355993096515357,66.0
2025_18_DAL_NYG,2025,18,2026-01-04,DAL,-0.12970593135882458,0.13465806505958802,53,0.11528840882206585,0.2904760055667157,70.4
2026_01_DAL_NYG,2026,1,2026-09-13,DAL,0.22067005183914892,0.36887921085939385,52,0.04302903340097038,0.2674168793094124,68.4
2016_01_CAR_DEN,2016,1,2016-09-08,DEN,0.002588532600467178,0.03866157227857544,55,,,
2016_02_IND_DEN,2016,2,2016-09-18,DEN,0.008108160667536795,-0.2053573301589615,66,,,
2016_03_DEN_CIN,2016,3,2016-09-25,DEN,0.08861765160866655,-0.027592359931274155,60,,,
2016_04_DEN_TB,2016,4,2016-10-02,DEN,0.03092740623338478,-0.3942288146873649,64,0.03310478162555684,-0.06476270593722007,60.333333333333336
2016_05_ATL_DEN,2016,5,2016-10-09,DEN,-0.037874130257554366,0.07889709161230066,64,0.03256043777751383,-0.1471292331247563,61.25
2016_06_DEN_SD,2016,6,2016-10-13,DEN,-0.11695387032923667,-0.08248760583416556,68,0.01847352417050019,-0.1019239681773449,61.8
2016_07_HOU_DEN,2016,7,2016-10-24,DEN,0.0979734581864206,-0.26386734658301,59,-0.005434956415440581,-0.1261538037998931,64.4
2016_08_SD_DEN,2016,8,2016-10-30,DEN,-0.24322604615134222,-0.2855251816254836,62,0.01253810308833618,-0.1378558070847028,63.0
2016_09_DEN_OAK,2016,9,2016-11-06,DEN,-0.1072256228201288,0.061228785610727594,51,-0.05383063646366557,-0.1894423714235447,63.4
2016_10_DEN_NO,2016,10,2016-11-13,DEN,-0.03161854527017922,-0.16780044058095536,81,-0.0814612422743683,-0.09835085136392618,60.8
2016_12_KC_DEN,2016,12,2016-11-27,DEN,0.139935979571667,-0.06911817847843478,76,-0.08021012527689327,-0.1476903578025774,64.2
2016_13_DEN_JAX,2016,13,2016-12-04,DEN,-0.28416347307994577,-0.35935211368431924,54,-0.028832155296712535,-0.14501647233143122,65.8
2016_14_DEN_TEN,2016,14,2016-12-11,DEN,-0.12531227712021287,-0.08271162305583944,64,-0.1052595415499858,-0.1641134257516931,64.8
2016_15_NE_DEN,2016,15,2016-12-18,DEN,-0.3225634905006419,-0.07478354555656425,61,-0.08167678774375994,-0.12355071403776426,65.2
2016_16_DEN_KC,2016,16,2016-12-25,DEN,-0.2561928307399415,0.17535609256654905,57,-0.12474436127986258,-0.15075318027122261,67.2
2016_17_OAK_DEN,2016,17,2017-01-01,DEN,-0.04239977431400255,-0.5099213860267591,65,-0.16965921837381504,-0.08212187364172174,62.4
2017_01_LAC_DEN,2017,1,2017-09-11,DEN,-0.0077901433759304155,-0.06967811300344962,67,-0.2061263691509489,-0.1702825151513866,60.2
2017_02_DAL_DEN,2017,2,2017-09-17,DEN,0.07579946305690452,-0.3447378533494999,72,-0.15085170321014585,-0.11234771501521265,62.8
2017_03_DEN_BUF,2017,3,2017-09-24,DEN,-0.08369628583854358,-0.03058604702683859,66,-0.11062935517472239,-0.16475296107394474,64.4
2017_04_OAK_DEN,2017,4,2017-10-01,DEN,-0.043902930214474924,-0.25288442482138096,59,-0.06285591424230272,-0.15591346136799963,65.4
2017_06_NYG_DEN,2017,6,2017-10-15,DEN,-0.2716777206343898,-0.0531959207892999,73,-0.0203979341372094,-0.2415615648455856,65.8
2017_07_DEN_LAC,2017,7,2017-10-22,DEN,-0.36925196083917644,-0.13006736763160337,59,-0.06625352340128685,-0.15021647179809378,67.4
2017_08_DEN_KC,2017,8,2017-10-30,DEN,-0.2193291433409386,-0.29425034486292234,71,-0.13854588689393604,-0.16229432272372452,65.8
2017_09_DEN_PHI,2017,9,2017-11-05,DEN,-0.23506299567169936,0.17492507303554367,60,-0.19757160817350466,-0.15219682102640902,65.6
2017_10_NE_DEN,2017,10,2017-11-12,DEN,-0.013084178467373182,0.16168588774343096,60,-0.22784495014013584,-0.11109459701393258,64.4
2017_11_CIN_DEN,2017,11,2017-11-19,DEN,-0.18364422263626445,-0.06970593182246804,79,-0.2216811997907155,-0.02818053450097019,64.6
2017_12_DEN_OAK,2017,12,2017-11-26,DEN,-0.1483132527475327,0.02047808237342626,57,-0.2040745001910904,-0.031482536707603814,65.8
2017_13_DEN_MIA,2017,13,2017-12-03,DEN,-0.43991874238080175,-0.2705174061204372,68,-0.1598867585727617,-0.001373446706597891,65.4
2017_14_NYJ_DEN,2017,14,2017-12-10,DEN,-0.06755116442671444,-0.5505147622551452,67,-0.20400467838073433,0.0033731410418991413,64.8
2017_15_DEN_IND,2017,15,2017-12-14,DEN,0.21752735199626957,-0.08337317877292165,74,-0.17050231213173733,-0.14171482601623864,66.2
2017_16_DEN_WAS,2017,16,2017-12-24,DEN,-0.22973855067776233,-0.028106772362853,71,-0.12438000603900876,-0.19072663931950914,69.0
2017_17_KC_DEN,2017,17,2017-12-31,DEN,-0.10762234565730858,0.0027318288288059184,65,-0.13359887164730835,-0.18240680742758617,67.4
2018_01_SEA_DEN,2018,1,2018-09-09,DEN,-0.10926794875487672,-0.06927160718653398,72,-0.1254606902292635,-0.18595605813651023,69.0
2018_02_OAK_DEN,2018,2,2018-09-16,DEN,0.09275549515019284,0.09303030638627009,64,-0.05933053150407852,-0.14570689834972958,69.8
2018_03_DEN_BAL,2018,3,2018-09-23,DEN,-0.08594884473799927,0.06369147766560358,61,-0.027269199588697068,-0.016997884621446524,69.2
2018_04_KC_DEN,2018,4,2018-10-01,DEN,0.040016773616441396,0.2508694252621161,59,-0.08796443893555084,0.012415046666258523,66.6
2018_05_DEN_NYJ,2018,5,2018-10-07,DEN,-0.04238234217272001,0.16218426688240437,73,-0.03401337407671009,0.06821028619125233,64.2
2018_06_LA_DEN,2018,6,2018-10-14,DEN,-0.007147456202188797,0.17694246146980688,59,-0.020965373379792374,0.10010077380197202,65.8
2018_07_DEN_ARI,2018,7,2018-10-18,DEN,0.04957182081181059,-0.6443177252405144,52,-0.0005412748692547903,0.1493435875332402,63.2
2018_08_DEN_KC,2018,8,2018-10-28,DEN,0.050329851545947456,0.1503383842128743,70,-0.00917800973693124,0.0018739812078832686,60.8
2018_09_HOU_DEN,2018,9,2018-11-04,DEN,-0.01640322175773526,0.024350402899168164,64,0.018077729519858105,0.019203362517337418,62.6
2018_11_DEN_LAC,2018,11,2018-11-18,DEN,0.09881819187649167,0.12265355031486609,52,0.006793730445022773,-0.026100441955252164,63.6
2018_12_PIT_DEN,2018,12,2018-11-25,DEN,0.10220931006375417,0.04593596980444677,50,0.035033837254865106,-0.034006585268759826,59.4
2018_13_DEN_CIN,2018,13,2018-12-02,DEN,0.057530018721379146,-0.18065983170373368,56,0.056905190508053705,-0.060207883601831845,57.6
2018_14_DEN_SF,2018,14,2018-12-09,DEN,-0.10330718952838132,0.05341493048301137,70,0.05849683008996741,0.03252369510552432,58.4
2018_15_CLE_DEN,2018,15,2018-12-15,DEN,-0.08626010201618983,-0.08645314607557993,68,0.027769421875101657,0.013139004359551731,58.4
2018_16_DEN_OAK,2018,16,2018-12-24,DEN,0.005198503763357445,0.05181893890777956,62,0.013798045823410742,-0.00902170543539789,59.2
2018_17_LAC_DEN,2018,17,2018-12-30,DEN,-0.24345562904983944,-0.19334943057641932,75,-0.004925891799216102,-0.023188627716815197,61.2
2019_01_DEN_OAK,2019,1,2019-09-09,DEN,0.12802931741639628,0.3091336346526406,57,-0.07405887962193483,-0.07104570779298842,66.2
2019_02_CHI_DEN,2019,2,2019-09-15,DEN,0.044482931971884104,0.021766019783829398,77,-0.0599590198829314,0.026912985478286446,66.4
2019_03_DEN_GB,2019,3,2019-09-22,DEN,-0.1101014736900601,0.1639860018542353,72,-0.030400995582878315,0.020583203338450047,67.8
2019_04_JAX_DEN,2019,4,2019-09-29,DEN,0.04337700747999835,0.16643630139496493,53,-0.03516926991765237,0.0706710329244131,68.6
2019_05_DEN_LAC,2019,5,2019-10-06,DEN,0.01120796916441323,-0.3762654245007134,54,-0.02753356917432419,0.09359450542185017,66.8
2019_06_TEN_DEN,2019,6,2019-10-13,DEN,-0.15674348341445898,-0.4043179626698743,57,0.023399150468526343,0.05701130663699135,62.6
2019_07_KC_DEN,2019,7,2019-10-17,DEN,-0.39631850862391094,-0.008648531551967048,65,-0.033555409697644714,-0.08567901282751161,62.6
2019_08_DEN_IND,2019,8,2019-10-27,DEN,-0.1333583879691808,-0.10581966421295326,63,-0.12171569781680372,-0.0917619230946709,60.2
2019_09_CLE_DEN,2019,9,2019-11-03,DEN,0.03179649843579614,-0.03090803407389,40,-0.12636708067262786,-0.1457230563081086,58.4
2019_11_DEN_MIN,2019,11,2019-11-17,DEN,-0.05750933340918285,0.05845199023660714,75,-0.1286831824814683,-0.1851919234018796,55.8
2019_12_DEN_BUF,2019,12,2019-11-24,DEN,-0.3342467670780721,0.08748441928282605,46,-0.1424266429961875,-0.0982484404544155,60.0
2019_13_LAC_DEN,2019,13,2019-12-01,DEN,-0.20184433151073483,0.009601346029961783,53,-0.17792729972891014,0.00011203593612456597,57.8
2019_14_DEN_HOU,2019,14,2019-12-08,DEN,0.2539956578638918,-0.05935331747712829,54,-0.13903246430627492,0.0037620114525103317,55.4
2019_15_DEN_KC,2019,15,2019-12-15,DEN,-0.261961510856433,0.1325960183682308,57,-0.06156165513966041,0.013055280799675323,53.6
2019_16_DET_DEN,2019,16,2019-12-22,DEN,0.15630505700815342,-0.09127939568833192,65,-0.12031325699810622,0.04575609128809948,57.0
2019_17_OAK_DEN,2019,17,2019-12-29,DEN,-0.12069033684195339,-0.025045418140956142,56,-0.07755037891463896,0.01580981410311167,55.0
2020_01_TEN_DEN,2020,1,2020-09-14,DEN,-0.08486242919481533,0.10477121353774073,59,-0.034839092867415225,-0.006696153381644766,57.0
2020_02_DEN_PIT,2020,2,2020-09-20,DEN,-0.18688301567662027,-0.10650966754307342,73,-0.011442712404231326,0.012337820119911021,58.2
2020_03_TB_DEN,2020,3,2020-09-27,DEN,-0.2754607967487799,0.18960277854785165,59,-0.09961844711233374,0.0029065501067219975,62.0
2020_04_DEN_NYJ,2020,4,2020-10-01,DEN,0.03974337072853195,-0.17590531027997625,58,-0.10231830429080313,0.01430790214264617,62.4
2020_06_DEN_NE,2020,6,2020-10-18,DEN,-0.1346967822144617,-0.2779803239362581,60,-0.12563064154672743,-0.0026172807756826956,61.0
2020_07_KC_DEN,2020,7,2020-10-25,DEN,-0.2524840593766838,0.06380428688493332,76,-0.1284319306212291,-0.05320426193474309,61.8
2020_08_LAC_DEN,2020,8,2020-11-01,DEN,0.08104253717008608,0.0363852897336745,57,-0.16195625665760277,-0.06139764726530457,65.2
2020_09_DEN_ATL,2020,9,2020-11-08,DEN,-0.03327703981978868,0.06360149411086485,71,-0.10837114608826148,-0.03281865580995499,62.0
2020_10_DEN_LV,2020,10,2020-11-15,DEN,-0.31697454543055575,0.09938031274950952,69,-0.059934394702463256,-0.05801891269735234,64.4
2020_11_MIA_DEN,2020,11,2020-11-22,DEN,-0.041808853455494815,-0.1635235281151205,63,-0.1312779779342808,-0.002961788091455192,66.6
2020_12_NO_DEN,2020,12,2020-11-29,DEN,-0.7204442357841583,0.04814021216031759,43,-0.11270039218248742,0.019929571072772333,67.2
2020_13_DEN_KC,2020,13,2020-12-06,DEN,0.09115859362226858,0.16667157757836842,62,-0.2062924274639823,0.01679675612784918,60.6
2020_14_DEN_CAR,2020,14,2020-12-13,DEN,0.1471415199508317,0.058599385537695184,56,-0.20426921617354582,0.042854013696787964,61.6
2020_15_BUF_DEN,2020,15,2020-12-19,DEN,-0.13229770042731595,0.49841419908164714,63,-0.16818550421942174,0.04185359198215403,58.6
2020_16_DEN_LAC,2020,16,2020-12-27,DEN,0.019983779945491522,-0.021540115001261698,76,-0.13125013521877377,0.12166036924858155,57.4
2020_17_LV_DEN,2020,17,2021-01-03,DEN,-0.003463652404260689,0.06658627340653038,76,-0.11889160853857653,0.1500570518713533,60.0
2021_01_DEN_NYG,2021,1,2021-09-12,DEN,0.2814392715579317,-0.02885460048472803,66,0.024504508137403007,0.15374626412059586,66.6
2021_02_DEN_JAX,2021,2,2021-09-19,DEN,0.14256751813019566,-0.2524367130939683,65,0.06256064372453563,0.11464102850797657,67.4
2021_03_NYJ_DEN,2021,3,2021-09-26,DEN,-0.013923802685077879,-0.5111708539858777,63,0.06164584336040842,0.05243380878164389,69.2
2021_04_BAL_DEN,2021,4,2021-10-03,DEN,-0.22052666170165433,0.10186727747655329,59,0.08532062290885603,-0.1494832018318611,69.2
2021_05_DEN_PIT,2021,5,2021-10-10,DEN,0.13376691172459967,0.13755812033205791,59,0.037218534579426865,-0.12480172333629806,65.8
2021_06_LV_DEN,2021,6,2021-10-17,DEN,-0.00159803336864052,0.3240670745443467,77,0.06466464740519894,-0.11060735395119256,62.4
2021_07_DEN_CLE,2021,7,2021-10-21,DEN,0.1103138660213777,0.23307190003902997,49,0.008057186419884496,-0.04002301894537762,64.6
2021_08_WAS_DEN,2021,8,2021-10-31,DEN,0.0788655275234174,-0.016823939656422638,51,0.0016064559981209038,0.05707870368122203,61.4
2021_09_DEN_DAL,2021,9,2021-11-07,DEN,0.16299446744162088,-0.16089762838890428,72,0.020164322039819958,0.15594808654711304,59.0
2021_10_PHI_DEN,2021,10,2021-11-14,DEN,-0.2609554527726676,0.13432296041797542,55,0.096868547868475,0.1033951053740215,61.6
2021_12_LAC_DEN,2021,12,2021-11-28,DEN,0.12325699759847403,-0.006008898560294005,57,0.017924074969021552,0.10274807339120502,60.8
2021_13_DEN_KC,2021,13,2021-12-05,DEN,-0.13518888044328747,-0.04009537379795362,73,0.04289508116244446,0.03673287877027688,56.8
2021_14_DET_DEN,2021,14,2021-12-12,DEN,0.2547231132540709,-0.13153495619899333,65,-0.006205468130488575,-0.01790057599711984,61.6
2021_15_CIN_DEN,2021,15,2021-12-19,DEN,-0.15889792655568663,-0.03429386838676484,71,0.02896604901564212,-0.04084277930563398,64.4
2021_16_DEN_LV,2021,16,2021-12-26,DEN,-0.25370086553373816,-0.09209659586536037,40,-0.03541242978381938,-0.015522027305206087,64.2
2021_17_DEN_LAC,2021,17,2022-01-02,DEN,-0.1361620506536419,0.14474953871583662,56,-0.0339615123360335,-0.06080593856187324,61.2
2021_18_KC_DEN,2021,18,2022-01-08,DEN,0.03834095034296506,0.23807392279014358,54,-0.08584532198645668,-0.03065425110664712,61.0
2022_01_DEN_SEA,2022,1,2022-09-12,DEN,0.08402912304516558,0.02016844452216138,64,-0.05113935582920619,0.02497960821097232,57.2
2022_02_HOU_DEN,2022,2,2022-09-18,DEN,-0.02032820669429555,-0.18178279347663764,64,-0.08527815387098722,0.055320288355203265,57.0
2022_03_SF_DEN,2022,3,2022-09-25,DEN,-0.2452642480312272,-0.3027737840938032,68,-0.057564209898709015,0.025822503337228703,55.6
2022_04_DEN_LV,2022,4,2022-10-02,DEN,-0.19114176568291388,0.038283962027958765,48,-0.05587688639820683,-0.01631293430845986,61.2
2022_05_IND_DEN,2022,5,2022-10-06,DEN,-0.2108313875361938,-0.20383723911985088,69,-0.06687282940406122,-0.037606049646035436,59.6
2022_06_DEN_LAC,2022,6,2022-10-17,DEN,-0.1531967602636637,-0.16049899732753822,55,-0.11670729697989299,-0.1259882820280343,62.6
2022_07_NYJ_DEN,2022,7,2022-10-23,DEN,-0.1639983559470916,-0.1398048411953912,75,-0.16415247364165886,-0.16212177039797424,60.8
2022_08_DEN_JAX,2022,8,2022-10-30,DEN,0.019854937842076956,-0.09790961897111976,60,-0.19288650349221806,-0.15372617994172494,63.0
2022_10_DEN_TEN,2022,10,2022-11-13,DEN,-0.12511718800830998,-0.08458143977035677,72,-0.13986266631755723,-0.11275334691718826,61.4
2022_11_LV_DEN,2022,11,2022-11-20,DEN,-0.008018786378357208,0.1041000490288671,62,-0.12665775078263644,-0.13732642727685138,66.2
2022_12_DEN_CAR,2022,12,2022-11-27,DEN,-0.2672756104846915,0.08300223560131129,57,-0.08609523055106913,-0.07573896964710777,64.8
2022_13_DEN_BAL,2022,13,2022-12-04,DEN,-0.13513205603114192,-0.1408562717046562,52,-0.1089110005952747,-0.027038723061337876,65.2
2022_14_KC_DEN,2022,14,2022-12-11,DEN,-0.09618350547616897,0.10113150482661584,69,-0.10313774061208476,-0.02724900916319088,60.6
2022_15_ARI_DEN,2022,15,2022-12-18,DEN,-0.04938370983903905,-0.3045540370995941,65,-0.12634542927573394,0.01255921559635624,62.4
2022_16_DEN_LA,2022,16,2022-12-25,DEN,-0.276816499075784,0.2852962504037929,62,-0.11119873364187975,-0.03143530386949123,61.0
2022_17_DEN_KC,2022,17,2023-01-01,DEN,-0.16420802877749066,0.09311413527455051,66,-0.1649582761813651,0.004803936405493936,61.0
2022_18_LAC_DEN,2022,18,2023-01-08,DEN,0.1468593584552456,0.052540836182359926,62,-0.14434475983992495,0.00682631634014178,62.8
2023_01_LV_DEN,2023,1,2023-09-10,DEN,-0.001719002457807956,0.16965524770417809,57,-0.08794647694264744,0.04550573791754501,64.8
2023_02_WAS_DEN,2023,2,2023-09-17,DEN,0.13379707953209882,0.20104891914814982,62,-0.06905357633897524,0.05921048649305745,62.4
2023_03_DEN_MIA,2023,3,2023-09-24,DEN,-0.2650026304960414,0.6579030373695007,59,-0.03241741846474766,0.16033107774260624,61.8
2023_04_DEN_CHI,2023,4,2023-10-01,DEN,0.34916502305484104,0.09795688592047165,47,-0.030054644748799143,0.2348524351357478,61.2
2023_05_NYJ_DEN,2023,5,2023-10-08,DEN,-0.2195638008167636,0.0026162901329110744,57,0.07261996561766719,0.235820985264932,57.4
2023_06_DEN_KC,2023,6,2023-10-12,DEN,-0.32045556066353803,-0.028222415461649348,50,-0.0006646662367346346,0.22583607605504227,56.4
2023_07_GB_DEN,2023,7,2023-10-22,DEN,0.09175026847599346,0.13404030894681157,55,-0.06441197787788064,0.18626054342187676,55.0
2023_08_KC_DEN,2023,8,2023-10-29,DEN,-0.06809205644140363,-0.31730959146784127,65,-0.07282134008910172,0.1728588213816091,53.6
2023_10_DEN_BUF,2023,10,2023-11-13,DEN,-0.0028946404316210787,-0.06321615949937336,69,-0.03343922527817415,-0.02218370438585928,54.8
2023_11_MIN_DEN,2023,11,2023-11-19,DEN,-0.04192191331935346,-0.020245780253000063,52,-0.1038511579754666,-0.05441831346982828,59.2
2023_12_CLE_DEN,2023,12,2023-11-26,DEN,-0.02734540571490806,-0.282240643440032,58,-0.06832278047598456,-0.05899072754701051,58.2
2023_13_DEN_HOU,2023,13,2023-12-03,DEN,-0.21624920646151283,-0.05417149325648754,58,-0.009700749486258552,-0.10979437314268706,59.8
2023_14_DEN_LAC,2023,14,2023-12-10,DEN,-0.049338054764946834,-0.4709905661927508,63,-0.0713006444737598,-0.14743673358334686,60.4
2023_15_DEN_DET,2023,15,2023-12-16,DEN,-0.12823080004490606,0.3300605802323844,61,-0.06754984413846846,-0.17817292852832878,60.0
2023_16_NE_DEN,2023,16,2023-12-24,DEN,-0.0927063026174402,-0.075355792689227,66,-0.09261707606112544,-0.09951758058197724,58.4
2023_17_LAC_DEN,2023,17,2023-12-31,DEN,-0.04792571554313115,-0.13745865296574925,65,-0.1027739539207428,-0.11053958306922262,61.2
2023_18_DEN_LV,2023,18,2024-01-07,DEN,-0.04480246394463205,0.1313363616128299,58,-0.1068900158863874,-0.08158318497436606,62.6
2024_01_DEN_SEA,2024,1,2024-09-08,DEN,-0.31107731981348746,-0.07988829853523001,69,-0.07260066738301127,-0.044481614000502566,62.6
2024_02_PIT_DEN,2024,2,2024-09-15,DEN,-0.24311708793496725,-0.12062742783946155,56,-0.12494852039271938,0.033738839531001596,63.8
2024_03_DEN_TB,2024,3,2024-09-22,DEN,0.08453726114317775,-0.3762474080342924,63,-0.14792577797073164,-0.056398762083367596,62.8
2024_04_DEN_NYJ,2024,4,2024-09-29,DEN,-0.2849217022748518,-0.2848093851252036,54,-0.11247706521860805,-0.11657708515238067,62.2
2024_05_LV_DEN,2024,5,2024-10-06,DEN,0.06907282755617089,-0.19881104357030954,54,-0.1598762625649522,-0.14604723158427152,60.0
2024_06_LAC_DEN,2024,6,2024-10-13,DEN,-0.061207421118328366,0.0855428782859012,54,-0.13710120426479158,-0.21207671262089942,59.2
2024_07_DEN_NO,2024,7,2024-10-17,DEN,0.12467548633453077,-0.35659801101483213,59,-0.08712722452575976,-0.1789904772566732,56.2
2024_08_CAR_DEN,2024,8,2024-10-27,DEN,0.035369763308217825,-0.145657219136289,71,-0.013568709671860153,-0.22618459389174733,56.8
2024_09_DEN_BAL,2024,9,2024-11-03,DEN,-0.1608216498616676,0.415576015253066,67,-0.023402209238852136,-0.18006655611214664,58.4
2024_10_DEN_KC,2024,10,2024-11-10,DEN,0.0728355631619704,0.0032262246740598377,55,0.0014178012437847053,-0.03998947603649272,61.0
2024_11_ATL_DEN,2024,11,2024-11-17,DEN,0.37719540593009715,-0.27390878263394286,60,0.0021703483649446074,0.0004179776123811545,61.2
2024_12_DEN_LV,2024,12,2024-11-24,DEN,0.03901947515956488,-0.21208234212914084,65,0.0898509137746297,-0.07147235457158765,62.4
2024_13_CLE_DEN,2024,13,2024-12-02,DEN,0.06892106307396875,-0.06116876458693555,59,0.07271971153963654,-0.0425692207944494,63.6
2024_15_IND_DEN,2024,15,2024-12-15,DEN,-0.3143748995556868,-0.45204005983084017,58,0.07942997149278672,-0.025671529884578707,61.2
2024_16_DEN_LAC,2024,16,2024-12-19,DEN,0.19349572844943194,0.21883563000886758,63,0.04871932155398286,-0.19919474490135994,59.4
2024_17_DEN_CIN,2024,17,2024-12-28,DEN,0.17167536599955877,0.14198116660070267,60,0.07285135461147517,-0.1560728638343984,61.0
2024_18_KC_DEN,2024,18,2025-01-05,DEN,0.4105987242105508,-0.4489145424365575,71,0.0317473466253675,-0.0728948739874693,61.0
2025_01_TEN_DEN,2025,1,2025-09-07,DEN,-0.14790463857146785,-0.4102946305332314,69,0.10606319643556468,-0.12026131404895261,62.2
2025_02_DEN_IND,2025,2,2025-09-14,DEN,0.1918209873637272,0.1501247065006962,54,0.06269805610647737,-0.1900864872382118,64.2
2025_03_DEN_LAC,2025,3,2025-09-21,DEN,-0.04619461549997296,-0.03864487916748578,47,0.16393723349036018,-0.06965353397190452,63.4
2025_04_CIN_DEN,2025,4,2025-09-29,DEN,0.22374861138304333,-0.25636486359050425,77,0.11599916470047919,-0.1211496358071752,60.2
2025_05_DEN_PHI,2025,5,2025-10-05,DEN,0.0715268067741425,0.003161222405788644,71,0.12641381377717612,-0.20081884184541657,63.6
2025_06_DEN_NYJ,2025,6,2025-10-12,DEN,-0.08565105830495115,-0.42066146779731944,55,0.05859943028989443,-0.11040368887694733,63.6
2025_07_NYG_DEN,2025,7,2025-10-19,DEN,0.08352498809297798,0.12273264830063231,77,0.07105014634319777,-0.11247705632976497,60.8
2025_08_DAL_DEN,2025,8,2025-10-26,DEN,0.36623185623243476,0.056690743149447914,56,0.049390946489047925,-0.11795546796977774,65.4
2025_09_DEN_HOU,2025,9,2025-11-02,DEN,-0.09000114324388302,-0.14950094418954218,62,0.13187624083552946,-0.09888834350639099,67.2
2025_10_LV_DEN,2025,10,2025-11-06,DEN,-0.2522768672431431,-0.39005505442955796,55,0.0691262899101442,-0.07751555962619858,64.2
2025_11_KC_DEN,2025,11,2025-11-16,DEN,0.032746005734641585,0.04535642096272473,60,0.004365555106687092,-0.15615881499326792,61.0
2025_13_DEN_WAS,2025,13,2025-11-30,DEN,0.1828667050081609,0.07272244522995129,69,0.028044967914605635,-0.06295523724125907,62.0
2025_14_DEN_LV,2025,14,2025-12-07,DEN,0.15527519608085547,-0.05384815394599233,72,0.047913311297642217,-0.07295727785539527,60.4
2025_15_GB_DEN,2025,15,2025-12-14,DEN,0.16455615023710563,0.022322196112852005,64,0.00572197926732636,-0.09506505727448332,63.6
2025_16_JAX_DEN,2025,16,2025-12-21,DEN,-0.033010765424292064,0.08766054605876356,65,0.05663343796352409,-0.06070042921400448,64.0
2025_17_DEN_KC,2025,17,2025-12-25,DEN,0.0965345055469601,-0.1994587992753669,70,0.10048665832729428,0.034842690883659815,66.0
2025_18_LAC_DEN,2025,18,2026-01-04,DEN,-0.18474615782707252,-0.41350366559252,56,0.11324435828975798,-0.014120353163958505,68.0
2026_01_DEN_KC,2026,1,2026-09-14,DEN,-0.3438534488302752,0.1644273404200703,46,0.0397217857227113,-0.11136557532845277,65.4
2016_01_DET_IND,2016,1,2016-09-11,DET,0.40135070434747033,0.2768180501396461,63,,,
2016_02_TEN_DET,2016,2,2016-09-18,DET,0.008927595457260223,0.14492715187491076,67,,,
2016_03_DET_GB,2016,3,2016-09-25,DET,0.2270690467514891,0.28874629015773007,67,,,
2016_04_DET_CHI,2016,4,2016-10-02,DET,-0.13430166637455018,0.09519281462074894,57,0.21244911551873988,0.2368304973907623,65.66666666666667
2016_05_PHI_DET,2016,5,2016-10-09,DET,0.005766151877346835,0.14614921930099897,54,0.12576142004541735,0.20142107669825896,63.5
2016_06_LA_DET,2016,6,2016-10-16,DET,0.278987708293637,0.3244497897114012,56,0.10176236641180325,0.19036670521880697,61.6
2016_07_WAS_DET,2016,7,2016-10-23,DET,0.1665529027863934,0.09583178324457113,51,0.0772897672010366,0.19989305313315797,60.2
2016_08_DET_HOU,2016,8,2016-10-30,DET,-0.05022301093077778,-0.022548776185384076,56,0.10881482866686323,0.19007397940709006,57.0
2016_09_DET_MIN,2016,9,2016-11-06,DET,-0.1041199801158723,0.011102945501792994,61,0.05335641713040985,0.12781496613846724,54.8
2016_11_JAX_DET,2016,11,2016-11-20,DET,-0.1882076427658403,-0.22738588158908118,56,0.05939275438214544,0.11099699231467605,55.6
2016_12_MIN_DET,2016,12,2016-11-24,DET,-0.06859321564184877,-0.059956368463564995,58,0.020597995453508006,0.03628997213666001,56.0
2016_13_DET_NO,2016,13,2016-12-04,DET,0.2040141987433196,-0.1415131714227292,68,-0.04891818933358914,-0.040591259498333226,56.4
2016_14_CHI_DET,2016,14,2016-12-11,DET,-0.07377523065184222,0.06753733737758162,65,-0.0414259301422039,-0.08806025043179329,59.8
2016_15_DET_NYG,2016,15,2016-12-18,DET,-0.20245581530061746,0.014963902421617528,59,-0.04613637408641679,-0.07004302771920015,61.6
2016_16_DET_DAL,2016,16,2016-12-26,DET,0.032622326184750465,0.42162118989766056,70,-0.06580354112336581,-0.06927083633523526,61.2
2016_17_GB_DET,2016,17,2017-01-01,DET,0.14117506600656363,0.31564246919051975,64,-0.02163754733324767,0.0605305779621131,64.0
2017_01_ARI_DET,2017,1,2017-09-10,DET,-0.1380092866609023,-0.284850697220739,71,0.02031610899643481,0.13565034549293004,65.2
2017_02_DET_NYG,2017,2,2017-09-18,DET,-0.07688955501562841,-0.2588003296484451,56,-0.048088588084409564,0.10698284033332808,65.8
2017_03_ATL_DET,2017,3,2017-09-24,DET,-0.1336744717483653,-0.008076243949192957,66,-0.048711452957166806,0.04171530692812273,64.0
2017_04_DET_MIN,2017,4,2017-10-01,DET,-0.093708503884376,-0.3640975899792244,66,-0.03495518424671638,0.03710727765396064,65.4
2017_05_CAR_DET,2017,5,2017-10-08,DET,-0.18420606743914422,0.11452941869820102,56,-0.06022135026054167,-0.12003647832141637,64.6
2017_06_DET_NO,2017,6,2017-10-15,DET,-0.4025559646785352,-0.15327155990071484,76,-0.12529757694968321,-0.1602590884198801,63.0
2017_08_PIT_DET,2017,8,2017-10-29,DET,-0.07962973204375574,0.02058085119659286,69,-0.1782069125532098,-0.13394326095587528,64.0
2017_09_DET_GB,2017,9,2017-11-06,DET,0.2556055873653722,-0.05404530550701992,67,-0.1787549479588353,-0.07806702478686768,66.6
2017_10_CLE_DET,2017,10,2017-11-12,DET,0.0953040880008144,-0.09749014945100593,47,-0.10089893613608777,-0.08726083709843306,66.8
2017_11_DET_CHI,2017,11,2017-11-19,DET,0.1140072711382937,0.10057243077742382,57,-0.0630964177590497,-0.03393934899278937,63.0
2017_12_MIN_DET,2017,12,2017-11-23,DET,-0.1827100334266137,0.18686479767215616,53,-0.0034537500435621177,-0.03673074657694482,63.2
2017_13_DET_BAL,2017,13,2017-12-03,DET,-0.08820922621797903,0.11787431370132263,61,0.04051543620682218,0.03129652493762939,58.6
2017_14_DET_TB,2017,14,2017-12-10,DET,0.10793438794717365,-0.05280414525366402,62,0.03879953737197753,0.05075521743857534,57.0
2017_15_CHI_DET,2017,15,2017-12-16,DET,-0.024374863614792217,-0.05362713857426625,56,0.009265297488337817,0.051003449489246525,56.0
2017_16_DET_CIN,2017,16,2017-12-24,DET,-0.05092901749661145,0.008723576293145907,59,-0.014670492834783505,0.05977605166459445,57.8
2017_17_GB_DET,2017,17,2017-12-31,DET,0.09938077501099558,-0.3356831046881841,54,-0.047657750561764536,0.041406280767738876,58.2
2018_01_NYJ_DET,2018,1,2018-09-10,DET,-0.4118507266690905,0.12073589708518312,66,0.008760411125757322,-0.06310329970432918,58.4
2018_02_DET_SF,2018,2,2018-09-16,DET,0.08125911467334129,0.15066759062195217,73,-0.055967888964464974,-0.06253098302755708,59.4
2018_03_NE_DET,2018,3,2018-09-23,DET,0.0601972307027967,-0.2673068892441435,69,-0.06130294361923144,-0.02183663585243384,61.6
2018_04_DET_DAL,2018,4,2018-09-30,DET,0.3033841555147225,0.21013381488339516,53,-0.044388524755713664,-0.06457258598640928,64.2
2018_05_GB_DET,2018,5,2018-10-07,DET,0.0681113450873897,0.19222478934385576,56,0.026474109846553122,-0.02429053826835943,63.0
2018_07_DET_MIA,2018,7,2018-10-21,DET,0.36650183320633645,0.15482412785711805,57,0.020220223861831945,0.08129104053804855,63.4
2018_08_SEA_DET,2018,8,2018-10-28,DET,-0.021771617150599405,0.2380710930399383,56,0.17589073583691733,0.08810868669243552,61.6
2018_09_DET_MIN,2018,9,2018-11-04,DET,-0.22685713673639557,-0.10863554247989862,69,0.1552845894721292,0.10558938717603275,58.2
2018_10_DET_CHI,2018,10,2018-11-11,DET,-0.14909149168335234,0.29431881726986836,74,0.09787371598429073,0.13732365652888173,58.2
2018_11_CAR_DET,2018,11,2018-11-18,DET,0.020868926323584263,0.17511599163587377,62,0.0073785865446757744,0.15416065700617634,62.4
2018_12_CHI_DET,2018,12,2018-11-22,DET,-0.16322252578776372,-0.08388761508377597,65,-0.002069897208085312,0.15073889746457994,63.6
2018_13_LA_DET,2018,13,2018-12-02,DET,-0.2256051852082277,0.0037907531280091497,64,-0.10801476900690535,0.10299654887640113,65.2
2018_14_DET_ARI,2018,14,2018-12-09,DET,-0.20503998877927926,-0.32957346889225503,55,-0.148781482618431,0.05614048089401532,66.8
2018_15_DET_BUF,2018,15,2018-12-16,DET,0.050508983987919684,-0.013647330699548606,56,-0.14441805302700775,0.011952895611544046,64.0
2018_16_MIN_DET,2018,16,2018-12-23,DET,-0.40847552658823494,0.02608384273576607,69,-0.10449795789275333,-0.04964033398233936,60.4
2018_17_DET_GB,2018,17,2018-12-30,DET,0.2992948256648042,-0.36333446027605204,70,-0.19036684847511717,-0.0794467637623609,61.8
2019_01_DET_ARI,2019,1,2019-09-08,DET,0.03797092241164882,-0.0916371031980363,78,-0.09786337818460358,-0.1353361328008161,62.8
2019_02_LAC_DET,2019,2,2019-09-15,DET,0.005383555281319511,-0.030562898550191692,57,-0.0451481566606283,-0.1544217040660252,65.6
2019_03_DET_PHI,2019,3,2019-09-22,DET,0.05947090115176563,-0.15386729515543732,58,-0.003063447848508536,-0.09461958999761252,66.0
2019_04_KC_DET,2019,4,2019-09-29,DET,-0.09691407356059342,0.11196019751600267,73,-0.0012710644157393467,-0.12266358288879027,66.4
2019_06_DET_GB,2019,6,2019-10-14,DET,-0.0031938100461897686,-0.022595577942742712,54,0.06104122618978895,-0.10548831193274295,67.2
2019_07_MIN_DET,2019,7,2019-10-20,DET,0.16208966751767595,0.44822771253218163,68,0.0005434990475901674,-0.03734053546608109,64.0
2019_08_NYG_DET,2019,8,2019-10-27,DET,0.08199741583661839,-0.022847503095200998,59,0.025367248068795596,0.0706324276799625,62.0
2019_09_DET_OAK,2019,9,2019-11-03,DET,0.13297517553049867,0.22851466137628385,62,0.04069002017985537,0.07217550677096063,62.4
2019_10_DET_CHI,2019,10,2019-11-10,DET,-0.15640517813542928,-0.0702097902719218,73,0.05539087505560199,0.1486518980773049,63.2
2019_11_DAL_DET,2019,11,2019-11-17,DET,0.07063268674226282,0.2717282289698281,57,0.04349265414063481,0.11221790051971998,63.2
2019_12_DET_WAS,2019,12,2019-11-24,DET,-0.08964716972283557,-0.25057264830275655,71,0.058257953498325334,0.17108266190223415,63.8
2019_13_CHI_DET,2019,13,2019-11-28,DET,-0.017746826463267928,0.11261093940344498,67,0.007910586050223026,0.0313225897352465,64.4
2019_14_DET_MIN,2019,14,2019-12-08,DET,-0.22613862326503723,-0.051792712703786686,67,-0.012038262409754238,0.05841427823497569,66.0
2019_15_TB_DET,2019,15,2019-12-15,DET,-0.37031592932272445,0.2554890765765628,62,-0.08386102216886142,0.002352803418961588,67.0
2019_16_DET_DEN,2019,16,2019-12-22,DET,-0.09127939568833192,0.15630505700815342,49,-0.12664317240632045,0.0674925767886585,64.8
2019_17_GB_DET,2019,17,2019-12-29,DET,-0.14486966433217077,0.06813775224590457,56,-0.1590255888924394,0.04440794239632357,63.2
2020_01_CHI_DET,2020,1,2020-09-13,DET,-0.012796314223340476,0.11135673454970704,71,-0.17007008781430644,0.10815002250605579,60.2
2020_02_DET_GB,2020,2,2020-09-20,DET,-0.035561048633976966,0.40558799641337867,58,-0.16907998536632093,0.10789918153530823,61.0
2020_03_DET_ARI,2020,3,2020-09-27,DET,0.03197606522480413,-0.00336974730441672,62,-0.1309644704401089,0.19937532335874128,59.2
2020_04_NO_DET,2020,4,2020-10-04,DET,0.06493778802580281,0.29053200888941344,57,-0.05050607153060318,0.14760355858254537,59.2
2020_06_DET_JAX,2020,6,2020-10-18,DET,0.17364793380569324,-0.1272286275804922,67,-0.019262634787776227,0.1744489489587974,60.8
2020_07_DET_ATL,2020,7,2020-10-25,DET,0.118271407143427,0.07889136507706454,55,0.044440884839796566,0.13537567299351802,63.0
2020_08_IND_DET,2020,8,2020-11-01,DET,-0.21648740846174375,0.1898103979039824,59,0.07065442911315008,0.12888259909898953,59.8
2020_09_DET_MIN,2020,9,2020-11-08,DET,-0.09571626676261112,0.27676130007444455,73,0.03446915714759672,0.08572707939711029,60.0
2020_10_WAS_DET,2020,10,2020-11-15,DET,0.18982378725246182,0.1596215684830615,55,0.008930690750113665,0.14175328887288252,62.2
2020_11_DET_CAR,2020,11,2020-11-22,DET,-0.3791086134433133,-0.051619788842214284,54,0.03390789059544547,0.11557120079161214,61.8
2020_12_HOU_DET,2020,12,2020-11-26,DET,-0.1784684560956639,0.2880718462739492,77,-0.07664341885435584,0.1306929685392677,59.2
2020_13_DET_CHI,2020,13,2020-12-06,DET,0.2253094225638331,0.09240777013926997,65,-0.13599139150217404,0.17252906477864466,63.6
2020_14_GB_DET,2020,14,2020-12-13,DET,0.1509811894257227,0.3543763214632148,58,-0.04763202529705866,0.1530485392257022,64.8
2020_15_DET_TEN,2020,15,2020-12-20,DET,0.13296247242021575,0.4945638414822824,65,0.0017074659406081105,0.1685715435034562,61.8
2020_16_TB_DET,2020,16,2020-12-26,DET,-0.5909409568202681,0.3863285370915732,50,-0.00966479702584111,0.2355599981033004,63.8
2020_17_MIN_DET,2020,17,2021-01-03,DET,0.2774554628441959,0.33564804545995264,56,-0.05203126570123208,0.3231496632900579,63.0
2021_01_SF_DET,2021,1,2021-09-12,DET,-0.07651355117850556,0.25036841423324174,86,0.039153518086739884,0.3326649031272586,58.8
2021_02_DET_GB,2021,2,2021-09-20,DET,-0.008354596341545895,0.29684772211680466,56,-0.021211076661727845,0.36425703194605297,63.0
2021_03_BAL_DET,2021,3,2021-09-26,DET,-0.04175223127874276,0.0603679223095162,60,-0.053078233815181564,0.35275131207677096,62.6
2021_04_DET_CHI,2021,4,2021-10-03,DET,-0.050385962710403076,0.193241400079009,67,-0.08802117455497327,0.2659121282422177,61.6
2021_05_DET_MIN,2021,5,2021-10-10,DET,-0.2033547346880383,-0.0618605316911346,64,0.02008982426699975,0.22729470083970482,65.0
2021_06_CIN_DET,2021,6,2021-10-17,DET,-0.1645131698245948,0.2000213313857574,61,-0.0760722152394471,0.1477929854094874,66.6
2021_07_DET_LA,2021,7,2021-10-24,DET,0.07407556785051972,0.17747663064559543,65,-0.09367213896866494,0.13772356883999054,61.6
2021_08_PHI_DET,2021,8,2021-10-31,DET,-0.4051318638416027,0.23345888806740692,59,-0.07718610613025181,0.11384935054574867,63.4
2021_10_DET_PIT,2021,10,2021-11-14,DET,-0.10556360911934708,-0.13394759163446487,68,-0.1498620326428238,0.14846754369732684,63.2
2021_11_DET_CLE,2021,11,2021-11-21,DET,-0.2426188812510984,-0.06189812756470528,46,-0.1608975619246126,0.08302974535463206,63.4
2021_12_CHI_DET,2021,12,2021-11-25,DET,-0.033217620060572196,0.04861188399859064,45,-0.16875039123722463,0.08302222617991792,59.8
2021_13_MIN_DET,2021,13,2021-12-05,DET,-0.07310056666398353,0.04723255214735107,69,-0.1424912812844201,0.052740336702484555,56.6
2021_14_DET_DEN,2021,14,2021-12-12,DET,-0.13153495619899333,0.2547231132540709,62,-0.17192650818732075,0.026691521002835682,57.4
2021_15_ARI_DET,2021,15,2021-12-19,DET,0.04953930540346404,-0.208128337424053,62,-0.11720712665879889,0.030944366040168474,58.0
2021_16_DET_ATL,2021,16,2021-12-26,DET,0.0852605573008881,0.08358392469105386,68,-0.08618654375423665,0.016108216882250847,56.8
2021_17_DET_SEA,2021,17,2022-01-02,DET,0.03229591831613712,0.41081123794473073,60,-0.02061065604383936,0.04520462733340268,61.2
2021_18_GB_DET,2021,18,2022-01-09,DET,0.180045345270233,0.019824899323723326,58,-0.007507948368497497,0.1176444981226307,64.2
2022_01_PHI_DET,2022,1,2022-09-11,DET,0.12459697138715106,0.28102487921155195,65,0.04312123401834581,0.11216296755790514,62.0
2022_02_WAS_DET,2022,2,2022-09-18,DET,0.0594130003654971,0.050606037486533355,59,0.09434761953557469,0.11742332074940136,62.6
2022_03_DET_MIN,2022,3,2022-09-25,DET,0.0439191911278086,-0.016842021547566744,75,0.0963223585279813,0.16917019573151865,62.0
2022_04_SEA_DET,2022,4,2022-10-02,DET,0.2653960571749985,0.5991196454990413,68,0.0880540852933654,0.1490850064837945,63.4
2022_05_DET_NE,2022,5,2022-10-09,DET,-0.43640093778958544,0.07853753437950581,63,0.13467411306513768,0.1867466879946566,65.0
2022_07_DET_DAL,2022,7,2022-10-23,DET,-0.28810660438965374,0.02708318663726951,56,0.011384856453173987,0.19848921500581312,66.0
2022_08_MIA_DET,2022,8,2022-10-30,DET,0.19159991434675136,0.34675434377491426,57,-0.07115585870218696,0.14770087649095662,64.2
2022_09_GB_DET,2022,9,2022-11-06,DET,-0.12500260801900898,-0.12090744406122501,57,-0.044718475905936125,0.2069305377486328,63.8
2022_10_DET_CHI,2022,10,2022-11-13,DET,0.18299409021344312,0.07435467200515304,58,-0.07850283573529963,0.18611745324590112,60.2
2022_11_DET_NYG,2022,11,2022-11-20,DET,0.11251965154239409,-0.02195011375432719,60,-0.0949832291276107,0.08116445854712351,58.2
2022_12_BUF_DET,2022,12,2022-11-24,DET,0.03504951813059959,0.09993126165720789,68,0.014800888738785198,0.0610669289203569,57.6
2022_13_JAX_DET,2022,13,2022-12-04,DET,0.28648311036273855,-0.08870010836805088,72,0.07943211324283586,0.07563654392434457,60.0
2022_14_MIN_DET,2022,14,2022-12-11,DET,0.23169857977209327,0.059388893940018145,69,0.09840875244603331,-0.011454346504248453,63.0
2022_15_DET_NYJ,2022,15,2022-12-18,DET,0.034949241241095906,-0.06659240446396639,66,0.16974899000425375,0.02460492109600018,65.4
2022_16_DET_CAR,2022,16,2022-12-24,DET,0.06570456768536734,0.4071262296369374,62,0.1401400202097843,-0.0035844941978237068,67.0
2022_17_CHI_DET,2022,17,2023-01-01,DET,0.18656113723222065,-0.33719157792760546,67,0.13077700343837897,0.08223077448042922,67.4
2022_18_DET_GB,2022,18,2023-01-08,DET,0.15441976177239658,-0.1538169655642127,59,0.16107932725870316,-0.005193793436533456,67.2
2023_01_DET_KC,2023,1,2023-09-07,DET,0.0468169509029284,-0.14573448706096795,66,0.13466665754063478,-0.018217164875765822,64.6
2023_02_SEA_DET,2023,2,2023-09-17,DET,-0.04237972341322588,0.24343185507701826,64,0.09769033176680182,-0.059241841075963045,64.0
2023_03_ATL_DET,2023,3,2023-09-24,DET,-0.015512912315112945,-0.3364149456640255,61,0.08222453883593746,0.0027630108322338866,63.6
2023_04_DET_GB,2023,4,2023-09-28,DET,0.13784743341768332,-0.22116310497067032,72,0.06598104283584139,-0.1459452242279587,63.4
2023_05_CAR_DET,2023,5,2023-10-08,DET,0.2528485923907475,-0.07971091644127982,57,0.056238302072933934,-0.12273952963657167,64.4
2023_06_DET_TB,2023,6,2023-10-15,DET,0.1483196718672661,-0.24320047744047124,68,0.0759240681966041,-0.1079183198119851,64.0
2023_07_DET_BAL,2023,7,2023-10-22,DET,-0.15742408825353119,0.47323000159624007,73,0.09622461238947164,-0.12741151788788577,64.4
2023_08_LV_DET,2023,8,2023-10-30,DET,-0.13388248604209999,-0.5233037008166623,79,0.0732157394214106,-0.08145188858404138,66.2
2023_10_DET_LAC,2023,10,2023-11-12,DET,0.4461961206014214,0.2017408950984984,61,0.04954182467601319,-0.11882963961456876,69.8
2023_11_CHI_DET,2023,11,2023-11-19,DET,0.07415806177201666,0.018868297576275297,59,0.1112115621127608,-0.034248839600735013,67.6
2023_12_GB_DET,2023,12,2023-11-23,DET,-0.13903085603853804,0.14551286089665807,79,0.07547345598901463,-0.014532996797223991,68.0
2023_13_DET_NO,2023,13,2023-12-03,DET,0.1540256314176032,-0.03622228647652788,55,0.018003350407853797,0.06320967087020188,70.2
2023_14_DET_CHI,2023,14,2023-12-10,DET,-0.1476562321250741,0.042477918178091385,63,0.08029329434208068,-0.038680786744351714,66.6
2023_15_DEN_DET,2023,15,2023-12-16,DET,0.3300605802323844,-0.12823080004490606,64,0.07753854512548584,0.07447553705459903,63.4
2023_16_DET_MIN,2023,16,2023-12-24,DET,0.18086630287465374,0.03220929555971675,75,0.05431143705167846,0.008481198025918135,64.0
2023_17_DET_DAL,2023,17,2023-12-30,DET,-0.04500411851193409,-0.04094774382396881,65,0.07565308527220586,0.011149397622606427,67.2
2023_18_MIN_DET,2023,18,2024-01-07,DET,0.14086830735451517,-0.014632687797234593,56,0.09445843277752666,-0.02614272332151895,64.4
2024_01_LA_DET,2024,1,2024-09-08,DET,0.10577639370049975,0.043882258343161014,61,0.09182696796490905,-0.021824803585660295,64.6
2024_02_TB_DET,2024,2,2024-09-15,DET,-0.06947292027417651,-0.09997592314016007,82,0.14251349313002382,-0.021543935552646366,64.2
2024_03_DET_ARI,2024,3,2024-09-22,DET,0.044779570458393377,-0.23840536020362937,66,0.06260679302871165,-0.01589296017169717,67.8
2024_04_SEA_DET,2024,4,2024-09-30,DET,0.4577093620609958,0.08613013850663422,48,0.03538944654545957,-0.07001589132436639,66.0
2024_06_DET_DAL,2024,6,2024-10-13,DET,0.3739155748950122,-0.545867239277654,64,0.13593214266004555,-0.044600314858245796,62.6
2024_07_DET_MIN,2024,7,2024-10-20,DET,0.1309338362954333,0.05332395042410661,54,0.18254159616814497,-0.15084722515432966,64.2
2024_08_TEN_DET,2024,8,2024-10-27,DET,0.025190164359021265,-0.2904079267824836,47,0.18757308468713166,-0.14895888673814056,62.8
2024_09_DET_GB,2024,9,2024-11-03,DET,0.12663471486430303,-0.01571017553452734,52,0.2065057016137712,-0.18704528746660526,55.8
2024_10_DET_HOU,2024,10,2024-11-10,DET,-0.11832855089354422,-0.22658274712509294,63,0.22287673049495313,-0.14250625053278484,53.0
2024_11_JAX_DET,2024,11,2024-11-17,DET,0.5690215830365876,-0.3716917931648659,74,0.10766914790404514,-0.2050488276591303,56.0
2024_12_DET_IND,2024,12,2024-11-24,DET,0.1535755658409126,-0.14250006489046096,71,0.1466903495323602,-0.17021373843657267,58.0
2024_13_CHI_DET,2024,13,2024-11-28,DET,0.07395306239548231,-0.009250351456455667,69,0.15121869544145608,-0.2093785414994862,61.4
2024_14_GB_DET,2024,14,2024-12-05,DET,0.06129416761706128,0.13187831354704074,76,0.16097127504874828,-0.15314702643428058,65.8
2024_15_BUF_DET,2024,15,2024-12-15,DET,0.257717255373629,0.4799142187384701,75,0.14790316559929995,-0.12362932861796697,70.6
2024_16_DET_CHI,2024,16,2024-12-22,DET,0.32327141022115463,0.014175742925806253,64,0.22311232685273455,0.017670064554745644,73.0
2024_17_DET_SF,2024,17,2024-12-30,DET,0.38570429935289924,0.34407548521447723,67,0.173962292289648,0.09484357177288008,71.0
2024_18_MIN_DET,2024,18,2025-01-05,DET,0.014813956991596667,-0.33818842733508814,66,0.22038803899204532,0.19215868179386772,70.2
2025_01_DET_GB,2025,1,2025-09-07,DET,-0.0622777864609656,0.19962787307459212,64,0.20856021791126822,0.12637106661814124,69.6
2025_02_CHI_DET,2025,2,2025-09-14,DET,0.4094902379067139,-0.16596288634355005,58,0.18384582709566283,0.13992097852365148,67.2
2025_03_DET_BAL,2025,3,2025-09-22,DET,0.39179975683166285,0.06822748655965248,65,0.2142004236022798,0.01074555750724746,63.8
2025_04_CLE_DET,2025,4,2025-09-28,DET,-0.12780117351946355,-0.36304271292973606,54,0.22790609292438146,0.021555906234016705,64.0
2025_05_DET_CIN,2025,5,2025-10-05,DET,0.226807719230715,-0.1200700493598614,59,0.1252049983499089,-0.11986773339482595,61.4
2025_06_DET_KC,2025,6,2025-10-12,DET,0.11232516020075155,0.2675266565339692,53,0.16760375079773254,-0.0762440577997806,60.0
2025_07_TB_DET,2025,7,2025-10-20,DET,-0.12031188230506579,-0.41947932219072487,65,0.20252434013007597,-0.06266430110790518,57.8
2025_09_MIN_DET,2025,9,2025-11-02,DET,-0.007077456632856924,-0.021526931048336046,62,0.09656391608772007,-0.11336758827734014,59.2
2025_10_DET_WAS,2025,10,2025-11-09,DET,0.490552863990323,0.17317353615379832,68,0.0167884733948161,-0.13131847179893785,58.6
2025_11_DET_PHI,2025,11,2025-11-16,DET,-0.400764525954852,-0.2294467512284283,59,0.14045928089677343,-0.02407522198223098,61.4
2025_12_NYG_DET,2025,12,2025-11-23,DET,0.14838901343405755,0.11667236768513446,63,0.014944831859660012,-0.045950562355944365,61.4
2025_13_GB_DET,2025,13,2025-11-27,DET,0.03874003898290967,0.28877528950808073,60,0.02215760250632121,-0.0761214201257113,63.4
2025_14_DAL_DET,2025,14,2025-12-04,DET,0.3332461341799719,-0.01346204976070817,55,0.0539679867639163,0.06552950221404981,62.4
2025_15_DET_LA,2025,15,2025-12-14,DET,0.1559829393661675,0.1972362266317537,62,0.12203270492648206,0.06714247847157537,61.0
2025_16_PIT_DET,2025,16,2025-12-21,DET,0.10131214237048737,0.2117451658375279,68,0.05511872000165097,0.07195501656716645,59.8
2025_17_DET_MIN,2025,17,2025-12-25,DET,-0.4637179825861598,-0.2773751509675688,64,0.15553405366671885,0.1601933999803577,61.6
2025_18_DET_CHI,2025,18,2026-01-04,DET,0.14434690267100864,-0.019359930886783536,72,0.033112654462675375,0.08138389624981704,61.8
2026_01_NO_DET,2026,1,2026-09-13,DET,0.00040982694171410976,-0.03067701875351575,73,0.05423402720029515,0.01975685217084418,64.2
2016_01_GB_JAX,2016,1,2016-09-11,GB,0.1516399484195524,-0.022275759974842966,58,,,
2016_02_GB_MIN,2016,2,2016-09-18,GB,-0.18922923533091307,-0.07005359251239238,64,,,
2016_03_DET_GB,2016,3,2016-09-25,GB,0.28874629015773007,0.2270690467514891,47,,,
2016_05_NYG_GB,2016,5,2016-10-09,GB,0.022182725133655344,-0.1914845829433932,74,0.08371900108212312,0.04491323142141792,56.333333333333336
2016_06_DAL_GB,2016,6,2016-10-16,GB,-0.2220854028631583,0.11010178811188938,67,0.06833493209500618,-0.014186222169784865,60.75
2016_07_CHI_GB,2016,7,2016-10-20,GB,0.11242594237069352,-0.24916603551389327,80,0.01025086510337329,0.010671379886549984,62.0
2016_08_GB_ATL,2016,8,2016-10-30,GB,0.23097441833331578,0.2678999526158504,61,0.002408063893601517,-0.03470667522126007,66.4
2016_09_IND_GB,2016,9,2016-11-06,GB,0.0982015773862009,0.07232549617152938,65,0.08644879462644729,0.032884033804388486,65.8
2016_10_GB_TEN,2016,10,2016-11-13,GB,0.06782514704588972,0.318678448087847,74,0.048339852072141455,0.0019353236883965425,69.4
2016_11_GB_WAS,2016,11,2016-11-20,GB,0.16919266745727563,0.42462688495693246,65,0.057468336454588334,0.10396792989464458,69.4
2016_12_GB_PHI,2016,12,2016-11-28,GB,0.3282551705475356,0.024262264344119405,64,0.13572395051867514,0.1668729492636532,69.0
2016_13_HOU_GB,2016,13,2016-12-04,GB,-0.028937994468785627,-0.050476538659950165,57,0.17888979615404352,0.22155860923525572,65.8
2016_14_SEA_GB,2016,14,2016-12-11,GB,0.15220212381108297,-0.33012193456039446,53,0.12690731359362326,0.15788331098009561,65.0
2016_15_GB_CHI,2016,15,2016-12-18,GB,0.2194260422174624,0.08820444973872962,57,0.13770742287859966,0.07739382483371085,62.6
2016_16_MIN_GB,2016,16,2016-12-24,GB,0.16662201544874913,0.04961702406183604,58,0.1680276019129142,0.03129902516388737,59.2
2016_17_GB_DET,2016,17,2017-01-01,GB,0.31564246919051975,0.14117506600656363,69,0.1675134715112089,-0.04370294701513192,57.8
2017_01_SEA_GB,2017,1,2017-09-10,GB,0.008339308617079115,-0.2603175031690255,71,0.16499093123980574,-0.020320386682643077,58.8
2017_02_GB_ATL,2017,2,2017-09-17,GB,0.0795574072824767,0.1953748640586725,68,0.1724463918569787,-0.062288579584458145,61.6
2017_03_CIN_GB,2017,3,2017-09-24,GB,-0.08948755276607981,0.052807489592247334,65,0.15791744855125742,0.04281078013935524,64.6
2017_04_CHI_GB,2017,4,2017-09-28,GB,0.2145789064715455,-0.11578919972746957,52,0.09613472955454898,0.035731388110058784,66.2
2017_05_GB_DAL,2017,5,2017-10-08,GB,0.33497030251745386,0.14080173643449773,59,0.10572610775910826,0.002650143352197662,65.0
2017_06_GB_MIN,2017,6,2017-10-15,GB,-0.37405425022380123,-0.21121302315550525,65,0.10959167442449509,0.0025754774377844793,63.0
2017_07_NO_GB,2017,7,2017-10-22,GB,0.05105181958425632,0.2487169082989319,50,0.03311296265631902,0.012396373440488545,61.8
2017_09_DET_GB,2017,9,2017-11-06,GB,-0.05404530550701992,0.2556055873653722,58,0.027411845116674945,0.023064782288540427,58.2
2017_10_GB_CHI,2017,10,2017-11-12,GB,0.12736502614373071,-0.13837623579253414,64,0.034500294568486925,0.0636244018431654,56.8
2017_11_BAL_GB,2017,11,2017-11-19,GB,-0.5647076872518849,-0.18218076809236625,67,0.017057518502923964,0.059106994630152496,59.2
2017_12_GB_PIT,2017,12,2017-11-26,GB,0.18970883500104935,0.1483502798040846,54,-0.1628780794509438,-0.005489506275220307,60.8
2017_13_TB_GB,2017,13,2017-12-03,GB,0.05278654487588452,0.01192865600782414,52,-0.050125462405973674,0.06642315431669767,58.6
2017_14_GB_CLE,2017,14,2017-12-10,GB,0.1894316174726206,0.13925678184023127,73,-0.04977851734764803,0.019065503858476114,59.0
2017_15_GB_CAR,2017,15,2017-12-17,GB,0.057827347910685466,0.1587393848542805,66,-0.0010831327517199286,-0.004204257246552073,62.0
2017_16_MIN_GB,2017,16,2017-12-23,GB,-0.40116778186773167,-0.11205286829065861,65,-0.014990668398328976,0.05521886688281086,62.4
2017_17_GB_DET,2017,17,2017-12-31,GB,-0.3356831046881841,0.09938077501099558,64,0.017717312678501674,0.06924444684315238,62.0
2018_01_CHI_GB,2018,1,2018-09-09,GB,-0.02344391587356889,-0.03789421911758997,59,-0.08736107525934501,0.05945054588453458,64.0
2018_02_MIN_GB,2018,2,2018-09-16,GB,0.008969450468574376,0.1946954296164039,69,-0.1026071674092357,0.04948597085945176,65.4
2018_03_GB_WAS,2018,3,2018-09-23,GB,-0.09639075610019814,0.13272836452294667,66,-0.13869960081004493,0.06057370041468628,64.6
2018_04_BUF_GB,2018,4,2018-09-30,GB,-0.024804124036068416,-0.42831249441535746,74,-0.16954322161222166,0.055371496348419515,64.6
2018_05_GB_DET,2018,5,2018-10-07,GB,0.19222478934385576,0.0681113450873897,77,-0.09427049004588901,-0.00788042887652025,66.4
2018_06_SF_GB,2018,6,2018-10-15,GB,0.1219865658124442,0.21180031558850926,69,0.01131108876051896,-0.014134314861241438,69.0
2018_08_GB_LA,2018,8,2018-10-28,GB,0.14621546801438431,0.105269653877755,52,0.040397185097721576,0.035804592079978416,71.0
2018_09_GB_NE,2018,9,2018-11-04,GB,0.029844205620558884,0.17392080055342085,69,0.06784638860688356,0.017919436932248633,67.6
2018_10_MIA_GB,2018,10,2018-11-11,GB,0.26416225955107514,-0.22157269606677907,52,0.09309338095103498,0.026157924138343468,68.2
2018_11_GB_SEA,2018,11,2018-11-15,GB,0.18264300598900804,0.023946361231866407,48,0.15088665766846368,0.06750588380805914,63.8
2018_12_GB_MIN,2018,12,2018-11-25,GB,-0.1469993659322399,0.04199408352861094,51,0.14897030099749414,0.05867288703695449,58.0
2018_13_ARI_GB,2018,13,2018-12-02,GB,0.005037538866715183,0.07356999657866507,74,0.09517311464855734,0.024711640624974825,54.4
2018_14_ATL_GB,2018,14,2018-12-09,GB,0.1248930078570081,0.008119956236934445,60,0.0669375288190235,0.01837170916515684,58.8
2018_15_GB_CHI,2018,15,2018-12-16,GB,-0.04441799334371523,0.02714788643634216,67,0.08594728926631334,-0.014788459698140442,57.0
2018_16_GB_NYJ,2018,16,2018-12-23,GB,0.3432160052919138,0.28927763155543124,79,0.02423123868735526,0.03495565680248381,60.0
2018_17_DET_GB,2018,17,2018-12-30,GB,-0.36333446027605204,0.2992948256648042,55,0.05634583854793642,0.08802191086719677,66.2
2019_01_GB_CHI,2019,1,2019-09-05,GB,-0.1866993685447107,-0.29548416433544755,55,0.013078819679173981,0.1394820592944354,67.0
2019_02_MIN_GB,2019,2,2019-09-15,GB,-0.12202713655668945,-0.06922339493724645,69,-0.025268561803111194,0.0656712271116129,63.2
2019_03_DEN_GB,2019,3,2019-09-22,GB,0.1639860018542353,-0.1101014736900601,51,-0.0746525906858507,0.050202556876776716,65.0
2019_04_PHI_GB,2019,4,2019-09-26,GB,0.17167882253090636,0.291324687124009,73,-0.0329717916462606,0.02275268485149626,61.8
2019_05_GB_DAL,2019,5,2019-10-06,GB,0.11726493686503187,0.058180599259981175,62,-0.06727922819846208,0.023162095965211814,60.6
2019_06_DET_GB,2019,6,2019-10-14,GB,-0.022595577942742712,-0.0031938100461897686,67,0.028840651229754682,-0.02506074931575279,62.0
2019_07_OAK_GB,2019,7,2019-10-20,GB,0.5799845335288689,0.21582101147341767,52,0.06166140935014828,0.03339732154209877,64.4
2019_08_GB_KC,2019,8,2019-10-27,GB,0.29319663121487305,0.08856498940161842,61,0.20206374336726,0.09040620282423159,61.0
2019_09_GB_LAC,2019,9,2019-11-03,GB,-0.06321120998876474,0.25380225792780153,50,0.22790586923938747,0.13013949544256728,63.0
2019_10_CAR_GB,2019,10,2019-11-10,GB,0.18550471256483056,-0.019348031482885577,58,0.1809278627354533,0.12263500960332581,58.4
2019_12_GB_SF,2019,12,2019-11-24,GB,-0.31587663267900457,0.17313168318914787,71,0.19457581787541303,0.10712928345475245,57.6
2019_13_GB_NYG,2019,13,2019-12-01,GB,0.2600532643097611,-0.10737003856605745,57,0.13591960692816066,0.14239438210181998,58.4
2019_14_WAS_GB,2019,14,2019-12-08,GB,0.06771443669062785,-0.056546307595974635,57,0.07193335308433908,0.07775617209392496,59.4
2019_15_CHI_GB,2019,15,2019-12-15,GB,-0.09997916195575741,-0.11845062340148524,58,0.02683691417949004,0.04873391269440634,58.6
2019_16_GB_MIN,2019,16,2019-12-23,GB,-0.16058900940907045,-0.5476562450707981,73,0.019483323786091508,-0.025716663571451005,60.2
2019_17_GB_DET,2019,17,2019-12-29,GB,0.06813775224590457,-0.14486966433217077,85,-0.0497354206086887,-0.13137830628903352,63.2
2020_01_GB_MIN,2020,1,2020-09-13,GB,0.31770388931646737,0.30998100119776634,74,0.027067456376293132,-0.19497857579329722,66.0
2020_02_DET_GB,2020,2,2020-09-20,GB,0.40558799641337867,-0.035561048633976966,65,0.03859758137763438,-0.11150836784053249,69.4
2020_03_GB_NO,2020,3,2020-09-27,GB,0.19833474637897697,0.12550710818954736,58,0.10617229332218454,-0.10731131604813293,71.0
2020_04_ATL_GB,2020,4,2020-10-05,GB,0.2875558315335169,0.038416537675442834,59,0.16583507498913144,-0.05851976972992643,71.0
2020_06_GB_TB,2020,6,2020-10-18,GB,-0.2991604269447782,0.12153673814588359,61,0.2554640431776489,0.05869478681932176,68.2
2020_07_GB_HOU,2020,7,2020-10-25,GB,0.29345490223475557,-0.022537595174437985,59,0.18200440733951234,0.11197606731493263,63.4
2020_08_MIN_GB,2020,8,2020-11-01,GB,0.19140539717905677,0.38528050388309304,66,0.17715460992316998,0.04547234804049178,60.4
2020_09_GB_SF,2020,9,2020-11-05,GB,0.28506358501866075,-0.07297038897873916,62,0.1343180900763056,0.12964065854390577,60.6
2020_10_JAX_GB,2020,10,2020-11-15,GB,-0.044303523345334016,-0.1950202694566235,58,0.15166385780424235,0.08994515911024847,61.4
2020_11_GB_IND,2020,11,2020-11-22,GB,-0.044642965147591585,0.023840766108238577,55,0.0852919868284722,0.04325779768383521,61.2
2020_12_CHI_GB,2020,12,2020-11-29,GB,0.3418652624126425,0.03837925975185409,66,0.1361954791879095,0.023718603276306198,60.0
2020_13_PHI_GB,2020,13,2020-12-06,GB,0.31542831406523675,-0.10457375724824405,58,0.1458775512234869,0.03590197426156462,61.4
2020_14_GB_DET,2020,14,2020-12-13,GB,0.3543763214632148,0.1509811894257227,62,0.17068213460072287,-0.0620688779647028,59.8
2020_15_CAR_GB,2020,15,2020-12-19,GB,0.07757231296993596,-0.019727501957302877,60,0.1845446818896337,-0.017278562283810434,59.8
2020_16_TEN_GB,2020,16,2020-12-27,GB,0.33371845686156687,-0.10774423406163061,61,0.20891984915268771,0.017779991216053698,60.2
2020_17_GB_CHI,2020,17,2021-01-03,GB,0.4819750938702121,-0.11649525192599348,44,0.28459213355451934,-0.008537008817920138,61.4
2021_01_GB_NO,2021,1,2021-09-12,GB,-0.38939058050789416,0.3212549344942745,52,0.3126140998460333,-0.039511911153489655,57.0
2021_02_DET_GB,2021,2,2021-09-20,GB,0.29684772211680466,-0.008354596341545895,57,0.17165032093140714,0.045653827195014055,55.8
2021_03_GB_SF,2021,3,2021-09-26,GB,0.12126198663004426,0.04264428408485121,57,0.16014460106212508,0.01378667004156034,54.8
2021_04_PIT_GB,2021,4,2021-10-03,GB,0.03918115609704359,-0.14230645261340494,70,0.16888253579414675,0.02626102724999116,54.2
2021_05_GB_CIN,2021,5,2021-10-10,GB,0.13756126838103558,0.012206788931346094,62,0.10997507564124209,0.019348583539636293,56.0
2021_06_GB_CHI,2021,6,2021-10-17,GB,0.24282525656388776,0.019908108875633365,53,0.0410923105434068,0.04508899171110421,59.6
2021_07_WAS_GB,2021,7,2021-10-24,GB,0.09341992112252809,-0.10442383095500136,53,0.1675354779577632,-0.015180373412624015,59.8
2021_08_GB_ARI,2021,8,2021-10-28,GB,0.08475255907858387,0.05028688398359174,71,0.12684991775890786,-0.034394220335315105,59.0
2021_09_GB_KC,2021,9,2021-11-07,GB,-0.005595703106912797,-0.154863367651709,60,0.1195480322486158,-0.032865700355567004,61.8
2021_10_SEA_GB,2021,10,2021-11-14,GB,0.0642450734260211,-0.3032766637674501,70,0.11059266040782452,-0.03537708336322782,59.8
2021_11_GB_MIN,2021,11,2021-11-21,GB,0.4514588512850176,0.2848264785351416,53,0.09592942141682162,-0.09847377390298706,61.4
2021_12_LA_GB,2021,12,2021-11-28,GB,0.07439505966780309,-0.1176241547141576,78,0.1376561403610476,-0.045490099971085406,61.4
2021_14_CHI_GB,2021,14,2021-12-12,GB,0.32115491014654096,-0.1284481384253693,62,0.1338511680701026,-0.04813016472291666,66.4
2021_15_GB_BAL,2021,15,2021-12-19,GB,0.35772844380812135,0.20850001507132218,57,0.181131638283694,-0.08387716920470888,64.6
2021_16_CLE_GB,2021,16,2021-12-25,GB,0.1626565833538071,0.15247909334093232,57,0.25379646766670083,-0.011204492660102644,64.0
2021_17_MIN_GB,2021,17,2022-01-02,GB,0.2320320090021864,-0.2802216227448042,73,0.27347876965225804,0.07994665876157384,61.4
2021_18_GB_DET,2021,18,2022-01-09,GB,0.019824899323723326,0.180045345270233,67,0.2295934011956918,-0.03306296149441532,65.4
2022_01_GB_MIN,2022,1,2022-09-11,GB,-0.19153766553519466,0.1285721177626178,59,0.21867936912687586,0.0264709385024628,63.2
2022_02_CHI_GB,2022,2,2022-09-18,GB,0.20902867413412993,-0.07653392410386697,65,0.11614085399052872,0.07787498974006021,62.6
2022_03_GB_TB,2022,3,2022-09-25,GB,-0.10004049731360283,-0.20393332258251073,60,0.08640090005573042,0.020868201905022386,64.2
2022_04_NE_GB,2022,4,2022-10-02,GB,0.011943958853034148,0.02252976885240495,71,0.03386148392224845,-0.050414281279666226,64.8
2022_05_NYG_GB,2022,5,2022-10-09,GB,0.06511477674615081,0.2834103941296799,61,-0.010156126107582005,0.01013599703977561,64.4
2022_06_NYJ_GB,2022,6,2022-10-16,GB,-0.341967858850496,0.029554817810577685,69,-0.0010981506230965082,0.030809006811664992,63.2
2022_07_GB_WAS,2022,7,2022-10-23,GB,-0.0967157676767902,-0.05818335264887653,46,-0.031184189286156783,0.01100554682125697,65.2
2022_08_GB_BUF,2022,8,2022-10-30,GB,0.061240134637829034,0.12410890126609272,63,-0.0923330776483408,0.014675661112255056,61.4
2022_09_GB_DET,2022,9,2022-11-06,GB,-0.12090744406122501,-0.12500260801900898,69,-0.060076951258054435,0.08028410588197574,62.0
2022_10_DAL_GB,2022,10,2022-11-13,GB,0.23205627334057793,0.007505137531552464,60,-0.08664723184090625,0.050777630507692975,61.6
2022_11_TEN_GB,2022,11,2022-11-17,GB,-0.02585577570260432,0.24084030887251337,60,-0.05325893252202084,-0.004403420811932518,61.4
2022_12_GB_PHI,2022,12,2022-11-27,GB,0.18933127505955982,0.20015669162094024,48,0.00996348410755751,0.03785367740045462,59.6
2022_13_GB_CHI,2022,13,2022-12-04,GB,0.18376793015611367,0.12366285811292474,62,0.06717289265482751,0.08952168625441796,60.0
2022_15_LA_GB,2022,15,2022-12-19,GB,0.061386505437492675,-0.1084979140922757,65,0.09167845175848445,0.08943247762378437,59.8
2022_16_GB_MIA,2022,16,2022-12-25,GB,-0.00023088099354302345,-0.024195465473683064,62,0.12813724165822798,0.09273341640913102,59.0
2022_17_MIN_GB,2022,17,2023-01-01,GB,0.11145209083807166,-0.19168529924087901,59,0.0816798107914038,0.08639329580808391,59.4
2022_18_DET_GB,2022,18,2023-01-08,GB,-0.1538169655642127,0.15441976177239658,57,0.109141384099539,-0.00011182581459455721,59.2
2023_01_GB_CHI,2023,1,2023-09-10,GB,0.15570135692023807,-0.17680651572120346,60,0.04051173597478448,-0.009259211784303289,61.0
2023_02_GB_ATL,2023,2,2023-09-17,GB,0.051882758680097694,0.11507423426202068,46,0.034898421327609355,-0.06935308655112893,60.6
2023_03_NO_GB,2023,3,2023-09-24,GB,-0.00802148416709717,-0.05516392313569516,68,0.03299767197613036,-0.02463865688026965,56.8
2023_04_DET_GB,2023,4,2023-09-28,GB,-0.22116310497067032,0.13784743341768332,55,0.03143955134141953,-0.030832348412672073,58.0
2023_05_GB_LV,2023,5,2023-10-09,GB,-0.1873611513266876,-0.07997264405272235,57,-0.035083487820328864,0.035074198119040396,57.2
2023_07_GB_DEN,2023,7,2023-10-22,GB,0.13404030894681157,0.09175026847599346,61,-0.04179232497282384,-0.011804283045983391,57.2
2023_08_MIN_GB,2023,8,2023-10-29,GB,-0.24214661962891584,0.18624051056582444,62,-0.046124534567509146,0.041907073793456,57.4
2023_09_LA_GB,2023,9,2023-11-05,GB,-0.011736006704625261,-0.4489104537437687,65,-0.10493041022931185,0.056140329054216745,60.6
2023_10_GB_PIT,2023,10,2023-11-12,GB,0.0643857397681279,0.0423890853112099,64,-0.10567331473681747,-0.02260897706739796,60.0
2023_11_LAC_GB,2023,11,2023-11-19,GB,0.08529282894908743,0.06530829421961061,70,-0.04856354578905782,-0.04170064668869265,61.8
2023_12_GB_DET,2023,12,2023-11-23,GB,0.14551286089665807,-0.13903085603853804,54,0.0059672502660971845,-0.012644459034226058,64.4
2023_13_KC_GB,2023,13,2023-12-03,GB,0.30279747643761384,0.1735720949910212,63,0.008261760656066486,-0.05880068393713236,63.0
2023_14_GB_NYG,2023,14,2023-12-11,GB,-0.0392457314717331,0.00993595895967054,67,0.11725057986937241,-0.06133436705209301,63.2
2023_15_TB_GB,2023,15,2023-12-17,GB,0.031642578386514006,0.36449391053522145,57,0.11174863491595086,0.03043491548859483,63.6
2023_16_GB_CAR,2023,16,2023-12-24,GB,0.26127758171272925,0.18296155141212095,63,0.10520000263962807,0.09485588053339714,62.2
2023_17_GB_MIN,2023,17,2023-12-31,GB,0.27340189109546204,-0.33894254937089946,71,0.14039695319235643,0.11838653197189922,60.8
2023_18_CHI_GB,2023,18,2024-01-07,GB,0.2359012119391375,-0.0955791452901083,58,0.16597475923211724,0.07840419330542693,64.2
2024_01_GB_PHI,2024,1,2024-09-06,GB,0.1824472827095256,0.05638343750656903,59,0.15259550633242197,0.024573945249201028,63.2
2024_02_IND_GB,2024,2,2024-09-15,GB,-0.0020821109139091618,-0.09569395278910905,67,0.19693410916867368,0.03386344095858072,61.6
2024_03_GB_TEN,2024,3,2024-09-22,GB,0.11607764740370291,-0.36721780175400265,59,0.19018917130858906,-0.05817413170628537,63.6
2024_04_MIN_GB,2024,4,2024-09-29,GB,-0.12407759683474419,0.03344733430047343,75,0.1611491844467838,-0.16821000233951008,62.8
2024_05_GB_LA,2024,5,2024-10-06,GB,0.018795206468425585,-0.09714081889496777,56,0.08165328686074255,-0.09373202560523552,63.6
2024_06_ARI_GB,2024,6,2024-10-13,GB,0.2862532046806263,-0.12452218036849662,68,0.038232085766600164,-0.0940443603262074,63.2
2024_07_HOU_GB,2024,7,2024-10-20,GB,-0.07821454234538197,-0.17564451976398485,56,0.05899327016082031,-0.13022548390122052,65.0
2024_08_GB_JAX,2024,8,2024-10-27,GB,0.10961365258441055,0.061244251585838065,64,0.04376678387452575,-0.14621559729619568,62.8
2024_09_DET_GB,2024,9,2024-11-03,GB,-0.01571017553452734,0.12663471486430303,63,0.04247398491066728,-0.060523186628227546,63.8
2024_11_GB_CHI,2024,11,2024-11-17,GB,0.26649005350563676,0.20041244266002994,43,0.06414746917071065,-0.041885710515461624,61.4
2024_12_SF_GB,2024,12,2024-11-24,GB,0.12520204513291547,-0.42066519900423355,67,0.11368643857815289,0.01762494179553792,58.8
2024_13_MIA_GB,2024,13,2024-11-28,GB,0.21100411182236392,0.08498009549140285,53,0.0814762066686107,-0.04160366193160947,58.6
2024_14_GB_DET,2024,14,2024-12-05,GB,0.13187831354704074,0.06129416761706128,44,0.13931993750215987,0.010521261119468075,58.0
2024_15_GB_SEA,2024,15,2024-12-15,GB,0.06743098281807638,-0.33940678994108925,61,0.14377286969468595,0.01053124432571272,54.0
2024_16_NO_GB,2024,16,2024-12-23,GB,0.2639358431554921,-0.3494658540365427,67,0.16040110136520666,-0.08267705663536573,53.6
2024_17_GB_MIN,2024,17,2024-12-29,GB,-0.029515180964256083,0.09248545610827213,58,0.15989025929517775,-0.19265271597468026,58.4
2024_18_CHI_GB,2024,18,2025-01-05,GB,-0.10587411005574261,-0.17034980808239197,62,0.12894681407574343,-0.09002258495217913,56.6
2025_01_DET_GB,2025,1,2025-09-07,GB,0.19962787307459212,-0.0622777864609656,46,0.06557116970012214,-0.14108856566693811,58.4
2025_02_WAS_GB,2025,2,2025-09-11,GB,0.16102400712476647,-0.16230371515731917,61,0.0791210816056324,-0.16580295648254345,58.8
2025_03_GB_CLE,2025,3,2025-09-21,GB,-0.07903598365834229,-0.15162070701623168,60,0.09783968646697043,-0.13038234152578948,58.8
2025_04_GB_DAL,2025,4,2025-09-28,GB,0.34132966512021595,0.3580656074350035,78,0.029245321104203546,-0.09081331212172725,57.4
2025_06_CIN_GB,2025,6,2025-10-12,GB,0.20802989668066227,0.09290518327846518,59,0.10341429032109795,-0.03769728185638099,61.4
2025_07_GB_ARI,2025,7,2025-10-19,GB,0.11762536637441785,-0.0522111322400125,52,0.16619509166837892,0.01495371641579045,60.8
2025_08_GB_PIT,2025,8,2025-10-26,GB,0.32949494615055075,-0.15699676583711514,63,0.14979459032834408,0.01696704725998107,62.0
2025_09_CAR_GB,2025,9,2025-11-02,GB,0.042524528103241595,0.09463535318914694,63,0.18348877813350092,0.018028437124021877,62.4
2025_10_PHI_GB,2025,10,2025-11-10,GB,-0.17316197424657584,-0.07821261090718393,65,0.2078008804858177,0.0672796491650976,63.0
2025_11_GB_NYG,2025,11,2025-11-16,GB,0.34961347964389894,0.15184396263408845,52,0.10490255261245933,-0.01997599450333988,60.4
2025_12_MIN_GB,2025,12,2025-11-23,GB,0.024495087762468365,-0.42938007633339015,63,0.13321926920510668,-0.008188238632215229,59.0
2025_13_GB_DET,2025,13,2025-11-27,GB,0.28877528950808073,0.03874003898290967,57,0.11459321348271678,-0.08362202745089076,61.2
2025_14_CHI_GB,2025,14,2025-12-07,GB,0.23984333820294076,0.10808021202559331,51,0.10644928215422278,-0.04447466648688579,60.0
2025_15_GB_DEN,2025,15,2025-12-14,GB,0.022322196112852005,0.16455615023710563,63,0.14591304417416262,-0.04178569471959652,57.6
2025_16_GB_CHI,2025,16,2025-12-20,GB,0.06088478166382712,0.1006365612826786,68,0.1850098782460482,0.0067680575092613935,57.2
2025_17_BAL_GB,2025,17,2025-12-27,GB,0.11056126722974988,0.3670992137249119,43,0.1272641386500338,-0.0034734227610205754,60.4
2025_18_GB_MIN,2025,18,2026-01-04,GB,-0.32896393591844886,-0.0427276370525064,49,0.14447737454349013,0.15582243525063982,56.4
2026_01_GB_MIN,2026,1,2026-09-13,GB,-0.17482567798843682,-0.019597688479754544,67,0.020929529458184205,0.13952890004355661,54.8
2016_01_CHI_HOU,2016,1,2016-09-11,HOU,0.0202757937695122,-0.2111283346091147,70,,,
2016_02_KC_HOU,2016,2,2016-09-18,HOU,-0.13568739776335612,-0.38864669859357986,67,,,
2016_03_HOU_NE,2016,3,2016-09-22,HOU,-0.24589578760205769,-0.12096005884666577,70,,,
2016_04_TEN_HOU,2016,4,2016-10-02,HOU,-0.04869110137331499,-0.033919847591579906,62,-0.12043579719863386,-0.24024503068312011,69.0
2016_05_HOU_MIN,2016,5,2016-10-09,HOU,-0.29944903255441896,0.07599022258939042,60,-0.10249962324230415,-0.18866373491023508,67.25
2016_06_IND_HOU,2016,6,2016-10-16,HOU,0.06224726470760288,0.04688040607006679,67,-0.14188950510472711,-0.13573294341030998,65.8
2016_07_HOU_DEN,2016,7,2016-10-24,HOU,-0.26386734658301,0.0979734581864206,67,-0.13349521091710898,-0.08413119527447367,65.2
2016_08_DET_HOU,2016,8,2016-10-30,HOU,-0.022548776185384076,-0.05022301093077778,60,-0.15913120068103975,0.013192836081526415,65.2
2016_10_HOU_JAX,2016,10,2016-11-13,HOU,0.058364340391873576,-0.1263468810870721,61,-0.11446179839770501,0.027340245664704017,63.2
2016_11_HOU_OAK,2016,11,2016-11-21,HOU,0.06541928260144306,0.1402175981636244,74,-0.09305071004466729,0.008854838965605577,63.0
2016_12_SD_HOU,2016,12,2016-11-27,HOU,-0.20134617590656062,0.10054087036028338,64,-0.020077047013494907,0.021700314080452372,65.8
2016_13_HOU_GB,2016,13,2016-12-04,HOU,-0.050476538659950165,-0.028937994468785627,64,-0.0727957351363276,0.03243240693849569,65.2
2016_14_HOU_IND,2016,14,2016-12-11,HOU,-0.03745457221278685,-0.1197553918860396,64,-0.030117573551715644,0.00705011640745444,64.6
2016_15_JAX_HOU,2016,15,2016-12-18,HOU,-0.19291966745500586,-0.3893119056413654,76,-0.0330987327571962,-0.006856359783597924,65.4
2016_16_CIN_HOU,2016,16,2016-12-24,HOU,-0.22134793053323037,-0.14913073789601342,57,-0.08335553432657208,-0.05944936469445659,68.4
2016_17_HOU_TEN,2016,17,2017-01-01,HOU,-0.03461716942616531,-0.07649154286763736,72,-0.14070897695350676,-0.11731903190638415,65.0
2017_01_JAX_HOU,2017,1,2017-09-10,HOU,-0.5627949609664991,0.06410933626402254,69,-0.1073631756574277,-0.1527255145519683,66.6
2017_02_HOU_CIN,2017,2,2017-09-14,HOU,-0.13743387163282628,-0.3120639916819788,62,-0.2098268601187375,-0.13411604840540664,67.6
2017_03_HOU_NE,2017,3,2017-09-24,HOU,0.08860930696516572,0.08754595840749804,67,-0.2298227200027454,-0.1725777683645945,67.2
2017_04_TEN_HOU,2017,4,2017-10-01,HOU,0.22413323303862667,-0.5581692871433915,78,-0.17351692511871106,-0.0772061955548218,65.4
2017_05_KC_HOU,2017,5,2017-10-08,HOU,0.20011340295178975,0.2726768676775418,58,-0.08442069240433965,-0.15901390540429744,69.6
2017_06_CLE_HOU,2017,6,2017-10-15,HOU,-0.10975330864206095,-0.3323575872570413,62,-0.03747457792874865,-0.0891802232952616,66.8
2017_08_HOU_SEA,2017,8,2017-10-29,HOU,0.17533228910142326,0.12744489593661493,69,0.05313375253613898,-0.16847360799947436,65.4
2017_09_IND_HOU,2017,9,2017-11-05,HOU,-0.1425410121262071,-0.01482019079436255,67,0.11568698468298888,-0.08057183047575563,66.8
2017_10_HOU_LA,2017,10,2017-11-12,HOU,-0.34976646286906726,0.09637466139937848,63,0.06945692086471432,-0.10104506031612774,66.8
2017_11_ARI_HOU,2017,11,2017-11-19,HOU,0.0019437782271446418,-0.17936205283115636,67,-0.04532301831682446,0.029863729392426264,63.8
2017_12_HOU_BAL,2017,12,2017-11-27,HOU,-0.13641981638117343,-0.04553179139125955,64,-0.08495694326175349,-0.060544054709313365,65.6
2017_13_HOU_TEN,2017,13,2017-12-03,HOU,0.07264659281622501,0.2283030045307228,73,-0.09029024480957597,-0.0031788955361570182,66.0
2017_14_SF_HOU,2017,14,2017-12-10,HOU,-0.14150019337685266,0.04563435084707898,64,-0.11082738406661563,0.016992726182664557,66.8
2017_15_HOU_JAX,2017,15,2017-12-17,HOU,-0.2534358839662413,0.23776626269473713,56,-0.11061922031674473,0.02908363451095286,66.2
2017_16_PIT_HOU,2017,16,2017-12-25,HOU,-0.2860615536449656,0.20970170570688282,52,-0.09135310453617954,0.05736195477002459,64.8
2017_17_HOU_IND,2017,17,2017-12-31,HOU,-0.09140046904661712,0.02982682030128823,53,-0.1489541709106016,0.13517470647763244,61.8
2018_01_HOU_NE,2018,1,2018-09-09,HOU,-0.169967557634122,-0.011553282113563601,70,-0.13995030144369033,0.15024642881614197,59.6
2018_02_HOU_TEN,2018,2,2018-09-16,HOU,0.10817977406082943,0.034294300891086184,61,-0.18847313153375972,0.10227517148728468,59.0
2018_03_NYG_HOU,2018,3,2018-09-23,HOU,0.07875388411240451,0.20846133609466935,61,-0.1385371380462233,0.10000716149608616,58.4
2018_04_HOU_IND,2018,4,2018-09-30,HOU,0.08206120347634428,-0.022617377428492375,82,-0.07209918443049415,0.0941461761760726,59.4
2018_05_DAL_HOU,2018,5,2018-10-07,HOU,-0.1338651277874973,-0.1489978203520471,76,0.001525366993767824,0.04768235954899755,65.4
2018_06_BUF_HOU,2018,6,2018-10-14,HOU,-0.40403120191275627,-0.2609611425636653,56,-0.006967564754408209,0.011917431418330493,70.0
2018_07_HOU_JAX,2018,7,2018-10-21,HOU,-0.0037991360020684707,-0.2617840067430413,60,-0.05378029361013507,-0.03796414067168985,67.2
2018_08_MIA_HOU,2018,8,2018-10-25,HOU,0.3194691406700898,-0.09062595799989955,54,-0.07617607562271464,-0.09717980219851534,67.0
2018_09_HOU_DEN,2018,9,2018-11-04,HOU,0.024350402899168164,-0.01640322175773526,61,-0.02803302431117759,-0.1569972610174291,65.6
2018_11_HOU_WAS,2018,11,2018-11-18,HOU,-0.13725784320342269,-0.20425853046191797,57,-0.03957518442661281,-0.1557544298832777,61.4
2018_12_TEN_HOU,2018,12,2018-11-26,HOU,0.25432861618772945,0.026151745338809613,60,-0.040253727509797894,-0.1668065719052519,57.6
2018_13_CLE_HOU,2018,13,2018-12-02,HOU,0.07711484847183606,-0.2035375465812965,73,0.09141823611029924,-0.1093839943247569,58.4
2018_14_IND_HOU,2018,14,2018-12-09,HOU,0.02164087486658793,0.12636940932441226,68,0.10760103300508017,-0.09773470229240792,61.0
2018_15_HOU_NYJ,2018,15,2018-12-15,HOU,0.04824544839295287,-0.03731091339989737,50,0.04803537984437979,-0.05433562882754557,63.8
2018_16_HOU_PHI,2018,16,2018-12-23,HOU,0.13941653435534015,0.1344926500803046,63,0.052814388943136725,-0.05851716715597799,61.6
2018_17_JAX_HOU,2018,17,2018-12-30,HOU,-0.05519301943841779,-0.4585689793579933,73,0.1081492644548893,0.009233068952466523,62.8
2019_01_HOU_NO,2019,1,2019-09-09,HOU,0.28344348249207174,0.25330853395554115,59,0.046244937329659855,-0.08771107598689407,65.4
2019_02_JAX_HOU,2019,2,2019-09-15,HOU,-0.08828306937459403,-0.09129434875745945,62,0.08751066413370699,0.0036581401204734687,62.6
2019_03_HOU_LAC,2019,3,2019-09-22,HOU,0.22898076150835006,0.02039923572065631,54,0.0655258752854706,-0.03987461149590087,61.4
2019_04_CAR_HOU,2019,4,2019-09-29,HOU,-0.2962842701272723,-0.20731630811738352,61,0.10167293790855006,-0.02833258167179014,62.2
2019_05_ATL_HOU,2019,5,2019-10-06,HOU,0.5010064449574787,0.08402716232984643,67,0.014532777012027542,-0.09669437331132777,61.8
2019_06_HOU_KC,2019,6,2019-10-13,HOU,0.23493109122820127,0.04323639610655353,82,0.12577266989120686,0.011824855026240186,60.6
2019_07_HOU_IND,2019,7,2019-10-20,HOU,0.023988277614724888,0.0806083289158638,61,0.11607019163843275,-0.030189572543557336,65.2
2019_08_OAK_HOU,2019,8,2019-10-27,HOU,0.18302616087133747,0.22805751606882899,71,0.13852446103629656,0.004190962991107316,65.0
2019_09_HOU_JAX,2019,9,2019-11-03,HOU,0.21109611063362851,-0.2787935248490724,63,0.129333540908894,0.045722619060741855,68.4
2019_11_HOU_BAL,2019,11,2019-11-17,HOU,-0.40799594637127934,0.4137222154568502,57,0.2308096170610742,0.03142717571440408,68.8
2019_12_IND_HOU,2019,12,2019-11-21,HOU,0.06777997779197334,0.027751063478014162,55,0.04900913879532258,0.09736618633980483,66.8
2019_13_NE_HOU,2019,13,2019-12-01,HOU,0.156539413517303,0.05366558303207691,49,0.015578916108076995,0.09426911981409694,61.4
2019_14_DEN_HOU,2019,14,2019-12-08,HOU,-0.05935331747712829,0.2539956578638918,74,0.04208914328859262,0.08888057063733958,59.0
2019_15_HOU_TEN,2019,15,2019-12-15,HOU,0.12425543244333109,0.09721405891803064,63,-0.006386752381100534,0.09406819899635213,59.6
2019_16_HOU_TB,2019,16,2019-12-21,HOU,-0.24457765727181943,-0.20466890334020174,62,-0.02375488801916002,0.16926971574977273,59.6
2019_17_TEN_HOU,2019,17,2019-12-29,HOU,-0.034610092587983955,0.5014900481164978,65,0.008928769800731966,0.045591491990362346,60.6
2020_01_HOU_KC,2020,1,2020-09-10,HOU,0.1523619367597865,0.21377026487111406,58,-0.011549244275259492,0.14033928891805908,62.6
2020_02_BAL_HOU,2020,2,2020-09-20,HOU,-0.2049727590352061,0.21053178879306483,56,-0.012384739626762791,0.1723602252858665,64.4
2020_03_HOU_PIT,2020,3,2020-09-27,HOU,0.043856864111458366,0.15538851887948005,47,-0.041508627938378354,0.1636674514717011,60.8
2020_04_MIN_HOU,2020,4,2020-10-04,HOU,0.02448442256353029,0.25486805962038933,62,-0.0575883416047529,0.175302343463991,57.6
2020_05_JAX_HOU,2020,5,2020-10-11,HOU,0.2007843506582389,-0.05221371234739938,58,-0.003775925637682952,0.2672097360561092,57.6
2020_06_HOU_TEN,2020,6,2020-10-18,HOU,0.27843951406856693,0.4120410938918962,67,0.043302963011561627,0.15646898396332978,56.2
2020_07_GB_HOU,2020,7,2020-10-25,HOU,-0.022537595174437985,0.29345490223475557,64,0.06851847847331771,0.19612314976748618,58.0
2020_09_HOU_JAX,2020,9,2020-11-08,HOU,0.09903939378666081,0.008564759325951923,59,0.10500551124547133,0.21270777245582434,59.6
2020_10_HOU_CLE,2020,10,2020-11-15,HOU,0.01306783032090295,0.0504949953304048,53,0.11604201718051181,0.1833430205451187,62.0
2020_11_NE_HOU,2020,11,2020-11-22,HOU,0.2845518868912423,0.1637575889881825,56,0.11375869873198634,0.14246840768712182,60.2
2020_12_HOU_DET,2020,12,2020-11-26,HOU,0.2880718462739492,-0.1784684560956639,47,0.13051220597858704,0.1856626679542382,59.8
2020_13_IND_HOU,2020,13,2020-12-06,HOU,-0.024442707543286285,0.0901891915391015,62,0.13243867241966348,0.06756075795672618,55.8
2020_14_HOU_CHI,2020,14,2020-12-13,HOU,-0.16509176954804433,0.26114205164200216,63,0.1320576499458938,0.026907615817595366,55.4
2020_15_HOU_IND,2020,15,2020-12-20,HOU,0.15182302453033264,0.2842001375405761,67,0.0792314172789528,0.07742307428080542,56.2
2020_16_CIN_HOU,2020,16,2020-12-27,HOU,0.24381603920586195,0.35032473237520456,51,0.10698245612083875,0.12416410272283969,59.0
2020_17_TEN_HOU,2020,17,2021-01-03,HOU,0.24862658357149986,0.2871081976372357,62,0.09883528658376267,0.16147753140024407,58.0
2021_01_JAX_HOU,2021,1,2021-09-12,HOU,0.15667379955718094,-0.04244492141198311,74,0.0909462340432728,0.254592862146824,61.0
2021_02_HOU_CLE,2021,2,2021-09-19,HOU,0.09622291173907883,0.14914089120631713,58,0.12716953546336623,0.22806603955660706,63.4
2021_03_CAR_HOU,2021,3,2021-09-23,HOU,-0.29117589492158785,0.19368104389973642,48,0.17943247172079088,0.20566580746947008,62.4
2021_04_HOU_BUF,2021,4,2021-10-03,HOU,-0.8317076259298206,0.11665777241655953,42,0.09083268783040678,0.18756198874130217,58.6
2021_05_NE_HOU,2021,5,2021-10-10,HOU,0.19214181443077538,0.015711005656976015,56,-0.12427204519672971,0.14082859674957315,56.8
2021_06_HOU_IND,2021,6,2021-10-17,HOU,-0.22369105341177692,0.2828231741774165,74,-0.1355689990248746,0.0865491583535212,55.6
2021_07_HOU_ARI,2021,7,2021-10-24,HOU,-0.459868938217872,0.13694302835856906,49,-0.21164196961866616,0.1516027774714011,55.6
2021_08_LA_HOU,2021,8,2021-10-31,HOU,-0.11725698432405667,0.21718801174112998,59,-0.32286033961005633,0.14916320490185148,53.8
2021_09_HOU_MIA,2021,9,2021-11-07,HOU,-0.3059390794107405,-0.19194332060096556,66,-0.2880765574905501,0.1538645984701302,56.0
2021_11_HOU_TEN,2021,11,2021-11-21,HOU,-0.08091851342002389,-0.18670977018235688,62,-0.1829228481867341,0.0921443798666252,60.8
2021_12_NYJ_HOU,2021,12,2021-11-28,HOU,-0.2770485900015915,-0.04895651374842893,55,-0.23753491375689392,0.05166022469875862,62.0
2021_13_IND_HOU,2021,13,2021-12-05,HOU,-0.6233198415872175,0.16770292293099998,50,-0.24820642107485685,-0.014695712886410467,58.2
2021_14_SEA_HOU,2021,14,2021-12-12,HOU,-0.14047546017473683,0.34372740369395516,75,-0.28089660174872594,-0.008543733971924284,58.4
2021_15_HOU_JAX,2021,15,2021-12-19,HOU,-0.01798442052570795,-0.07602174190147047,57,-0.285540296918862,0.01676414441864076,61.6
2021_16_LAC_HOU,2021,16,2021-12-26,HOU,0.3143076137216352,0.04975312713654077,63,-0.22794936514185546,0.03994846015853977,59.8
2021_17_HOU_SF,2021,17,2022-01-02,HOU,-0.3045577075797475,0.03158996283143932,62,-0.14890413971352368,0.0872410396223193,60.0
2021_18_TEN_HOU,2021,18,2022-01-09,HOU,0.18172281209266591,0.26104177289185454,56,-0.15440596322915487,0.10335033493829296,61.4
2022_01_IND_HOU,2022,1,2022-09-11,HOU,-0.17563656043610912,-0.009004778555213146,67,0.006602567506821816,0.12201810493046387,62.6
2022_02_HOU_DEN,2022,2,2022-09-18,HOU,-0.18178279347663764,-0.02032820669429555,58,-0.0004296525454526412,0.05147166848063021,61.0
2022_03_HOU_CHI,2022,3,2022-09-25,HOU,-0.09492579514071607,-0.02850308593127564,57,-0.03318932713563858,0.06261037552206519,61.2
2022_04_LAC_HOU,2022,4,2022-10-02,HOU,-0.06782940671430186,0.24989994742363172,53,-0.11503600890810883,0.046959132908501906,60.0
2022_05_HOU_JAX,2022,5,2022-10-09,HOU,-0.06285472684516197,-0.11049421151237684,55,-0.06769034873501971,0.0906211298269404,58.2
2022_07_HOU_LV,2022,7,2022-10-23,HOU,0.05753195442311215,0.3242354485781465,65,-0.11660585652258529,0.016313932946094113,58.0
2022_08_TEN_HOU,2022,8,2022-10-30,HOU,-0.3460223418615508,0.044331157275880086,50,-0.06997215355074102,0.08296197837276605,57.6
2022_09_PHI_HOU,2022,9,2022-11-03,HOU,-0.11595478319048402,0.195501044619763,57,-0.10282006322772366,0.09589385116680119,56.0
2022_10_HOU_NYG,2022,10,2022-11-13,HOU,0.009542445940531826,0.14421190018946134,60,-0.10702586083767725,0.14069467727700888,56.0
2022_11_WAS_HOU,2022,11,2022-11-20,HOU,-0.4011764619947934,-0.06384998658309063,53,-0.09155149030671052,0.1195570678301748,57.4
2022_12_HOU_MIA,2022,12,2022-11-27,HOU,-0.3880001673968428,-0.10627241913286978,60,-0.1592158373366368,0.12888591281603207,57.0
2022_13_CLE_HOU,2022,13,2022-12-04,HOU,-0.44357413923284655,-0.23208451359295706,62,-0.24832226170062777,0.04278433927382881,56.0
2022_14_HOU_DAL,2022,14,2022-12-11,HOU,-0.18641566477410693,-0.02442233430621373,63,-0.26783262117488693,-0.012498794899938614,58.4
2022_15_KC_HOU,2022,15,2022-12-18,HOU,-0.1424967484458192,0.13572257620597997,56,-0.28192479749161153,-0.056483470685133964,59.6
2022_16_HOU_TEN,2022,16,2022-12-24,HOU,-0.10389186927221677,-0.2614980031583651,63,-0.31233263636888176,-0.05818133548183024,58.8
2022_17_JAX_HOU,2022,17,2023-01-01,HOU,-0.5065519128731684,-0.07604215855462614,67,-0.2528757178243664,-0.09771093879688512,60.8
2022_18_HOU_IND,2022,18,2023-01-08,HOU,-0.06713342122336428,-0.08365992985109662,65,-0.2765860669196315,-0.0916648866812364,62.2
2023_01_HOU_BAL,2023,1,2023-09-10,HOU,-0.27491486882037375,-0.05436458412580866,71,-0.20129792331773505,-0.06197996993286431,62.8
2023_02_IND_HOU,2023,2,2023-09-17,HOU,-0.015504243827617684,0.25658465562702865,76,-0.2189977641269884,-0.0679684198967833,64.4
2023_03_HOU_JAX,2023,3,2023-09-24,HOU,0.22012880278433558,-0.05072840892412007,56,-0.19359926320334814,-0.04379600401257355,68.4
2023_04_PIT_HOU,2023,4,2023-10-01,HOU,0.1400425297929599,-0.2820349630754044,67,-0.12879512879203764,-0.0016420851657245508,67.0
2023_05_HOU_ATL,2023,5,2023-10-08,HOU,-0.06645162105847083,-0.01011290221431869,58,0.0005237597411880124,-0.0428406460698802,67.0
2023_06_NO_HOU,2023,6,2023-10-15,HOU,-0.03522516465954403,0.035522789749878575,59,0.0006601197741667036,-0.02813124054252461,65.6
2023_08_HOU_CAR,2023,8,2023-10-29,HOU,-0.03473908612182723,-0.15516670663757487,57,0.04859806060633264,-0.010153765767387165,63.2
2023_09_TB_HOU,2023,9,2023-11-05,HOU,0.2988334119607607,0.15025631298896164,64,0.04475109214749074,-0.09250403822030787,59.4
2023_10_HOU_CIN,2023,10,2023-11-12,HOU,0.10137644285801448,0.0005702718301031583,74,0.06049201398277575,-0.05230709383769153,61.0
2023_11_ARI_HOU,2023,11,2023-11-19,HOU,-0.05287954821213904,-0.0569310708240043,66,0.05275879659578668,0.004213953143409975,62.4
2023_12_JAX_HOU,2023,12,2023-11-26,HOU,0.05715320009781359,0.037399163118982684,58,0.05547321116505303,-0.005149680578527148,64.0
2023_13_DEN_HOU,2023,13,2023-12-03,HOU,-0.05417149325648754,-0.21624920646151283,63,0.07394888411652456,-0.004774405904706326,63.8
2023_14_HOU_NYJ,2023,14,2023-12-10,HOU,-0.5272716430498314,-0.006837021773824168,52,0.07006240268959249,-0.016990905869493915,65.0
2023_15_HOU_TEN,2023,15,2023-12-17,HOU,-0.1103435555862219,-0.18189447900990144,72,-0.09515860831252593,-0.04840957282205108,62.6
2023_16_CLE_HOU,2023,16,2023-12-24,HOU,-0.2678220143442398,0.11339988014695246,68,-0.1375026080013732,-0.08490252299005199,62.2
2023_17_TEN_HOU,2023,17,2023-12-31,HOU,0.002530324493893906,-0.4293156029871081,61,-0.18049110122779335,-0.05083633279586064,62.6
2023_18_HOU_IND,2023,18,2024-01-06,HOU,0.119944729184188,-0.010163362004777991,56,-0.1914156763485773,-0.1441792860170788,63.2
2024_01_HOU_IND,2024,1,2024-09-08,HOU,0.14074478369634383,0.05188760343398264,75,-0.1565924318604422,-0.10296211712573182,61.8
2024_02_CHI_HOU,2024,2,2024-09-15,HOU,-0.1496798627033682,-0.31363906648977563,60,-0.022989146511207127,-0.09121719208417048,66.4
2024_03_HOU_MIN,2024,3,2024-09-22,HOU,-0.2187582247317415,0.10881717221105347,62,-0.030856407934636388,-0.11756610958014528,64.0
2024_04_JAX_HOU,2024,4,2024-09-29,HOU,0.15695022509361492,-0.013452732502280854,68,-0.021043650012136726,-0.1184826511673251,62.8
2024_05_BUF_HOU,2024,5,2024-10-06,HOU,-0.057969271695458124,-0.0150581178917669,67,0.009840330107807474,-0.03531007707035966,64.2
2024_06_HOU_NE,2024,6,2024-10-13,HOU,0.11557763043360846,-0.30611791207994676,61,-0.025742470068121748,-0.03628902824775744,66.4
2024_07_HOU_GB,2024,7,2024-10-20,HOU,-0.17564451976398485,-0.07821454234538197,58,-0.030775900720668832,-0.10789013135054333,63.6
2024_08_IND_HOU,2024,8,2024-10-27,HOU,-0.06942154143449633,-0.09270544400182772,68,-0.03596883213279216,-0.06080522652166458,63.2
2024_09_HOU_NYJ,2024,9,2024-10-31,HOU,-0.07531797704698848,0.04756760713213158,74,-0.006101495473343122,-0.10110974976424084,64.4
2024_10_DET_HOU,2024,10,2024-11-10,HOU,-0.22658274712509294,-0.11832855089354422,65,-0.0525551359014638,-0.08890568183735834,65.6
2024_11_HOU_DAL,2024,11,2024-11-18,HOU,0.1938374301101505,-0.3053468709088249,60,-0.08627783098739077,-0.1095597684377138,65.2
2024_12_TEN_HOU,2024,12,2024-11-24,HOU,-0.22699336670625098,-0.0963698010642001,54,-0.07062587105208236,-0.10940556020348942,65.0
2024_13_HOU_JAX,2024,13,2024-12-01,HOU,0.07334556317890449,0.08401990862355314,58,-0.08089564044053557,-0.11303661194725305,64.2
2024_15_MIA_HOU,2024,15,2024-12-15,HOU,-0.3150112851587115,-0.21669346186923588,46,-0.05234221951785541,-0.07769154142217687,62.2
2024_16_HOU_KC,2024,16,2024-12-21,HOU,0.09238814503059829,0.14929714872905306,58,-0.10028088114020002,-0.13054375522245037,56.6
2024_17_BAL_HOU,2024,17,2024-12-25,HOU,-0.41480403844616376,0.31108718914939026,54,-0.03648670270906177,-0.0770186152979309,55.2
2024_18_HOU_TEN,2024,18,2025-01-05,HOU,0.0626337290576773,-0.18464127046662468,57,-0.15821499642032463,0.04626819671371214,54.0
2025_01_HOU_LA,2025,1,2025-09-07,HOU,-0.13239190355484282,-0.03839154758130793,57,-0.10028957726753898,0.028613902833227227,54.6
2025_02_TB_HOU,2025,2,2025-09-15,HOU,-0.06539168863077052,0.13463576223110796,46,-0.14143707061428842,0.0041316115922550075,54.4
2025_03_HOU_JAX,2025,3,2025-09-21,HOU,-0.20688742736184204,-0.16326414124613386,57,-0.09151315130870023,0.07439745641232379,54.4
2025_04_TEN_HOU,2025,4,2025-09-28,HOU,0.14997043720635106,-0.33984141296230697,66,-0.15136826578718832,0.01188519841728639,54.2
2025_05_HOU_BAL,2025,5,2025-10-05,HOU,0.3914223138318197,-0.33574280385889443,64,-0.03841337065668533,-0.11830052200505306,56.6
2025_07_HOU_SEA,2025,7,2025-10-20,HOU,-0.31004925549555545,-0.2483187254177334,70,0.02734434629814314,-0.148520828683507,58.0
2025_08_SF_HOU,2025,8,2025-10-26,HOU,0.23502567702044333,-0.04005459639431081,74,-0.008187124089999387,-0.1905062642507921,60.6
2025_09_DEN_HOU,2025,9,2025-11-02,HOU,-0.14950094418954218,-0.09000114324388302,72,0.051896349040243386,-0.22544433597587585,66.2
2025_10_JAX_HOU,2025,10,2025-11-09,HOU,0.07360694387817786,-0.2355685361521062,72,0.06337364567470335,-0.2107917363754257,69.2
2025_11_HOU_TEN,2025,11,2025-11-16,HOU,-0.06696717421772264,-0.11977042686512421,68,0.048100947009068716,-0.18993716101338554,70.4
2025_12_BUF_HOU,2025,12,2025-11-20,HOU,-0.06426352002561553,-0.16421365248832998,55,-0.04357695060083975,-0.1467426856146315,71.2
2025_13_HOU_IND,2025,13,2025-11-30,HOU,0.01109385885316322,-0.11632910457837053,71,0.005580196493148235,-0.1299216710287508,68.2
2025_14_HOU_KC,2025,14,2025-12-07,HOU,-0.07540147642134276,-0.2928953694636975,65,-0.03920616714030779,-0.14517657266556275,67.6
2025_15_ARI_HOU,2025,15,2025-12-14,HOU,0.24830012980402955,0.012079446338022534,60,-0.024386273586667902,-0.18575541790952563,66.2
2025_16_LV_HOU,2025,16,2025-12-21,HOU,-0.15858796426285257,-0.04247776650876369,59,0.010552363598502434,-0.1362258214114999,63.8
2025_17_HOU_LAC,2025,17,2025-12-27,HOU,-0.1514305319207047,-0.2153056603435169,59,-0.0077717944105235495,-0.12076728934022778,62.0
2025_18_IND_HOU,2025,18,2026-01-04,HOU,-0.01890033960430786,-0.07294242176672638,63,-0.025205196789541383,-0.13098569091126516,62.8
2026_01_BUF_HOU,2026,1,2026-09-13,HOU,0.06890769422967051,0.22925824720811552,73,-0.031204036481035598,-0.12230835434893635,61.2
2016_01_DET_IND,2016,1,2016-09-11,IND,0.2768180501396461,0.40135070434747033,69,,,
2016_02_IND_DEN,2016,2,2016-09-18,IND,-0.2053573301589615,0.008108160667536795,65,,,
2016_03_SD_IND,2016,3,2016-09-25,IND,-0.11861812657455852,-0.01988924090521684,66,,,
2016_04_IND_JAX,2016,4,2016-10-02,IND,-0.05855952011855862,0.12434347391803417,72,-0.015719135531291298,0.1298565413699301,66.66666666666667
2016_05_CHI_IND,2016,5,2016-10-09,IND,0.06710004046373062,0.2676395213583552,63,-0.02642923167810813,0.12847827450695612,68.0
2016_06_IND_HOU,2016,6,2016-10-16,IND,0.04688040607006679,0.06224726470760288,67,-0.007723377249740376,0.15631052387723593,67.0
2016_07_IND_TEN,2016,7,2016-10-23,IND,0.27331467727543374,0.009884722032379138,63,-0.053710906063656236,0.08848983594926245,66.6
2016_08_KC_IND,2016,8,2016-10-30,IND,-0.19284295433555868,0.13336392736885533,61,0.042023495423222805,0.08884514822223091,66.2
2016_09_IND_GB,2016,9,2016-11-06,IND,0.07232549617152938,0.0982015773862009,63,0.027178529871022778,0.11949578187704535,65.2
2016_11_TEN_IND,2016,11,2016-11-20,IND,0.07443102762770602,-0.0521991860021465,54,0.05335553312904038,0.11426740257067872,63.4
2016_12_PIT_IND,2016,12,2016-11-24,IND,-0.17907213056245522,0.41129769318620674,63,0.05482173056183546,0.05029966109857836,61.6
2016_13_IND_NYJ,2016,13,2016-12-05,IND,0.22106111848435003,-0.32171715816367524,67,0.00963122323533105,0.12010974679429913,60.8
2016_14_HOU_IND,2016,14,2016-12-11,IND,-0.1197553918860396,-0.03745457221278685,60,-0.0008194885228856918,0.05378937075508826,61.6
2016_15_IND_MIN,2016,15,2016-12-18,IND,0.17295137724042633,-0.34951009539745087,68,0.013798023967018121,0.01962567083875982,61.4
2016_16_IND_OAK,2016,16,2016-12-24,IND,0.09117612782973564,0.22979120952684595,53,0.033923200180797516,-0.06991666371797053,62.4
2016_17_JAX_IND,2016,17,2017-01-01,IND,0.0014494153999124598,0.049686059279072346,64,0.03727222022120343,-0.013518584612172035,62.2
2017_01_IND_LA,2017,1,2017-09-10,IND,-0.6011146708421788,0.07218504375525056,48,0.07337652941367698,-0.08584091139359892,62.4
2017_02_ARI_IND,2017,2,2017-09-17,IND,-0.15061040637606232,-0.04218540370940972,70,-0.09105862845162879,-0.007060471009813751,58.6
2017_03_CLE_IND,2017,3,2017-09-24,IND,-0.01929308644757566,-0.015463233245890993,62,-0.09722963134963333,-0.008006637309138327,60.6
2017_04_IND_SEA,2017,4,2017-10-01,IND,-0.26925327935264626,0.2931267367145119,58,-0.13567852408723374,0.058802735121173656,59.4
2017_05_SF_IND,2017,5,2017-10-08,IND,0.01866284109814029,0.09193616151977657,71,-0.20776440552371014,0.07146984055870684,60.4
2017_06_IND_TEN,2017,6,2017-10-16,IND,-0.09901935309652649,0.11287123368897217,57,-0.20432172038406454,0.07991986100684768,61.8
2017_07_JAX_IND,2017,7,2017-10-22,IND,-0.3006823804210385,0.24023697554741538,67,-0.10390265683493408,0.088057098993592,63.6
2017_08_IND_CIN,2017,8,2017-10-29,IND,-0.05087085365138272,-0.00898540731097056,71,-0.13391705164392934,0.14454157484495703,63.0
2017_09_IND_HOU,2017,9,2017-11-05,IND,-0.01482019079436255,-0.1425410121262071,60,-0.14023260508469074,0.1458371400319411,64.8
2017_10_PIT_IND,2017,10,2017-11-12,IND,-0.1336618693904873,0.026136385372428583,55,-0.08934598737303398,0.0587035902637973,65.2
2017_12_TEN_IND,2017,12,2017-11-26,IND,-0.19404415800744484,-0.0443320421541334,61,-0.11981092947075951,0.045543635034327706,62.0
2017_13_IND_JAX,2017,13,2017-12-03,IND,-0.07442755360412714,0.2769750744719994,64,-0.13881589045294318,0.014102979865706595,62.8
2017_14_IND_BUF,2017,14,2017-12-10,IND,-0.15618146404031302,-0.17140096169714525,67,-0.09356492508956091,0.021450599650623403,62.2
2017_15_DEN_IND,2017,15,2017-12-14,IND,-0.08337317877292165,0.21752735199626957,52,-0.11462704716734698,-0.011032511226611535,61.4
2017_16_IND_BAL,2017,16,2017-12-23,IND,0.0552465144377704,0.10450723808217396,59,-0.12833764476305878,0.060981161597883804,59.8
2017_17_HOU_IND,2017,17,2017-12-31,IND,0.02982682030128823,-0.09140046904661712,60,-0.09055596799740726,0.07665533213983287,60.6
2018_01_CIN_IND,2018,1,2018-09-09,IND,-0.09216547201911236,0.01755063717238613,77,-0.04578177233566063,0.06724164676133612,60.4
2018_02_IND_WAS,2018,2,2018-09-16,IND,0.027516645616209454,-0.14204706364374484,58,-0.04932935601865768,0.01535675930141347,63.0
2018_03_IND_PHI,2018,3,2018-09-23,IND,-0.18609987950824053,-0.08834756774458395,56,-0.012589734087353185,0.02122753891209355,61.2
2018_04_HOU_IND,2018,4,2018-09-30,IND,-0.022617377428492375,0.08206120347634428,85,-0.03313507423441696,-0.03994744503607715,62.0
2018_05_IND_NE,2018,5,2018-10-04,IND,-0.009397578744044215,0.20842300622266352,81,-0.048707852607669515,-0.044436651957243084,67.2
2018_06_IND_NYJ,2018,6,2018-10-14,IND,-0.08707551914168593,0.02146151317045824,66,-0.05655273241673601,0.015528043096613042,71.4
2018_07_BUF_IND,2018,7,2018-10-21,IND,0.27281372615066607,-0.49426083854356123,57,-0.05553474184125072,0.016310218296227464,69.2
2018_08_IND_OAK,2018,8,2018-10-28,IND,0.4440675305701633,0.21585424800413539,70,-0.006475325734359405,-0.05413253668373581,69.0
2018_10_JAX_IND,2018,10,2018-11-11,IND,0.2871867033756055,0.14209491087234855,50,0.11955815628132135,0.006707826466008049,71.8
2018_11_TEN_IND,2018,11,2018-11-18,IND,0.3458395702942455,-0.18712621353226558,57,0.18151897244214094,0.0187145679452089,64.8
2018_12_MIA_IND,2018,12,2018-11-25,IND,0.113576743859014,0.05944358498481824,65,0.25256640224979887,-0.06039527600577692,60.0
2018_13_IND_JAX,2018,13,2018-12-02,IND,-0.3032384794197229,-0.28526739072598556,71,0.29269685484993885,-0.052798861642904926,59.8
2018_14_IND_HOU,2018,14,2018-12-09,IND,0.12636940932441226,0.02164087486658793,63,0.17748641373586108,-0.011000172079389792,62.6
2018_15_DAL_IND,2018,15,2018-12-16,IND,0.0791976153361278,-0.15760297122654549,62,0.11394678948671086,-0.04984284670689928,61.2
2018_16_NYG_IND,2018,16,2018-12-23,IND,0.211149807730239,0.25821088160978517,62,0.07234897187881534,-0.1097824231266781,63.6
2018_17_IND_TEN,2018,17,2018-12-30,IND,0.08489509548757891,-0.34024738467727383,69,0.045411019366014035,-0.02071500409826794,64.6
2019_01_IND_LAC,2019,1,2019-09-08,IND,0.2682931959444232,0.2159501017488423,63,0.039674689691727015,-0.10065319803068636,65.4
2019_02_IND_TEN,2019,2,2019-09-15,IND,-0.0211014233525872,-0.07611503233462419,63,0.15398102476455625,-0.0004096995357207811,63.8
2019_03_ATL_IND,2019,3,2019-09-22,IND,0.25917709492546465,0.40683141219785646,60,0.12448685822915632,-0.019960880975963206,63.8
2019_04_OAK_IND,2019,4,2019-09-29,IND,-0.046802709024469105,0.12976122036590051,68,0.16048275414702368,0.09292599570891719,63.4
2019_05_IND_KC,2019,5,2019-10-06,IND,0.01012288110562162,-0.08554536049044992,72,0.10889225079608209,0.06723606346014026,64.6
2019_07_HOU_IND,2019,7,2019-10-20,IND,0.0806083289158638,0.023988277614724888,65,0.09393780791969063,0.11817646829750506,65.2
2019_08_DEN_IND,2019,8,2019-10-27,IND,-0.10581966421295326,-0.1333583879691808,59,0.056400834513978745,0.07978410347068157,65.6
2019_09_IND_PIT,2019,9,2019-11-03,IND,-0.060767155810302675,-0.17247673695990182,66,0.03945718634190554,0.06833543234377022,64.8
2019_10_MIA_IND,2019,10,2019-11-10,IND,-0.34514544870536934,-0.2919951700055517,68,-0.024531663805247926,-0.04752619748778143,66.0
2019_11_JAX_IND,2019,11,2019-11-17,IND,0.2163861354385129,-0.1328008093697725,61,-0.08420021174142797,-0.13187747556207188,66.0
2019_12_IND_HOU,2019,12,2019-11-21,IND,0.027751063478014162,0.06777997779197334,64,-0.042947560874849716,-0.1413285653379364,63.8
2019_13_TEN_IND,2019,13,2019-12-01,IND,-0.07736129604641548,-0.08896606461889363,66,-0.05351901396241965,-0.1325702253024867,63.6
2019_14_IND_TB,2019,14,2019-12-08,IND,-0.0005036330250751009,0.03201230199420664,60,-0.04782734032911209,-0.12369176063242926,65.0
2019_15_IND_NO,2019,15,2019-12-16,IND,-0.21271969268463392,0.2565405343672269,52,-0.035774635772066576,-0.08279395284160758,63.8
2019_16_CAR_IND,2019,16,2019-12-22,IND,0.10659305818811672,-0.18938874730186972,59,-0.009289484567919493,0.026913188032948142,60.6
2019_17_IND_JAX,2019,17,2019-12-29,IND,-0.1400801418335332,0.1435381190696644,55,-0.031248100017998735,0.0155956004465287,60.2
2020_01_IND_JAX,2020,1,2020-09-13,IND,0.025777055486310915,0.13378407741387577,69,-0.0648143410803082,0.030747228702066913,58.4
2020_02_MIN_IND,2020,2,2020-09-20,IND,0.06613910144725968,-0.28432550841407916,64,-0.04418667077376291,0.0752972571086208,59.0
2020_03_NYJ_IND,2020,3,2020-09-27,IND,0.1299458397190914,-0.42448795554228125,54,-0.030858123879295964,0.012029695026963638,59.8
2020_04_IND_CHI,2020,4,2020-10-04,IND,-0.0012827531050444549,-0.15059119632486423,65,0.0376749826014491,-0.124176002954938,60.2
2020_05_IND_CLE,2020,5,2020-10-11,IND,-0.04457466886489249,0.03686761557054527,51,0.016099820342816866,-0.11641649275953689,61.4
2020_06_CIN_IND,2020,6,2020-10-18,IND,0.21757707952821986,0.2021758576630399,59,0.035200914936545015,-0.13775059345936072,60.6
2020_08_IND_DET,2020,8,2020-11-01,IND,0.1898103979039824,-0.21648740846174375,74,0.0735609197449268,-0.12407223740952791,58.6
2020_09_BAL_IND,2020,9,2020-11-08,IND,-0.37242808715655434,-0.0003089187125760847,63,0.09829517903627136,-0.11050461741906081,60.6
2020_10_IND_TEN,2020,10,2020-11-12,IND,0.20627887235826614,-0.06514733129591323,68,-0.002179606338857798,-0.02566881005311978,62.4
2020_11_GB_IND,2020,11,2020-11-22,IND,0.023840766108238577,-0.044642965147591585,74,0.03933271875380432,-0.00858003704732958,63.0
2020_12_TEN_IND,2020,12,2020-11-29,IND,-0.013410523163171843,0.34378257725575867,68,0.05301580574843053,-0.024882153190956952,67.6
2020_13_IND_HOU,2020,13,2020-12-06,IND,0.0901891915391015,-0.024442707543286285,64,0.006818285210152188,0.003439190727586805,69.4
2020_14_IND_LV,2020,14,2020-12-13,IND,0.39401600608510945,0.0028577009649475033,57,-0.013105956062823994,0.0418481309112783,67.4
2020_15_HOU_IND,2020,15,2020-12-20,IND,0.2842001375405761,0.15182302453033264,52,0.14018286258550877,0.042481454846783014,66.2
2020_16_IND_PIT,2020,16,2020-12-27,IND,0.0031389416675013837,-0.008451009222734418,67,0.15576711562197074,0.08587552601203219,63.0
2020_17_JAX_IND,2020,17,2021-01-03,IND,0.13236279229422485,-0.25934077113723525,63,0.1516267507338233,0.09311391719700363,61.6
2021_01_SEA_IND,2021,1,2021-09-12,IND,-0.09623154199718663,0.1977419437717576,72,0.18078141382530263,-0.02751075248159516,60.6
2021_02_LA_IND,2021,2,2021-09-19,IND,-0.08011950957011196,0.07605472641060892,66,0.14349726711804503,0.016926177781413622,62.2
2021_03_IND_TEN,2021,3,2021-09-26,IND,-0.045294459680429236,0.012775097409987286,57,0.04867016398700075,0.03156558287054591,64.0
2021_04_IND_MIA,2021,4,2021-10-03,IND,0.1858521080015689,-0.09732603670162263,64,-0.017228755457200318,0.0037559974464768343,65.0
2021_05_IND_BAL,2021,5,2021-10-11,IND,0.3114101521987436,0.29063080667274294,64,0.019313877809613186,-0.014019008049300808,64.4
2021_06_HOU_IND,2021,6,2021-10-17,IND,0.2828231741774165,-0.22369105341177692,47,0.05512334979051693,0.09597530751269483,64.6
2021_07_IND_SF,2021,7,2021-10-24,IND,-0.09677692294651552,-0.27635057423677245,61,0.13093429302543755,0.01168870807598793,59.6
2021_08_TEN_IND,2021,8,2021-10-31,IND,-0.14061487678855988,0.09877919314827294,72,0.12760281035015683,-0.05879235205348835,58.6
2021_09_NYJ_IND,2021,9,2021-11-04,IND,0.4405301507604306,0.2038876464794258,60,0.1085387269285307,-0.041591532905831216,61.6
2021_10_JAX_IND,2021,10,2021-11-14,IND,-0.04696740936820728,-0.013767781078577936,59,0.15947433548030304,0.018651203730378468,60.8
2021_11_IND_BUF,2021,11,2021-11-21,IND,0.26709584012962156,0.012437887454542737,66,0.08779882316691288,-0.0422285138198857,59.8
2021_12_TB_IND,2021,12,2021-11-28,IND,-0.017277373723483667,0.09489456912248213,67,0.08465335635735391,0.0049972743533782255,63.6
2021_13_IND_HOU,2021,13,2021-12-05,IND,0.16770292293099998,-0.6233198415872175,69,0.10055326620196028,0.07924630302522914,64.8
2021_15_NE_IND,2021,15,2021-12-18,IND,0.0027400946988546337,-0.0816336323721205,50,0.16221682614587224,-0.06517350392186896,64.2
2021_16_IND_ARI,2021,16,2021-12-25,IND,0.07166289383937423,0.059372578119481156,62,0.07465881493355706,-0.12227775969217822,62.2
2021_17_LV_IND,2021,17,2022-01-02,IND,-0.01794884960174598,0.07584763812932091,54,0.09838487557507335,-0.10764968785256641,62.8
2021_18_IND_JAX,2021,18,2022-01-09,IND,-0.2936732959266372,0.0939225855264525,54,0.04137593762879983,-0.09496773771761076,60.4
2022_01_IND_HOU,2022,1,2022-09-11,IND,-0.009004778555213146,-0.17563656043610912,90,-0.013903246811830871,-0.09516213443681669,57.8
2022_02_IND_JAX,2022,2,2022-09-18,IND,-0.43709405438191123,0.11092284473388647,48,-0.0492447871090735,-0.005625478206595013,62.0
2022_03_KC_IND,2022,3,2022-09-25,IND,-0.16078316734729067,0.03540423328096874,68,-0.13721161692522668,0.032885817214606386,61.6
2022_04_TEN_IND,2022,4,2022-10-02,IND,-0.08042609310693909,0.042360857692872476,63,-0.18370082916255964,0.028092148246903897,62.8
2022_05_IND_DEN,2022,5,2022-10-06,IND,-0.20383723911985088,-0.2108313875361938,72,-0.19619627786359828,0.021394792159614213,64.6
2022_06_JAX_IND,2022,6,2022-10-16,IND,0.20664738873821617,0.19785025481788948,76,-0.17822906650224102,-0.039556002452915046,68.2
2022_07_IND_TEN,2022,7,2022-10-23,IND,-0.21598997737434378,-0.1178125326343628,64,-0.13509863304355513,0.035141360597884676,65.4
2022_08_WAS_IND,2022,8,2022-10-30,IND,-0.14610329197463726,-0.06598956828774635,53,-0.09087781764204166,-0.01060571487576518,68.6
2022_09_IND_NE,2022,9,2022-11-06,IND,-0.631846416884014,-0.32208719073077896,60,-0.08794184256751096,-0.0308844751895082,65.6
2022_10_IND_LV,2022,10,2022-11-13,IND,0.1526248633953622,-0.06635388127066769,59,-0.19822590732292594,-0.10377408487423849,65.0
2022_11_PHI_IND,2022,11,2022-11-20,IND,-0.1458585367087147,-0.1341589824802747,62,-0.12693348681988334,-0.07487858362113327,62.4
2022_12_PIT_IND,2022,12,2022-11-28,IND,-0.16187083324214444,0.11786849541111666,62,-0.1974346719092695,-0.1412804310807661,59.6
2022_13_IND_DAL,2022,13,2022-12-04,IND,-0.2982592410802721,0.21357833752104535,69,-0.18661084308282963,-0.0941442254716702,59.2
2022_15_IND_MIN,2022,15,2022-12-17,IND,-0.18015564415810006,-0.12836087008319888,78,-0.21704203290395663,-0.038230644309911875,62.4
2022_16_LAC_IND,2022,16,2022-12-26,IND,-0.5723881567776543,-0.05077207291172142,50,-0.1267038783587738,0.0005146198196041396,66.0
2022_17_IND_NYG,2022,17,2023-01-01,IND,-0.1686704988324334,0.2080396064417058,56,-0.27170648239337714,0.0036309814913933923,64.2
2022_18_HOU_IND,2022,18,2023-01-08,IND,-0.08365992985109662,-0.06713342122336428,70,-0.2762688748181209,0.07207069927578949,63.0
2023_01_JAX_IND,2023,1,2023-09-10,IND,-0.39872451556299854,-0.23355282596063834,69,-0.26062669413991124,0.0350703159488933,64.6
2023_02_IND_HOU,2023,2,2023-09-17,IND,0.25658465562702865,-0.015504243827617684,56,-0.2807197490364566,-0.054355916747443445,64.6
2023_03_IND_BAL,2023,3,2023-09-24,IND,-0.15425004682659932,-0.1447947964237003,84,-0.19337168907943086,-0.031784591496327196,60.2
2023_04_LA_IND,2023,4,2023-10-01,IND,0.022947358358675077,0.17524948031980214,59,-0.10974406708921984,-0.050589136198722975,67.0
2023_05_TEN_IND,2023,5,2023-10-08,IND,0.20651486377475872,0.0997040036071275,60,-0.07142049565099814,-0.0571471614231037,67.6
2023_06_IND_JAX,2023,6,2023-10-15,IND,-0.20753887989147068,-0.07553166952862088,75,-0.01338553692582708,-0.02377967645700535,65.6
2023_07_CLE_IND,2023,7,2023-10-22,IND,-0.05101485561307239,-0.16354894575130144,67,0.02485159020847849,0.007824554829398148,66.8
2023_08_NO_IND,2023,8,2023-10-29,IND,0.04779414407877191,0.3330238639129549,67,-0.03666831203954172,-0.021784385555338605,69.0
2023_09_IND_CAR,2023,9,2023-11-05,IND,-0.10387839918708558,-0.29856316736192623,54,0.0037405261415325297,0.07377934651199244,65.6
2023_10_IND_NE,2023,10,2023-11-12,IND,-0.017891335278321232,0.0007948684934435222,53,-0.021624625367619603,-0.020983183024353237,64.6
2023_12_TB_IND,2023,12,2023-11-26,IND,0.08095579419225274,-0.08423193042463568,69,-0.06650586517823559,-0.04076501004709003,63.2
2023_13_IND_TEN,2023,13,2023-12-03,IND,-0.01090840195705578,0.0308100599814912,68,-0.008806930361490906,-0.04250506222629299,62.0
2023_14_IND_CIN,2023,14,2023-12-10,IND,-0.04437234248803605,0.07264914657086599,60,-0.0007856396302875837,-0.0036332610797344665,62.2
2023_15_PIT_IND,2023,15,2023-12-16,IND,0.05359909834825614,-0.31995679991356424,64,-0.019218936943649175,-0.05570820454815224,60.8
2023_16_IND_ATL,2023,16,2023-12-24,IND,-0.2399623808193562,0.13086961448151932,67,0.012276562563419167,-0.05998693105847985,62.8
2023_17_LV_IND,2023,17,2023-12-31,IND,0.13870494837220365,0.07599167379102315,52,-0.032137646544787825,-0.03397198186086469,65.6
2023_18_HOU_IND,2023,18,2024-01-06,IND,-0.010163362004777991,0.119944729184188,63,-0.020587815708797648,-0.0019272610177329286,62.2
2024_01_HOU_IND,2024,1,2024-09-08,IND,0.05188760343398264,0.14074478369634383,44,-0.02043880771834209,0.01589967282280643,61.2
2024_02_IND_GB,2024,2,2024-09-15,IND,-0.09569395278910905,-0.0020821109139091618,52,-0.001186818533938351,0.029518800247902,58.0
2024_03_CHI_IND,2024,3,2024-09-22,IND,-0.21308674622788185,-0.2015746309292614,51,-0.031045428761411385,0.09309373804783302,55.6
2024_04_PIT_IND,2024,4,2024-09-29,IND,0.11364081754727412,-0.059012402899375656,63,-0.02567030184311652,0.026604888965676875,52.4
2024_05_IND_JAX,2024,5,2024-10-06,IND,0.25687316895732565,0.27860417896024947,68,-0.030683128008102432,-0.00039592637240288967,54.6
2024_06_IND_TEN,2024,6,2024-10-13,IND,-0.09491334601256621,-0.02593452022349258,66,0.0227241781843183,0.031335963582809406,55.6
2024_07_MIA_IND,2024,7,2024-10-20,IND,-0.19459945894577232,-0.2572328068957096,60,-0.0066360117049914695,-0.0019998972011578756,60.0
2024_08_IND_HOU,2024,8,2024-10-27,IND,-0.09270544400182772,-0.06942154143449633,61,-0.026417112936324122,-0.053030036397517966,61.6
2024_09_IND_MIN,2024,9,2024-11-03,IND,-0.32621764285226873,-0.04208867882670334,48,-0.002340852491113296,-0.026599418498564953,63.6
2024_10_BUF_IND,2024,10,2024-11-10,IND,-0.25126254354012095,0.019989930434927642,61,-0.09031254457102186,-0.02321467368403049,60.6
2024_11_IND_NYJ,2024,11,2024-11-17,IND,0.018339986137080325,-0.1010115717027605,69,-0.19193968707051118,-0.07493752338909486,59.2
2024_12_DET_IND,2024,12,2024-11-24,IND,-0.14250006489046096,0.1535755658409126,48,-0.16928902064058188,-0.08995293368494844,59.8
2024_13_IND_NE,2024,13,2024-12-01,IND,0.0904319327184597,0.1848482830773117,58,-0.1588691418295196,-0.007791259137624007,57.4
2024_15_IND_DEN,2024,15,2024-12-15,IND,-0.45204005983084017,-0.3143748995556868,72,-0.12224166648546213,0.0430627057647376,56.8
2024_16_TEN_IND,2024,16,2024-12-22,IND,0.21821909411644827,0.07221309393267743,62,-0.14740614988117642,-0.011394538381059093,61.6
2024_17_IND_NYG,2024,17,2024-12-29,IND,0.04343917667707428,0.37680355320979003,74,-0.05350982234986257,-0.0009499056815091417,61.8
2024_18_JAX_IND,2024,18,2025-01-05,IND,0.011510927859925225,0.03034178943241788,77,-0.04848998424186378,0.09461311930100096,62.8
2025_01_MIA_IND,2025,1,2025-09-07,IND,0.2645682559748231,-0.25682406793280127,70,-0.017687785691786546,0.06996636401930204,68.6
2025_02_DEN_IND,2025,2,2025-09-14,IND,0.1501247065006962,0.1918209873637272,67,0.017139478959486133,-0.018368106182720563,71.0
2025_03_IND_TEN,2025,3,2025-09-21,IND,0.3936531533492063,-0.1724556131271189,50,0.1375724322257934,0.08287107120116224,70.0
2025_04_IND_LA,2025,4,2025-09-28,IND,-0.09276769388046624,0.08156422649490969,55,0.17265924407234504,0.033937329789202976,67.6
2025_05_LV_IND,2025,5,2025-10-05,IND,0.2768333146737995,-0.21280899116320012,61,0.14541786996083692,-0.025110535553773093,63.8
2025_06_ARI_IND,2025,6,2025-10-12,IND,0.14932353989474517,0.08987307613540867,56,0.19848234732361175,-0.0737406916728967,60.6
2025_07_IND_LAC,2025,7,2025-10-19,IND,0.43477880175474354,0.08745231141202288,55,0.17543340410759617,-0.0044012628592547095,57.8
2025_08_TEN_IND,2025,8,2025-10-26,IND,0.3815471290843497,-0.08746747893923329,52,0.23236422315840563,-0.025274998049595578,55.4
2025_09_IND_PIT,2025,9,2025-11-02,IND,-0.12281911859057469,-0.1134796960845264,73,0.22994301830543434,-0.00827737121201845,55.8
2025_10_ATL_IND,2025,10,2025-11-09,IND,0.15098934089260876,-0.06675310395738128,75,0.22393273336341263,-0.04728615572790566,59.4
2025_12_IND_KC,2025,12,2025-11-23,IND,-0.004252268632973299,0.013962667228276833,49,0.19876393860717448,-0.0180749782867419,62.2
2025_13_HOU_IND,2025,13,2025-11-30,IND,-0.11632910457837053,0.01109385885316322,51,0.16804877690163078,-0.03325706006816827,60.8
2025_14_IND_JAX,2025,14,2025-12-07,IND,-0.18852082875255344,0.09141080124428921,63,0.057827195635007975,-0.0485287505799402,60.0
2025_15_IND_SEA,2025,15,2025-12-14,IND,-0.09799451798336897,-0.04144017157500245,58,-0.056186395932372644,-0.012753094543235696,62.2
2025_16_SF_IND,2025,16,2025-12-22,IND,-0.03678054620523284,0.4026968567348456,58,-0.051221475810931505,0.001654810358669094,59.2
2025_17_JAX_IND,2025,17,2025-12-28,IND,-0.20558239751147017,0.005853578666848325,54,-0.08877545323049982,0.09554480249711447,55.8
2025_18_IND_HOU,2025,18,2026-01-04,IND,-0.07294242176672638,-0.01890033960430786,64,-0.1290414790061992,0.09392298478482877,56.8
2026_01_BAL_IND,2026,1,2026-09-13,IND,-0.2412365630731741,0.3214839097559596,53,-0.12036414244387036,0.08792414509333454,59.4
2016_01_GB_JAX,2016,1,2016-09-11,JAX,-0.022275759974842966,0.1516399484195524,67,,,
2016_02_JAX_SD,2016,2,2016-09-18,JAX,-0.08939296682034906,0.10617676133236598,63,,,
2016_03_BAL_JAX,2016,3,2016-09-25,JAX,-0.25990151199693245,-0.15970684403574845,63,,,
2016_04_IND_JAX,2016,4,2016-10-02,JAX,0.12434347391803417,-0.05855952011855862,65,-0.12385674626404149,0.03270328857205664,64.33333333333333
2016_06_JAX_CHI,2016,6,2016-10-16,JAX,-0.08809114994977543,0.009327594646556494,54,-0.06180669121852257,0.009887586399402825,64.5
2016_07_OAK_JAX,2016,7,2016-10-23,JAX,-0.1365689299702872,0.07418316434585427,59,-0.06706358296477315,0.009775588048833559,62.4
2016_08_JAX_TEN,2016,8,2016-10-27,JAX,0.11927127219314743,0.2206573234890873,68,-0.08992221696386199,-0.0057157687659060655,60.8
2016_09_JAX_KC,2016,9,2016-11-06,JAX,-0.1182681684262253,-0.2825832511363011,75,-0.0481893691611627,0.0171803436654382,61.8
2016_10_HOU_JAX,2016,10,2016-11-13,JAX,-0.1263468810870721,0.058364340391873576,74,-0.019862700447021268,-0.0073949377546723375,64.2
2016_11_JAX_DET,2016,11,2016-11-20,JAX,-0.22738588158908118,-0.1882076427658403,61,-0.07000077144804252,0.0159898343474141,66.0
2016_12_JAX_BUF,2016,12,2016-11-27,JAX,0.0490224055301951,0.11399626726807596,64,-0.09785971777590366,-0.023517213135065256,67.4
2016_13_DEN_JAX,2016,13,2016-12-04,JAX,-0.35935211368431924,-0.28416347307994577,81,-0.060741450675807204,-0.015554592550620921,68.4
2016_14_MIN_JAX,2016,14,2016-12-11,JAX,-0.03477484790357542,0.053962628709366835,65,-0.15646612785130057,-0.11651875186442755,71.0
2016_15_JAX_HOU,2016,15,2016-12-18,JAX,-0.3893119056413654,-0.19291966745500586,50,-0.13976746374677057,-0.04920957589529395,69.0
2016_16_TEN_JAX,2016,16,2016-12-24,JAX,0.10612007917018598,-0.1612233858617031,68,-0.19236046865762924,-0.09946637746466984,64.2
2016_17_JAX_IND,2016,17,2017-01-01,JAX,0.049686059279072346,0.0014494153999124598,71,-0.1256592765057758,-0.0940695260838424,65.6
2017_01_JAX_HOU,2017,1,2017-09-10,JAX,0.06410933626402254,-0.5627949609664991,58,-0.12552654575600036,-0.1165788964574751,67.0
2017_02_TEN_JAX,2017,2,2017-09-17,JAX,-0.13297055670508212,0.18926352447848152,62,-0.040834255766332,-0.17230519403478575,62.4
2017_03_BAL_JAX,2017,3,2017-09-24,JAX,0.2756357509871431,-0.4609768610313983,65,-0.06047339752663333,-0.1452450148809628,61.8
2017_04_JAX_NYJ,2017,4,2017-10-01,JAX,-0.15602516577139156,-0.11074507474537996,74,0.07251613379906838,-0.1988564535962413,64.8
2017_05_JAX_PIT,2017,5,2017-10-08,JAX,0.09211595112881538,-0.29407566969250887,53,0.02008708481075286,-0.18876079137297666,66.0
2017_06_LA_JAX,2017,6,2017-10-15,JAX,-0.0594375573698439,-0.16689168786542152,66,0.02857306318070147,-0.24786580839146094,62.4
2017_07_JAX_IND,2017,7,2017-10-22,JAX,0.24023697554741538,-0.3006823804210385,64,0.0038636844539281802,-0.16868515377124543,64.0
2017_09_CIN_JAX,2017,9,2017-11-05,JAX,0.10744713283961335,-0.14943418556857588,77,0.07850519090442767,-0.26667433475114943,64.4
2017_10_LAC_JAX,2017,10,2017-11-12,JAX,-0.11930643426102994,-0.13691475409050433,82,0.04486746727492173,-0.20436579965858495,66.8
2017_11_JAX_CLE,2017,11,2017-11-19,JAX,-0.20235825273222244,-0.6286663163099783,76,0.052211213576994056,-0.2095997355276098,68.4
2017_12_JAX_ARI,2017,12,2017-11-26,JAX,-0.24322122008354533,-0.13881574995489962,57,-0.0066836271952135096,-0.2765178648511037,73.0
2017_13_IND_JAX,2017,13,2017-12-03,JAX,0.2769750744719994,-0.07442755360412714,66,-0.04344035973795379,-0.27090267726899936,71.2
2017_14_SEA_JAX,2017,14,2017-12-10,JAX,0.18219215035739678,0.03447873349254677,61,-0.03609273995303699,-0.2256517119056171,71.6
2017_15_HOU_JAX,2017,15,2017-12-17,JAX,0.23776626269473713,-0.2534358839662413,66,-0.0211437364494803,-0.1888691280933925,68.4
2017_16_JAX_SF,2017,16,2017-12-24,JAX,-0.0012538725253604887,0.2518750098779022,80,0.05027080294167312,-0.2121733540685399,65.2
2017_17_JAX_TEN,2017,17,2017-12-31,JAX,-0.29228146797334026,-0.36535415235884594,60,0.0904916789830455,-0.03606508883096382,66.0
2018_01_JAX_NYG,2018,1,2018-09-09,JAX,-0.045552862887697894,-0.23678583271742631,60,0.08067962940508652,-0.08137276931175308,66.6
2018_02_NE_JAX,2018,2,2018-09-16,JAX,0.20633405197887658,0.013435190935254101,68,0.016174041933147053,-0.11384442513441292,65.4
2018_03_TEN_JAX,2018,3,2018-09-23,JAX,-0.16091715709828516,-0.13248092159624097,56,0.021002422257443015,-0.11805313364587144,66.8
2018_04_NYJ_JAX,2018,4,2018-09-30,JAX,0.0344304618701279,-0.2328084676448259,75,-0.05873426170116145,-0.09386214117187139,64.8
2018_05_JAX_KC,2018,5,2018-10-07,JAX,-0.15416017525719972,0.08099138794480432,83,-0.05159739482206377,-0.190798836676417,63.8
2018_06_JAX_DAL,2018,6,2018-10-14,JAX,-0.45669345167822184,0.09843642654284723,47,-0.023973136278835662,-0.10152972861568696,68.4
2018_07_HOU_JAX,2018,7,2018-10-21,JAX,-0.2617840067430413,-0.0037991360020684707,68,-0.10620125403694045,-0.03448527676363224,65.8
2018_08_PHI_JAX,2018,8,2018-10-28,JAX,-0.06899837346810418,0.18863953033408218,63,-0.19982486578132402,-0.03793214215109676,65.8
2018_10_JAX_IND,2018,10,2018-11-11,JAX,0.14209491087234855,0.2871867033756055,73,-0.18144110905528782,0.02629194823496787,67.2
2018_11_PIT_JAX,2018,11,2018-11-18,JAX,-0.13126109029048857,-0.10167088331452223,67,-0.1599082192548437,0.13029098243905415,66.8
2018_12_JAX_BUF,2018,12,2018-11-25,JAX,-0.010249600680963008,0.10088585177047579,65,-0.15532840226150146,0.09375852818718884,63.6
2018_13_IND_JAX,2018,13,2018-12-02,JAX,-0.28526739072598556,-0.3032384794197229,54,-0.0660396320620497,0.09424841323271456,67.2
2018_14_JAX_TEN,2018,14,2018-12-06,JAX,-0.20632001813712783,0.24074102661732194,66,-0.07073630885863855,0.03436054454918367,64.4
2018_15_WAS_JAX,2018,15,2018-12-16,JAX,-0.30265549152448046,-0.018038475378245402,49,-0.09820063779244328,0.04478084380583162,65.0
2018_16_JAX_MIA,2018,16,2018-12-23,JAX,-0.03217200616664241,-0.3788621077111023,60,-0.1871507182718091,-0.016264191944938562,60.2
2018_17_JAX_HOU,2018,17,2018-12-30,JAX,-0.4585689793579933,-0.05519301943841779,47,-0.16733290144703986,-0.07170243682425456,58.8
2019_01_KC_JAX,2019,1,2019-09-08,JAX,0.20049520811827726,0.4064059757872138,51,-0.2569967771824459,-0.1029182110660333,55.2
2019_02_JAX_HOU,2019,2,2019-09-15,JAX,-0.09129434875745945,-0.08828306937459403,59,-0.15984425741359334,0.039010679975354054,54.6
2019_03_TEN_JAX,2019,3,2019-09-19,JAX,-0.09296622589512467,-0.1072173771634698,49,-0.13683912353765967,-0.026794139223029135,53.2
2019_04_JAX_DEN,2019,4,2019-09-29,JAX,0.16643630139496493,0.04337700747999835,76,-0.0949012704117885,-0.04462991958007402,53.2
2019_05_JAX_CAR,2019,5,2019-10-06,JAX,-0.03458125608027995,0.18469142334849167,76,-0.05517960889946705,0.03981790345814611,56.4
2019_06_NO_JAX,2019,6,2019-10-13,JAX,-0.2648743647021511,0.03476741210377822,54,0.02961793575607562,0.087794792015528,62.2
2019_07_JAX_CIN,2019,7,2019-10-20,JAX,0.024791169556066108,-0.32385202574308536,77,-0.06345597880801004,0.013467079278840884,62.8
2019_08_NYJ_JAX,2019,8,2019-10-27,JAX,0.1201099621488948,-0.20653716003485112,66,-0.040238875145304935,-0.03364671199485738,66.4
2019_09_HOU_JAX,2019,9,2019-11-03,JAX,-0.2787935248490724,0.21109611063362851,66,0.002376362463498957,-0.05351066856913365,69.8
2019_11_JAX_IND,2019,11,2019-11-17,JAX,-0.1328008093697725,0.2163861354385129,59,-0.08666960278530851,-0.01996684793840761,67.8
2019_12_JAX_TEN,2019,12,2019-11-24,JAX,0.03231015261439292,0.3602342737934426,80,-0.10631351344320703,-0.013627905520403365,64.4
2019_13_TB_JAX,2019,13,2019-12-01,JAX,-0.4756789958894369,-0.04939861313676493,64,-0.04687660997989822,0.051465466817529504,69.6
2019_14_LAC_JAX,2019,14,2019-12-08,JAX,-0.16008139963320636,0.6515543808323103,63,-0.14697064306899882,0.10635614933879359,67.0
2019_15_JAX_OAK,2019,15,2019-12-15,JAX,0.010973135592044754,0.04123410900983533,53,-0.20300891542541905,0.2779744575122259,66.4
2019_16_JAX_ATL,2019,16,2019-12-22,JAX,-0.037336601637917806,0.18425027046855283,59,-0.14505558333719562,0.24400205718746726,63.8
2019_17_IND_JAX,2019,17,2019-12-29,JAX,0.1435381190696644,-0.1400801418335332,64,-0.1259627417908247,0.2375748841934752,63.8
2020_01_IND_JAX,2020,1,2020-09-13,JAX,0.13378407741387577,0.025777055486310915,46,-0.10371714849977039,0.13751200106808006,60.6
2020_02_JAX_TEN,2020,2,2020-09-20,JAX,0.2544227869679926,0.2686299876787338,74,0.01817546616089215,0.15254713479269524,57.0
2020_03_MIA_JAX,2020,3,2020-09-24,JAX,-0.15919831049829972,0.1780023792156839,63,0.10107630348113195,0.07596225616197994,59.2
2020_04_JAX_CIN,2020,4,2020-10-04,JAX,0.16453279977707413,0.24779056124023477,63,0.06704201426306304,0.10331591020314965,61.2
2020_05_JAX_HOU,2020,5,2020-10-11,JAX,-0.05221371234739938,0.2007843506582389,73,0.10741589454606144,0.11602396835748603,62.0
2020_06_DET_JAX,2020,6,2020-10-18,JAX,-0.1272286275804922,0.17364793380569324,61,0.06826552826264867,0.18419686685584047,63.8
2020_07_JAX_LAC,2020,7,2020-10-25,JAX,-0.07556774501848756,0.18904934780609414,62,0.016062987263775086,0.21377104251971693,66.8
2020_09_HOU_JAX,2020,9,2020-11-08,JAX,0.008564759325951923,0.09903939378666081,68,-0.049935119133520944,0.197854914545189,64.4
2020_10_JAX_GB,2020,10,2020-11-15,JAX,-0.1950202694566235,-0.044303523345334016,61,-0.016382505168670618,0.1820623174593844,65.4
2020_11_PIT_JAX,2020,11,2020-11-22,JAX,-0.4407054485315772,0.0928084447732669,56,-0.08829311901541015,0.12364350054227062,65.0
2020_12_CLE_JAX,2020,12,2020-11-29,JAX,0.14469870084491254,0.20946061916382447,61,-0.16599146625224573,0.10204831936527621,61.6
2020_13_JAX_MIN,2020,13,2020-12-06,JAX,-0.09065183656962374,-0.11637982636255281,69,-0.11160600056716477,0.10921085643690245,61.6
2020_14_TEN_JAX,2020,14,2020-12-13,JAX,-0.1292492311127718,0.20245635906715262,69,-0.11462281887739201,0.048125021603173064,63.0
2020_15_JAX_BAL,2020,15,2020-12-20,JAX,-0.031847037186837825,0.2941003500123043,56,-0.14218561696513676,0.06880841465927143,63.2
2020_16_CHI_JAX,2020,16,2020-12-27,JAX,-0.12857789370576056,0.2575763077550127,54,-0.10955097051117961,0.1364891893307991,62.2
2020_17_JAX_IND,2020,17,2021-01-03,JAX,-0.25934077113723525,0.13236279229422485,65,-0.047125459546016275,0.16944276192714827,61.8
2021_01_JAX_HOU,2021,1,2021-09-12,JAX,-0.04244492141198311,0.15667379955718094,67,-0.12793335394244582,0.15402319655322833,62.6
2021_02_DEN_JAX,2021,2,2021-09-19,JAX,-0.2524367130939683,0.14256751813019566,51,-0.11829197091091773,0.2086339217371751,62.2
2021_03_ARI_JAX,2021,3,2021-09-26,JAX,-0.1572958153493416,0.21610276282502275,65,-0.142929467307157,0.1966561535497837,58.6
2021_04_JAX_CIN,2021,4,2021-09-30,JAX,0.18333087567959658,0.327179265863473,55,-0.16801922293965776,0.1810566361123274,60.4
2021_05_TEN_JAX,2021,5,2021-10-10,JAX,-0.06351833478457992,0.2611688342595676,67,-0.10563746906258635,0.19497722773401943,60.6
2021_06_MIA_JAX,2021,6,2021-10-17,JAX,0.08858180988465938,0.13431766108008777,62,-0.06647298179205527,0.22073843612708802,61.0
2021_08_JAX_SEA,2021,8,2021-10-31,JAX,-0.1496829164233569,0.03207980669657987,73,-0.04026763553272676,0.21626720843166933,60.0
2021_09_BUF_JAX,2021,9,2021-11-07,JAX,-0.20877131353213205,-0.1661722834084579,56,-0.01971687619860448,0.19416966614494618,64.4
2021_10_JAX_IND,2021,10,2021-11-14,JAX,-0.013767781078577936,-0.04696740936820728,63,-0.030011975835162574,0.11771465689825007,62.6
2021_11_SF_JAX,2021,11,2021-11-21,JAX,-0.09760100494759762,0.20128789416310647,44,-0.06943170718679749,0.04288532185191401,64.2
2021_12_ATL_JAX,2021,12,2021-11-28,JAX,-0.013510739471995943,0.10845947546247196,72,-0.07624824121940102,0.030909133832621782,59.6
2021_13_JAX_LA,2021,13,2021-12-05,JAX,-0.3818390201454432,0.24002149193580033,55,-0.09666675109073208,0.02573749670909862,61.6
2021_14_JAX_TEN,2021,14,2021-12-12,JAX,-0.4312912876541982,0.037279665130623946,51,-0.14309797183514933,0.06732583375694272,58.0
2021_15_HOU_JAX,2021,15,2021-12-19,JAX,-0.07602174190147047,-0.01798442052570795,65,-0.18760196665956258,0.10801622346475907,57.0
2021_16_JAX_NYJ,2021,16,2021-12-26,JAX,0.09146148206603755,0.14506943260125268,71,-0.20005275882414106,0.11381282123325895,57.4
2021_17_JAX_NE,2021,17,2022-01-02,JAX,-0.24983708747163094,0.4204975056627501,46,-0.16224026142141407,0.10256912892088818,62.8
2021_18_IND_JAX,2021,18,2022-01-09,JAX,0.0939225855264525,-0.2936732959266372,61,-0.20950553102134103,0.16497673496094384,57.6
2022_01_JAX_WAS,2022,1,2022-09-11,JAX,0.05514305543279859,0.04759088740473532,63,-0.11435320988696192,0.058237777388456334,58.8
2022_02_IND_JAX,2022,2,2022-09-18,JAX,0.11092284473388647,-0.43709405438191123,66,-0.01706634126956254,0.060300021843278595,61.2
2022_03_JAX_LAC,2022,3,2022-09-25,JAX,0.21725349344201023,-0.25573101947112975,74,0.020322576057508847,-0.023521904927962058,61.4
2022_04_JAX_PHI,2022,4,2022-10-02,JAX,-0.33079342738441797,-0.034602288691908976,46,0.045480978332703384,-0.10368199534243853,62.0
2022_05_HOU_JAX,2022,5,2022-10-09,JAX,-0.11049421151237684,-0.06285472684516197,72,0.02928971035014598,-0.19470195421337036,62.0
2022_06_JAX_IND,2022,6,2022-10-16,JAX,0.19785025481788948,0.20664738873821617,59,-0.011593649057619893,-0.14853824039707533,64.2
2022_07_NYG_JAX,2022,7,2022-10-23,JAX,0.13958950351242885,0.16958020949109068,66,0.016947790819398283,-0.11672694013037914,63.4
2022_08_DEN_JAX,2022,8,2022-10-30,JAX,-0.09790961897111976,0.019854937842076956,65,0.02268112257510676,0.00460791264422124,63.4
2022_09_LV_JAX,2022,9,2022-11-06,JAX,0.18733812416462592,0.059549772350620034,66,-0.04035149990751924,0.05972510410686259,61.6
2022_10_JAX_KC,2022,10,2022-11-13,JAX,0.08797971886641202,0.27402978823195806,61,0.06327481040228954,0.07855551631536839,65.6
2022_12_BAL_JAX,2022,12,2022-11-27,JAX,0.04828160793351202,0.1118688685352277,62,0.1029695964780473,0.1459324193307924,63.4
2022_13_JAX_DET,2022,13,2022-12-04,JAX,-0.08870010836805088,0.28648311036273855,56,0.07305586710117182,0.1269767152901947,64.0
2022_14_JAX_TEN,2022,14,2022-12-11,JAX,0.17135101895961918,-0.13120148055433545,67,0.027397944725075875,0.15035729546452428,62.0
2022_15_DAL_JAX,2022,15,2022-12-18,JAX,0.11629362891315408,0.04509885212197209,70,0.08125007231122366,0.12014601178524179,62.4
2022_16_JAX_NYJ,2022,16,2022-12-22,JAX,0.07402798357693591,-0.2882679330118018,68,0.0670411732609293,0.1172558277395122,63.2
2022_17_JAX_HOU,2022,17,2023-01-01,JAX,-0.07604215855462614,-0.5065519128731684,60,0.06425082620303407,0.0047962834907602225,64.6
2022_18_TEN_JAX,2022,18,2023-01-07,JAX,-0.10635881234867216,-0.09295700008742341,45,0.039386072905406445,-0.11888787279091899,64.2
2023_01_JAX_IND,2023,1,2023-09-10,JAX,-0.23355282596063834,-0.39872451556299854,68,0.03585433210928218,-0.1947758948809514,62.0
2023_02_KC_JAX,2023,2,2023-09-17,JAX,-0.3351888229143565,0.14477039254951432,64,-0.04512643687476932,-0.248280501882684,62.2
2023_03_HOU_JAX,2023,3,2023-09-24,JAX,-0.05072840892412007,0.22012880278433558,69,-0.13542292724027144,-0.22834619379717558,61.0
2023_04_ATL_JAX,2023,4,2023-10-01,JAX,0.006607778374848085,-0.30040760985943243,61,-0.1603742057404826,-0.12666684663794808,61.2
2023_05_JAX_BUF,2023,5,2023-10-08,JAX,0.13415352075976572,0.18866958356321428,82,-0.14384421835458777,-0.08543798603520089,61.4
2023_06_IND_JAX,2023,6,2023-10-15,JAX,-0.07553166952862088,-0.20753887989147068,58,-0.0957417517329002,-0.029112669305073356,68.8
2023_07_JAX_NO,2023,7,2023-10-19,JAX,-0.04199915497215322,-0.12696912491423315,53,-0.0641375204464967,0.009124457829232213,66.8
2023_08_JAX_PIT,2023,8,2023-10-29,JAX,-0.091579910111118,-0.24144628118685751,66,-0.005499586858056062,-0.045223445663517284,64.6
2023_10_SF_JAX,2023,10,2023-11-12,JAX,-0.4714810743005806,0.32201751455031025,54,-0.013669887095455649,-0.1375384624577559,64.0
2023_11_TEN_JAX,2023,11,2023-11-19,JAX,0.19394928561973585,0.03798047847683645,69,-0.10928765763054141,-0.01305343757580737,62.6
2023_12_JAX_HOU,2023,12,2023-11-26,JAX,0.037399163118982684,0.05715320009781359,68,-0.09732850465854737,-0.04319125859308294,60.0
2023_13_CIN_JAX,2023,13,2023-12-04,JAX,0.18604210767038096,0.19447215601804066,68,-0.07474233812902666,0.009747157404773919,62.0
2023_14_JAX_CLE,2023,14,2023-12-10,JAX,-0.1883115441665412,-0.11807995619019106,74,-0.02913408560051981,0.07403541359122869,65.0
2023_15_BAL_JAX,2023,15,2023-12-17,JAX,-0.22573760696844497,0.0261147803617203,61,-0.04848041241160445,0.09870867859056198,66.6
2023_16_JAX_TB,2023,16,2023-12-24,JAX,-0.20385275782476445,0.05241863031272672,63,0.000668281054822678,0.03952813175284399,68.0
2023_17_CAR_JAX,2023,17,2023-12-31,JAX,0.10604497942392903,-0.45515617516928547,58,-0.07889212763407738,0.04241576212002204,66.8
2023_18_JAX_TEN,2023,18,2024-01-07,JAX,-0.06277091192108594,0.12612470230557776,66,-0.0651629643730881,-0.060046112933397774,64.8
2024_01_JAX_MIA,2024,1,2024-09-08,JAX,-0.1479636490791349,0.02407332035096745,50,-0.1149255682913815,-0.07371560367589035,64.4
2024_02_CLE_JAX,2024,2,2024-09-15,JAX,-0.033992861799752735,0.022338850429188945,54,-0.10685598927390023,-0.04528494836765866,59.6
2024_03_JAX_BUF,2024,3,2024-09-23,JAX,-0.24341390146074288,0.446529584894625,68,-0.06850704024016178,-0.04604013435416493,58.2
2024_04_JAX_HOU,2024,4,2024-09-29,JAX,-0.013452732502280854,0.15695022509361492,57,-0.07641926896735748,0.03278205656221474,59.2
2024_05_IND_JAX,2024,5,2024-10-06,JAX,0.27860417896024947,0.25687316895732565,57,-0.10031881135259946,0.1552033366147948,59.0
2024_06_JAX_CHI,2024,6,2024-10-13,JAX,-0.00654797974294398,0.292747729056039,60,-0.032043793176332366,0.1813530299451444,57.2
2024_07_NE_JAX,2024,7,2024-10-20,JAX,0.24094059874717166,0.07388121289045063,60,-0.003760659309094186,0.2350879116861587,59.2
2024_08_GB_JAX,2024,8,2024-10-27,JAX,0.061244251585838065,0.10961365258441055,56,0.0512260328002907,0.24539638417841103,60.4
2024_09_JAX_PHI,2024,9,2024-11-03,JAX,-0.17861123437054743,0.01891751763994337,52,0.1121576634096069,0.17801319771636817,58.0
2024_10_MIN_JAX,2024,10,2024-11-10,JAX,-0.3390633094064935,-0.0035545111179894396,43,0.07912596303595357,0.15040665622563382,57.0
2024_11_JAX_DET,2024,11,2024-11-17,JAX,-0.3716917931648659,0.5690215830365876,47,-0.04440753463739502,0.09832112021057082,54.2
2024_13_HOU_JAX,2024,13,2024-12-01,JAX,0.08401990862355314,0.07334556317890449,69,-0.1174362973217794,0.15357589100668054,51.6
2024_14_JAX_TEN,2024,14,2024-12-08,JAX,0.030804982399609836,-0.15862419363598335,57,-0.1488204353465031,0.1534687610643713,53.4
2024_15_NYJ_JAX,2024,15,2024-12-15,JAX,0.11953011604670073,0.39749838499044116,78,-0.15490828918374874,0.09982119182029252,53.6
2024_16_JAX_LV,2024,16,2024-12-22,JAX,-0.21165921295264004,-0.0724789299116734,61,-0.09528001910029912,0.17553736529039207,58.8
2024_17_TEN_JAX,2024,17,2024-12-29,JAX,0.15334083067712087,0.03728812583230865,56,-0.06979919980952844,0.16175248153165528,62.4
2024_18_JAX_IND,2024,18,2025-01-05,JAX,0.03034178943241788,0.011510927859925225,66,0.03520732495886892,0.05540579009079949,64.2
2025_01_CAR_JAX,2025,1,2025-09-07,JAX,0.15245799652321068,-0.2563797084211179,60,0.024471701120641863,0.04303886302700364,63.6
2025_02_JAX_CIN,2025,2,2025-09-14,JAX,0.09293807758550672,-0.0071659925196110716,70,0.04880230394536204,0.023487760069976726,64.2
2025_03_HOU_JAX,2025,3,2025-09-21,JAX,-0.16326414124613386,-0.20688742736184204,65,0.04348389625312323,-0.05744511543203372,62.6
2025_04_JAX_SF,2025,4,2025-09-28,JAX,0.07789484320528943,-0.06949312499371713,60,0.05316291059442446,-0.08432681492206744,63.4
2025_05_KC_JAX,2025,5,2025-10-06,JAX,0.02829413494960063,0.1889954635324622,54,0.03807371310005818,-0.10568306508727261,64.2
2025_06_SEA_JAX,2025,6,2025-10-12,JAX,-0.021846653996281398,0.051627135239407373,68,0.037664182203494725,-0.07018615795276521,61.8
2025_07_LA_JAX,2025,7,2025-10-19,JAX,-0.16017528308253737,0.12091618987876152,74,0.0028032520995963117,-0.008584789220660149,63.4
2025_09_JAX_LV,2025,9,2025-11-02,JAX,0.15706824798076882,0.1389007410609467,76,-0.0478194200340125,0.01703164725901437,64.2
2025_10_JAX_HOU,2025,10,2025-11-09,JAX,-0.2355685361521062,0.07360694387817786,56,0.01624705781136803,0.08618928094357212,66.4
2025_11_LAC_JAX,2025,11,2025-11-16,JAX,0.07959256080473584,-0.5113474807938482,69,-0.04644561806011109,0.11480929471795112,65.6
2025_12_JAX_ARI,2025,12,2025-11-23,JAX,-0.18808638796123014,-0.1469523248096587,60,-0.03618593288908405,-0.02525929414731095,68.6
2025_13_JAX_TEN,2025,13,2025-11-30,JAX,0.012991330008268017,-0.42417983943685056,55,-0.06943387968207379,-0.06497518615712417,67.0
2025_14_IND_JAX,2025,14,2025-12-07,JAX,0.09141080124428921,-0.18852082875255344,60,-0.034800557063912725,-0.17399439202024658,63.2
2025_15_NYJ_JAX,2025,15,2025-12-14,JAX,0.3273718464182312,-0.15684513110884288,56,-0.04793204641120864,-0.23947870598294663,60.0
2025_16_JAX_DEN,2025,16,2025-12-21,JAX,0.08766054605876356,-0.033010765424292064,68,0.06465603010285884,-0.28556912098035075,60.0
2025_17_JAX_IND,2025,17,2025-12-28,JAX,0.005853578666848325,-0.20558239751147017,68,0.06626962715366438,-0.18990177790643953,59.8
2025_18_TEN_JAX,2025,18,2026-01-04,JAX,0.21885933596011084,-0.34853634520370375,55,0.10505762047928006,-0.20162779244680182,61.4
2026_01_CLE_JAX,2026,1,2026-09-13,JAX,0.33816777336825476,-0.18427049644677104,53,0.14623122166964864,-0.18649909360017247,61.4
2016_01_SD_KC,2016,1,2016-09-11,KC,0.12413198371605037,0.20168240086914987,70,,,
2016_02_KC_HOU,2016,2,2016-09-18,KC,-0.38864669859357986,-0.13568739776335612,60,,,
2016_03_NYJ_KC,2016,3,2016-09-25,KC,-0.10471990960363643,-0.4135533787196781,59,,,
2016_04_KC_PIT,2016,4,2016-10-02,KC,-0.10542250091461225,0.4253627036822684,72,-0.12307820816038863,-0.11585279187129478,63.0
2016_06_KC_OAK,2016,6,2016-10-16,KC,0.2727439838674476,-0.20083049288132565,62,-0.11866428134894454,0.019451082017096014,65.25
2016_07_NO_KC,2016,7,2016-10-23,KC,0.18751759037143576,0.1266588428086834,50,-0.040382628305666114,-0.02460523296258832,64.6
2016_08_KC_IND,2016,8,2016-10-30,KC,0.13336392736885533,-0.19284295433555868,70,-0.02770550697458904,-0.03960994457468162,60.6
2016_09_JAX_KC,2016,9,2016-11-06,KC,-0.2825832511363011,-0.1182681684262253,54,0.076696618217898,-0.05104105588912213,62.6
2016_10_KC_CAR,2016,10,2016-11-13,KC,-0.0202340189970256,-0.03272085214710785,62,0.04112394991136505,0.008015986169568437,61.6
2016_11_TB_KC,2016,11,2016-11-20,KC,0.1280616128798064,0.17045507797831078,51,0.05816164629488239,-0.08360072499630682,59.6
2016_12_KC_DEN,2016,12,2016-11-27,KC,-0.06911817847843478,0.139935979571667,75,0.029225172097354153,-0.009343610824379534,57.4
2016_13_KC_ATL,2016,13,2016-12-04,KC,0.3601726901458783,-0.0358202443537901,45,-0.022101981672619956,-0.00668818347178281,62.4
2016_14_OAK_KC,2016,14,2016-12-08,KC,-0.13594852531712284,-0.22561972521040904,51,0.023259770882784647,0.0247163585245709,57.4
2016_15_TEN_KC,2016,15,2016-12-18,KC,-0.06074025182835083,-0.042518672802121224,57,0.05258671604662031,0.0032460471677341505,56.8
2016_16_DEN_KC,2016,16,2016-12-25,KC,0.17535609256654905,-0.2561928307399415,73,0.044485469480355255,0.0012864830367314783,55.8
2016_17_KC_SD,2016,17,2017-01-01,KC,0.11109414828837189,0.08640613868574175,60,0.053944365417703775,-0.08404309870691898,60.2
2017_01_KC_NE,2017,1,2017-09-07,KC,0.3587172479441975,-0.07264685484992663,62,0.0899868307710651,-0.09474906688410403,57.2
2017_02_PHI_KC,2017,2,2017-09-17,KC,0.1588892998593342,0.10276186337400094,51,0.08969574233072895,-0.10211438898333133,60.6
2017_03_KC_LAC,2017,3,2017-09-24,KC,0.09266180453675511,-0.16810829135167926,51,0.14866330736602035,-0.03643807126644934,60.6
2017_04_WAS_KC,2017,4,2017-10-02,KC,0.17078422853126882,0.06987916377965872,72,0.17934371863904155,-0.06155599497636094,59.4
2017_05_KC_HOU,2017,5,2017-10-08,KC,0.2726768676775418,0.20011340295178975,74,0.1784293458319855,0.003658403927559101,59.2
2017_06_PIT_KC,2017,6,2017-10-15,KC,-0.13934853865139565,0.1808859255389576,52,0.21074588970981947,0.026399856780768706,62.0
2017_07_KC_OAK,2017,7,2017-10-19,KC,0.3409197908118624,0.2467927850416648,60,0.11113273239070084,0.07710641285854555,60.0
2017_08_DEN_KC,2017,8,2017-10-30,KC,-0.29425034486292234,-0.2193291433409386,58,0.14753883058120648,0.10591259719207832,61.8
2017_09_KC_DAL,2017,9,2017-11-05,KC,0.04040895699544439,0.20575209224345878,55,0.07015640070127101,0.09566842679422646,63.2
2017_11_KC_NYG,2017,11,2017-11-19,KC,-0.15106098627497294,-0.08528354148317858,71,0.044081346394106116,0.12284301248698645,59.8
2017_12_BUF_KC,2017,12,2017-11-26,KC,-0.31069820209488314,-0.09149501357387252,56,-0.04066622439639683,0.0657636235999928,59.2
2017_13_KC_NYJ,2017,13,2017-12-03,KC,0.4678194052576197,0.22378570357639221,46,-0.07493615708509434,0.011287435777426778,60.0
2017_14_OAK_KC,2017,14,2017-12-10,KC,0.08951350273387271,-0.15810909623359995,70,-0.049556234195942864,0.006686019484372263,57.2
2017_15_LAC_KC,2017,15,2017-12-16,KC,0.17465091043413547,-0.11251808930149612,63,0.02719653532341615,0.018930028905839984,59.6
2017_16_MIA_KC,2017,16,2017-12-24,KC,0.11585032823721485,-0.1286986528529585,72,0.05404492601115436,-0.04472400740315099,61.2
2017_17_KC_DEN,2017,17,2017-12-31,KC,0.0027318288288059184,-0.10762234565730858,64,0.10742718891359193,-0.053407029677106976,61.4
2018_01_KC_LAC,2018,1,2018-09-09,KC,0.20912178298343834,0.24456971528725685,55,0.17011319509832973,-0.05663249609379419,63.0
2018_02_KC_PIT,2018,2,2018-09-16,KC,0.5106087759352074,0.21567231971045212,52,0.11837367064349347,-0.05247569375162124,64.8
2018_03_SF_KC,2018,3,2018-09-23,KC,0.3132588405607605,0.245288536663943,66,0.2025927252837604,0.022280589437189153,61.2
2018_04_KC_DEN,2018,4,2018-10-01,KC,0.2508694252621161,0.040016773616441396,71,0.2303143113090854,0.09384191463027698,61.8
2018_05_JAX_KC,2018,5,2018-10-07,KC,0.08099138794480432,-0.15416017525719972,67,0.2573181307140657,0.12758499992415695,61.6
2018_06_KC_NE,2018,6,2018-10-14,KC,0.22123368323050022,0.1361207193780994,53,0.2729700425372653,0.11827743400417874,62.2
2018_07_CIN_KC,2018,7,2018-10-21,KC,0.3813610552318035,-0.3009059695176014,70,0.27539242258667773,0.09658763482234724,61.8
2018_08_DEN_KC,2018,8,2018-10-28,KC,0.1503383842128743,0.050329851545947456,54,0.24954287844599693,-0.006728023023263463,65.4
2018_09_KC_CLE,2018,9,2018-11-04,KC,0.5156524687517444,0.0519935955330586,57,0.21695878717641973,-0.045719760046862574,63.0
2018_10_ARI_KC,2018,10,2018-11-11,KC,0.12084633680896997,-0.14464764824429843,56,0.2699153958743453,-0.04332439566353913,60.2
2018_11_KC_LA,2018,11,2018-11-19,KC,0.09759315016602313,0.1084767606964704,69,0.2778863856471785,-0.041421890260958875,58.0
2018_13_KC_OAK,2018,13,2018-12-02,KC,0.2870067047394823,0.045677265775167786,65,0.2531582790342831,-0.04695068199728467,61.2
2018_14_BAL_KC,2018,14,2018-12-09,KC,0.12173667642418044,0.07936713478184512,83,0.23428740893581884,0.02236596506126917,60.2
2018_15_LAC_KC,2018,15,2018-12-13,KC,0.24834951738396413,0.1690813915070886,53,0.22856706737808005,0.028173421708448703,66.0
2018_16_KC_SEA,2018,16,2018-12-23,KC,0.19004906030163288,0.2655513350152718,61,0.175106477104524,0.0515909809032547,65.2
2018_17_OAK_KC,2018,17,2018-12-30,KC,0.27878311989095306,-0.3339404162525136,53,0.18894702180305661,0.13363077755516875,66.2
2019_01_KC_JAX,2019,1,2019-09-08,KC,0.4064059757872138,0.20049520811827726,59,0.22518501574804262,0.04514734216537195,63.0
2019_02_KC_OAK,2019,2,2019-09-15,KC,0.23488001545036294,-0.1486501954710885,67,0.2490648699575889,0.07611093063399385,61.8
2019_03_BAL_KC,2019,3,2019-09-22,KC,0.28735417612757885,0.20617406491406667,61,0.2716935377628254,0.03050746458340712,58.6
2019_04_KC_DET,2019,4,2019-09-29,KC,0.11196019751600267,-0.09691407356059342,67,0.2794944695115483,0.03792599926480274,60.2
2019_05_IND_KC,2019,5,2019-10-06,KC,-0.08554536049044992,0.01012288110562162,56,0.2638766969544223,-0.0345670824503703,61.4
2019_06_HOU_KC,2019,6,2019-10-13,KC,0.04323639610655353,0.23493109122820127,46,0.19101100087814168,0.03424557702125674,62.0
2019_07_KC_DEN,2019,7,2019-10-17,KC,-0.008648531551967048,-0.39631850862391094,57,0.11837708494200964,0.041132753643241544,59.4
2019_08_GB_KC,2019,8,2019-10-27,KC,0.08856498940161842,0.29319663121487305,58,0.06967137554154365,-0.008400908987322953,57.4
2019_09_MIN_KC,2019,9,2019-11-03,KC,0.13991185716905014,0.05665162410570917,57,0.029913538196351553,0.009003604272838328,56.8
2019_10_KC_TEN,2019,10,2019-11-10,KC,0.1430192916718171,0.16544150835223498,78,0.035503870126961046,0.039716743806098846,54.8
2019_11_KC_LAC,2019,11,2019-11-18,KC,0.05241431752523598,-0.036261078615497065,59,0.08121680055941445,0.07078046925542152,59.2
2019_13_OAK_KC,2019,13,2019-12-01,KC,0.03642386024400757,-0.08610445396442888,58,0.08305238484315094,0.01654203528668185,61.8
2019_14_KC_NE,2019,14,2019-12-08,KC,0.008935249588321743,-0.27454582109844383,67,0.09206686320234586,0.07858484621857827,62.0
2019_15_DEN_KC,2019,15,2019-12-15,KC,0.1325960183682308,-0.261961510856433,63,0.07614091523968652,-0.034963644244085115,63.8
2019_16_KC_CHI,2019,16,2019-12-22,KC,0.19366737069348117,-0.2483532246237034,62,0.07467774747952266,-0.09868627123651355,65.0
2019_17_LAC_KC,2019,17,2019-12-29,KC,0.20468457758199793,0.12923531697093937,46,0.08480736328385548,-0.18144521783170126,61.8
2020_01_HOU_KC,2020,1,2020-09-10,KC,0.21377026487111406,0.1523619367597865,67,0.11526141529520788,-0.14834593871441393,59.2
2020_02_KC_LAC,2020,2,2020-09-20,KC,0.11817649051326437,0.040171702581330786,71,0.15073069622062918,-0.10065266056957087,61.0
2020_03_KC_BAL,2020,3,2020-09-28,KC,0.32199752519172187,-0.11831149430526049,73,0.17257894440561766,-0.037709155833615934,61.8
2020_04_NE_KC,2020,4,2020-10-05,KC,0.05491044940931286,-0.21089829447197286,52,0.2104592457703159,-0.00897915252338144,63.8
2020_05_LV_KC,2020,5,2020-10-11,KC,0.16520825609430745,0.3162955483412364,67,0.18270786151348223,-0.001488166493035331,61.8
2020_06_KC_BUF,2020,6,2020-10-19,KC,0.3322544417588536,-0.027376097119698767,71,0.17481259721594417,0.03592387978102408,66.0
2020_07_KC_DEN,2020,7,2020-10-25,KC,0.06380428688493332,-0.2524840593766838,48,0.19850943259349205,-2.3726994872974583e-05,66.8
2020_08_NYJ_KC,2020,8,2020-11-01,KC,0.29655193295955323,-0.2519162595921781,67,0.18763499186782584,-0.05855487938647589,62.2
2020_09_CAR_KC,2020,9,2020-11-08,KC,0.25512910368602726,0.3219494625633535,57,0.1825458734213921,-0.08527583244385942,61.0
2020_11_KC_LV,2020,11,2020-11-22,KC,0.35481243589351896,0.2410192368830286,71,0.22258960427673496,0.021293718963205855,62.0
2020_12_KC_TB,2020,12,2020-11-29,KC,0.26787336871530265,0.14819931110429677,71,0.2605104402365773,0.006238456671564291,62.8
2020_13_DEN_KC,2020,13,2020-12-06,KC,0.16667157757836842,0.09115859362226858,62,0.2476342256278671,0.041353538316363396,62.8
2020_14_KC_MIA,2020,14,2020-12-13,KC,0.026891491574594074,-0.007202621901851754,60,0.26820768376655413,0.11008206891615387,65.6
2020_15_KC_NO,2020,15,2020-12-20,KC,0.05444588519115817,-0.1332961809681377,90,0.21427559548956232,0.15902479645421913,64.2
2020_16_ATL_KC,2020,16,2020-12-27,KC,0.012791848219818496,0.056521395282048366,65,0.1741389517905885,0.0679756677479209,70.8
2020_17_LAC_KC,2020,17,2021-01-03,KC,0.16626940840389579,0.333293836418091,50,0.10573483425584837,0.03107609942772485,69.6
2021_01_CLE_KC,2021,1,2021-09-12,KC,0.3390620606822681,0.2751701959935262,60,0.085414042193567,0.0680950044904837,65.4
2021_02_KC_BAL,2021,2,2021-09-19,KC,0.291301350969327,0.1766774067953528,49,0.11989213881434693,0.10489732496473522,65.0
2021_03_LAC_KC,2021,3,2021-09-26,KC,0.06930172667163798,0.23381825030232978,76,0.17277411069329354,0.14167333070417615,62.8
2021_04_KC_PHI,2021,4,2021-10-03,KC,0.5315079557908429,0.2554008143152702,62,0.1757452789893895,0.21509621695826966,60.0
2021_05_BUF_KC,2021,5,2021-10-10,KC,-0.157711290219852,0.35192293677403086,79,0.2794885005035944,0.25487210076491396,59.4
2021_06_KC_WAS,2021,6,2021-10-17,KC,0.12623497785878138,-0.16829723070952915,78,0.21469236077884482,0.25859792083610195,65.2
2021_07_KC_TEN,2021,7,2021-10-24,KC,-0.10087683634793775,0.18901255211596266,67,0.17212694421414748,0.1699044354954909,68.8
2021_08_NYG_KC,2021,8,2021-11-01,KC,0.014602612260779968,-0.05652014615188698,76,0.09369130675069451,0.17237146455961286,72.4
2021_09_GB_KC,2021,9,2021-11-07,KC,-0.154863367651709,-0.005595703106912797,61,0.08275148386852291,0.11430378526876953,72.4
2021_10_KC_LV,2021,10,2021-11-14,KC,0.39003547763724183,-0.1638469103970291,74,-0.05452278081998746,0.06210448178433292,72.2
2021_11_DAL_KC,2021,11,2021-11-21,KC,-0.07196709575388406,-0.2606907522321421,64,0.0550265727514313,-0.04104948764987908,71.2
2021_13_DEN_KC,2021,13,2021-12-05,KC,-0.04009537379795362,-0.13518888044328747,52,0.015386158028898225,-0.05952819195440166,68.4
2021_14_LV_KC,2021,14,2021-12-12,KC,0.3498478394539959,-0.2980955987856198,54,0.027542450538895046,-0.1243684784662517,65.4
2021_15_KC_LAC,2021,15,2021-12-16,KC,0.16720440482922397,-0.01640753971132187,67,0.09459149597753823,-0.17268356899299825,61.0
2021_16_PIT_KC,2021,16,2021-12-26,KC,0.22632282365529777,-0.2797606140157428,67,0.15900505047372482,-0.17484593631388007,62.2
2021_17_KC_CIN,2021,17,2022-01-02,KC,0.36559481782823355,0.35296129235059537,58,0.126262519677336,-0.1980286770376228,60.8
2021_18_KC_DEN,2021,18,2022-01-08,KC,0.23807392279014358,0.03834095034296506,72,0.21377490239375954,-0.07529826812107532,59.6
2022_01_KC_ARI,2022,1,2022-09-11,KC,0.42194901752294217,0.007048831084379342,66,0.269408761711379,-0.04059230196382481,63.6
2022_02_LAC_KC,2022,2,2022-09-15,KC,0.08408256448496625,0.009095565450287049,52,0.28382899732516825,0.020436584010175018,66.0
2022_03_KC_IND,2022,3,2022-09-25,KC,0.03540423328096874,-0.16078316734729067,61,0.2672046292563167,0.0255372050424968,63.0
2022_04_KC_TB,2022,4,2022-10-02,KC,0.2498795734992139,0.14037069031283156,77,0.2290209111814509,0.04933269437618723,61.8
2022_05_LV_KC,2022,5,2022-10-10,KC,0.20406789769172973,0.16740375114212014,69,0.20587786231564692,0.006814573968634469,65.6
2022_06_BUF_KC,2022,6,2022-10-16,KC,0.04719999668306952,0.11995593969191766,61,0.1990766572959642,0.03262713412846548,65.0
2022_07_KC_SF,2022,7,2022-10-23,KC,0.6038655928600665,0.054382279731297604,55,0.12412685312798966,0.055208555849973154,64.0
2022_09_TEN_KC,2022,9,2022-11-06,KC,0.06680471345248583,-0.07787437595448066,92,0.2280834588030097,0.06426589870617526,64.6
2022_10_JAX_KC,2022,10,2022-11-13,KC,0.27402978823195806,0.08797971886641202,61,0.23436355483731314,0.08084765698473725,70.8
2022_11_KC_LAC,2022,11,2022-11-20,KC,0.2521740818415319,0.08532488544829056,61,0.23919359778386196,0.07036946269545334,67.6
2022_12_LA_KC,2022,12,2022-11-27,KC,0.12804453136134555,-0.22741238048246265,72,0.24881483461382237,0.05395368955668743,66.0
2022_13_KC_CIN,2022,13,2022-12-04,KC,0.23900882778404528,0.2608933370524459,54,0.2649837415494776,-0.015519974478188625,68.2
2022_14_KC_DEN,2022,14,2022-12-11,KC,0.10113150482661584,-0.09618350547616897,64,0.19201238853427335,0.02578223698604103,68.0
2022_15_KC_HOU,2022,15,2022-12-18,KC,0.13572257620597997,-0.1424967484458192,77,0.19887774680909936,0.022120411081703366,62.4
2022_16_SEA_KC,2022,16,2022-12-24,KC,0.01490705304589277,-0.22398312549118712,51,0.17121630440390373,-0.023974882380742878,65.6
2022_17_DEN_KC,2022,17,2023-01-01,KC,0.09311413527455051,-0.16420802877749066,58,0.1237628986447759,-0.08583648456863842,63.6
2022_18_KC_LV,2022,18,2023-01-07,KC,0.2610651970028452,-0.15830484823909285,54,0.11677681942741688,-0.073195614227644,60.8
2023_01_DET_KC,2023,1,2023-09-07,KC,-0.14573448706096795,0.0468169509029284,62,0.12118809327117688,-0.15703525128595175,60.8
2023_02_KC_JAX,2023,2,2023-09-17,KC,0.14477039254951432,-0.3351888229143565,61,0.07181489489366014,-0.12843516001013228,60.4
2023_03_CHI_KC,2023,3,2023-09-24,KC,0.23597103009636697,-0.3016755081315661,73,0.07362445816236698,-0.16697357490383974,57.2
2023_04_KC_NYJ,2023,4,2023-10-01,KC,0.16861990351686978,0.02023138818271152,64,0.11783725357246182,-0.18251205143191554,61.6
2023_05_KC_MIN,2023,5,2023-10-08,KC,0.17194154515935464,0.00031191833593703584,63,0.1329384072209257,-0.1456241680398751,62.8
2023_06_DEN_KC,2023,6,2023-10-12,KC,-0.028222415461649348,-0.32045556066353803,67,0.11511367685222758,-0.1139008147248691,64.6
2023_07_LAC_KC,2023,7,2023-10-22,KC,0.2564195220897243,0.047040637161635424,62,0.13861609117209128,-0.18735531703816238,65.6
2023_08_KC_DEN,2023,8,2023-10-29,KC,-0.31730959146784127,-0.06809205644140363,57,0.16094591708013328,-0.11090942502296404,65.8
2023_09_MIA_KC,2023,9,2023-11-05,KC,0.018320637941799778,-0.1307589611066666,53,0.05028979276729164,-0.06419273468493154,62.6
2023_11_PHI_KC,2023,11,2023-11-20,KC,-0.13191461093781184,-0.01973372377117402,73,0.020229939652277644,-0.09439080454280716,60.4
2023_12_KC_LV,2023,12,2023-11-26,KC,0.2643042237810524,-0.026421417041649083,56,-0.04054129156715565,-0.09839993296422936,62.4
2023_13_KC_GB,2023,13,2023-12-03,KC,0.1735720949910212,0.30279747643761384,61,0.0179640362813847,-0.03959310423985158,60.2
2023_14_BUF_KC,2023,14,2023-12-10,KC,-0.05713788338026805,0.01806460304745864,62,0.0013945508616440782,0.011558263615344105,60.0
2023_15_KC_NE,2023,15,2023-12-17,KC,-0.02035615687867682,-0.3172560752046005,58,0.05342889247915872,0.028789595513116557,61.0
2023_16_LV_KC,2023,16,2023-12-25,KC,-0.2506189632056673,-0.17964115090517144,74,0.04569353351506341,-0.008509827306470218,62.0
2023_17_CIN_KC,2023,17,2023-12-31,KC,0.04761590506907518,-0.0759069002250588,51,0.021952663061492315,-0.040491312733269696,62.2
2023_18_KC_LAC,2023,18,2024-01-07,KC,-0.1436860591524687,-0.2332262514383238,58,-0.021385000680903116,-0.050388409369951634,61.2
2024_01_BAL_KC,2024,1,2024-09-05,KC,0.2084062224455951,0.08064930100139914,49,-0.08483663150960111,-0.15759315494513917,60.6
2024_02_CIN_KC,2024,2,2024-09-15,KC,-0.08461721914130532,0.045869673695266226,60,-0.03172781034442847,-0.14507621535435106,58.0
2024_03_KC_ATL,2024,3,2024-09-22,KC,0.09948727250851187,-0.09951051042494855,69,-0.044580022796954166,-0.07245106557437773,58.4
2024_04_KC_LAC,2024,4,2024-09-29,KC,-0.08798858658497692,-0.2140258374320349,55,0.025441224345881662,-0.056424937478333145,57.4
2024_05_NO_KC,2024,5,2024-10-07,KC,0.1472931400180425,-0.09970358937325906,77,-0.0016796739849287534,-0.08404872491972837,58.2
2024_07_KC_SF,2024,7,2024-10-20,KC,0.02175656792347912,-0.17998239998507917,66,0.056516165849173496,-0.05734419250671543,62.0
2024_08_KC_LV,2024,8,2024-10-27,KC,0.1751176219347705,-0.05785218520122359,64,0.019186234944750295,-0.10947053270401108,65.4
2024_09_TB_KC,2024,9,2024-11-04,KC,0.1403529048755421,0.1895435593631987,83,0.07113320315996545,-0.13021490448330905,66.2
2024_10_DEN_KC,2024,10,2024-11-10,KC,0.0032262246740598377,0.0728355631619704,65,0.0793063296333715,-0.07240409052567962,69.0
2024_11_KC_BUF,2024,11,2024-11-17,KC,0.11798019830278533,0.10483378220066315,52,0.09754929188517887,-0.015031810406878543,71.0
2024_12_KC_CAR,2024,12,2024-11-24,KC,0.28216850231015866,0.19307642256124094,68,0.09168670354212742,0.0258756639079059,66.0
2024_13_LV_KC,2024,13,2024-11-29,KC,-0.043106169296476086,0.07842760025558447,65,0.14376909041946334,0.10048742841716991,66.4
2024_14_LAC_KC,2024,14,2024-12-08,KC,0.016504888172233778,0.08677343292069407,63,0.10012433217321401,0.12774338550853154,66.6
2024_15_KC_CLE,2024,15,2024-12-15,KC,-0.07742544998265263,-0.5222386951110389,73,0.07535472883255234,0.1071893602200306,62.6
2024_16_HOU_KC,2024,16,2024-12-21,KC,0.14929714872905306,0.09238814503059829,68,0.059224393901209836,-0.011825491434571256,64.2
2024_17_KC_PIT,2024,17,2024-12-25,KC,0.31503068699678116,-0.11093377590989567,59,0.0654877839864634,-0.014314618868584237,67.4
2024_18_KC_DEN,2024,18,2025-01-05,KC,-0.4489145424365575,0.4105987242105508,33,0.0720602209237879,-0.07511665856281155,65.6
2025_01_KC_LAC,2025,1,2025-09-05,KC,0.21523830751852047,0.3200720840759058,58,-0.00910145370422838,-0.008682433771818288,59.2
2025_02_PHI_KC,2025,2,2025-09-14,KC,-0.13529401133630306,-0.004139964306438791,57,0.030645230165028958,0.03797729645922406,58.2
2025_03_KC_NYG,2025,3,2025-09-21,KC,0.15135256593116517,-0.2496859000924146,64,0.019071517894298874,0.1415970426201441,55.0
2025_04_BAL_KC,2025,4,2025-09-28,KC,0.2306042405934028,-0.06252122664137569,68,0.019482601334721295,0.07318223359554152,54.2
2025_05_KC_JAX,2025,5,2025-10-06,KC,0.1889954635324622,0.02829413494960063,63,0.0025973120540456196,0.08286474344924552,56.0
2025_06_DET_KC,2025,6,2025-10-12,KC,0.2675266565339692,0.11232516020075155,58,0.13017931324784954,0.006403825597055488,62.0
2025_07_LV_KC,2025,7,2025-10-19,KC,0.22474235083627978,-0.6687030068550182,74,0.1406369830509393,-0.03514555917797536,62.0
2025_08_WAS_KC,2025,8,2025-10-27,KC,0.2507716672817795,-0.18105482519828142,66,0.21264425548545587,-0.16805816768769125,65.4
2025_09_KC_BUF,2025,9,2025-11-02,KC,0.03537957011217095,0.23137387021057962,58,0.2325280757555787,-0.15433195270886463,65.8
2025_11_KC_DEN,2025,11,2025-11-16,KC,0.04535642096272473,0.032746005734641585,62,0.19348314165933236,-0.09555293333847355,63.8
2025_12_IND_KC,2025,12,2025-11-23,KC,0.013962667228276833,-0.004252268632973299,92,0.16475533314538487,-0.09466255918146536,63.6
2025_13_KC_DAL,2025,13,2025-11-27,KC,0.24995369634610445,0.23159094574665268,60,0.11404253528424639,-0.11797804494821032,70.4
2025_14_HOU_KC,2025,14,2025-12-07,KC,-0.2928953694636975,-0.07540147642134276,63,0.11908480438621134,0.06208074557212384,67.6
2025_15_LAC_KC,2025,15,2025-12-14,KC,-0.10570821223760266,-0.045161468432791736,59,0.010351397037115939,0.08321141532751157,67.0
2025_16_KC_TEN,2025,16,2025-12-21,KC,-0.31250395935260805,0.04466097440533517,43,-0.01786615943283878,0.027904347598837302,67.2
2025_17_DEN_KC,2025,17,2025-12-25,KC,-0.1994587992753669,0.0965345055469601,41,-0.08943823549590534,0.030287341332976014,63.4
2025_18_KC_LV,2025,18,2026-01-04,KC,-0.4682060693371074,-0.49023991220838736,62,-0.13212252879663408,0.0504446961689627,53.2
2026_01_DEN_KC,2026,1,2026-09-14,KC,0.1644273404200703,-0.3438534488302752,64,-0.27575448193327645,-0.0939214754220453,53.6
2016_01_LA_SF,2016,1,2016-09-12,LA,-0.46859109381379527,-3.447671157405957e-05,59,,,
2016_02_SEA_LA,2016,2,2016-09-18,LA,-0.10163233572071241,-0.07028461060660632,56,,,
2016_03_LA_TB,2016,3,2016-09-25,LA,-0.06133723466615969,0.004977081323068436,61,,,
2016_04_LA_ARI,2016,4,2016-10-02,LA,-0.11398580214751386,-0.1398665744196866,54,-0.21052022140022245,-0.02178066866503731,58.666666666666664
2016_05_BUF_LA,2016,5,2016-10-09,LA,-0.2296358525435702,0.06607653941972161,64,-0.1863866165870453,-0.05130214510369964,57.5
2016_06_LA_DET,2016,6,2016-10-16,LA,0.3244497897114012,0.278987708293637,55,-0.1950364637783503,-0.027826408199015384,58.8
2016_07_NYG_LA,2016,7,2016-10-23,LA,-0.21393434053621263,-0.16510312463372762,76,-0.036428287073310986,0.02797802880202683,58.0
2016_09_CAR_LA,2016,9,2016-11-06,LA,-0.11588777084509982,-0.09056183120091198,67,-0.05888868803641103,0.009014325996602568,62.0
2016_10_LA_NYJ,2016,10,2016-11-13,LA,-0.05627885851965634,-0.09526186586449982,64,-0.06979879527219905,-0.010093456508193514,63.2
2016_11_MIA_LA,2016,11,2016-11-20,LA,-0.2588619773687414,-0.11983070910087247,59,-0.05825740654662755,-0.0011725147971561572,65.2
2016_12_LA_NO,2016,12,2016-11-27,LA,-0.26432954666533454,0.2732959842966271,51,-0.0641026315116618,-0.03835396450127497,64.2
2016_13_LA_NE,2016,13,2016-12-04,LA,-0.37020127711924466,0.06312101607486789,48,-0.18185849878700897,-0.03949230930067695,63.4
2016_14_ATL_LA,2016,14,2016-12-11,LA,-0.30764082070168997,0.1620945388087676,67,-0.21311188610361537,0.006152518841042148,57.8
2016_15_LA_SEA,2016,15,2016-12-15,LA,-0.4139013687633728,0.13420845512748317,56,-0.2514624960749334,0.056683792842978066,57.8
2016_16_SF_LA,2016,16,2016-12-24,LA,-0.27156681131912463,-0.04822403535431744,56,-0.3229869981236767,0.10257785704137465,56.2
2016_17_ARI_LA,2016,17,2017-01-01,LA,-0.7962772163639124,0.032576602152214175,57,-0.32552796491375335,0.11689919179068567,55.6
2017_01_IND_LA,2017,1,2017-09-10,LA,0.07218504375525056,-0.6011146708421788,61,-0.4319174988534689,0.06875531536180308,56.8
2017_02_WAS_LA,2017,2,2017-09-17,LA,-0.009902731750735952,0.12770257581545585,48,-0.3434402346785698,-0.06409182202160627,59.4
2017_03_LA_SF,2017,3,2017-09-21,LA,0.3435518395230923,0.031107848102949007,59,-0.283892616888379,-0.07097021462026862,55.6
2017_04_LA_DAL,2017,4,2017-10-01,LA,0.15393514170926897,0.16381976040951335,67,-0.13240197523108602,-0.09159033602517544,56.2
2017_05_SEA_LA,2017,5,2017-10-08,LA,-0.21749702589980438,-0.2501759017296055,70,-0.047301584625407275,-0.04918157687240929,58.4
2017_06_LA_JAX,2017,6,2017-10-15,LA,-0.16689168786542152,-0.0594375573698439,54,0.06845445346741433,-0.10573207764877321,61.0
2017_07_ARI_LA,2017,7,2017-10-22,LA,0.18927859571927344,-0.38355812758821084,77,0.020639107143279895,0.0026033450456937625,59.6
2017_09_LA_NYG,2017,9,2017-11-05,LA,0.4097611597845472,-0.09233382768408796,60,0.060475372637281775,-0.09964879563503957,65.4
2017_10_HOU_LA,2017,10,2017-11-12,LA,0.09637466139937848,-0.34976646286906726,63,0.07371723668957275,-0.12433713079244697,65.6
2017_11_LA_MIN,2017,11,2017-11-19,LA,-0.15657507666360793,0.1859718185508185,54,0.062205140627594656,-0.2270543754481631,64.8
2017_12_NO_LA,2017,12,2017-11-26,LA,0.06418064051640641,0.06481552379336,70,0.07438953047483395,-0.1398248313920783,61.6
2017_13_LA_ARI,2017,13,2017-12-03,LA,-0.02984447133737392,-0.24017504099463594,56,0.12060399615119952,-0.11497421515943751,64.8
2017_14_PHI_LA,2017,14,2017-12-10,LA,-0.013801445415248798,0.16583717952248014,44,0.07677938273987006,-0.08629759784072252,60.6
2017_15_LA_SEA,2017,15,2017-12-17,LA,0.06188391555064833,-0.51633093036556,68,-0.00793313830008914,-0.03466339639940892,57.4
2017_16_LA_TEN,2017,16,2017-12-24,LA,0.09163351261729591,-0.07124769496390046,65,-0.014831287469835173,-0.06797628989870745,58.4
2017_17_SF_LA,2017,17,2017-12-31,LA,-0.22038591122615336,0.16698944696317275,63,0.03481043038634559,-0.11942019260165124,60.6
2018_01_LA_OAK,2018,1,2018-09-10,LA,0.1371357584540697,-0.1971312452608667,59,-0.022102879962166363,-0.0989854079676887,59.2
2018_02_ARI_LA,2018,2,2018-09-16,LA,0.19512181904496564,-0.38946263356470007,70,0.011293165996122359,-0.09037664882093485,59.8
2018_03_LAC_LA,2018,3,2018-09-23,LA,0.28036219339388574,0.12964513545463296,70,0.05307781888816525,-0.2014366114383709,65.0
2018_04_MIN_LA,2018,4,2018-09-27,LA,0.4810091025867176,0.19309346476496633,54,0.09677347445681272,-0.0722413982743323,65.4
2018_05_LA_SEA,2018,5,2018-10-07,LA,0.2146428994779881,0.24432719145636242,61,0.17464859245069705,-0.019373166328558948,63.2
2018_06_LA_DEN,2018,6,2018-10-14,LA,0.17694246146980688,-0.007147456202188797,70,0.26165435459152536,-0.00390561742992101,62.8
2018_07_LA_SF,2018,7,2018-10-21,LA,0.14356860402109847,-0.48559154622039447,58,0.26961569519467277,0.03409114038181457,65.0
2018_08_GB_LA,2018,8,2018-10-28,LA,0.105269653877755,0.14621546801438431,76,0.25930505218989935,0.014865357850675687,62.6
2018_09_LA_NO,2018,9,2018-11-04,LA,0.19479340371451398,0.29534738426856594,60,0.2242865442866732,0.018179424362625967,63.8
2018_10_SEA_LA,2018,10,2018-11-11,LA,0.3333404706138935,0.23924468889166048,63,0.16704340451223249,0.038630208263345886,65.0
2018_11_KC_LA,2018,11,2018-11-19,LA,0.1084767606964704,0.09759315016602313,73,0.19078291873941358,0.0376137077504055,65.4
2018_13_LA_DET,2018,13,2018-12-02,LA,0.0037907531280091497,-0.2256051852082277,62,0.17708977858474628,0.058561829024047884,66.0
2018_14_LA_CHI,2018,14,2018-12-09,LA,-0.3322392943954097,-0.20036540806981706,61,0.1491342084061284,0.11055910122648123,66.8
2018_15_PHI_LA,2018,15,2018-12-16,LA,-0.06211242564009275,0.10222311150592667,73,0.06163241875149546,0.04124292600964097,63.8
2018_16_LA_ARI,2018,16,2018-12-23,LA,0.2907920028215044,-0.11812453101400827,65,0.010251252880574109,0.0026180714571131026,66.4
2018_17_SF_LA,2018,17,2018-12-30,LA,0.14040074449299259,-0.051283558808760524,68,0.0017415593220962977,-0.06885577252402064,66.8
2019_01_LA_CAR,2019,1,2019-09-08,LA,0.025816405367080072,-0.13203190591332745,70,0.008126356081400735,-0.09863111431897738,65.8
2019_02_NO_LA,2019,2,2019-09-15,LA,0.1516762703954822,-0.20869827641665287,58,0.01253148652921492,-0.07991645845999731,67.4
2019_03_LA_CLE,2019,3,2019-09-22,LA,0.04440392447517004,-0.16719492140258024,63,0.1093145994873933,-0.08158303212936449,66.8
2019_04_TB_LA,2019,4,2019-09-29,LA,-0.054159890939005355,0.2859978232182378,82,0.13061786951044588,-0.13546663871106585,64.8
2019_05_LA_SEA,2019,5,2019-10-03,LA,0.16023095307335278,0.15879725313874413,68,0.06162749075834391,-0.05464216786461666,68.2
2019_06_SF_LA,2019,6,2019-10-13,LA,-0.5857694325316697,-0.0830130474055879,50,0.06559353247441595,-0.012626005475115725,68.2
2019_07_LA_ATL,2019,7,2019-10-20,LA,0.13978555226551234,-0.2593275072607415,74,-0.056723635105334,-0.0028222337735678118,64.2
2019_08_CIN_LA,2019,8,2019-10-27,LA,0.3804903501379366,0.038293441121878026,57,-0.05910177873132798,-0.012948079942385537,67.4
2019_10_LA_PIT,2019,10,2019-11-10,LA,-0.41732132114727555,-0.36102133204920717,69,0.008115506401225336,0.028149592562506116,66.2
2019_11_CHI_LA,2019,11,2019-11-17,LA,-0.11562208045884685,-0.23264334394622344,50,-0.0645167796404287,-0.10125423849098288,63.6
2019_12_BAL_LA,2019,12,2019-11-25,LA,-0.21809470448553694,0.49644362762775507,47,-0.11968738634686862,-0.1795423579079764,60.0
2019_13_LA_ARI,2019,13,2019-12-01,LA,0.2206773414273446,-0.48379761016962014,75,-0.046152440737642075,-0.0636510229013078,59.4
2019_14_SEA_LA,2019,14,2019-12-08,LA,0.11130516155043797,-0.12154215516743085,66,-0.029974082905275617,-0.10854504348308351,59.6
2019_15_LA_DAL,2019,15,2019-12-15,LA,-0.09422517240897456,0.3118214251394266,69,-0.08381112062277535,-0.1405121627409453,61.4
2019_16_LA_SF,2019,16,2019-12-21,LA,0.04787185550701341,-0.06848267429844741,70,-0.019191890875115147,-0.005943611303218544,61.4
2019_17_ARI_LA,2019,17,2019-12-29,LA,0.09557740795025275,-0.023436346225983378,78,0.013506896318056905,0.026888522626336665,65.4
2020_01_DAL_LA,2020,1,2020-09-13,LA,0.05819304995343374,-0.01983681607737738,71,0.07624131880521484,-0.07708747214441103,71.6
2020_02_LA_PHI,2020,2,2020-09-20,LA,0.4377645818068272,-0.09261746792995475,64,0.04374446051043267,0.015704686674037523,70.8
2020_03_LA_BUF,2020,3,2020-09-27,LA,0.3319453207701796,0.19503754592783637,67,0.10903634456171052,0.021489624121532745,70.4
2020_04_NYG_LA,2020,4,2020-10-04,LA,-0.1003159754807771,-0.1758647372767572,54,0.19427044319754133,-0.001867151720785304,70.0
2020_05_LA_WAS,2020,5,2020-10-11,LA,0.1055000464732912,-0.4402417960103234,64,0.16463287699998325,-0.02334356431644726,66.8
2020_06_LA_SF,2020,6,2020-10-18,LA,0.018672392993428932,0.11422922717150609,57,0.1666174047045909,-0.10670465427331526,64.0
2020_07_CHI_LA,2020,7,2020-10-26,LA,-0.10020153361016515,-0.38512935995922853,66,0.15871327331258994,-0.07989144562353857,61.2
2020_08_LA_MIA,2020,8,2020-11-01,LA,-0.25495391605348694,-0.493309567405649,91,0.051120050229191506,-0.13839382402939332,61.6
2020_10_SEA_LA,2020,10,2020-11-15,LA,0.08599733405398874,-0.18412037723055744,67,-0.0662597971355418,-0.27606324669609045,66.4
2020_11_LA_TB,2020,11,2020-11-23,LA,0.010838292852062446,-0.20154464532730182,70,-0.028997135228588634,-0.27771437468685045,69.0
2020_12_SF_LA,2020,12,2020-11-29,LA,-0.47516331712516546,-0.31553949593993563,60,-0.04792948595283438,-0.22997494455024614,70.2
2020_13_LA_ARI,2020,13,2020-12-06,LA,0.19482828043713307,-0.1837336891680594,77,-0.14669662797655328,-0.31592868917253447,70.8
2020_14_NE_LA,2020,14,2020-12-10,LA,-0.02887735038798955,-0.5495203178683676,61,-0.08769066516709362,-0.27564955501430066,73.0
2020_15_NYJ_LA,2020,15,2020-12-20,LA,-0.26404544333033886,0.012109670373721498,56,-0.04247535203399414,-0.2868917051068444,67.0
2020_16_LA_SEA,2020,16,2020-12-27,LA,-0.1343868355793185,0.03422703093164677,75,-0.11248390751085965,-0.24764569558598862,64.8
2020_17_ARI_LA,2020,17,2021-01-03,LA,-0.13744736081894934,-0.3186803292683816,70,-0.14152893319713583,-0.2004913603341989,65.8
2021_01_CHI_LA,2021,1,2021-09-12,LA,0.44448121961232645,-0.09573871645134995,46,-0.07398574193589262,-0.20111952699988808,67.8
2021_02_LA_IND,2021,2,2021-09-19,LA,0.07605472641060892,-0.08011950957011196,60,-0.02405515410085395,-0.18352053245654618,61.6
2021_03_TB_LA,2021,3,2021-09-26,LA,0.22583147739035814,0.18315256237390684,61,-0.0030687387411342526,-0.08964037079689505,61.4
2021_04_ARI_LA,2021,4,2021-10-03,LA,0.009420315072295123,0.3059580654482863,63,0.09490664540300515,-0.055431792396857985,62.4
2021_05_LA_SEA,2021,5,2021-10-07,LA,0.2150125348387122,-0.08367852495165226,66,0.12366807553332788,-0.0010855854935300723,60.0
2021_06_LA_NYG,2021,6,2021-10-17,LA,0.16567818636440446,-0.26378765937154913,65,0.19416005466486017,0.045914775369815794,59.2
2021_07_DET_LA,2021,7,2021-10-24,LA,0.17747663064559543,0.07407556785051972,60,0.13839944801527576,0.012304986785775952,63.0
2021_08_LA_HOU,2021,8,2021-10-31,LA,0.21718801174112998,-0.11725698432405667,66,0.15868382886227309,0.043144002269902296,63.0
2021_09_TEN_LA,2021,9,2021-11-07,LA,-0.24247654738981148,-0.07741390692218292,74,0.15695513573242745,-0.016937907069690415,64.0
2021_10_LA_SF,2021,10,2021-11-15,LA,-0.21580670513075362,0.15743156391075291,54,0.10657576324000613,-0.09361230154378426,66.2
2021_12_LA_GB,2021,12,2021-11-28,LA,-0.1176241547141576,0.07439505966780309,61,0.020411915246112973,-0.04539028377130322,63.8
2021_13_JAX_LA,2021,13,2021-12-05,LA,0.24002149193580033,-0.3818390201454432,66,-0.036248552969599446,0.022246260036567225,63.0
2021_14_LA_ARI,2021,14,2021-12-13,LA,0.21822441853800306,-0.060379984100781395,54,-0.023739580711558468,-0.06893665756262536,64.2
2021_15_SEA_LA,2021,15,2021-12-21,LA,-0.08300676775042735,-0.2265942292893519,59,-0.02353229935218385,-0.057561257517970296,61.8
2021_16_LA_MIN,2021,16,2021-12-26,LA,-0.04217987619933105,-0.06116701085868791,69,0.008361656575692974,-0.0873973219914041,58.8
2021_17_LA_BAL,2021,17,2022-01-02,LA,0.09079142614243244,-0.03470143656045308,56,0.04308702236197749,-0.13111703694529225,61.8
2021_18_SF_LA,2021,18,2022-01-09,LA,0.04084058348140496,0.11108908055136343,64,0.08477013853329549,-0.15293633619094352,60.8
2022_01_BUF_LA,2022,1,2022-09-08,LA,-0.2729326942990401,0.1753475096326811,66,0.044933956842416425,-0.05435071605158217,60.4
2022_02_ATL_LA,2022,2,2022-09-18,LA,0.011383609037427536,-0.15120273065489084,63,-0.05329746572499221,-0.007205217304889678,62.8
2022_03_LA_ARI,2022,3,2022-09-25,LA,0.22357499348702933,-0.03673337835800609,44,-0.03441939036742123,0.007873082422002537,63.6
2022_04_LA_SF,2022,4,2022-10-03,LA,-0.21961697816208126,0.1959491493081515,73,0.018731583569850847,0.012759808922138904,58.6
2022_05_DAL_LA,2022,5,2022-10-09,LA,-0.2722966303482012,-0.11900481836203274,64,-0.043350097291051895,0.058889926095859815,62.0
2022_06_CAR_LA,2022,6,2022-10-16,LA,0.00806607042804436,-0.3516853978903985,61,-0.10597754005697313,0.012871146313180584,62.0
2022_08_SF_LA,2022,8,2022-10-30,LA,-0.08260058059822768,0.3413926502914947,55,-0.049777787111556226,-0.09253543519143534,61.0
2022_09_LA_TB,2022,9,2022-11-06,LA,-0.18863108368807902,-0.16011073121333333,54,-0.06857462503868726,0.005983640997841766,59.4
2022_10_ARI_LA,2022,10,2022-11-13,LA,-0.19614592496793626,0.04790672797392316,59,-0.15101584047370895,-0.018691829573223677,61.4
2022_11_LA_NO,2022,11,2022-11-20,LA,-0.0013812184898924155,0.0892993124002261,61,-0.14632162983487995,-0.048300313840069345,58.6
2022_12_LA_KC,2022,12,2022-11-27,LA,-0.22741238048246265,0.12804453136134555,54,-0.09213854746321819,-0.006639487687617579,58.0
2022_13_SEA_LA,2022,13,2022-12-04,LA,-0.04537545003228479,0.1457132227223395,63,-0.1392342376453196,0.08930649816273122,56.6
2022_14_LV_LA,2022,14,2022-12-08,LA,-0.11551624847582763,0.024246282443279636,59,-0.13178921153213102,0.050170612648900194,58.2
2022_15_LA_GB,2022,15,2022-12-19,LA,-0.1084979140922757,0.061386505437492675,43,-0.11716624448968074,0.08704201538022278,59.2
2022_16_DEN_LA,2022,16,2022-12-25,LA,0.2852962504037929,-0.276816499075784,63,-0.09963664231454863,0.0897379708729367,56.0
2022_17_LA_LAC,2022,17,2023-01-01,LA,-0.10244303336038699,0.28571385045289915,47,-0.04230114853581156,0.016514808577734675,56.4
2022_18_LA_SEA,2022,18,2023-01-08,LA,-0.1197697947497387,-0.10295518274334513,58,-0.01730727911139643,0.0480486723960454,55.0
2023_01_LA_SEA,2023,1,2023-09-10,LA,0.27402946659745997,-0.1075040976393188,78,-0.03218614805488721,-0.0016850086970915251,54.0
2023_02_SF_LA,2023,2,2023-09-17,LA,-0.04406945278320925,0.13897788692313762,77,0.045722994959770315,-0.028035084713611214,57.8
2023_03_LA_CIN,2023,3,2023-09-25,LA,-0.13044823441102577,-0.09668759942135782,52,0.05860868722158361,-0.012516808416482228,64.6
2023_04_LA_IND,2023,4,2023-10-01,LA,0.17524948031980214,0.022947358358675077,78,-0.02454020974138013,0.023508971514403003,62.4
2023_05_PHI_LA,2023,5,2023-10-08,LA,-0.002690572972113097,0.1486553042913225,55,0.030998292994657693,-0.02904432690444181,68.6
2023_06_ARI_LA,2023,6,2023-10-15,LA,0.13998909877402557,-0.26177127413163354,53,0.054414137350182815,0.02127777050249172,68.0
2023_07_PIT_LA,2023,7,2023-10-22,LA,-0.04322662068990788,0.060223924340925,63,0.02760606378549594,-0.009575664795971228,63.0
2023_08_LA_DAL,2023,8,2023-10-29,LA,-0.15677518819022376,0.1629830778515587,60,0.027774630204156214,-0.02532645731241375,60.2
2023_09_LA_GB,2023,9,2023-11-05,LA,-0.4489104537437687,-0.011736006704625261,55,0.022509239448316613,0.02660767814216955,61.8
2023_11_SEA_LA,2023,11,2023-11-19,LA,-0.16330574085450691,-0.0083642200624476,58,-0.10232274736439755,0.019671005129509485,57.2
2023_12_LA_ARI,2023,12,2023-11-26,LA,0.3348599183290731,-0.1384552957480188,66,-0.1344457809408763,-0.01173289974124454,57.8
2023_13_CLE_LA,2023,13,2023-12-03,LA,0.1179723458215971,-0.09596306305276736,61,-0.09547161702986681,0.012930295935478408,60.4
2023_14_LA_BAL,2023,14,2023-12-10,LA,0.10266544081521926,0.1683850297674844,73,-0.06323182372756582,-0.01830710154326006,60.0
2023_15_WAS_LA,2023,15,2023-12-17,LA,-0.017858583663849254,-0.14444259610097326,74,-0.011343697926477218,-0.01722671116007492,62.6
2023_16_NO_LA,2023,16,2023-12-21,LA,0.20810223541513537,-0.052531268267241985,66,0.07486667608950667,-0.04376802903934452,66.4
2023_17_LA_NYG,2023,17,2023-12-31,LA,0.01830953916942235,-0.06790670621118,60,0.1491482713434351,-0.052601438680303404,68.0
2023_18_LA_SF,2023,18,2024-01-07,LA,0.1005495372451316,0.15728908329993582,62,0.08583819551150498,-0.038491720772935646,66.8
2024_01_LA_DET,2024,1,2024-09-08,LA,0.043882258343161014,0.10577639370049975,74,0.08235363379621188,0.012158708497604998,67.0
2024_02_LA_ARI,2024,2,2024-09-15,LA,-0.26304207862079354,0.3468297459864201,52,0.07059699730180023,-0.00036301871579193234,67.2
2024_03_SF_LA,2024,3,2024-09-22,LA,0.11957015910524203,0.20031309955590618,55,0.021560298310411386,0.09789144970168674,62.8
2024_04_LA_CHI,2024,4,2024-09-29,LA,0.03806562744287404,0.0832592610471906,58,0.003853883048432713,0.14846032326631636,60.6
2024_05_GB_LA,2024,5,2024-10-06,LA,-0.09714081889496777,0.018795206468425585,77,0.007805100703123051,0.1786935167179905,60.2
2024_07_LV_LA,2024,7,2024-10-20,LA,-0.28772169773148804,-0.340506677532712,50,-0.03173297052489683,0.15099474135168844,63.2
2024_08_MIN_LA,2024,8,2024-10-24,LA,0.18649580019954887,0.10798808156635095,63,-0.09805376173982663,0.061738127105046094,58.4
2024_09_LA_SEA,2024,9,2024-11-03,LA,-0.027722658965730843,-0.24853514300815582,68,-0.008146185975758146,0.013969794221032266,60.6
2024_10_MIA_LA,2024,10,2024-11-11,LA,-0.24376258026645936,-0.12069886028009352,67,-0.037604749589952725,-0.07579985429178013,63.2
2024_11_LA_NE,2024,11,2024-11-17,LA,0.4036402737653398,0.10206341777208411,48,-0.0939703911318194,-0.11659147855723698,65.0
2024_12_PHI_LA,2024,12,2024-11-24,LA,-0.01803194593332742,0.3400502677626876,60,0.006185827400242106,-0.09993783629650525,59.2
2024_13_LA_NO,2024,13,2024-12-01,LA,0.12678270610510636,-0.05673674651888109,53,0.06012377775987423,0.03617355276257467,61.2
2024_14_BUF_LA,2024,14,2024-12-08,LA,0.2856349099443072,0.44754335454598293,72,0.04818115894098573,0.00322858714552826,59.2
2024_15_LA_SF,2024,15,2024-12-12,LA,-0.09558920203368648,-0.28493972091683123,65,0.11085267272299335,0.142444286656356,60.0
2024_16_LA_NYJ,2024,16,2024-12-22,LA,0.10739188274605899,-0.032647591238935354,47,0.1404873483695479,0.10959611452900848,59.6
2024_17_ARI_LA,2024,17,2024-12-28,LA,-0.03091085615455659,-0.00913665684852672,53,0.08123767016569175,0.08265391272680458,59.4
2024_18_SEA_LA,2024,18,2025-01-05,LA,0.02409587900480262,0.24005317011635172,66,0.07866188812144591,0.012816527804561714,58.0
2025_01_HOU_LA,2025,1,2025-09-07,LA,-0.03839154758130793,-0.13239190355484282,55,0.05812452270138515,0.07217451113160828,60.6
2025_02_LA_TEN,2025,2,2025-09-14,LA,0.3434016010603085,-0.12371082812978232,57,-0.006680768803737869,-0.04381254048855687,57.2
2025_03_LA_PHI,2025,3,2025-09-21,LA,-0.034832609048073275,0.01663911148849579,65,0.08111739181506113,-0.01156676193114709,55.6
2025_04_IND_LA,2025,4,2025-09-28,LA,0.08156422649490969,-0.09276769388046624,67,0.05267249345623467,-0.0017094213856608613,59.2
2025_05_SF_LA,2025,5,2025-10-02,LA,0.07494362587992895,0.12498951755959781,63,0.07516750998612792,-0.018435628792048766,62.0
2025_06_LA_BAL,2025,6,2025-10-12,LA,-0.0331867793169627,-0.33207327289524907,49,0.08533705936115318,-0.04144835930339955,61.4
2025_07_LA_JAX,2025,7,2025-10-19,LA,0.12091618987876152,-0.16017528308253737,58,0.08637801301402223,-0.08138463317148079,60.2
2025_09_NO_LA,2025,9,2025-11-02,LA,0.26580770541852994,-0.32076716913770026,73,0.04188093077771284,-0.08867752416203181,60.4
2025_10_LA_SF,2025,10,2025-11-09,LA,0.4108707699297156,0.12663357083177285,64,0.10200899367103348,-0.15615878028727104,62.0
2025_11_SEA_LA,2025,11,2025-11-16,LA,-0.17388195808161983,-0.1996551647972019,50,0.16787030235799466,-0.1122785273448232,61.4
2025_12_TB_LA,2025,12,2025-11-23,LA,0.09561116587422915,-0.42991774065989946,55,0.1181051855656849,-0.17720746381618313,58.8
2025_13_LA_CAR,2025,13,2025-11-30,LA,0.13982017444446682,0.2375984378085488,50,0.14386477460392327,-0.19677635736911323,60.0
2025_14_LA_ARI,2025,14,2025-12-07,LA,0.4385575391242012,-0.0618625542034183,64,0.1476455715170643,-0.117221613190896,58.4
2025_15_DET_LA,2025,15,2025-12-14,LA,0.1972362266317537,0.1559829393661675,69,0.18219553825819862,-0.06544069020403961,56.6
2025_16_LA_SEA,2025,16,2025-12-18,LA,0.24381706246044457,0.03187544195747648,88,0.13946862959860623,-0.05957081649716067,57.6
2025_17_LA_ATL,2025,17,2025-12-29,LA,-0.10361725561301678,0.1156438092734969,61,0.22300843370701912,-0.013264695146224994,65.2
2025_18_ARI_LA,2025,18,2026-01-04,LA,0.23612738051027957,0.03618760896290027,68,0.18316274940956992,0.09584761484045427,66.4
2026_01_SF_LA,2026,1,2026-09-10,LA,-0.26463892335699973,0.1787675614351816,56,0.20242419062273243,0.05556544907132457,70.0
2016_01_SD_KC,2016,1,2016-09-11,LAC,0.20168240086914987,0.12413198371605037,68,,,
2016_02_JAX_SD,2016,2,2016-09-18,LAC,0.10617676133236598,-0.08939296682034906,63,,,
2016_03_SD_IND,2016,3,2016-09-25,LAC,-0.01988924090521684,-0.11861812657455852,58,,,
2016_04_NO_SD,2016,4,2016-10-02,LAC,-0.03804675487224522,0.05789798611744225,67,0.095989973765433,-0.027959703226285732,63.0
2016_05_SD_OAK,2016,5,2016-10-09,LAC,0.07629494862174292,0.0819951197657269,51,0.06248079160601345,-0.006495280890353738,64.0
2016_06_DEN_SD,2016,6,2016-10-13,LAC,-0.08248760583416556,-0.11695387032923667,60,0.06524362300915934,0.01120279924086239,61.4
2016_07_SD_ATL,2016,7,2016-10-23,LAC,0.09177142503212493,0.025956528757246942,74,0.008409621668496254,-0.037014371568195016,59.8
2016_08_SD_DEN,2016,8,2016-10-30,LAC,-0.2855251816254836,-0.24322604615134222,78,0.005528554408448044,-0.013944472452675818,62.0
2016_09_TEN_SD,2016,9,2016-11-06,LAC,0.23752979735046312,-0.008146583618401534,70,-0.047598633735605314,-0.03886605636803256,66.0
2016_10_MIA_SD,2016,10,2016-11-13,LAC,-0.23125632568346016,0.2491434060587647,71,0.007516676708936359,-0.05207497031520132,66.6
2016_12_SD_HOU,2016,12,2016-11-27,LAC,0.10054087036028338,-0.20134617590656062,49,-0.05399357815210426,-0.018645313056593754,70.6
2016_13_TB_SD,2016,13,2016-12-04,LAC,0.0073727251622537895,0.1664933433056538,53,-0.017387882913214473,-0.03552377417205855,68.4
2016_14_SD_CAR,2016,14,2016-12-11,LAC,-0.19318833949523526,-0.1702502639472483,65,-0.034267622887188695,-0.007416411262377176,64.2
2016_15_OAK_SD,2016,15,2016-12-18,LAC,-0.11093740254882907,-0.039258699422156124,55,-0.015800254461139022,0.007178745178441609,61.6
2016_16_SD_CLE,2016,16,2016-12-24,LAC,0.07050406285717752,-0.05945348366418167,64,-0.08549369444099746,0.0009563220176906917,58.6
2016_17_KC_SD,2016,17,2017-01-01,LAC,0.08640613868574175,0.11109414828837189,64,-0.025141616732869927,-0.06076305592689858,57.2
2017_01_LAC_DEN,2017,1,2017-09-11,LAC,-0.06967811300344962,-0.0077901433759304155,56,-0.02796856306777825,0.0017250089120879192,60.2
2017_02_MIA_LAC,2017,2,2017-09-17,LAC,0.19042103231728194,0.12911986779411752,54,-0.04337873070091893,-0.03313168842422892,60.8
2017_03_KC_LAC,2017,3,2017-09-24,LAC,-0.16810829135167926,0.09266180453675511,68,0.033343143661584515,0.026742337924044242,58.6
2017_04_PHI_LAC,2017,4,2017-10-01,LAC,0.19687097888701904,0.23208349751168728,53,0.021908965901014477,0.053126438715826486,61.2
2017_05_LAC_NYG,2017,5,2017-10-08,LAC,0.06217546763054421,-0.08526530687253116,71,0.04718234910698278,0.11143383495100027,59.0
2017_06_LAC_OAK,2017,6,2017-10-15,LAC,0.029139560311618396,-0.1214606610567031,63,0.04233621489594327,0.07216194391881967,60.4
2017_07_DEN_LAC,2017,7,2017-10-22,LAC,-0.13006736763160337,-0.36925196083917644,55,0.06209974955895688,0.049427840382665136,61.8
2017_08_LAC_NE,2017,8,2017-10-29,LAC,0.1463798952154532,0.06699307903931878,52,-0.0019979304308201827,-0.05024652534399367,62.0
2017_10_LAC_JAX,2017,10,2017-11-12,LAC,-0.13691475409050433,-0.11930643426102994,66,0.060899706882606305,-0.05538027044348093,58.8
2017_11_BUF_LAC,2017,11,2017-11-19,LAC,0.22957203278316254,-0.20717547407416503,69,-0.005857439712898366,-0.12565825679802436,61.4
2017_12_LAC_DAL,2017,12,2017-11-23,LAC,0.40027042251234657,-0.2723159528619703,62,0.0276218733176253,-0.15004029023835114,61.0
2017_13_CLE_LAC,2017,13,2017-12-03,LAC,0.16848544941469015,-0.12386697390310926,67,0.10184804575777093,-0.18021134859940457,60.8
2017_14_WAS_LAC,2017,14,2017-12-10,LAC,-0.009486260462977378,-0.3118355345155578,71,0.16155860916702963,-0.13113435121219114,63.2
2017_15_LAC_KC,2017,15,2017-12-16,LAC,-0.11251808930149612,0.17465091043413547,60,0.1303853780313435,-0.20690007392316648,67.0
2017_16_LAC_NYJ,2017,16,2017-12-24,LAC,0.030911408763349284,-0.2709161427633486,70,0.13526471098914516,-0.1481086049841334,65.8
2017_17_OAK_LAC,2017,17,2017-12-31,LAC,0.2818150375066316,-0.143140957953144,66,0.09553258618518251,-0.1608567387219701,66.0
2018_01_KC_LAC,2018,1,2018-09-09,LAC,0.24456971528725685,0.20912178298343834,77,0.07184150918403952,-0.13502173974020482,66.8
2018_02_LAC_BUF,2018,2,2018-09-16,LAC,0.26176412876464067,-0.08077775500197994,54,0.08705836235855287,-0.06842398836289529,68.8
2018_03_LAC_LA,2018,3,2018-09-23,LAC,0.12964513545463296,0.28036219339388574,52,0.14130844020407646,-0.022212432460179735,65.4
2018_04_SF_LAC,2018,4,2018-09-30,LAC,-0.0034550734089871175,-0.06962968083537548,65,0.18974108515530227,-0.0010701758682296835,63.8
2018_05_OAK_LAC,2018,5,2018-10-07,LAC,0.3088863531696439,-0.09350940081413729,56,0.182867788720835,0.03918711651736495,62.8
2018_06_LAC_CLE,2018,6,2018-10-14,LAC,0.25125478245598243,-0.33228940399643525,56,0.18828205185343747,0.04911342794516628,60.8
2018_07_TEN_LAC,2018,7,2018-10-21,LAC,0.3150298460780737,0.15716509445523408,43,0.1896190652871826,-0.05916880945080842,56.6
2018_09_LAC_SEA,2018,9,2018-11-04,LAC,0.1969522446649228,-0.07678929365089396,51,0.20027220874986917,-0.011580239559365624,54.4
2018_10_LAC_OAK,2018,10,2018-11-11,LAC,0.10902655583800061,-0.16136308094954957,53,0.21373363059192715,-0.08301053696832157,54.2
2018_11_DEN_LAC,2018,11,2018-11-18,LAC,0.12265355031486609,0.09881819187649167,72,0.2362299564413247,-0.10135721699115638,51.8
2018_12_ARI_LAC,2018,12,2018-11-25,LAC,0.3538903279247015,-0.32137562481663257,64,0.19898339587036912,-0.0628916984530306,55.0
2018_13_LAC_PIT,2018,13,2018-12-02,LAC,0.27668828508775817,0.11029104078315603,62,0.21951050496411292,-0.060708942617070064,56.6
2018_14_CIN_LAC,2018,14,2018-12-09,LAC,0.06639599153361954,0.02650929801180458,56,0.21184219276604982,-0.07008375335148567,60.4
2018_15_LAC_KC,2018,15,2018-12-13,LAC,0.1690813915070886,0.24834951738396413,68,0.1857309421397892,-0.04942403501894597,61.4
2018_16_BAL_LAC,2018,16,2018-12-22,LAC,-0.4003046360262686,-0.10751012609351247,57,0.19774190927360677,0.03251848464775678,64.4
2018_17_LAC_DEN,2018,17,2018-12-30,LAC,-0.19334943057641932,-0.24345562904983944,53,0.09315027200537983,-0.00874717894624405,61.4
2019_01_IND_LAC,2019,1,2019-09-08,LAC,0.2159501017488423,0.2682931959444232,59,-0.01629767969484432,0.006836820207114574,59.2
2019_02_LAC_DET,2019,2,2019-09-15,LAC,-0.030562898550191692,0.005383555281319511,62,-0.02844531636262749,0.03843725123936801,58.6
2019_03_HOU_LAC,2019,3,2019-09-22,LAC,0.02039923572065631,0.22898076150835006,69,-0.04783709437938975,0.034212102693271,59.8
2019_04_LAC_MIA,2019,4,2019-09-29,LAC,0.28949467910714216,-0.1266628058313805,62,-0.0775735255366762,0.030338351518148184,60.0
2019_05_DEN_LAC,2019,5,2019-10-06,LAC,-0.3762654245007134,0.01120796916441323,63,0.06038633749000595,0.026507815570574578,61.0
2019_06_PIT_LAC,2019,6,2019-10-13,LAC,-0.09472275043126348,-0.06034112658792057,59,0.02380313870514713,0.07744053521342512,63.0
2019_07_LAC_TEN,2019,7,2019-10-20,LAC,0.041272299544275984,0.17585948606016383,60,-0.03833143173087402,0.011713670706956355,63.0
2019_08_LAC_CHI,2019,8,2019-10-27,LAC,-0.07827381300083551,-0.11028227886823094,42,-0.02396439211198048,0.04580885686272522,62.6
2019_09_GB_LAC,2019,9,2019-11-03,LAC,0.25380225792780153,-0.06321120998876474,66,-0.043699001856278855,-0.02204375121259098,57.2
2019_10_LAC_OAK,2019,10,2019-11-07,LAC,-0.13516730347792436,0.05034108349571788,66,-0.05083748609214698,-0.009353432044067824,58.0
2019_11_KC_LAC,2019,11,2019-11-18,LAC,-0.036261078615497065,0.05241431752523598,72,-0.0026178618875891736,-0.0015268091778068954,58.6
2019_13_LAC_DEN,2019,13,2019-12-01,LAC,0.009601346029961783,-0.20184433151073483,61,0.009074472475564109,0.021024279644824416,61.2
2019_14_LAC_JAX,2019,14,2019-12-08,LAC,0.6515543808323103,-0.16008139963320636,56,0.002740281772701269,-0.054516483869355314,61.4
2019_15_MIN_LAC,2019,15,2019-12-15,LAC,-0.4542677109606903,0.0942964568693774,61,0.14870592053933043,-0.06447630802235041,64.2
2019_16_OAK_LAC,2019,16,2019-12-22,LAC,0.02552076279869,0.15652337733949687,55,0.007091926761632061,-0.032974774650721975,63.2
2019_17_LAC_KC,2019,17,2019-12-29,LAC,0.12923531697093937,0.20468457758199793,74,0.03922954001695493,-0.011738315881966171,61.0
2020_01_LAC_CIN,2020,1,2020-09-13,LAC,-0.08884040778128752,-0.21666460880239646,70,0.07232881913424223,0.018715736129386217,61.4
2020_02_KC_LAC,2020,2,2020-09-20,LAC,0.040171702581330786,0.11817649051326437,78,0.05264046837199236,0.01575168067105389,63.2
2020_03_CAR_LAC,2020,3,2020-09-27,LAC,-0.1209044316721012,-0.10107356141500196,74,-0.06963606727820354,0.07140325870034804,67.6
2020_04_LAC_TB,2020,4,2020-10-04,LAC,0.1198088342272473,0.1740369713655127,49,-0.002963411420485723,0.03232925504347216,70.2
2020_05_LAC_NO,2020,5,2020-10-12,LAC,0.015179787623058343,-0.039742560748975204,68,0.015894202865225738,0.03583197384867533,69.0
2020_07_JAX_LAC,2020,7,2020-10-25,LAC,0.18904934780609414,-0.07556774501848756,74,-0.006916903004350472,-0.013053453817519295,67.8
2020_08_LAC_DEN,2020,8,2020-11-01,LAC,0.0363852897336745,0.08104253717008608,84,0.04866104811312586,0.015165918939262484,68.6
2020_09_LV_LAC,2020,9,2020-11-08,LAC,0.12269974763838341,0.17999959153296438,75,0.0479037655435946,0.007739128270626827,69.8
2020_10_LAC_MIA,2020,10,2020-11-15,LAC,-0.03792351629066792,-0.04131721907294827,62,0.09662460140569154,0.0639537588602201,70.0
2020_11_NYJ_LAC,2020,11,2020-11-22,LAC,0.04220877930388617,-0.04177346946565773,78,0.06507813130210849,0.020882920772527902,72.6
2020_12_LAC_BUF,2020,12,2020-11-29,LAC,-0.06605747011732363,-0.036763819314975646,80,0.07048392963827405,0.0204767390291914,74.6
2020_13_NE_LAC,2020,13,2020-12-06,LAC,-0.38495491209589516,0.09995643237755701,70,0.019462566053590497,0.02823752416989378,75.8
2020_14_ATL_LAC,2020,14,2020-12-13,LAC,0.05120247279603842,0.006257004455099507,71,-0.06480547431232345,0.03202030321138797,73.0
2020_15_LAC_LV,2020,15,2020-12-17,LAC,0.2481006662752227,0.12096346163662648,62,-0.07910492928079245,-0.0027282142041850066,72.2
2020_16_DEN_LAC,2020,16,2020-12-27,LAC,-0.021540115001261698,0.019983779945491522,55,-0.021900092767614315,0.029727921937729947,72.2
2020_17_LAC_KC,2020,17,2021-01-03,LAC,0.333293836418091,0.16626940840389579,67,-0.03464987162864389,0.042079371819959785,67.6
2021_01_LAC_WAS,2021,1,2021-09-12,LAC,0.11150861896243427,-0.09875433646322579,75,0.04522038967843904,0.08268601736373407,65.0
2021_02_DAL_LAC,2021,2,2021-09-19,LAC,0.09433346691218679,0.10290378556756453,63,0.14451309589010491,0.04294386359557752,66.0
2021_03_LAC_KC,2021,3,2021-09-26,LAC,0.23381825030232978,0.06930172667163798,61,0.1531392947133346,0.062273219818070526,64.4
2021_04_LV_LAC,2021,4,2021-10-04,LAC,0.04696104035247117,-0.23306331358074578,73,0.150282811518756,0.05194087282507283,64.2
2021_05_CLE_LAC,2021,5,2021-10-10,LAC,0.3053580821669809,0.3032052962796783,69,0.16398304258950258,0.0013314541198253648,67.8
2021_06_LAC_BAL,2021,6,2021-10-17,LAC,-0.32787016786652495,0.058067906261238436,53,0.15839589173928056,0.028718631694981865,68.2
2021_08_NE_LAC,2021,8,2021-10-31,LAC,-0.02893751618520082,-0.02923548311120859,57,0.07052013437348872,0.06008308023987471,63.8
2021_09_LAC_PHI,2021,9,2021-11-07,LAC,0.2925569687949158,0.22310249524178422,65,0.0458659377540112,0.03365522650412009,62.6
2021_10_MIN_LAC,2021,10,2021-11-14,LAC,-0.1243594457827127,0.1347923620815821,55,0.05761368145252841,0.06441538021814933,63.4
2021_11_PIT_LAC,2021,11,2021-11-21,LAC,0.33891402130503784,-0.020688908924196437,66,0.023349584225491635,0.1379865153506149,59.8
2021_12_LAC_DEN,2021,12,2021-11-28,LAC,-0.006008898560294005,0.12325699759847403,65,0.030060772053103025,0.07320767430983996,59.2
2021_13_LAC_CIN,2021,13,2021-12-05,LAC,0.016383483233566597,-0.2868915521021581,62,0.09443302591434921,0.08624549257728709,61.6
2021_14_NYG_LAC,2021,14,2021-12-12,LAC,0.22179390767962207,-0.07148869130777717,68,0.1034972257981027,0.034714278779097184,62.6
2021_15_KC_LAC,2021,15,2021-12-16,LAC,-0.01640753971132187,0.16720440482922397,78,0.08934461357504395,-0.024203958530815098,63.2
2021_16_LAC_HOU,2021,16,2021-12-26,LAC,0.04975312713654077,0.3143076137216352,60,0.11093499478932212,-0.01772154998128673,67.8
2021_17_DEN_LAC,2021,17,2022-01-02,LAC,0.14474953871583662,-0.1361620506536419,64,0.0531028159556227,0.0492777545478796,66.6
2021_18_LAC_LV,2021,18,2022-01-09,LAC,0.12188391603155826,-0.06963098001872434,89,0.08325450341084883,-0.0026060551025435807,66.4
2022_01_LV_LAC,2022,1,2022-09-11,LAC,0.08488462946652069,-0.13955261937904465,63,0.10435458997044718,0.040846059314143174,71.8
2022_02_LAC_KC,2022,2,2022-09-15,LAC,0.009095565450287049,0.08408256448496625,73,0.07697273432782689,0.027233273699889676,70.8
2022_03_JAX_LAC,2022,3,2022-09-25,LAC,-0.25573101947112975,0.21725349344201023,58,0.08207335536014868,0.010608905631038137,69.8
2022_04_LAC_HOU,2022,4,2022-10-02,LAC,0.24989994742363172,-0.06782940671430186,63,0.020976526038614572,-0.008801918424886857,69.4
2022_05_LAC_CLE,2022,5,2022-10-09,LAC,0.292535686338161,0.1754443653957438,67,0.04200660778017359,0.0048646103629811505,69.2
2022_06_DEN_LAC,2022,6,2022-10-17,LAC,-0.16049899732753822,-0.1531967602636637,83,0.07613696184149414,0.053879679445874774,64.8
2022_07_SEA_LAC,2022,7,2022-10-23,LAC,-0.24374388659835214,0.12802792367268181,69,0.027060236482682347,0.051150851268950956,68.8
2022_09_LAC_ATL,2022,9,2022-11-06,LAC,0.03089886485084412,0.0001368572797082505,67,-0.023507653927045485,0.059939923106494084,68.0
2022_10_LAC_SF,2022,10,2022-11-13,LAC,-0.15106848550414048,0.059783194870646296,56,0.033818322937349286,0.01651659587403369,69.8
2022_11_KC_LAC,2022,11,2022-11-20,LAC,0.08532488544829056,0.2521740818415319,65,-0.04637536364820515,0.04203911619102333,68.4
2022_12_LAC_ARI,2022,12,2022-11-27,LAC,0.0690964950208742,0.058060248783089935,64,-0.08781752382617924,0.057385059480180946,68.0
2022_13_LAC_LV,2022,13,2022-12-04,LAC,-0.10511492078293434,-0.08892771629761528,73,-0.04189842535649677,0.09963646128953167,64.2
2022_14_MIA_LAC,2022,14,2022-12-11,LAC,0.027747382111204037,-0.08261258421813408,76,-0.014172632193413207,0.05624533329547225,65.0
2022_15_TEN_LAC,2022,15,2022-12-18,LAC,-0.06504700084630433,-0.053985220024048146,67,-0.014802928741341223,0.03969544499590378,66.8
2022_16_LAC_IND,2022,16,2022-12-26,LAC,-0.05077207291172142,-0.5723881567776543,64,0.002401368190226008,0.01694176201696489,69.0
2022_17_LA_LAC,2022,17,2023-01-01,LAC,0.28571385045289915,-0.10244303336038699,62,-0.024818023481776388,-0.14797068570687236,68.8
2022_18_LAC_DEN,2022,18,2023-01-08,LAC,0.052540836182359926,0.1468593584552456,67,0.0185054476046286,-0.18007134213556772,68.4
2023_01_MIA_LAC,2023,1,2023-09-10,LAC,0.15262955264410286,0.30758666365990955,76,0.050036598997687455,-0.13291392718499556,67.2
2023_02_LAC_TEN,2023,2,2023-09-17,LAC,0.09223075477247258,0.010639916480615023,66,0.07501303310426723,-0.05487407760938684,67.2
2023_03_LAC_MIN,2023,3,2023-09-24,LAC,0.19514771428429092,-0.00012828547168427718,63,0.1064685842280226,-0.0419490503084542,67.0
2023_04_LV_LAC,2023,4,2023-10-01,LAC,-0.034290985750663534,-0.16690575557672413,59,0.15565254166722509,0.07250292395273981,66.8
2023_06_DAL_LAC,2023,6,2023-10-16,LAC,-0.10898622999978357,0.07469932552948622,61,0.09165157442651253,0.059610379509472386,66.2
2023_07_LAC_KC,2023,7,2023-10-22,LAC,0.047040637161635424,0.2564195220897243,60,0.05934616119008383,0.04517837292432051,65.0
2023_08_CHI_LAC,2023,8,2023-10-29,LAC,-0.021017976698852765,-0.15339637039752016,65,0.03822837809359035,0.034944944610283454,61.8
2023_09_LAC_NYJ,2023,9,2023-11-06,LAC,-0.11896003367710611,-0.37136718061122403,55,0.015578631799325286,0.002137687234656421,61.6
2023_10_DET_LAC,2023,10,2023-11-12,LAC,0.2017408950984984,0.4461961206014214,68,-0.04724291779295412,-0.07211009179325154,60.0
2023_11_LAC_GB,2023,11,2023-11-19,LAC,0.06530829421961061,0.08529282894908743,61,-3.654162312173303e-05,0.05051028344237758,61.8
2023_12_BAL_LAC,2023,12,2023-11-26,LAC,-0.30167102230636483,0.0266497987897133,66,0.0348223632207571,0.052628984126297816,61.8
2023_13_LAC_NE,2023,13,2023-12-03,LAC,-0.14786571430826026,-0.27462989578658203,59,-0.03491996867284295,0.006675039466295612,63.0
2023_14_DEN_LAC,2023,14,2023-12-10,LAC,-0.4709905661927508,-0.049338054764946834,67,-0.060289516194724446,-0.01757166561151676,61.8
2023_15_LAC_LV,2023,15,2023-12-14,LAC,-0.3748612407103388,0.2524649465977702,63,-0.13069562269785337,0.046834159557738675,64.2
2023_16_BUF_LAC,2023,16,2023-12-23,LAC,-0.09489866467715144,0.06887286251368133,65,-0.24601604985962083,0.008087924757008435,63.2
2023_17_LAC_DEN,2023,17,2023-12-31,LAC,-0.13745865296574925,-0.04792571554313115,62,-0.2780574416389733,0.004803931469927214,64.0
2023_18_KC_LAC,2023,18,2024-01-07,LAC,-0.2332262514383238,-0.1436860591524687,80,-0.2452149677708501,-0.010111171396641676,63.2
2024_01_LV_LAC,2024,1,2024-09-08,LAC,-0.08854648322839723,-0.33483836367411784,52,-0.2622870751968628,0.016077595930180988,67.4
2024_02_LAC_CAR,2024,2,2024-09-15,LAC,0.11135080133706401,-0.49060622454402397,62,-0.1857982586039921,-0.041022465851653214,64.4
2024_03_LAC_PIT,2024,3,2024-09-22,LAC,-0.16468273679844483,0.1316070126630572,45,-0.08855585019451155,-0.18963670008001204,64.2
2024_04_KC_LAC,2024,4,2024-09-29,LAC,-0.2140258374320349,-0.08798858658497692,53,-0.10251266461877022,-0.17708987005013688,60.2
2024_06_LAC_DEN,2024,6,2024-10-13,LAC,0.0855428782859012,-0.061207421118328366,72,-0.11782610151202735,-0.18510244425850603,58.4
2024_07_LAC_ARI,2024,7,2024-10-21,LAC,0.04946805758481444,0.03591196748696022,63,-0.054072275567182373,-0.16860671665167795,56.8
2024_08_NO_LAC,2024,8,2024-10-27,LAC,-0.0020965723623212447,-0.19930524057083385,63,-0.026469367404540027,-0.09445665041946236,59.0
2024_09_LAC_CLE,2024,9,2024-11-03,LAC,0.031492660151150945,-0.27078907886966,54,-0.049158842144417084,-0.03619645362482432,59.2
2024_10_TEN_LAC,2024,10,2024-11-10,LAC,0.20210270739087094,0.11689301344649819,55,-0.009923762754497925,-0.11667567193136777,61.0
2024_11_CIN_LAC,2024,11,2024-11-17,LAC,0.04700973538578244,0.10320479573417679,62,0.07330194621008325,-0.07569935192507274,61.4
2024_12_BAL_LAC,2024,12,2024-11-25,LAC,0.007558067130374887,0.3251611416574621,60,0.0655953176300595,-0.042816908554571716,59.4
2024_13_LAC_ATL,2024,13,2024-12-01,LAC,-0.28624597088101467,-0.23777067035088434,44,0.057213319539171595,0.01503292627952867,58.8
2024_14_LAC_KC,2024,14,2024-12-08,LAC,0.08677343292069407,0.016504888172233778,57,0.0003834398354328972,0.007339840323518576,55.0
2024_15_TB_LAC,2024,15,2024-12-15,LAC,-0.3698403134963222,0.22441281418351666,48,0.011439594389341529,0.06479863373189734,55.6
2024_16_DEN_LAC,2024,16,2024-12-19,LAC,0.21883563000886758,0.19349572844943194,60,-0.1029490097880971,0.08630259387930103,54.2
2024_17_LAC_NE,2024,17,2024-12-28,LAC,0.2911025041405697,-0.5518501636239913,77,-0.06858383086348006,0.10436078042235206,53.8
2024_18_LAC_LV,2024,18,2025-01-05,LAC,0.28720594113842624,-0.10243118794101591,71,-0.011874943461441101,-0.07104148063393863,57.2
2025_01_KC_LAC,2025,1,2025-09-05,LAC,0.3200720840759058,0.21523830751852047,59,0.10281543894244707,-0.04397358415196494,62.6
2025_02_LAC_LV,2025,2,2025-09-15,LAC,-0.020255894486862876,-0.3918832617330055,53,0.1494751691734894,-0.004226900282707602,63.0
2025_03_DEN_LAC,2025,3,2025-09-21,LAC,-0.03864487916748578,-0.04619461549997296,80,0.2193920529753813,-0.12748611546601202,64.0
2025_04_LAC_NYG,2025,4,2025-09-28,LAC,-0.16701637772560413,-0.14530654333537846,57,0.1678959511401106,-0.175424184255893,68.0
2025_05_WAS_LAC,2025,5,2025-10-05,LAC,-0.14044467658160198,0.25499001840676383,63,0.07627217476687587,-0.09411546019817044,64.0
2025_06_LAC_MIA,2025,6,2025-10-12,LAC,0.10399103724870683,0.09100858336886261,64,-0.009257948777129788,-0.022631218928614492,62.4
2025_07_IND_LAC,2025,7,2025-10-19,LAC,0.08745231141202288,0.43477880175474354,74,-0.05247415814256958,-0.04747716375854606,63.4
2025_08_MIN_LAC,2025,8,2025-10-23,LAC,0.20368281297564736,-0.4242375427816471,70,-0.030932516962792433,0.11785524893900375,67.6
2025_09_LAC_TEN,2025,9,2025-11-02,LAC,0.08430029829409308,-0.17723924175599148,64,0.017533021465834193,0.0422466634826689,65.6
2025_10_PIT_LAC,2025,10,2025-11-09,LAC,-0.08252314845889028,-0.37660531342131115,68,0.06779635666977364,0.03586012379854629,67.0
2025_11_LAC_JAX,2025,11,2025-11-16,LAC,-0.5113474807938482,0.07959256080473584,45,0.07938066229431598,-0.0904589425670687,68.0
2025_13_LV_LAC,2025,13,2025-11-30,LAC,0.1381939108897022,-0.33158825984638596,65,-0.04368704131419503,-0.09274214707989406,64.2
2025_14_PHI_LAC,2025,14,2025-12-08,LAC,-0.2722896922987969,-0.26299179564461084,71,-0.03353872141865916,-0.24601555940011996,62.4
2025_15_LAC_KC,2025,15,2025-12-14,LAC,-0.045161468432791736,-0.10570821223760266,61,-0.12873322247354801,-0.2137664099727127,62.6
2025_16_LAC_DAL,2025,16,2025-12-21,LAC,0.4464467190914071,0.03422700168266081,61,-0.15462557581892497,-0.19946020406903492,62.0
2025_17_HOU_LAC,2025,17,2025-12-27,LAC,-0.2153056603435169,-0.1514305319207047,59,-0.048831602308865504,-0.11729374104824053,60.6
2025_18_LAC_DEN,2025,18,2026-01-04,LAC,-0.41350366559252,-0.18474615782707252,66,0.01037676178120075,-0.16349835959332865,63.4
2026_01_ARI_LAC,2026,1,2026-09-13,LAC,-0.24395900345110683,0.1441429099391437,51,-0.09996275351524368,-0.13412993918946597,63.6
2016_01_OAK_NO,2016,1,2016-09-11,LV,0.27928313567135754,0.21668878934008212,65,,,
2016_02_ATL_OAK,2016,2,2016-09-18,LV,0.1606333329495898,0.3448777457877245,71,,,
2016_03_OAK_TEN,2016,3,2016-09-25,LV,0.06726140502350253,-0.14484654371442884,60,,,
2016_04_OAK_BAL,2016,4,2016-10-02,LV,-0.00117017674104621,-0.032936841829068864,51,0.16905929121481664,0.13890666380445926,65.33333333333333
2016_05_SD_OAK,2016,5,2016-10-09,LV,0.0819951197657269,0.07629494862174292,69,0.1265019242258509,0.09594578739607723,61.75
2016_06_KC_OAK,2016,6,2016-10-16,LV,-0.20083049288132565,0.2727439838674476,52,0.11760056333382611,0.09201561964121037,63.2
2016_07_OAK_JAX,2016,7,2016-10-23,LV,0.07418316434585427,-0.1365689299702872,69,0.021577837623289475,0.10322665854668345,60.6
2016_08_OAK_TB,2016,8,2016-10-30,LV,0.19147307964401422,-0.00623822635016182,85,0.004287803902542367,0.0069373233950811184,60.2
2016_09_DEN_OAK,2016,9,2016-11-06,LV,0.061228785610727594,-0.1072256228201288,73,0.029130138826644704,0.03465898686793452,65.2
2016_11_HOU_OAK,2016,11,2016-11-21,LV,0.1402175981636244,0.06541928260144306,49,0.04160993129699946,0.019801230669722537,69.6
2016_12_CAR_OAK,2016,12,2016-11-27,LV,-0.0035640206817930294,0.012481440050864654,70,0.053254426976578964,0.017626097465662564,65.6
2016_13_BUF_OAK,2016,13,2016-12-04,LV,0.12343516512368412,0.07856652728368362,68,0.09270772141648549,-0.03442641129765402,69.2
2016_14_OAK_KC,2016,14,2016-12-08,LV,-0.22561972521040904,-0.13594852531712284,73,0.10255812157205146,0.008600680153140135,69.0
2016_15_OAK_SD,2016,15,2016-12-18,LV,-0.039258699422156124,-0.11093740254882907,58,0.019139560601166804,-0.01734137964025207,66.6
2016_16_IND_OAK,2016,16,2016-12-24,LV,0.22979120952684595,0.09117612782973564,69,-0.0009579364054099384,-0.018083735585992123,63.6
2016_17_OAK_DEN,2016,17,2017-01-01,LV,-0.5099213860267591,-0.04239977431400255,51,0.016956785867234377,-0.012932366540333607,67.6
2017_01_OAK_TEN,2017,1,2017-09-10,LV,0.15262099139271618,0.05026057678090152,62,-0.08431468720175883,-0.023908609413307046,63.8
2017_02_NYJ_OAK,2017,2,2017-09-17,LV,0.41623553158292037,0.05902309829047514,55,-0.07847752194795242,-0.02956979951386347,62.6
2017_03_OAK_WAS,2017,3,2017-09-24,LV,-0.5165801010977024,0.12043278733371394,47,0.04989352941071347,0.009424525207656133,59.0
2017_04_OAK_DEN,2017,4,2017-10-01,LV,-0.25288442482138096,-0.043902930214474924,53,-0.045570750924395775,0.05569856318416474,56.8
2017_05_BAL_OAK,2017,5,2017-10-08,LV,-0.16976250156210704,0.19964593841085923,54,-0.14210587779404116,0.02868275157532262,53.6
2017_06_LAC_OAK,2017,6,2017-10-15,LV,-0.1214606610567031,0.029139560311618396,53,-0.07407410090111075,0.07709189412029498,54.2
2017_07_KC_OAK,2017,7,2017-10-19,LV,0.2467927850416648,0.3409197908118624,73,-0.1288904313909946,0.07286769082643835,52.4
2017_08_OAK_BUF,2017,8,2017-10-29,LV,-0.1250610508409048,0.14661244896355227,63,-0.16277898069924573,0.1292470293307158,56.0
2017_09_OAK_MIA,2017,9,2017-11-05,LV,0.2104685179035392,0.0959516319693977,55,-0.08447517064788622,0.13448296165668347,59.2
2017_11_NE_OAK,2017,11,2017-11-19,LV,-0.008637501069742334,0.32562415048846954,72,0.008195417897097813,0.162453874093458,59.6
2017_12_DEN_OAK,2017,12,2017-11-26,LV,0.02047808237342626,-0.1483132527475327,60,0.04042041799557075,0.18764951650898007,63.2
2017_13_NYG_OAK,2017,13,2017-12-03,LV,-0.025143166057625507,-0.1899935631457654,65,0.06880816668159662,0.1521589538971498,64.6
2017_14_OAK_KC,2017,14,2017-12-10,LV,-0.15810909623359995,0.08951350273387271,56,0.01442097646173856,0.045976283105624266,63.0
2017_15_DAL_OAK,2017,15,2017-12-17,LV,0.010220371632469066,0.07637282607123093,61,0.00781136738319953,0.034556493859688356,61.6
2017_16_OAK_PHI,2017,16,2017-12-25,LV,-0.504141009822396,-0.37978403585590353,62,-0.0322382618710145,0.030640732680055,62.8
2017_17_OAK_LAC,2017,17,2017-12-31,LV,-0.143140957953144,0.2818150375066316,53,-0.13133896362154523,-0.11044090458881961,60.8
2018_01_LA_OAK,2018,1,2018-09-10,LV,-0.1971312452608667,0.1371357584540697,64,-0.1640627716868593,-0.024415246537986757,59.4
2018_02_OAK_DEN,2018,2,2018-09-16,LV,0.09303030638627009,0.09275549515019284,60,-0.1984603875275075,0.041010617781980264,59.2
2018_03_OAK_MIA,2018,3,2018-09-23,LV,0.0729624858454349,0.3390048863580695,72,-0.1482325070035335,0.041659016265244285,60.0
2018_04_CLE_OAK,2018,4,2018-09-30,LV,-0.0020688000358890413,0.00797569319721712,89,-0.13568408416094033,0.09418542832261201,62.2
2018_05_OAK_LAC,2018,5,2018-10-07,LV,-0.09350940081413729,0.3088863531696439,47,-0.03526964220363895,0.17173737413323614,67.6
2018_06_SEA_OAK,2018,6,2018-10-14,LV,-0.2750006957129961,0.24540235990923762,56,-0.025343330775837607,0.1771516372658386,66.4
2018_08_IND_OAK,2018,8,2018-10-28,LV,0.21585424800413539,0.4440675305701633,46,-0.040917220866263496,0.19880495755687216,64.8
2018_09_OAK_SF,2018,9,2018-11-01,LV,-0.13757583370952867,0.312393762436888,54,-0.01635243254269043,0.2690673646408663,62.0
2018_10_LAC_OAK,2018,10,2018-11-11,LV,-0.16136308094954957,0.10902655583800061,62,-0.05846009645368315,0.26374513985662995,58.4
2018_11_OAK_ARI,2018,11,2018-11-18,LV,-0.013130393412014095,-0.22118328600033868,66,-0.09031895263641525,0.28395531238478666,53.0
2018_12_OAK_BAL,2018,12,2018-11-25,LV,-0.10076540595259663,0.1457313773831926,54,-0.07424315115599062,0.17794138455079014,56.8
2018_13_KC_OAK,2018,13,2018-12-02,LV,0.045677265775167786,0.2870067047394823,70,-0.039396093203910715,0.15800718804558117,56.4
2018_14_PIT_OAK,2018,14,2018-12-09,LV,0.15558547834628614,0.14203738279768882,62,-0.07343148964970424,0.12659502287944496,61.2
2018_15_OAK_CIN,2018,15,2018-12-16,LV,-0.18874536320867852,-0.03560311511798418,57,-0.014799227238541273,0.09252374695160512,62.8
2018_16_DEN_OAK,2018,16,2018-12-24,LV,0.05181893890777956,0.005198503763357445,54,-0.020275683690367065,0.06359781276040817,61.8
2018_17_OAK_KC,2018,17,2018-12-30,LV,-0.3339404162525136,0.27878311989095306,65,-0.007285817226408332,0.10887417071314738,59.4
2019_01_DEN_OAK,2019,1,2019-09-09,LV,0.3091336346526406,0.12802931741639628,53,-0.05392081928639172,0.13548451921469948,61.6
2019_02_KC_OAK,2019,2,2019-09-15,LV,-0.1486501954710885,0.23488001545036294,60,-0.0012295455108971565,0.10368904175008227,58.2
2019_03_OAK_MIN,2019,3,2019-09-22,LV,-0.04781607202974136,0.21918364376843208,58,-0.062076680274372076,0.1222575682806171,57.8
2019_04_OAK_IND,2019,4,2019-09-29,LV,0.12976122036590051,-0.046802709024469105,63,-0.03389082203858464,0.17321492005790035,58.0
2019_05_CHI_OAK,2019,5,2019-10-06,LV,0.05635393626049741,-0.012249207069901019,70,-0.018302365746960453,0.16281467750033504,59.8
2019_07_OAK_GB,2019,7,2019-10-20,LV,0.21582101147341767,0.5799845335288689,61,0.059756504755641746,0.1046082121081642,60.8
2019_08_OAK_HOU,2019,8,2019-10-27,LV,0.22805751606882899,0.18302616087133747,53,0.04109398011979716,0.19499925533065873,62.4
2019_09_DET_OAK,2019,9,2019-11-03,LV,0.22851466137628385,0.13297517553049867,68,0.11643552242778066,0.18462848441485363,61.0
2019_10_LAC_OAK,2019,10,2019-11-07,LV,0.05034108349571788,-0.13516730347792436,55,0.1717016691089857,0.16738679076726698,63.0
2019_11_CIN_OAK,2019,11,2019-11-17,LV,0.03413247209409105,-0.22295593338331549,63,0.15581764173494916,0.1497138718765759,61.4
2019_12_OAK_NYJ,2019,12,2019-11-24,LV,-0.3156448311800936,0.1967828390444098,56,0.1513733489016679,0.10757252661389302,60.0
2019_13_OAK_KC,2019,13,2019-12-01,LV,-0.08610445396442888,0.03642386024400757,57,0.04508018037096564,0.030932187717001198,59.0
2019_14_TEN_OAK,2019,14,2019-12-08,LV,-0.06807374149260188,0.45553140671761067,60,-0.017752213635685934,0.0016117275915352182,59.8
2019_15_JAX_OAK,2019,15,2019-12-15,LV,0.04123410900983533,0.010973135592044754,72,-0.07706989420946307,0.06612297382895763,58.2
2019_16_OAK_LAC,2019,16,2019-12-22,LV,0.15652337733949687,0.02552076279869,62,-0.07889128910663959,0.09535106164295144,61.6
2019_17_OAK_DEN,2019,17,2019-12-29,LV,-0.025045418140956142,-0.12069033684195339,70,-0.05441310805755843,0.14504640087935253,61.4
2020_01_LV_CAR,2020,1,2020-09-13,LV,0.24714226130371209,0.12143918990416637,61,0.0037067745502690776,0.08155176570207989,64.2
2020_02_NO_LV,2020,2,2020-09-21,LV,0.1159692762133304,0.1790629146791535,76,0.07035611760389728,0.09855483163411165,65.0
2020_03_LV_NE,2020,3,2020-09-27,LV,-0.07485513691313714,0.13951486388570822,56,0.10716472114508373,0.04326113322642021,68.2
2020_04_BUF_LV,2020,4,2020-10-04,LV,-0.020741799702844302,0.27113967411320816,68,0.08394687196048924,0.0689694788851529,65.0
2020_05_LV_KC,2020,5,2020-10-11,LV,0.3162955483412364,0.16520825609430745,65,0.048493836552021,0.11809326114805652,66.2
2020_07_TB_LV,2020,7,2020-10-25,LV,-0.10736836074816056,0.35539427933897716,63,0.11676202984845951,0.1752729797353087,65.2
2020_08_LV_CLE,2020,8,2020-11-01,LV,0.15118772132237052,-0.029056336064462947,69,0.04585990543808498,0.22206399762227086,65.6
2020_09_LV_LAC,2020,9,2020-11-08,LV,0.17999959153296438,0.12269974763838341,50,0.052903594459893,0.18044014747354756,64.2
2020_10_DEN_LV,2020,10,2020-11-15,LV,0.09938031274950952,-0.31697454543055575,64,0.1038745401491133,0.17707712422408262,63.0
2020_11_KC_LV,2020,11,2020-11-22,LV,0.2410192368830286,0.35481243589351896,56,0.12789896263958406,0.05945428031532981,62.2
2020_12_LV_ATL,2020,12,2020-11-29,LV,-0.7230092730274403,-0.08446703773682057,58,0.11284370034794251,0.09737511627517212,60.4
2020_13_LV_NYJ,2020,13,2020-12-06,LV,0.038871663730484105,0.09973350372218115,73,-0.01028448210791344,0.009402852860012578,59.4
2020_14_IND_LV,2020,14,2020-12-13,LV,0.0028577009649475033,0.39401600608510945,68,-0.03274769362629073,0.0351608208173414,60.2
2020_15_LAC_LV,2020,15,2020-12-17,LV,0.12096346163662648,0.2481006662752227,74,-0.06817607173989411,0.0894240725066866,63.8
2020_16_MIA_LV,2020,16,2020-12-26,LV,0.011683275919460504,0.11247002797011671,59,-0.0638594419624707,0.2024391148478423,65.8
2020_17_LV_DEN,2020,17,2021-01-03,LV,0.06658627340653038,-0.003463652404260689,64,-0.10972663415518433,0.15397063326316182,66.4
2021_01_BAL_LV,2021,1,2021-09-13,LV,0.017037434221200385,-0.047958187244139416,78,0.04819247513160981,0.17017131032967384,67.6
2021_02_LV_PIT,2021,2,2021-09-19,LV,0.21759306863174188,0.0016314301935342057,64,0.04382562922975307,0.1406329721364097,68.6
2021_03_MIA_LV,2021,3,2021-09-26,LV,0.015241766698278028,-0.07137114896819342,79,0.08677270276311194,0.06215605695809465,67.8
2021_04_LV_LAC,2021,4,2021-10-04,LV,-0.23306331358074578,0.04696104035247117,56,0.06562836377544226,-0.0017383060905885677,68.8
2021_05_CHI_LV,2021,5,2021-10-10,LV,-0.17841156129685326,0.0037998843196896666,61,0.016679045875400998,-0.014840103614117675,68.2
2021_06_LV_DEN,2021,6,2021-10-17,LV,0.3240670745443467,-0.00159803336864052,51,-0.032320521065275734,-0.013387396269327603,67.6
2021_07_PHI_LV,2021,7,2021-10-24,LV,0.2552581456644,0.028527798920979393,62,0.02908540699935353,-0.004115365494227824,62.2
2021_09_LV_NYG,2021,9,2021-11-07,LV,-0.0474283458022832,-0.04819892661422665,67,0.036618422405885157,0.0012639082512612137,61.8
2021_10_KC_LV,2021,10,2021-11-14,LV,-0.1638469103970291,0.39003547763724183,51,0.024084399905772914,0.005898352722054569,59.4
2021_11_CIN_LV,2021,11,2021-11-21,LV,-0.2752611445718812,0.018599467539842516,47,0.03792768054251625,0.0745132401790087,58.4
2021_12_LV_DAL,2021,12,2021-11-25,LV,0.07114805282872184,0.08413501786672913,76,0.01855776388751066,0.07747315682303928,55.6
2021_13_WAS_LV,2021,13,2021-12-05,LV,-0.020744115993878574,0.020849516334217014,57,-0.032026040455614316,0.0946197670701132,60.6
2021_14_LV_KC,2021,14,2021-12-12,LV,-0.2980955987856198,0.3498478394539959,61,-0.08722649278727003,0.09308411055276072,59.6
2021_15_LV_CLE,2021,15,2021-12-20,LV,-0.008978662834787939,-0.020026086310765082,64,-0.13735994338393734,0.1726934637664052,58.4
2021_16_DEN_LV,2021,16,2021-12-26,LV,-0.09209659586536037,-0.25370086553373816,63,-0.10638629387148912,0.09068115097680385,61.0
2021_17_LV_IND,2021,17,2022-01-02,LV,0.07584763812932091,-0.01794884960174598,61,-0.06975338413018495,0.03622108436208771,64.2
2021_18_LAC_LV,2021,18,2022-01-09,LV,-0.06963098001872434,0.12188391603155826,74,-0.06881346707006514,0.015804310868392693,61.2
2022_01_LV_LAC,2022,1,2022-09-11,LV,-0.13955261937904465,0.08488462946652069,57,-0.0785908398750343,0.03601119080786094,64.6
2022_02_ARI_LV,2022,2,2022-09-18,LV,-0.08002786385973491,0.03151987762685458,61,-0.046882243993719264,-0.016981451189634098,63.8
2022_03_LV_TEN,2022,3,2022-09-25,LV,0.10030708317132889,0.18695553351547128,66,-0.061092084198708665,-0.006672258402110167,63.2
2022_04_DEN_LV,2022,4,2022-10-02,LV,0.038283962027958765,-0.19114176568291388,72,-0.022611348391370807,0.08145902140773173,63.8
2022_05_LV_KC,2022,5,2022-10-10,LV,0.16740375114212014,0.20406789769172973,57,-0.03012408361164324,0.04682043819149814,66.0
2022_07_HOU_LV,2022,7,2022-10-23,LV,0.3242354485781465,0.05753195442311215,53,0.017282862620525655,0.06325723452353244,62.6
2022_08_LV_NO,2022,8,2022-10-30,LV,-0.3778623402224515,0.14654594202664292,55,0.11004047621196389,0.05778669951485073,61.8
2022_09_LV_JAX,2022,9,2022-11-06,LV,0.059549772350620034,0.18733812416462592,57,0.05047358093942057,0.0807919123948084,60.6
2022_10_IND_LV,2022,10,2022-11-13,LV,-0.06635388127066769,0.1526248633953622,65,0.04232211877527879,0.08086843052463932,58.8
2022_11_LV_DEN,2022,11,2022-11-20,LV,0.1041000490288671,-0.008018786378357208,62,0.021394550115553503,0.14962175634029454,57.4
2022_12_LV_SEA,2022,12,2022-11-27,LV,0.20789613169605248,0.03376537342355341,77,0.008733809692902893,0.10720441952627716,58.4
2022_13_LAC_LV,2022,13,2022-12-04,LV,-0.08892771629761528,-0.10511492078293434,59,-0.014534053683515912,0.1024511033263654,63.2
2022_14_LV_LA,2022,14,2022-12-08,LV,0.024246282443279636,-0.11551624847582763,58,0.04325287110145133,0.052118930764449956,64.0
2022_15_NE_LV,2022,15,2022-12-18,LV,-0.0654240735721034,-0.11162330699419903,64,0.036192173119983254,-0.00845194376364076,64.2
2022_16_LV_PIT,2022,16,2022-12-24,LV,-0.17431268603524303,-0.02033821099249603,52,0.03637813465969611,-0.061301577841553004,64.0
2022_17_SF_LV,2022,17,2023-01-01,LV,0.06203526263878743,0.3059131831622973,66,-0.019304412353125917,-0.06376546276438076,62.0
2022_18_KC_LV,2022,18,2023-01-07,LV,-0.15830484823909285,0.2610651970028452,67,-0.04847658616457893,-0.009335900816631992,59.8
2023_01_LV_DEN,2023,1,2023-09-10,LV,0.16965524770417809,-0.001719002457807956,51,-0.06235201255287444,0.06390012274052392,61.4
2023_02_LV_BUF,2023,2,2023-09-17,LV,-0.26116006681075166,0.3068545541948476,39,-0.033270219500694746,0.08665957194412785,60.0
2023_03_PIT_LV,2023,3,2023-09-24,LV,-0.14435077514740627,0.01777267718703178,68,-0.0724174181484244,0.17035514418193717,55.0
2023_04_LV_LAC,2023,4,2023-10-01,LV,-0.16690575557672413,-0.034290985750663534,69,-0.06642503597085705,0.1779773218178427,58.2
2023_05_GB_LV,2023,5,2023-10-09,LV,-0.07997264405272235,-0.1873611513266876,61,-0.11221323961395938,0.10993648803525055,58.8
2023_06_NE_LV,2023,6,2023-10-15,LV,0.011701629039855355,-0.005582914220440119,62,-0.09654679877668526,0.020251218369343994,57.6
2023_07_LV_CHI,2023,7,2023-10-22,LV,-0.2388653506357971,0.18971876236357835,61,-0.1281375225095498,0.01947843601681756,59.8
2023_08_LV_DET,2023,8,2023-10-30,LV,-0.5233037008166623,-0.13388248604209999,45,-0.1236785792745589,-0.00394872234943629,64.2
2023_09_NYG_LV,2023,9,2023-11-05,LV,0.0020437746367750207,-0.39015385567691796,59,-0.19946916440841012,-0.034279754995262646,59.6
2023_10_NYJ_LV,2023,10,2023-11-12,LV,-0.1845924398452985,-0.13154244095137763,62,-0.16567925836571026,-0.10545232898051353,57.6
2023_11_LV_MIA,2023,11,2023-11-19,LV,-0.2539218316161956,-0.10383089418579987,59,-0.1866032175242255,-0.09428858690545153,57.8
2023_12_KC_LV,2023,12,2023-11-26,LV,-0.026421417041649083,0.2643042237810524,58,-0.23972790965543567,-0.11393818289852349,57.2
2023_14_MIN_LV,2023,14,2023-12-10,LV,-0.4643485611491345,-0.2031035270812026,53,-0.19723912293660611,-0.09902109061502867,56.6
2023_15_LAC_LV,2023,15,2023-12-14,LV,0.2524649465977702,-0.3748612407103388,63,-0.1854480950031005,-0.11286529882284921,58.2
2023_16_LV_KC,2023,16,2023-12-25,LV,-0.17964115090517144,-0.2506189632056673,50,-0.1353638606109015,-0.10980677582953338,59.0
2023_17_LV_IND,2023,17,2023-12-31,LV,0.07599167379102315,0.13870494837220365,74,-0.13437360282287608,-0.1336220802803913,56.6
2023_18_DEN_LV,2023,18,2024-01-07,LV,0.1313363616128299,-0.04480246394463205,63,-0.06839090174143234,-0.08511491176879062,59.6
2024_01_LV_LAC,2024,1,2024-09-08,LV,-0.33483836367411784,-0.08854648322839723,59,-0.03683934601053653,-0.1469362493139275,60.6
2024_02_LV_BAL,2024,2,2024-09-15,LV,-0.16523290203071855,-0.010843661948616447,59,-0.010937306515533207,-0.1240248405433664,61.8
2024_03_CAR_LV,2024,3,2024-09-22,LV,-0.0830609448607849,0.2018615480162518,60,-0.09447687624123095,-0.05122132479102195,61.0
2024_04_CLE_LV,2024,4,2024-09-29,LV,-0.15934773658131007,-0.11794547341168886,53,-0.07516083503235366,0.03927477745336187,63.0
2024_05_LV_DEN,2024,5,2024-10-06,LV,-0.19881104357030954,0.06907282755617089,66,-0.12222871710682029,-0.012055306903416631,58.8
2024_06_PIT_LV,2024,6,2024-10-13,LV,-0.24397137300249525,0.09707485110831894,61,-0.18825819814344819,0.010719751396743955,59.4
2024_07_LV_LA,2024,7,2024-10-20,LV,-0.340506677532712,-0.28772169773148804,75,-0.17008480000912365,0.047844018264087185,59.8
2024_08_KC_LV,2024,8,2024-10-27,LV,-0.05785218520122359,0.1751176219347705,53,-0.20513955510952236,-0.007531588892487129,63.0
2024_09_LV_CIN,2024,9,2024-11-03,LV,-0.28455004935027317,0.08859871780297211,59,-0.20009780317761008,-0.012880374108783394,61.6
2024_11_LV_MIA,2024,11,2024-11-17,LV,0.07929896471121518,0.31449169864425214,63,-0.22513826573140272,0.0284284641341488,62.8
2024_12_DEN_LV,2024,12,2024-11-24,LV,-0.21208234212914084,0.03901947515956488,73,-0.16951626407509773,0.07751223835176504,62.2
2024_13_LV_KC,2024,13,2024-11-29,LV,0.07842760025558447,-0.043106169296476086,62,-0.1631384579004269,0.06590116316201425,64.6
2024_14_LV_TB,2024,14,2024-12-08,LV,-0.1482394077658885,0.12407973330365336,63,-0.07935160234276759,0.11482426884901664,62.0
2024_15_ATL_LV,2024,15,2024-12-16,LV,-0.26475047003767,-0.20984076669696722,64,-0.09742904685570057,0.10461669112279319,64.0
2024_16_JAX_LV,2024,16,2024-12-22,LV,-0.0724789299116734,-0.21165921295264004,65,-0.09346913099317994,0.04492879422280534,65.0
2024_17_LV_NO,2024,17,2024-12-29,LV,0.10238876612595055,-0.2802494880366669,72,-0.12382470991775765,-0.06030138809657311,65.4
2024_18_LAC_LV,2024,18,2025-01-05,LV,-0.10243118794101591,0.28720594113842624,47,-0.06093048826673937,-0.12415518073581944,65.2
2025_01_LV_NE,2025,1,2025-09-07,LV,0.11466681462113602,-0.06607576636094871,60,-0.09710224590605945,-0.05809275864883899,62.2
2025_02_LAC_LV,2025,2,2025-09-15,LV,-0.3918832617330055,-0.020255894486862876,65,-0.04452100142865455,-0.0961238585817594,61.6
2025_03_LV_WAS,2025,3,2025-09-21,LV,0.0449941284564411,0.2802268965676274,64,-0.06994755976772164,-0.05820688413973853,61.8
2025_04_CHI_LV,2025,4,2025-09-28,LV,-0.19576072275759035,-0.12057133318733107,51,-0.04645294809409875,0.04017033776431496,61.6
2025_05_LV_IND,2025,5,2025-10-05,LV,-0.21280899116320012,0.2768333146737995,65,-0.10608284587080692,0.07210596873418214,57.4
2025_06_TEN_LV,2025,6,2025-10-12,LV,-0.17984146129842535,-0.30766865473885463,54,-0.12815840651524377,0.07003144344125677,61.0
2025_07_LV_KC,2025,7,2025-10-19,LV,-0.6687030068550182,0.22474235083627978,30,-0.18706006169915607,0.021712865765675583,59.8
2025_09_JAX_LV,2025,9,2025-11-02,LV,0.1389007410609467,0.15706824798076882,61,-0.2424240107235586,0.07071251483030412,52.8
2025_10_LV_DEN,2025,10,2025-11-06,LV,-0.39005505442955796,-0.2522768672431431,58,-0.22364268820265748,0.0460807851129324,52.2
2025_11_DAL_LV,2025,11,2025-11-17,LV,-0.21752597249338235,0.13367651452533807,57,-0.262501554537051,0.01973967830177,53.6
2025_12_CLE_LV,2025,12,2025-11-23,LV,-0.3811776929274506,-0.21827911542994152,75,-0.26344495080308744,-0.008891681727922296,52.0
2025_13_LV_LAC,2025,13,2025-11-30,LV,-0.33158825984638596,0.1381939108897022,45,-0.30371219712889247,0.008986226133860326,56.2
2025_14_DEN_LV,2025,14,2025-12-07,LV,-0.05384815394599233,0.15527519608085547,47,-0.23628924772716603,-0.008323461855455188,59.2
2025_15_LV_PHI,2025,15,2025-12-14,LV,-0.41019967069483493,0.24604142609317212,42,-0.2748390267285538,-0.00868207223543786,56.4
2025_16_LV_HOU,2025,16,2025-12-21,LV,-0.04247776650876369,-0.15858796426285257,53,-0.27886794998160924,0.09098158643182518,53.2
2025_17_NYG_LV,2025,17,2025-12-28,LV,-0.21468708531499203,0.23922356683374604,54,-0.2438583087846855,0.03252869067418705,52.4
2025_18_KC_LV,2025,18,2026-01-04,LV,-0.49023991220838736,-0.4682060693371074,61,-0.21056018726219383,0.12402922712692457,48.2
2026_01_MIA_LV,2026,1,2026-09-13,LV,-0.0391491414700979,-0.2358898858888132,64,-0.24229051773459412,0.002749231081562642,51.4
2016_01_MIA_SEA,2016,1,2016-09-11,MIA,-0.1850392512795972,-0.15476022098222617,54,,,
2016_02_MIA_NE,2016,2,2016-09-18,MIA,0.0495655471496563,0.17979137474780335,60,,,
2016_03_CLE_MIA,2016,3,2016-09-25,MIA,-0.09344328701375285,0.0502349542127857,64,,,
2016_04_MIA_CIN,2016,4,2016-09-29,MIA,-0.32554118785205793,-0.026974204274719225,43,-0.07630566371456458,0.025088702659454298,59.333333333333336
2016_05_TEN_MIA,2016,5,2016-10-09,MIA,-0.2491327581982571,0.22119310649257287,41,-0.13861454474893792,0.012072975925910914,55.25
2016_06_PIT_MIA,2016,6,2016-10-16,MIA,0.2637291245855587,-0.043307417263724966,67,-0.16071818743880176,0.0538970020392433,52.4
2016_07_BUF_MIA,2016,7,2016-10-23,MIA,0.20153265127179334,0.0664298106620316,67,-0.07096451226577058,0.07618756278294356,55.0
2016_09_NYJ_MIA,2016,9,2016-11-06,MIA,0.0029495735589005374,-0.05780919979199658,61,-0.04057109144134316,0.0535152499657892,56.4
2016_10_MIA_SD,2016,10,2016-11-13,MIA,0.2491434060587647,-0.23125632568346016,49,-0.02129251932681249,0.031906419164832736,55.8
2016_11_MIA_LA,2016,11,2016-11-20,MIA,-0.11983070910087247,-0.2588619773687414,57,0.09364439945535204,-0.00895000511691545,57.0
2016_12_SF_MIA,2016,12,2016-11-27,MIA,0.22579883848192342,0.13055600657942346,58,0.11950480927482895,-0.1049610218891783,60.2
2016_13_MIA_BAL,2016,13,2016-12-04,MIA,-0.24384987845055756,0.20937525341551835,59,0.11191875205410191,-0.07018833712054862,58.4
2016_14_ARI_MIA,2016,14,2016-12-11,MIA,-0.12786343194416633,-0.2268286396893702,57,0.022842246109631738,-0.04159924856985126,56.8
2016_15_MIA_NYJ,2016,15,2016-12-17,MIA,0.21124245777204836,-0.2967393375204528,46,-0.0033203549909816416,-0.07540313654932598,56.0
2016_16_MIA_BUF,2016,16,2016-12-24,MIA,0.2794787239075278,0.21243674140541868,66,-0.010900544648324906,-0.08849973891672451,55.4
2016_17_NE_MIA,2016,17,2017-01-01,MIA,-0.15144338377694225,0.31070089350309416,57,0.06896134195335515,0.005760004838107502,57.2
2017_02_MIA_LAC,2017,2,2017-09-17,MIA,0.12911986779411752,0.19042103231728194,67,-0.006487102498417985,0.04178898222284164,57.0
2017_03_MIA_NYJ,2017,3,2017-09-24,MIA,-0.3164276759092149,-0.02690353791487047,63,0.06810684675051704,0.03799813800319436,58.6
2017_04_NO_MIA,2017,4,2017-10-01,MIA,-0.27487025319405417,0.13304145835019787,47,0.030393997957507312,0.0779831583580943,59.8
2017_05_TEN_MIA,2017,5,2017-10-08,MIA,-0.37730738977298456,-0.40292098320752834,58,-0.06682854423571319,0.1639393175322244,60.0
2017_06_MIA_ATL,2017,6,2017-10-15,MIA,0.0027149095099573647,0.010675610171467476,63,-0.19818576697181567,0.040867772609635034,58.4
2017_07_NYJ_MIA,2017,7,2017-10-22,MIA,-0.05086738942210758,0.042800989360936605,65,-0.16735410831443573,-0.019137284056690313,59.6
2017_08_MIA_BAL,2017,8,2017-10-26,MIA,-0.5414883578755383,0.05303009975010635,66,-0.20335155975768077,-0.04866129264795938,59.2
2017_09_OAK_MIA,2017,9,2017-11-05,MIA,0.0959516319693977,0.2104685179035392,62,-0.24836369615094545,-0.03267456511496401,59.8
2017_10_MIA_CAR,2017,10,2017-11-13,MIA,0.07544481408681264,0.4785101487256476,53,-0.17419931911825506,-0.01718915320429575,62.8
2017_11_TB_MIA,2017,11,2017-11-19,MIA,-0.06338335765720131,0.010126388250462984,60,-0.08364887834629561,0.15909707318233943,61.8
2017_12_MIA_NE,2017,12,2017-11-26,MIA,-0.2598344469155622,0.09249340597399702,59,-0.09686853177972735,0.15898722879813856,61.2
2017_13_DEN_MIA,2017,13,2017-12-03,MIA,-0.2705174061204372,-0.43991874238080175,64,-0.13866194327841827,0.16892571212075064,60.0
2017_14_NE_MIA,2017,14,2017-12-11,MIA,0.022773758773519365,-0.16076295983797073,67,-0.08446775292739805,0.070335943694569,59.6
2017_15_MIA_BUF,2017,15,2017-12-17,MIA,-0.06527852111645366,0.07624954370839987,73,-0.09910332756657372,-0.003910351853732985,60.6
2017_16_MIA_KC,2017,16,2017-12-24,MIA,-0.1286986528529585,0.11585032823721485,53,-0.12724799460722697,-0.08436247285718254,64.6
2017_17_BUF_MIA,2017,17,2017-12-31,MIA,-0.033420883684858536,0.09894465160074037,68,-0.14031105364637841,-0.06321768485983216,63.2
2018_01_TEN_MIA,2018,1,2018-09-09,MIA,-0.01195157423951285,-0.2904205503789817,56,-0.09502834100023769,-0.06192743573448349,65.0
2018_02_MIA_NYJ,2018,2,2018-09-16,MIA,-0.13331921528919008,-0.2839517892659757,55,-0.04331517462405283,-0.03202779733411948,63.4
2018_03_OAK_MIA,2018,3,2018-09-23,MIA,0.3390048863580695,0.0729624858454349,38,-0.0745337694365947,-0.05666556321972047,61.0
2018_04_MIA_NE,2018,4,2018-09-30,MIA,-0.4105133310665325,0.14785671527726246,45,0.006322912058309915,-0.057322974792313464,54.0
2018_05_MIA_CIN,2018,5,2018-10-07,MIA,-0.2131428143743034,-0.0680582463452916,59,-0.05004002358440488,-0.050921697384303945,52.4
2018_06_CHI_MIA,2018,6,2018-10-14,MIA,0.07906016732477986,0.10631202989578332,75,-0.08598440972229385,-0.08432227697351033,50.6
2018_07_DET_MIA,2018,7,2018-10-21,MIA,0.15482412785711805,0.36650183320633645,54,-0.06778206140943532,-0.004975760918557332,54.4
2018_08_MIA_HOU,2018,8,2018-10-25,MIA,-0.09062595799989955,0.3194691406700898,65,-0.010153392780173687,0.1251149635759051,54.2
2018_09_NYJ_MIA,2018,9,2018-11-04,MIA,-0.30763491570719737,-0.3448250965409107,53,-0.0960795616517675,0.17441629454083607,59.6
2018_10_MIA_GB,2018,10,2018-11-11,MIA,-0.22157269606677907,0.26416225955107514,66,-0.07550387857990047,0.07587993217720143,61.2
2018_12_MIA_IND,2018,12,2018-11-25,MIA,0.05944358498481824,0.113576743859014,50,-0.07718985491839561,0.14232403335647478,62.6
2018_13_BUF_MIA,2018,13,2018-12-02,MIA,-0.11505607323245688,0.059978352947036497,48,-0.08111317138638793,0.1437769761491209,57.6
2018_14_NE_MIA,2018,14,2018-12-09,MIA,0.454205388628826,0.17557655049229975,45,-0.1350892116043029,0.08247228009726093,56.4
2018_15_MIA_MIN,2018,15,2018-12-16,MIA,-0.40735620901878566,0.10923712198201851,53,-0.026122942278557815,0.05369376206170291,52.4
2018_16_JAX_MIA,2018,16,2018-12-23,MIA,-0.3788621077111023,-0.03217200616664241,43,-0.04606720094087548,0.14450620576628875,52.4
2018_17_MIA_BUF,2018,17,2018-12-30,MIA,-0.37575839225717406,0.25507518939851137,61,-0.07752508326974013,0.08523935262274525,47.8
2019_01_BAL_MIA,2019,1,2019-09-08,MIA,-0.24775125673031814,0.6602583175086832,47,-0.1645654787181386,0.11353904173064473,50.0
2019_02_NE_MIA,2019,2,2019-09-15,MIA,-0.7320046312286381,0.19157023891139519,61,-0.19110451541771084,0.23359503464297404,49.8
2019_03_MIA_DAL,2019,3,2019-09-22,MIA,-0.2932883657548599,0.22437510520682194,68,-0.42834651938920365,0.23679377232679313,53.0
2019_04_LAC_MIA,2019,4,2019-09-29,MIA,-0.1266628058313805,0.28949467910714216,47,-0.4055329507364185,0.2598213689717538,56.0
2019_06_WAS_MIA,2019,6,2019-10-13,MIA,-0.18824126562176646,-0.015461962261150151,69,-0.35509309036047415,0.32415470602651075,56.8
2019_07_MIA_BUF,2019,7,2019-10-20,MIA,0.04512724463801043,0.20778698403018003,65,-0.3175896650333926,0.2700472756945785,58.4
2019_08_MIA_PIT,2019,8,2019-10-28,MIA,-0.23956193228514167,0.054347421310758606,56,-0.2590139647597269,0.17955300899887777,62.0
2019_09_NYJ_MIA,2019,9,2019-11-03,MIA,0.10538847963485541,-0.005498306899156586,62,-0.16052542497102762,0.15210844547875046,61.0
2019_10_MIA_IND,2019,10,2019-11-10,MIA,-0.2919951700055517,-0.34514544870536934,61,-0.08079005589308456,0.10613376305755476,59.8
2019_11_BUF_MIA,2019,11,2019-11-17,MIA,-0.21303249376311642,0.27489126321542523,66,-0.11385652872791878,-0.020794262504947536,62.6
2019_12_MIA_CLE,2019,12,2019-11-24,MIA,-0.054635489620493666,0.24470581593305693,62,-0.11881477435618878,0.03727638259036754,62.0
2019_13_PHI_MIA,2019,13,2019-12-01,MIA,0.1918508086150898,0.13131492141123913,64,-0.13876732120788962,0.04466014897094292,61.4
2019_14_MIA_NYJ,2019,14,2019-12-08,MIA,-0.03560167490599292,-0.02074638396432099,65,-0.05248477302784331,0.06005364899103902,63.0
2019_15_MIA_NYG,2019,15,2019-12-15,MIA,-0.06955789895185308,0.06365010784273702,69,-0.08068280393601299,0.05700403357800614,63.6
2019_16_CIN_MIA,2019,16,2019-12-22,MIA,0.17947699129920267,0.05580483301859061,84,-0.03619534972527326,0.13876314488762742,65.2
2019_17_MIA_NE,2019,17,2019-12-29,MIA,0.13971819995323104,0.03659878809462069,68,0.04230654728719056,0.09494585884826048,68.8
2020_01_MIA_NE,2020,1,2020-09-13,MIA,-0.172389081524398,0.16391763729319425,58,0.0811772852019355,0.053324453280573246,70.0
2020_02_BUF_MIA,2020,2,2020-09-20,MIA,0.15666703070887555,0.39383605344527023,72,0.008329307174037941,0.05984499645696426,68.8
2020_03_MIA_JAX,2020,3,2020-09-24,MIA,0.1780023792156839,-0.15919831049829972,56,0.04678304829701164,0.14276148393888252,70.2
2020_04_SEA_MIA,2020,4,2020-10-04,MIA,0.06609173700190733,0.23560874943666982,69,0.09629510393051903,0.09819180027067516,67.6
2020_05_MIA_SF,2020,5,2020-10-11,MIA,0.3358999809431031,-0.3039246001473286,61,0.07361805307105997,0.134152583554291,64.6
2020_06_NYJ_MIA,2020,6,2020-10-18,MIA,-0.0740651879009002,-0.32628740874066103,56,0.11285440926903438,0.06604790590590115,63.2
2020_08_LA_MIA,2020,8,2020-11-01,MIA,-0.493309567405649,-0.25495391605348694,47,0.13251918799373394,-0.03199310330086991,62.8
2020_09_MIA_ARI,2020,9,2020-11-08,MIA,0.14548929819128112,0.1514236879951334,53,0.002523868370829019,-0.16175109720062134,57.8
2020_10_LAC_MIA,2020,10,2020-11-15,MIA,-0.04131721907294827,-0.03792351629066792,55,-0.0039787478340515435,-0.09962669750193472,57.2
2020_11_MIA_DEN,2020,11,2020-11-22,MIA,-0.1635235281151205,-0.041808853455494815,61,-0.02546053904902266,-0.15433315064740227,54.4
2020_12_MIA_NYJ,2020,12,2020-11-29,MIA,-0.04230615600567268,-0.3425368040942084,66,-0.1253452408606674,-0.10191000130903552,54.4
2020_13_CIN_MIA,2020,13,2020-12-06,MIA,-0.01399874594102631,-0.24323593261335227,65,-0.11899343448162188,-0.10515988037974497,56.4
2020_14_KC_MIA,2020,14,2020-12-13,MIA,-0.007202621901851754,0.026891491574594074,76,-0.023131270188697324,-0.10281628369171805,60.0
2020_15_NE_MIA,2020,15,2020-12-20,MIA,0.19129859544058958,-0.09915742264390594,71,-0.053669654207323905,-0.12772272297582593,64.6
2020_16_MIA_LV,2020,16,2020-12-26,MIA,0.11247002797011671,0.011683275919460504,62,-0.007146491304616326,-0.13996950424647353,67.8
2020_17_MIA_BUF,2020,17,2021-01-03,MIA,-0.1675566812884009,0.2524670334736584,81,0.04805221991243112,-0.12927107837148247,68.0
2021_01_MIA_NE,2021,1,2021-09-12,MIA,0.032629707944696315,0.02637044989492952,49,0.02300211485588547,-0.010270310857909104,71.0
2021_02_BUF_MIA,2021,2,2021-09-19,MIA,-0.455033309228779,0.1610910705504814,69,0.03232780563302999,0.04365096564374725,67.8
2021_03_MIA_LV,2021,3,2021-09-26,MIA,-0.07137114896819342,0.015241766698278028,78,-0.05723833183235545,0.07049088143892472,66.4
2021_04_IND_MIA,2021,4,2021-10-03,MIA,-0.09732603670162263,0.1858521080015689,49,-0.10977228071411207,0.0933707193073615,67.8
2021_05_MIA_TB,2021,5,2021-10-10,MIA,-0.02721903807674844,0.5237830395949029,51,-0.15173149364845992,0.12820448572378318,65.2
2021_06_MIA_JAX,2021,6,2021-10-17,MIA,0.13431766108008777,0.08858180988465938,67,-0.12366396500612944,0.18246768694803212,59.2
2021_07_ATL_MIA,2021,7,2021-10-24,MIA,0.10548972574099245,0.11623987711665154,70,-0.10332637437905115,0.19490995894597807,62.8
2021_08_MIA_BUF,2021,8,2021-10-31,MIA,-0.11869988113436078,0.04478547823256623,65,0.00877823261490315,0.18593972025921207,63.0
2021_09_HOU_MIA,2021,9,2021-11-07,MIA,-0.19194332060096556,-0.3059390794107405,72,-0.0006875138183303209,0.19184846256606974,60.4
2021_10_BAL_MIA,2021,10,2021-11-11,MIA,-0.055952722557905205,-0.2740263238150921,61,-0.019610970598198905,0.09349022508360787,65.0
2021_11_MIA_NYJ,2021,11,2021-11-21,MIA,0.18175673330202605,0.06969195566737268,66,-0.02535770749443026,-0.06607164759839114,67.0
2021_12_CAR_MIA,2021,12,2021-11-28,MIA,0.06867583652281062,-0.31362318020977975,70,-0.015869893050042598,-0.06984961844184848,66.8
2021_13_NYG_MIA,2021,13,2021-12-05,MIA,-0.03282360699400274,-0.16397064620527435,67,-0.023232670893678975,-0.15582222990713473,66.8
2021_15_NYJ_MIA,2021,15,2021-12-19,MIA,-0.02589740088012273,-0.17260380583697477,67,-0.0060574160656073645,-0.19757345479470284,67.2
2021_16_MIA_NO,2021,16,2021-12-27,MIA,-0.1077547186492295,-0.6781994238548328,59,0.0271517678785612,-0.1709064000799497,66.2
2021_17_MIA_TEN,2021,17,2022-01-02,MIA,-0.3575548287802444,0.06239802710989897,59,0.016791368660296343,-0.25174102008789784,65.8
2021_18_NE_MIA,2021,18,2022-01-09,MIA,0.012981800112920175,-0.06186448263158647,66,-0.09107094375615775,-0.2531998057993926,64.4
2022_01_NE_MIA,2022,1,2022-09-11,MIA,0.0394089138947885,-0.24661233195955953,57,-0.10220975103813583,-0.2028480662837539,63.6
2022_02_MIA_BAL,2022,2,2022-09-18,MIA,0.44830273251400155,0.26735856945466424,69,-0.08776324686037759,-0.21937640343461098,61.6
2022_03_BUF_MIA,2022,3,2022-09-25,MIA,0.13401253839271168,0.10848552404572066,39,0.007076779818447265,-0.13138392837628315,62.0
2022_04_MIA_CIN,2022,4,2022-09-29,MIA,-0.03808543782871503,0.11386512566501049,60,0.055430231226835505,0.02595306120382752,58.0
2022_05_MIA_NYJ,2022,5,2022-10-09,MIA,-0.21674913976685237,0.1364157208947947,62,0.11932410941714136,0.036246480914849825,58.2
2022_06_MIN_MIA,2022,6,2022-10-16,MIA,-0.12849024523172192,-0.10876731313376067,74,0.07337792144118685,0.07590252162012606,57.4
2022_07_PIT_MIA,2022,7,2022-10-23,MIA,-0.032481408184820655,-0.09683088584517058,61,0.03979808961588478,0.10347152538528584,60.8
2022_08_MIA_DET,2022,8,2022-10-30,MIA,0.34675434377491426,0.19159991434675136,61,-0.05635873852387966,0.030633634325318876,59.2
2022_09_MIA_CHI,2022,9,2022-11-06,MIA,0.302453871307352,0.18104773305864588,50,-0.013810377447439149,0.047256512385525015,63.6
2022_10_CLE_MIA,2022,10,2022-11-13,MIA,0.3979669895482477,-0.0910604757653647,64,0.05429748437977426,0.06069303386425209,61.6
2022_12_HOU_MIA,2022,12,2022-11-27,MIA,-0.10627241913286978,-0.3880001673968428,68,0.17724071024279428,0.015197794532220208,62.0
2022_13_MIA_SF,2022,13,2022-12-04,MIA,-0.3281746157674214,-0.0022352908078724044,45,0.1816842754625647,-0.04064877632039622,60.8
2022_14_MIA_LAC,2022,14,2022-12-11,MIA,-0.08261258421813408,0.027747382111204037,49,0.12254563394604454,-0.021729657312936582,57.6
2022_15_MIA_BUF,2022,15,2022-12-17,MIA,0.159529170612672,0.19276536844976733,58,0.03667224834743489,-0.05450016376004605,55.2
2022_16_GB_MIA,2022,16,2022-12-25,MIA,-0.024195465473683064,-0.00023088099354302345,45,0.00808730820849889,-0.05215663668182176,56.8
2022_17_MIA_NE,2022,17,2023-01-01,MIA,-0.036489389491863006,-0.1286718104201228,69,-0.07634518279588727,-0.03399071772745742,53.0
2022_18_NYJ_MIA,2022,18,2023-01-08,MIA,-0.08906678413978783,-0.14483493882409135,64,-0.06238857686768591,0.01787495366788658,53.2
2023_01_MIA_LAC,2023,1,2023-09-10,MIA,0.30758666365990955,0.15262955264410286,63,-0.014567010542159198,-0.01064497593535721,57.0
2023_02_MIA_NE,2023,2,2023-09-17,MIA,0.19834470460510653,-0.07960492908783394,60,0.06347283903344954,0.014331458171222555,59.8
2023_03_DEN_MIA,2023,3,2023-09-24,MIA,0.6579030373695007,-0.2650026304960414,70,0.07123594583193643,-0.0401426013362977,60.2
2023_04_MIA_BUF,2023,4,2023-10-01,MIA,-0.011877731256573699,0.4369712308554382,59,0.20765564640057316,-0.09309695123679737,65.2
2023_05_NYG_MIA,2023,5,2023-10-08,MIA,0.09747356676850288,-0.16425444445177884,52,0.21257797804763104,0.02003165701831482,63.2
2023_06_CAR_MIA,2023,6,2023-10-15,MIA,0.17893996180341235,-0.14276293217331334,62,0.2498860482292892,0.016147755892777328,60.8
2023_07_MIA_PHI,2023,7,2023-10-22,MIA,-0.15100841122546121,0.10698444363418423,48,0.22415670785798975,-0.042930741070705915,60.6
2023_08_NE_MIA,2023,8,2023-10-29,MIA,0.08246388541392898,-0.18862504612721814,70,0.1542860846918762,-0.005612866526302276,58.2
2023_09_MIA_KC,2023,9,2023-11-05,MIA,-0.1307589611066666,0.018320637941799778,58,0.03919825430076186,0.009662650347462377,58.2
2023_11_LV_MIA,2023,11,2023-11-19,MIA,-0.10383089418579987,-0.2539218316161956,67,0.015422008330743286,-0.0740674682352653,58.0
2023_12_MIA_NYJ,2023,12,2023-11-24,MIA,0.041621721121713535,-0.3845972326044417,67,-0.024838883860117268,-0.09200094566814866,61.0
2023_13_MIA_WAS,2023,13,2023-12-03,MIA,0.409192491588214,-0.17663887556606941,59,-0.052302531996457034,-0.14036780575437433,62.0
2023_14_TEN_MIA,2023,14,2023-12-11,MIA,-0.03839909006668134,0.06700255624870652,69,0.059737648566278015,-0.19709246959442506,64.2
2023_15_NYJ_MIA,2023,15,2023-12-17,MIA,0.10797617186160802,-0.5663793921909845,55,0.03556505347015595,-0.14596694911924013,64.0
2023_16_DAL_MIA,2023,16,2023-12-24,MIA,0.035878146083775035,0.06010501517054035,62,0.08331208006381087,-0.262906955145797,63.4
2023_17_MIA_BAL,2023,17,2023-12-31,MIA,-0.15177700449723658,0.6068663599951422,67,0.11125388811772585,-0.20010158578844978,62.4
2023_18_BUF_MIA,2023,18,2024-01-07,MIA,0.038294135311540835,0.07408543291036039,48,0.07257414299393582,-0.001808867268533043,62.4
2024_01_JAX_MIA,2024,1,2024-09-08,MIA,0.02407332035096745,-0.1479636490791349,65,-0.0016055282613988073,0.04833599442675292,60.2
2024_02_BUF_MIA,2024,2,2024-09-12,MIA,-0.26672958425093596,0.23071621487760674,75,0.01088895382213095,0.005342753361184632,59.4
2024_03_MIA_SEA,2024,3,2024-09-22,MIA,-0.43057976839764395,-0.004640908284680594,56,-0.06405219740037785,0.1647618747749029,63.4
2024_04_TEN_MIA,2024,4,2024-09-30,MIA,-0.44382242615654677,-0.12303492048345122,55,-0.15734378029666166,0.15181269008385873,62.2
2024_05_MIA_NE,2024,5,2024-10-06,MIA,-0.07375416820565879,-0.0816255004928116,76,-0.21575286462852367,0.005832433988140031,59.8
2024_07_MIA_IND,2024,7,2024-10-20,MIA,-0.2572328068957096,-0.19459945894577232,67,-0.2381625253319636,-0.02530975269249437,65.4
2024_08_ARI_MIA,2024,8,2024-10-27,MIA,0.19287460964627995,0.27863852290874985,64,-0.294423750781299,-0.03463691466582185,65.8
2024_09_MIA_BUF,2024,9,2024-11-03,MIA,0.3055681748716005,0.16632274530009294,59,-0.20250291200185583,-0.02505245305959323,63.6
2024_10_MIA_LA,2024,10,2024-11-11,MIA,-0.12069886028009352,-0.24376258026645936,52,-0.05527332334800693,0.009140277657361482,64.2
2024_11_LV_MIA,2024,11,2024-11-17,MIA,0.31449169864425214,0.07929896471121518,63,0.009351389827283707,-0.015005254299240146,63.6
2024_12_NE_MIA,2024,12,2024-11-24,MIA,0.0021696003086508517,-0.19673141421842763,63,0.08700056319726589,0.01717963874156521,61.0
2024_13_MIA_GB,2024,13,2024-11-28,MIA,0.08498009549140285,0.21100411182236392,67,0.13888104463813797,0.01675324768703415,60.2
2024_14_NYJ_MIA,2024,14,2024-12-08,MIA,0.23211588304366929,0.2324546813383165,66,0.11730214180716256,0.003226365469756953,60.8
2024_15_MIA_HOU,2024,15,2024-12-15,MIA,-0.21669346186923588,-0.3150112851587115,62,0.10261168344157631,0.016452752677401667,62.2
2024_16_SF_MIA,2024,16,2024-12-22,MIA,0.1649426839929953,0.060020812798913595,63,0.08341276312374786,0.0022030116989512406,64.2
2024_17_MIA_CLE,2024,17,2024-12-29,MIA,-0.09800092579572847,-0.36496926899427645,55,0.05350296019349647,-0.001652618683509083,64.2
2024_18_MIA_NYJ,2024,18,2025-01-05,MIA,-0.12810101581761324,0.060140069045257545,68,0.03346885497262061,-0.03530018963867885,62.6
2025_01_MIA_IND,2025,1,2025-09-07,MIA,-0.25682406793280127,0.2645682559748231,47,-0.009147367289182603,-0.06547299819410012,62.8
2025_02_NE_MIA,2025,2,2025-09-14,MIA,0.16988271840078065,0.34392312032291567,52,-0.10693535748447672,-0.05905028326679881,59.0
2025_03_MIA_BUF,2025,3,2025-09-18,MIA,0.05354211520170793,0.2772775162637864,59,-0.029620121430473406,0.07273659782952663,57.0
2025_04_NYJ_MIA,2025,4,2025-09-29,MIA,0.1296868522222619,0.1588386564310765,56,-0.05190023518873088,0.11618793852250117,56.2
2025_05_MIA_CAR,2025,5,2025-10-05,MIA,0.095273431587789,0.15926762393042973,53,-0.006362679585132813,0.2209495236075718,56.4
2025_06_LAC_MIA,2025,6,2025-10-12,MIA,0.09100858336886261,0.10399103724870683,56,0.038312209895947635,0.2407750345846062,53.4
2025_07_MIA_CLE,2025,7,2025-10-19,MIA,-0.558327655649518,-0.0790437820964866,57,0.1078787401562804,0.20865959083938299,55.2
2025_08_MIA_ATL,2025,8,2025-10-26,MIA,0.14265521886032412,-0.34104173670715415,65,-0.037763334653779325,0.12406621035550251,56.2
2025_09_BAL_MIA,2025,9,2025-10-30,MIA,-0.20004813488724682,0.21235004634945653,61,-0.01994071392205609,0.0004023597613144081,57.4
2025_10_BUF_MIA,2025,10,2025-11-09,MIA,0.3123163272150317,-0.0736375961853544,51,-0.08588771134395783,0.011104637744990414,58.4
2025_11_WAS_MIA,2025,11,2025-11-16,MIA,-0.019850018187706958,0.07062747970214588,54,-0.0424791322185093,-0.03547640627816641,58.0
2025_13_NO_MIA,2025,13,2025-11-30,MIA,-0.13490428110554617,-0.16475911940846216,56,-0.06465085252982321,-0.042149117787478596,57.6
2025_14_MIA_NYJ,2025,14,2025-12-07,MIA,0.20675522446731306,-0.45283942731835725,61,0.020033822378971156,-0.05929218524987371,57.4
2025_15_MIA_PIT,2025,15,2025-12-15,MIA,-0.04027871940113572,0.223225180653014,50,0.032853823500368945,-0.08165172337211432,56.6
2025_16_CIN_MIA,2025,16,2025-12-21,MIA,-0.05743694774995173,0.3721539016830053,58,0.06480770659759116,-0.07947669651140284,54.4
2025_17_TB_MIA,2025,17,2025-12-28,MIA,0.1076283444776981,0.035067697904803116,52,-0.009142948395405519,0.009681603062269095,55.8
2025_18_MIA_NE,2025,18,2026-01-04,MIA,-0.34409286922429466,0.35990873299846027,54,0.016352724137675495,0.0025696467028005487,55.4
2026_01_MIA_LV,2026,1,2026-09-13,MIA,-0.2358898858888132,-0.0391491414700979,50,-0.025484993486074203,0.10750321718418503,55.0
2016_01_MIN_TEN,2016,1,2016-09-11,MIN,0.026927695891083975,-0.2723532707019727,60,,,
2016_02_GB_MIN,2016,2,2016-09-18,MIN,-0.07005359251239238,-0.18922923533091307,56,,,
2016_03_MIN_CAR,2016,3,2016-09-25,MIN,-0.08807673088194912,-0.21955418414756267,53,,,
2016_04_NYG_MIN,2016,4,2016-10-03,MIN,0.02265716181973513,-0.19956675112258554,67,-0.0437342091677525,-0.2270455633934828,56.333333333333336
2016_05_HOU_MIN,2016,5,2016-10-09,MIN,0.07599022258939042,-0.29944903255441896,67,-0.027136366420880596,-0.22017586032575848,59.0
2016_07_MIN_PHI,2016,7,2016-10-23,MIN,-0.3099862928303423,-0.3497381519625371,73,-0.006511048618826393,-0.23603049477149057,60.6
2016_08_MIN_CHI,2016,8,2016-10-31,MIN,-0.04344070778048539,0.12468758003784444,60,-0.07389384636311165,-0.2515074710236035,63.2
2016_09_DET_MIN,2016,9,2016-11-06,MIN,0.011102945501792994,-0.1041199801158723,67,-0.06857126941673024,-0.18872410794985198,64.0
2016_10_MIN_WAS,2016,10,2016-11-13,MIN,0.022931207869987702,0.12834870934320505,64,-0.04873533413998182,-0.1656372671435139,66.8
2016_11_ARI_MIN,2016,11,2016-11-20,MIN,-0.12945957586464782,-0.23233254184879654,53,-0.048680524929931315,-0.10005417505035578,66.2
2016_12_MIN_DET,2016,12,2016-11-24,MIN,-0.059956368463564995,-0.06859321564184877,53,-0.08977048462073896,-0.0866308769092313,63.4
2016_13_DAL_MIN,2016,13,2016-12-01,MIN,-0.08092517174044045,-0.18092383669705123,70,-0.039764499747383504,-0.030401889645093626,59.4
2016_14_MIN_JAX,2016,14,2016-12-11,MIN,0.053962628709366835,-0.03477484790357542,61,-0.04726139253937452,-0.09152417299207274,61.4
2016_15_IND_MIN,2016,15,2016-12-18,MIN,-0.34951009539745087,0.17295137724042633,56,-0.03868945589785975,-0.07765514654961339,60.2
2016_16_MIN_GB,2016,16,2016-12-24,MIN,0.04961702406183604,0.16662201544874913,75,-0.11317771655134745,-0.06873461297016913,58.6
2016_17_CHI_MIN,2016,17,2017-01-01,MIN,0.15826907872611615,-0.26399740435558317,59,-0.07736239656605068,0.011056298489340016,63.0
2017_01_NO_MIN,2017,1,2017-09-11,MIN,0.3074881349408269,0.10981391034561601,61,-0.033717307128114465,-0.028024539253406866,64.2
2017_02_MIN_PIT,2017,2,2017-09-17,MIN,-0.2059371060241449,0.011574169778325885,60,0.043965354208139004,0.030123010155126584,62.4
2017_03_TB_MIN,2017,3,2017-09-24,MIN,0.26901570318923307,-0.04855266478833051,67,-0.008014592738563336,0.039392813691506844,62.2
2017_04_DET_MIN,2017,4,2017-10-01,MIN,-0.3640975899792244,-0.093708503884376,54,0.11569056697877345,-0.004907994714244529,64.4
2017_05_MIN_CHI,2017,5,2017-10-09,MIN,-0.028257034695561074,-0.10957057978227538,67,0.03294764417056136,-0.05697409858086956,60.2
2017_06_GB_MIN,2017,6,2017-10-15,MIN,-0.21121302315550525,-0.37405425022380123,69,-0.004357578513774081,-0.026088733666207998,61.8
2017_07_BAL_MIN,2017,7,2017-10-22,MIN,-0.04842049512331718,-0.163998847346395,64,-0.10809781013304051,-0.12286236578009144,63.4
2017_08_MIN_CLE,2017,8,2017-10-29,MIN,0.0032150165125051735,-0.1651893546095431,79,-0.07659448795287496,-0.15797696920503562,64.2
2017_10_MIN_WAS,2017,10,2017-11-12,MIN,0.2608770916025515,0.02659691852353386,58,-0.12975462528822052,-0.18130430716927814,66.6
2017_11_LA_MIN,2017,11,2017-11-19,MIN,0.1859718185508185,-0.15657507666360793,72,-0.004759688971865361,-0.15724322268769617,67.4
2017_12_MIN_DET,2017,12,2017-11-23,MIN,0.18686479767215616,-0.1827100334266137,70,0.03808608167741055,-0.16664412206396267,68.4
2017_13_MIN_ATL,2017,13,2017-12-03,MIN,0.07361904738645535,-0.08672307022752901,60,0.11770164584294282,-0.1283752787045252,68.6
2017_14_MIN_CAR,2017,14,2017-12-10,MIN,-0.12456007722738573,0.08951341158926854,72,0.14210955434489736,-0.11292012328075196,67.8
2017_15_CIN_MIN,2017,15,2017-12-17,MIN,-0.02061671137218868,-0.5828826034774858,58,0.11655453559691917,-0.06197957004098964,66.4
2017_16_MIN_GB,2017,16,2017-12-23,MIN,-0.11205286829065861,-0.40116778186773167,58,0.06025577500197112,-0.1838754744411936,66.4
2017_17_CHI_MIN,2017,17,2017-12-31,MIN,-0.04402461686201035,-0.44556547506934385,65,0.0006508376336756994,-0.23279401548201833,63.6
2018_01_SF_MIN,2018,1,2018-09-09,MIN,-0.194175700154259,-0.3629519756102748,71,-0.0455270452731576,-0.28536510381056435,62.6
2018_02_MIN_GB,2018,2,2018-09-16,MIN,0.1946954296164039,0.008969450468574376,69,-0.09908599478130047,-0.3406108848871135,64.8
2018_03_BUF_MIN,2018,3,2018-09-23,MIN,-0.37334702198352016,0.006897159729791166,66,-0.035234893412542545,-0.35671967711125235,64.2
2018_04_MIN_LA,2018,4,2018-09-27,MIN,0.19309346476496633,0.4810091025867176,72,-0.10578095553480885,-0.23876372446979693,65.8
2018_05_MIN_PHI,2018,5,2018-10-07,MIN,0.06914790029642782,-0.08158551884269856,59,-0.04475168892368385,-0.062328347578907074,68.6
2018_06_ARI_MIN,2018,6,2018-10-14,MIN,-0.13904811637711553,-0.40792049363946176,68,-0.02211718549199622,0.010467643666421975,67.4
2018_07_MIN_NYJ,2018,7,2018-10-21,MIN,-0.006513210984549579,-0.46639551721658545,64,-0.011091668736567525,0.0014739400605845888,66.8
2018_08_NO_MIN,2018,8,2018-10-28,MIN,-0.14262871761721643,0.00557435111172996,66,-0.05133339685675823,-0.09359905347644738,65.8
2018_09_DET_MIN,2018,9,2018-11-04,MIN,-0.10863554247989862,-0.22685713673639557,46,-0.005189735983497479,-0.09386361520005962,65.8
2018_11_MIN_CHI,2018,11,2018-11-18,MIN,-0.17945825960881537,-0.004398036778697821,64,-0.06553553743247047,-0.23543686306468228,60.6
2018_12_GB_MIN,2018,12,2018-11-25,MIN,0.04199408352861094,-0.1469993659322399,66,-0.1152567694135191,-0.2199993666518821,61.6
2018_13_MIN_NE,2018,13,2018-12-02,MIN,-0.14501577366865337,0.12882196921405703,59,-0.07904832943237382,-0.16781514111043772,61.2
2018_14_MIN_SEA,2018,14,2018-12-10,MIN,-0.30299924057681926,-0.07777183506158264,55,-0.10674884196919457,-0.048771643824309235,60.2
2018_15_MIA_MIN,2018,15,2018-12-16,MIN,0.10923712198201851,-0.40735620901878566,61,-0.13882294656111513,-0.06544088105897175,58.0
2018_16_MIN_DET,2018,16,2018-12-23,MIN,0.02608384273576607,-0.40847552658823494,58,-0.09524841366873171,-0.10154069551544978,61.0
2018_17_CHI_MIN,2018,17,2018-12-30,MIN,-0.44035862944034054,0.07404956903288334,52,-0.05413999319981542,-0.1823561934773572,59.8
2019_01_ATL_MIN,2019,1,2019-09-08,MIN,0.20226424587692352,-0.22716974523517075,47,-0.1506105357936057,-0.13814640648433257,57.0
2019_02_MIN_GB,2019,2,2019-09-15,MIN,-0.06922339493724645,-0.12202713655668945,60,-0.08115453188449033,-0.2093447493741781,54.6
2019_03_OAK_MIN,2019,3,2019-09-22,MIN,0.21918364376843208,-0.04781607202974136,57,-0.03439936275657578,-0.21819580967319946,55.6
2019_04_MIN_CHI,2019,4,2019-09-29,MIN,-0.255555814163416,-0.06451099698076845,59,-0.012410058399293067,-0.1462877822753906,54.8
2019_05_MIN_NYG,2019,5,2019-10-06,MIN,0.33807628478957824,-0.20302538238670834,63,-0.06873798977912948,-0.07749487635389732,55.0
2019_06_PHI_MIN,2019,6,2019-10-13,MIN,0.11887558320287894,-0.11427999299601269,64,0.08694899306685427,-0.13290986663781565,57.2
2019_07_MIN_DET,2019,7,2019-10-20,MIN,0.44822771253218163,0.16208966751767595,67,0.07027126053204535,-0.11033191618998403,60.6
2019_08_WAS_MIN,2019,8,2019-10-24,MIN,0.033674097659190334,-0.2638389941475448,67,0.17376148202593095,-0.053508555375110955,62.0
2019_09_MIN_KC,2019,9,2019-11-03,MIN,0.05665162410570917,0.13991185716905014,66,0.13665957280408264,-0.09671313979867165,64.0
2019_10_MIN_DAL,2019,10,2019-11-10,MIN,0.2367554626730186,0.17062476463012974,70,0.19910106045790762,-0.05582856896870793,65.4
2019_11_DEN_MIN,2019,11,2019-11-17,MIN,0.05845199023660714,-0.05750933340918285,59,0.1788368960345957,0.01890146043465969,66.8
2019_13_MIN_SEA,2019,13,2019-12-02,MIN,-0.01679263038171336,0.09916512885342994,52,0.16675217744134135,0.030255592352025656,65.8
2019_14_DET_MIN,2019,14,2019-12-08,MIN,-0.051792712703786686,-0.22613862326503723,69,0.07374810885856237,0.017670684619176456,62.8
2019_15_MIN_LAC,2019,15,2019-12-15,MIN,0.0942964568693774,-0.4542677109606903,59,0.05665474678596696,0.025210758795677975,63.2
2019_16_GB_MIN,2019,16,2019-12-23,MIN,-0.5476562450707981,-0.16058900940907045,53,0.06418371333870061,-0.09362515483027012,61.8
2019_17_CHI_MIN,2019,17,2019-12-29,MIN,-0.1369353874059718,-0.029935320616663316,47,-0.09269862821006274,-0.15986790963811015,58.4
2020_01_GB_MIN,2020,1,2020-09-13,MIN,0.30998100119776634,0.31770388931646737,52,-0.13177610373857854,-0.15435310707960626,56.0
2020_02_MIN_IND,2020,2,2020-09-20,MIN,-0.28432550841407916,0.06613910144725968,47,-0.06642137742268259,-0.11064535498699875,56.0
2020_03_TEN_MIN,2020,3,2020-09-27,MIN,0.04339987015667981,0.00698306370808055,63,-0.1129279365647411,-0.052189810044539375,51.6
2020_04_MIN_HOU,2020,4,2020-10-04,MIN,0.25486805962038933,0.02448442256353029,63,-0.12310725390728058,0.04006034488921479,52.4
2020_05_MIN_SEA,2020,5,2020-10-11,MIN,0.09321340273249289,0.06786615438765038,84,0.03739760703095687,0.07707503128373493,54.4
2020_06_ATL_MIN,2020,6,2020-10-18,MIN,-0.10966037715842966,0.1828923209074063,52,0.08342736505864981,0.09663532628459767,61.8
2020_08_MIN_GB,2020,8,2020-11-01,MIN,0.38528050388309304,0.19140539717905677,49,-0.0005009106125893864,0.06967301260278547,61.8
2020_09_DET_MIN,2020,9,2020-11-08,MIN,0.27676130007444455,-0.09571626676261112,55,0.13342029184684506,0.09472627174914489,62.2
2020_10_MIN_CHI,2020,10,2020-11-16,MIN,-0.033549318428044685,-0.4363253960487768,70,0.180092577830398,0.07418640565500653,60.6
2020_11_DAL_MIN,2020,11,2020-11-22,MIN,0.08877145539640953,0.16219552921554967,61,0.12240910222071122,-0.017975558067454878,62.0
2020_12_CAR_MIN,2020,12,2020-11-29,MIN,-0.0058938129235298715,0.02984337535635328,70,0.12152071275349455,0.0008903168981249821,57.4
2020_13_JAX_MIN,2020,13,2020-12-06,MIN,-0.11637982636255281,-0.09065183656962374,85,0.14227402560047447,-0.029719472212085624,61.0
2020_14_MIN_TB,2020,14,2020-12-13,MIN,0.15939595199067075,0.21758101495865592,77,0.04194195955134532,-0.08613091896182172,68.2
2020_15_CHI_MIN,2020,15,2020-12-20,MIN,0.025507452557501524,0.13606835205469098,65,0.01846888993459056,-0.023471462617568318,72.6
2020_16_MIN_NO,2020,16,2020-12-25,MIN,0.16144287569489577,0.4053494349065692,61,0.0302802441316998,0.09100728700312524,71.6
2020_17_MIN_DET,2020,17,2021-01-03,MIN,0.33564804545995264,0.2774554628441959,71,0.04481452819139705,0.13963806814132912,71.6
2021_01_MIN_CIN,2021,1,2021-09-12,MIN,0.04741005478363887,-0.029862233173665213,74,0.11312289986809354,0.18916048563889767,71.8
2021_02_MIN_ARI,2021,2,2021-09-19,MIN,0.1926080379725707,0.11648162638779587,60,0.14588087609733189,0.20131840631808937,69.6
2021_03_SEA_MIN,2021,3,2021-09-26,MIN,0.23114050706555953,0.09625435473239105,73,0.1525232932937119,0.18109852860391737,66.2
2021_04_CLE_MIN,2021,4,2021-10-03,MIN,-0.261793651063213,-0.06986561034218625,62,0.1936499041953235,0.17313572913945738,67.8
2021_05_DET_MIN,2021,5,2021-10-10,MIN,-0.0618605316911346,-0.2033547346880383,63,0.10900259884370174,0.07809272008970629,68.0
2021_06_MIN_CAR,2021,6,2021-10-17,MIN,0.07717723227605452,-0.273969902256977,85,0.02950088341348429,-0.01806931941674056,66.4
2021_08_DAL_MIN,2021,8,2021-10-31,MIN,-0.23038204767334716,0.025386464198439707,60,0.03545431891196742,-0.06689085323340291,68.6
2021_09_MIN_BAL,2021,9,2021-11-07,MIN,0.17361283507499908,0.1052774836435949,52,-0.04914369821721615,-0.08510988567127414,68.6
2021_10_MIN_LAC,2021,10,2021-11-14,MIN,0.1347923620815821,-0.1243594457827127,69,-0.06064923261532823,-0.08330525988903337,64.4
2021_11_GB_MIN,2021,11,2021-11-21,MIN,0.2848264785351416,0.4514588512850176,65,0.01866797001363078,-0.09420402697713867,65.8
2021_12_MIN_SF,2021,12,2021-11-28,MIN,-0.13639653084183306,0.1218476510326955,53,0.088005372058886,0.03675869021747252,66.2
2021_13_MIN_DET,2021,13,2021-12-05,MIN,0.04723255214735107,-0.07310056666398353,73,0.0452906194353085,0.11592220087540701,59.8
2021_14_PIT_MIN,2021,14,2021-12-09,MIN,0.0025212194304108353,-0.08083196488335335,67,0.10081353939944815,0.09622479470292238,62.4
2021_15_MIN_CHI,2021,15,2021-12-20,MIN,-0.09521881615646816,-0.1624980265958286,60,0.0665952162705305,0.059002904997532725,65.4
2021_16_LA_MIN,2021,16,2021-12-26,MIN,-0.06116701085868791,-0.04217987619933105,62,0.02059298062292045,0.05137518883490953,63.6
2021_17_MIN_GB,2021,17,2022-01-02,MIN,-0.2802216227448042,0.2320320090021864,52,-0.04860571725584545,-0.0473525566619602,63.0
2021_18_CHI_MIN,2021,18,2022-01-09,MIN,0.1023628133159039,-0.27561033550770625,46,-0.07737073563643967,-0.025315685068062022,62.8
2022_01_GB_MIN,2022,1,2022-09-11,MIN,0.1285721177626178,-0.19153766553519466,61,-0.06634468340272912,-0.06581763883680655,57.4
2022_02_MIN_PHI,2022,2,2022-09-19,MIN,-0.21364269849560144,0.24681618754671047,59,-0.04113450373628772,-0.08795877896717483,56.2
2022_03_DET_MIN,2022,3,2022-09-25,MIN,-0.016842021547566744,0.0439191911278086,65,-0.06481928020411439,-0.0060959361386670186,56.0
2022_04_MIN_NO,2022,4,2022-10-02,MIN,-0.015531470083021491,0.17614184496876686,67,-0.055954282341890135,0.01112387732676091,56.6
2022_05_CHI_MIN,2022,5,2022-10-09,MIN,0.23391332682083343,0.010697448513938316,72,-0.0030162518095335953,-5.415547992299596e-05,59.6
2022_06_MIN_MIA,2022,6,2022-10-16,MIN,-0.10876731313376067,-0.12849024523172192,49,0.023293850891452313,0.057207401324405924,64.8
2022_08_ARI_MIN,2022,8,2022-10-30,MIN,0.010338986775927412,-0.07119049416666723,68,-0.02417403528782338,0.06981688538510047,62.4
2022_09_MIN_WAS,2022,9,2022-11-06,MIN,-0.09250124519798052,-0.1632459056106906,65,0.02062230176648239,0.006215549042424917,64.2
2022_10_MIN_BUF,2022,10,2022-11-13,MIN,0.06940630881828803,-0.05727955131136045,78,0.005490457036399635,-0.035217470305274924,64.2
2022_11_DAL_MIN,2022,11,2022-11-20,MIN,-0.3696225346624321,0.2890419940818853,54,0.022478012816661543,-0.08190174956130039,66.4
2022_12_NE_MIN,2022,12,2022-11-24,MIN,0.06398856487414119,0.07107765604902337,65,-0.09822915947999157,-0.026232840447710994,62.8
2022_13_NYJ_MIN,2022,13,2022-12-04,MIN,0.012666814466847039,-0.051180423043355086,64,-0.0636779838784112,0.013680739808438067,66.0
2022_14_MIN_DET,2022,14,2022-12-11,MIN,0.059388893940018145,0.23169857977209327,63,-0.06321241834022727,0.017682754033100496,65.2
2022_15_IND_MIN,2022,15,2022-12-17,MIN,-0.12836087008319888,-0.18015564415810006,86,-0.032834390512627536,0.09667165110965728,64.8
2022_16_NYG_MIN,2022,16,2022-12-24,MIN,-0.017624588448778403,0.024351611119021187,70,-0.07238782629292492,0.07209643254030934,66.4
2022_17_MIN_GB,2022,17,2023-01-01,MIN,-0.19168529924087901,0.11145209083807166,57,-0.001988237050194181,0.01915835594773653,69.6
2022_18_MIN_CHI,2022,18,2023-01-08,MIN,0.25174688058672673,-0.1568512125858391,71,-0.05312300987319822,0.027233242905546184,68.0
2023_01_TB_MIN,2023,1,2023-09-10,MIN,-0.13204396124554163,-0.10446296796439637,63,-0.005306996649222284,0.006099084997049387,69.4
2023_02_MIN_PHI,2023,2,2023-09-14,MIN,0.08103735672140663,0.14262076138895408,55,-0.04359356768633424,-0.061133224550248534,69.4
2023_03_LAC_MIN,2023,3,2023-09-24,MIN,-0.00012828547168427718,0.19514771428429092,78,-0.0017139223254131364,0.003422056559162295,63.2
2023_04_MIN_CAR,2023,4,2023-10-01,MIN,-0.154154807367542,-0.2563485436015448,44,0.0017853382700056888,0.037581277192216246,64.8
2023_05_KC_MIN,2023,5,2023-10-08,MIN,0.00031191833593703584,0.17194154515935464,67,0.00929143664467309,-0.03597884969570705,62.2
2023_06_MIN_CHI,2023,6,2023-10-15,MIN,-0.19431961715133717,-0.36363377458544693,54,-0.04099555580548485,0.029779701853331696,61.4
2023_07_SF_MIN,2023,7,2023-10-23,MIN,0.1646827425659862,0.07834105938196487,64,-0.05345068698664396,-0.022054459470878418,59.6
2023_08_MIN_GB,2023,8,2023-10-29,MIN,0.18624051056582444,-0.24214661962891584,67,-0.03672160981772804,-0.03491039987227626,61.4
2023_09_MIN_ATL,2023,9,2023-11-05,MIN,-0.03658112461908321,-0.11742127976120362,73,0.0005521493897736984,-0.12236926665491761,59.2
2023_10_NO_MIN,2023,10,2023-11-12,MIN,0.09982912348415834,-0.04904561506305364,68,0.024066885939465456,-0.09458381388684937,65.0
2023_11_MIN_DEN,2023,11,2023-11-19,MIN,-0.020245780253000063,-0.04192191331935346,70,0.04397032696910972,-0.13878124593133104,65.2
2023_12_CHI_MIN,2023,12,2023-11-27,MIN,-0.5115122717537043,-0.12092265004090065,51,0.07878509434877715,-0.07443887367811233,68.4
2023_14_MIN_LV,2023,14,2023-12-10,MIN,-0.2031035270812026,-0.4643485611491345,71,-0.05645390851516095,-0.11429161556268544,65.8
2023_15_MIN_CIN,2023,15,2023-12-16,MIN,0.1409011299869616,0.1479929611710682,67,-0.13432271604456636,-0.15873200386672917,66.6
2023_16_DET_MIN,2023,16,2023-12-24,MIN,0.03220929555971675,0.18086630287465374,50,-0.09882626512335742,-0.1056491556802748,65.4
2023_17_GB_MIN,2023,17,2023-12-31,MIN,-0.33894254937089946,0.27340189109546204,51,-0.11235023070824572,-0.05966677209273332,61.8
2023_18_MIN_DET,2023,18,2024-01-07,MIN,-0.014632687797234593,0.14086830735451517,70,-0.1760895845318256,0.003397988790229767,58.0
2024_01_MIN_NYG,2024,1,2024-09-08,MIN,0.15555473473854364,-0.3572422129885817,50,-0.07671366774053165,0.05575618026931293,61.8
2024_02_SF_MIN,2024,2,2024-09-15,MIN,-0.04221357132373667,-0.07448402445985963,51,-0.004982015376582405,0.07717744990142347,57.6
2024_03_HOU_MIN,2024,3,2024-09-22,MIN,0.10881717221105347,-0.2187582247317415,59,-0.04160495563872206,0.03268205277523791,54.4
2024_04_MIN_GB,2024,4,2024-09-29,MIN,0.03344733430047343,-0.12407759683474419,61,-0.02628338030845472,-0.047242852746041133,56.2
2024_05_NYJ_MIN,2024,5,2024-10-06,MIN,-0.2767257415217843,-0.3355986670207865,64,0.048194596425819865,-0.12673875033208237,58.2
2024_07_DET_MIN,2024,7,2024-10-20,MIN,0.05332395042410661,0.1309338362954333,53,-0.004224014319090075,-0.2220321452071427,57.0
2024_08_MIN_LA,2024,8,2024-10-24,MIN,0.10798808156635095,0.18649580019954887,49,-0.024670171181977486,-0.12439693535033973,57.6
2024_09_IND_MIN,2024,9,2024-11-03,MIN,-0.04208867882670334,-0.32621764285226873,70,0.005370159396040039,-0.07220097041845801,57.2
2024_10_MIN_JAX,2024,10,2024-11-10,MIN,-0.0035545111179894396,-0.3390633094064935,80,-0.024811010811511325,-0.09369285404256346,59.4
2024_11_MIN_TEN,2024,11,2024-11-17,MIN,-0.053563801073451045,-0.14260744115284088,66,-0.032211379895203895,-0.13668999655691333,63.2
2024_12_MIN_CHI,2024,12,2024-11-24,MIN,0.07162828564785387,0.06028022992501862,65,0.012421008194462757,-0.0980917513833242,63.6
2024_13_ARI_MIN,2024,13,2024-12-01,MIN,-0.0658263997318538,0.036537850582664774,50,0.016081875239212208,-0.11222247265740712,66.0
2024_14_ATL_MIN,2024,14,2024-12-08,MIN,0.4576278262207319,0.09990188977755841,53,-0.01868102102042874,-0.14221406258078395,66.2
2024_15_CHI_MIN,2024,15,2024-12-16,MIN,0.032160901704518824,-0.2101805232369646,71,0.0812622799890583,-0.05699015605481851,62.8
2024_16_MIN_SEA,2024,16,2024-12-22,MIN,0.09505266635780972,0.03819092147175594,59,0.08840536255355995,-0.031213598820912736,61.0
2024_17_GB_MIN,2024,17,2024-12-29,MIN,0.09248545610827213,-0.029515180964256083,67,0.11812865603981211,0.004946073704006629,59.6
2024_18_MIN_DET,2024,18,2025-01-05,MIN,-0.33818842733508814,0.014813956991596667,61,0.12230009013189577,-0.01301300847384831,60.0
2025_01_MIN_CHI,2025,1,2025-09-08,MIN,-0.17688631513317526,-0.07139121302123265,51,0.0678276846112489,-0.017357787192061932,62.2
2025_02_ATL_MIN,2025,2,2025-09-14,MIN,-0.45022468701221624,-0.02861152864905705,46,-0.059075143659532536,-0.05161640775182015,61.8
2025_03_CIN_MIN,2025,3,2025-09-21,MIN,0.12105881499350823,-0.7874375241005505,58,-0.15555226140287956,-0.015302608834238635,56.8
2025_04_MIN_PIT,2025,4,2025-09-28,MIN,0.04434651494090252,0.19872039256120266,72,-0.15035103167573985,-0.1804282979486999,56.6
2025_05_MIN_CLE,2025,5,2025-10-05,MIN,0.03647955072198828,-0.011413968600349553,60,-0.15997881990921375,-0.13478118324360816,57.6
2025_07_PHI_MIN,2025,7,2025-10-19,MIN,-0.08892315779743927,0.28287289558438616,67,-0.08504522429779848,-0.14002676836199743,57.4
2025_08_MIN_LAC,2025,8,2025-10-23,MIN,-0.4242375427816471,0.20368281297564736,47,-0.06745259283065128,-0.06917394664087366,60.6
2025_09_MIN_DET,2025,9,2025-11-02,MIN,-0.021526931048336046,-0.007077456632856924,55,-0.062255163984537454,-0.022715078315932773,60.8
2025_10_BAL_MIN,2025,10,2025-11-09,MIN,-0.16057756580649468,-0.004003643395188539,62,-0.09077231319290631,0.1333569351776059,60.2
2025_11_CHI_MIN,2025,11,2025-11-16,MIN,-0.19253063808414522,-0.04758441524946868,54,-0.13175712934238576,0.09281212798632768,58.2
2025_12_MIN_GB,2025,12,2025-11-23,MIN,-0.42938007633339015,0.024495087762468365,44,-0.17755916710361247,0.08557803865650386,57.0
2025_13_MIN_SEA,2025,13,2025-11-30,MIN,-0.7026966656261238,-0.1778850900669003,49,-0.24565055081080261,0.0339024770921203,52.4
2025_14_WAS_MIN,2025,14,2025-12-07,MIN,0.3093801282268059,-0.4321306956342745,57,-0.301342375379698,-0.04241110351638923,52.8
2025_15_MIN_DAL,2025,15,2025-12-14,MIN,0.22620073394569767,0.1113029115772439,51,-0.23516096352466956,-0.12742175131667274,53.2
2025_16_MIN_NYG,2025,16,2025-12-21,MIN,-0.05671287556054692,-0.3790469533118428,55,-0.15780530357423111,-0.10436044032218625,51.0
2025_17_DET_MIN,2025,17,2025-12-25,MIN,-0.2773751509675688,-0.4637179825861598,51,-0.13064175106951145,-0.17065294793466107,51.2
2025_18_GB_MIN,2025,18,2026-01-04,MIN,-0.0427276370525064,-0.32896393591844886,64,-0.1002407659963472,-0.2682955620043867,52.6
2026_01_GB_MIN,2026,1,2026-09-13,MIN,-0.019597688479754544,-0.17482567798843682,59,0.03175303971837628,-0.2985113311746964,55.6
2016_01_NE_ARI,2016,1,2016-09-11,NE,0.11660427756316182,0.17622554731680887,65,,,
2016_02_MIA_NE,2016,2,2016-09-18,NE,0.17979137474780335,0.0495655471496563,74,,,
2016_03_HOU_NE,2016,3,2016-09-22,NE,-0.12096005884666577,-0.24589578760205769,57,,,
2016_04_BUF_NE,2016,4,2016-10-02,NE,-0.17016172696286846,0.16040189842061567,52,0.05847853115476647,-0.006701564378530839,65.33333333333333
2016_05_NE_CLE,2016,5,2016-10-09,NE,0.24385730866009359,-0.1500837826774282,75,0.0013184666253577351,0.03507430132125579,62.0
2016_06_CIN_NE,2016,6,2016-10-16,NE,0.2663017289293078,0.1396045860435082,61,0.049826235032304905,-0.0019573154784810086,64.6
2016_07_NE_PIT,2016,7,2016-10-23,NE,0.2507908060948399,-0.017516133331714704,54,0.07976572530553411,-0.009281507733141143,63.8
2016_08_NE_BUF,2016,8,2016-10-30,NE,0.28536070089483534,0.02730126016572381,60,0.0939656115749414,-0.022697843829415344,59.8
2016_10_SEA_NE,2016,10,2016-11-13,NE,0.057671303322228265,0.25116316435738223,62,0.17522976352324166,0.03194156572414096,60.4
2016_11_NE_SF,2016,11,2016-11-20,NE,0.18607825829129102,-0.026389951281819306,69,0.22079636958026097,0.05009381891149427,62.4
2016_12_NE_NYJ,2016,12,2016-11-27,NE,0.10816335456187226,-0.034753822937783174,69,0.20924055950650047,0.07483258519061604,61.2
2016_13_LA_NE,2016,13,2016-12-04,NE,0.06312101607486789,-0.37020127711924466,73,0.17761288463301333,0.039960903394357775,62.8
2016_14_BAL_NE,2016,14,2016-12-12,NE,0.17473078436250944,0.03427492952457116,64,0.14007892662901894,-0.030576125363148222,66.6
2016_15_NE_DEN,2016,15,2016-12-18,NE,-0.07478354555656425,-0.3225634905006419,72,0.11795294332255377,-0.02918139149137875,67.4
2016_16_NYJ_NE,2016,16,2016-12-24,NE,0.11839149406845666,-0.3643310793158075,67,0.09146197354679528,-0.14392672246298358,69.4
2016_17_NE_MIA,2016,17,2017-01-01,NE,0.31070089350309416,-0.15144338377694225,63,0.0779246207022284,-0.2115149480697812,69.0
2017_01_KC_NE,2017,1,2017-09-07,NE,-0.07264685484992663,0.3587172479441975,73,0.11843212849047277,-0.23485286023761306,67.8
2017_02_NE_NO,2017,2,2017-09-17,NE,0.3260636614511642,0.03852213205077601,72,0.09127855430551388,-0.0890691552249246,67.8
2017_03_HOU_NE,2017,3,2017-09-24,NE,0.08754595840749804,0.08860930696516572,61,0.12154512972324483,-0.08821971471968364,69.4
2017_04_CAR_NE,2017,4,2017-10-01,NE,0.18812315478270555,0.2978603444364088,67,0.1540110305160573,-0.005985155226522104,67.2
2017_05_NE_TB,2017,5,2017-10-05,NE,0.028019920044469283,-0.013061619802029915,66,0.1679573626589071,0.12645312952392115,67.2
2017_06_NE_NYJ,2017,6,2017-10-15,NE,0.16923158308620265,0.01792384086101238,62,0.11142116796718209,0.1541294823189036,67.8
2017_07_ATL_NE,2017,7,2017-10-22,NE,0.23339297332302603,0.058944953089609765,64,0.15979685555440795,0.0859708009022666,65.6
2017_08_LAC_NE,2017,8,2017-10-29,NE,0.06699307903931878,0.1463798952154532,82,0.1412627179287803,0.09005536511003334,64.0
2017_10_NE_DEN,2017,10,2017-11-12,NE,0.16168588774343096,-0.013084178467373182,67,0.13715214205514448,0.10160948276009085,68.2
2017_11_NE_OAK,2017,11,2017-11-19,NE,0.32562415048846954,-0.008637501069742334,58,0.13186468864728954,0.039420578179334434,68.2
2017_12_MIA_NE,2017,12,2017-11-26,NE,0.09249340597399702,-0.2598344469155622,63,0.1913855347360896,0.04030540192579195,66.6
2017_13_NE_BUF,2017,13,2017-12-03,NE,0.26330716647173813,-0.2582168885032423,66,0.17603789931364847,-0.015246255629522958,66.8
2017_14_NE_MIA,2017,14,2017-12-11,NE,-0.16076295983797073,0.022773758773519365,55,0.18202073794339088,-0.07867862394809337,67.2
2017_15_NE_PIT,2017,15,2017-12-17,NE,0.22695262012501832,0.1983068172203602,55,0.13646953016793298,-0.10339985123648014,61.8
2017_16_BUF_NE,2017,16,2017-12-24,NE,0.17861171529337588,-0.0975871308538516,66,0.14952287664425046,-0.06112165209893348,59.4
2017_17_NYJ_NE,2017,17,2017-12-31,NE,-0.08409383803537558,-0.1375799782823885,80,0.12012038960523172,-0.07891157805575531,61.0
2018_01_HOU_NE,2018,1,2018-09-09,NE,-0.011553282113563601,-0.169967557634122,72,0.08480294080335721,-0.05446068432912058,64.4
2018_02_NE_JAX,2018,2,2018-09-16,NE,0.013435190935254101,0.20633405197887658,60,0.02983085108629686,-0.036810818155296514,65.6
2018_03_NE_DET,2018,3,2018-09-23,NE,-0.2673068892441435,0.0601972307027967,47,0.06467048124094182,-9.87595142250719e-05,66.6
2018_04_MIA_NE,2018,4,2018-09-30,NE,0.14785671527726246,-0.4105133310665325,72,-0.034181420632890536,-0.027720676817737773,65.0
2018_05_IND_NE,2018,5,2018-10-04,NE,0.20842300622266352,-0.009397578744044215,65,-0.04033242063611322,-0.09030591686027395,66.2
2018_06_KC_NE,2018,6,2018-10-14,NE,0.1361207193780994,0.22123368323050022,74,0.0181709482154946,-0.0646694369526051,63.2
2018_07_NE_CHI,2018,7,2018-10-21,NE,0.13460058281075463,-0.002117704371578041,64,0.047705748513827195,0.013570811220319352,63.6
2018_08_NE_BUF,2018,8,2018-10-29,NE,0.07585737579555096,-0.36804865584063184,70,0.0719388268889273,-0.028119540049771574,64.4
2018_09_GB_NE,2018,9,2018-11-04,NE,0.17392080055342085,0.029844205620558884,65,0.1405716798968662,-0.11376871735845728,69.0
2018_10_NE_TEN,2018,10,2018-11-11,NE,-0.15143832803611335,0.18357520475134204,64,0.14578449695209786,-0.02569721002103901,67.6
2018_12_NE_NYJ,2018,12,2018-11-25,NE,0.3710157905228305,-0.036835584589150504,66,0.0738122301003425,0.012897346678038244,67.4
2018_13_MIN_NE,2018,13,2018-12-02,NE,0.12882196921405703,-0.14501577366865337,70,0.12079124432928871,-0.038716506885891906,65.8
2018_14_NE_MIA,2018,14,2018-12-09,NE,0.17557655049229975,0.454205388628826,75,0.11963552160994921,-0.06729612074530697,67.0
2018_15_NE_PIT,2018,15,2018-12-16,NE,0.059568332655804364,0.12457622777637038,56,0.13957935654929896,0.0971546881485846,68.0
2018_16_BUF_NE,2018,16,2018-12-23,NE,-0.189175140723575,-0.3456088509447847,71,0.11670886296977567,0.1161010925797469,66.2
2018_17_NYJ_NE,2018,17,2018-12-30,NE,0.2279300786422967,-0.46686246501399836,61,0.10916150043228331,0.01026428144052155,67.6
2019_01_PIT_NE,2019,1,2019-09-08,NE,0.23634099697278926,-0.22627144962748702,67,0.08054435805617657,-0.07574109464444803,66.6
2019_02_NE_MIA,2019,2,2019-09-15,NE,0.19157023891139519,-0.7320046312286381,64,0.10204816360792301,-0.09199222983621475,66.0
2019_03_NYJ_NE,2019,3,2019-09-22,NE,-0.06256293337022098,-0.622386504583893,71,0.1052469012917421,-0.32923423380770755,63.8
2019_04_NE_BUF,2019,4,2019-09-29,NE,-0.2767816877487351,-0.26661217255214975,59,0.08082064808653704,-0.47862678027976024,66.8
2019_05_NE_WAS,2019,5,2019-10-06,NE,0.1332569538760972,-0.5012526196330996,74,0.06329933868150502,-0.4628274446012332,64.4
2019_06_NYG_NE,2019,6,2019-10-10,NE,-0.07296505364760081,-0.5502478232776915,76,0.044364713728265115,-0.4697054755250535,67.0
2019_07_NE_NYJ,2019,7,2019-10-21,NE,0.030632985098439012,-0.6357088867673435,77,-0.0174964963958129,-0.5345007502550944,68.8
2019_08_CLE_NE,2019,8,2019-10-27,NE,-0.030387613503304968,-0.2681496231817453,66,-0.049683947158404136,-0.5152416013628355,71.4
2019_09_NE_BAL,2019,9,2019-11-03,NE,-0.10838606366401918,0.18926346441496558,65,-0.04324888318502093,-0.4443942250824059,70.4
2019_11_NE_PHI,2019,11,2019-11-17,NE,-0.07916266367965598,-0.24460128741652085,71,-0.009569758368077752,-0.35321909768898285,71.6
2019_12_DAL_NE,2019,12,2019-11-24,NE,-0.1402207954461835,-0.13205152931531494,64,-0.05205368187922839,-0.3018888312456671,71.0
2019_13_NE_HOU,2019,13,2019-12-01,NE,0.05366558303207691,0.156539413517303,80,-0.06550483023894492,-0.2182495724531918,68.6
2019_14_KC_NE,2019,14,2019-12-08,NE,-0.27454582109844383,0.008935249588321743,63,-0.06089831065221735,-0.0597999123962625,69.2
2019_15_NE_CIN,2019,15,2019-12-15,NE,0.04127601517627515,-0.23622382417722784,61,-0.10972995217124511,-0.004382937842249093,68.6
2019_16_BUF_NE,2019,16,2019-12-21,NE,0.1006889113768125,0.014607910112905256,67,-0.07979753640318625,-0.08948039556068779,67.8
2019_17_MIA_NE,2019,17,2019-12-29,NE,0.03659878809462069,0.13971819995323104,57,-0.04382722139189255,-0.037638556054802555,67.0
2020_01_MIA_NE,2020,1,2020-09-13,NE,0.16391763729319425,-0.172389081524398,62,-0.008463304683731715,0.016715389798906643,65.6
2020_02_NE_SEA,2020,2,2020-09-20,NE,0.1916119466896735,0.21713327392935752,70,0.013587106168491753,-0.04907030920943355,62.0
2020_03_LV_NE,2020,3,2020-09-27,NE,0.13951486388570822,-0.07485513691313714,65,0.10681865972611522,-0.007430704341226396,63.4
2020_04_NE_KC,2020,4,2020-10-05,NE,-0.21089829447197286,0.05491044940931286,74,0.12646642946800182,0.024843033111591743,64.2
2020_06_DEN_NE,2020,6,2020-10-18,NE,-0.2779803239362581,-0.1346967822144617,56,0.06414898829824475,0.032903540970873266,65.6
2020_07_SF_NE,2020,7,2020-10-25,NE,-0.3320538153769161,0.39144038474813514,49,0.0012331658920689992,-0.021979455462665286,65.4
2020_08_NE_BUF,2020,8,2020-11-01,NE,0.09774893160259264,0.17158308872153227,62,-0.09796112464195308,0.09078643779184134,62.8
2020_09_NE_NYJ,2020,9,2020-11-09,NE,0.22641081773436755,0.3031092110296532,74,-0.11673372765936925,0.0816764007502763,61.2
2020_10_BAL_NE,2020,10,2020-11-15,NE,0.19388461617702651,0.047339959237896724,56,-0.09935453688963738,0.15726927033883437,63.0
2020_11_NE_HOU,2020,11,2020-11-22,NE,0.1637575889881825,0.2845518868912423,65,-0.0183979547598375,0.15575517230455113,59.4
2020_12_ARI_NE,2020,12,2020-11-29,NE,-0.2286295070275081,-0.06309570091173962,50,0.06994962782505063,0.2396049061256919,61.2
2020_13_NE_LAC,2020,13,2020-12-06,NE,0.09995643237755701,-0.38495491209589516,64,0.09063448949493222,0.148697688993717,61.4
2020_14_NE_LA,2020,14,2020-12-10,NE,-0.5495203178683676,-0.02887735038798955,58,0.0910759896499251,0.037390088830231503,61.8
2020_15_NE_MIA,2020,15,2020-12-20,NE,-0.09915742264390594,0.19129859544058958,52,-0.06411023747062194,-0.029007223453297048,58.6
2020_16_BUF_NE,2020,16,2020-12-28,NE,-0.1541887136393707,0.3989024391954583,48,-0.12271864523480842,-0.00021549621275847585,57.8
2020_17_NYJ_NE,2020,17,2021-01-03,NE,0.2495865119401262,0.03563468145476954,63,-0.18630790576031905,0.022654614248084726,54.4
2021_01_MIA_NE,2021,1,2021-09-12,NE,0.02637044989492952,0.032629707944696315,70,-0.0906647019667922,0.042400690721386566,57.0
2021_02_NE_NYJ,2021,2,2021-09-19,NE,-0.05415638546774346,-0.3204931748305177,57,-0.10538189846331772,0.12591761472950486,58.2
2021_03_NO_NE,2021,3,2021-09-26,NE,-0.26698901925467644,0.06569204872609452,70,-0.006309111983192883,0.06759444984099923,58.0
2021_04_TB_NE,2021,4,2021-10-03,NE,-0.08382583504217524,0.10055677313779962,53,-0.03987543130534699,0.04247314049810021,61.6
2021_05_NE_HOU,2021,5,2021-10-10,NE,0.015711005656976015,0.19214181443077538,60,-0.02580285558590789,-0.017195992713431522,62.6
2021_06_DAL_NE,2021,6,2021-10-17,NE,-0.012813650061224341,0.1614611183855448,49,-0.07257795684253794,0.014105433881769644,62.0
2021_07_NYJ_NE,2021,7,2021-10-24,NE,0.476062844663941,-0.11638322895933395,71,-0.08041477683376871,0.03987171596993934,57.8
2021_08_NE_LAC,2021,8,2021-10-31,NE,-0.02923548311120859,-0.02893751618520082,75,0.025629069192568188,0.08069370514417609,60.6
2021_09_NE_CAR,2021,9,2021-11-07,NE,-0.04486492712319334,-0.4930742551992948,56,0.07317977642126175,0.06176779216191704,61.6
2021_10_CLE_NE,2021,10,2021-11-14,NE,0.4952313477191511,-0.17957799280953496,60,0.08097195800505813,-0.05695841350550186,62.2
2021_11_NE_ATL,2021,11,2021-11-18,NE,-0.058674779325303496,-0.6108968453291499,57,0.17687602641749317,-0.13130237495356392,62.2
2021_12_TEN_NE,2021,12,2021-11-28,NE,0.23458161143263817,-0.0893164294385666,57,0.16770380056467732,-0.2857739676965029,63.8
2021_13_NE_BUF,2021,13,2021-12-06,NE,0.005808436610116476,-0.19168536626316585,48,0.11940755391841676,-0.2803606077923494,61.0
2021_15_NE_IND,2021,15,2021-12-18,NE,-0.0816336323721205,0.0027400946988546337,65,0.12641633786268178,-0.31291017780794245,55.6
2021_16_BUF_NE,2021,16,2021-12-26,NE,0.09267543451181458,0.3098488740729307,60,0.11906259681289635,-0.21374730782831247,57.4
2021_17_JAX_NE,2021,17,2022-01-02,NE,0.4204975056627501,-0.24983708747163094,70,0.03855141417142903,-0.11586193445181936,57.4
2021_18_NE_MIA,2021,18,2022-01-09,NE,-0.06186448263158647,0.012981800112920175,59,0.13438587116903977,-0.04364998288031557,60.0
2022_01_NE_MIA,2022,1,2022-09-11,NE,-0.24661233195955953,0.0394089138947885,53,0.07509665235619482,-0.023190336970018214,60.4
2022_02_NE_PIT,2022,2,2022-09-18,NE,0.14168396033447173,-0.06259911899920094,63,0.024612498642259627,0.023028519061572654,61.4
2022_03_BAL_NE,2022,3,2022-09-25,NE,0.0043066098013196386,0.2222306258402619,64,0.06927601718357808,0.009960676321961539,61.0
2022_04_NE_GB,2022,4,2022-10-02,NE,0.02252976885240495,0.011943958853034148,58,0.051602252241479074,-0.007562973324572226,61.8
2022_05_DET_NE,2022,5,2022-10-09,NE,0.07853753437950581,-0.43640093778958544,54,-0.027991295120589954,0.04479323594036079,59.4
2022_06_NE_CLE,2022,6,2022-10-16,NE,0.16630383566124352,-0.2824056561000697,62,8.91082816285027e-05,-0.04508331164014033,58.4
2022_07_CHI_NE,2022,7,2022-10-24,NE,-0.2478305461836305,0.13758589141414374,47,0.08267234180578911,-0.10944622563911195,60.2
2022_08_NE_NYJ,2022,8,2022-10-30,NE,-0.1204864206149011,-0.1168961875100935,72,0.004769440502168665,-0.06940922355644304,57.0
2022_09_IND_NE,2022,9,2022-11-06,NE,-0.32208719073077896,-0.631846416884014,61,-0.02018916558107548,-0.1372345862265141,58.6
2022_11_NYJ_NE,2022,11,2022-11-20,NE,-0.13092339949110612,-0.4199900633420282,59,-0.08911255749771227,-0.26599266137392374,59.2
2022_12_NE_MIN,2022,12,2022-11-24,NE,0.07107765604902337,0.06398856487414119,54,-0.13100474427183464,-0.26271048648441225,60.2
2022_13_BUF_NE,2022,13,2022-12-01,NE,-0.025925594317993062,0.16978842768264704,51,-0.15004998019427868,-0.1934316422895701,58.6
2022_14_NE_ARI,2022,14,2022-12-12,NE,0.018245282481550655,-0.38201284525076185,54,-0.10566898982115121,-0.18699113503586945,59.4
2022_15_NE_LV,2022,15,2022-12-18,NE,-0.11162330699419903,-0.0654240735721034,63,-0.07792264920186084,-0.2400144665840031,55.8
2022_16_CIN_NE,2022,16,2022-12-24,NE,-0.08766027116647455,0.08046744913582302,52,-0.03582987245454485,-0.126729997921621,56.2
2022_17_MIA_NE,2022,17,2023-01-01,NE,-0.1286718104201228,-0.036489389491863006,55,-0.027177246789618536,-0.026638495426050755,54.8
2022_18_NE_BUF,2022,18,2023-01-08,NE,-0.03685553022143706,0.09968469035811722,64,-0.06712714008344778,-0.04673408629925159,55.0
2023_01_PHI_NE,2023,1,2023-09-10,NE,-0.20382143947302328,-0.14909418149877596,79,-0.06931312726413656,-0.06075483376415756,57.6
2023_02_MIA_NE,2023,2,2023-09-17,NE,-0.07960492908783394,0.19834470460510653,70,-0.11372647165505137,-0.014171101013760378,62.6
2023_03_NE_NYJ,2023,3,2023-09-24,NE,-0.006974152894966527,-0.37319045179184107,69,-0.10732279607377834,0.03858265462168161,64.0
2023_04_NE_DAL,2023,4,2023-10-01,NE,-0.47803653429437815,0.11402779287118242,55,-0.09118557241947674,-0.0521489255638512,67.4
2023_05_NO_NE,2023,5,2023-10-08,NE,-0.7828751057274276,0.023541691813879922,51,-0.16105851719432782,-0.022045489091242116,67.4
2023_06_NE_LV,2023,6,2023-10-15,NE,-0.005582914220440119,0.011701629039855355,55,-0.3102624322955259,-0.037274088800089575,64.8
2023_07_BUF_NE,2023,7,2023-10-22,NE,0.15693329340320744,0.158961412954623,56,-0.2706147272450093,-0.005114926692363313,60.0
2023_08_NE_MIA,2023,8,2023-10-29,NE,-0.18862504612721814,0.08246388541392898,50,-0.22330708274680097,-0.012991585022460023,57.2
2023_09_WAS_NE,2023,9,2023-11-05,NE,-0.08962030252802523,0.03735452506989532,62,-0.2596372613932513,0.07813928241869397,53.4
2023_10_IND_NE,2023,10,2023-11-12,NE,0.0007948684934435222,-0.017891335278321232,68,-0.1819540150399807,0.06280462885843656,54.8
2023_12_NE_NYG,2023,12,2023-11-26,NE,-0.163918993335001,-0.24232583341528338,68,-0.025220020195806502,0.05451802343999632,58.2
2023_13_LAC_NE,2023,13,2023-12-03,NE,-0.27462989578658203,-0.14786571430826026,62,-0.05688723601871868,0.003712530948968584,60.8
2023_14_NE_PIT,2023,14,2023-12-07,NE,-0.05932960258479315,-0.3059086544382521,55,-0.14319987385667657,-0.05765289450360807,62.0
2023_15_KC_NE,2023,15,2023-12-17,NE,-0.3172560752046005,-0.02035615687867682,51,-0.1173407851481916,-0.1353274024740443,63.0
2023_16_NE_DEN,2023,16,2023-12-24,NE,-0.075355792689227,-0.0927063026174402,55,-0.1628679396835066,-0.1468695388637587,60.8
2023_17_NE_BUF,2023,17,2023-12-31,NE,-0.2827885444635375,-0.06537826248180913,52,-0.17809807192004073,-0.1618325323315825,58.2
2023_18_NYJ_NE,2023,18,2024-01-07,NE,-0.559477107302294,-0.23079910381277147,58,-0.20187198214574803,-0.12644301814488762,55.0
2024_01_NE_CIN,2024,1,2024-09-08,NE,-0.0068992799715534734,-0.17894963442784265,61,-0.25884142444889047,-0.14302969604578988,54.2
2024_02_SEA_NE,2024,2,2024-09-15,NE,0.05643542399823568,0.02222977426838338,66,-0.24835535992624252,-0.117637892043708,55.4
2024_03_NE_NYJ,2024,3,2024-09-19,NE,-0.3996658685687069,0.2564556206806314,48,-0.1736170600856753,-0.10912070581429596,58.4
2024_04_NE_SF,2024,4,2024-09-29,NE,-0.4761100484390704,0.1335487611542041,62,-0.23847907526157125,-0.03928832115468164,57.0
2024_05_MIA_NE,2024,5,2024-10-06,NE,-0.0816255004928116,-0.07375416820565879,54,-0.2771433760566778,0.0004970835725210066,59.0
2024_06_HOU_NE,2024,6,2024-10-13,NE,-0.30611791207994676,0.11557763043360846,63,-0.18157305469478133,0.03190607069394354,58.2
2024_07_NE_JAX,2024,7,2024-10-20,NE,0.07388121289045063,0.24094059874717166,55,-0.24141678111645998,0.09081152366623377,58.6
2024_08_NYJ_NE,2024,8,2024-10-27,NE,0.03690225151983736,0.10021236608975587,64,-0.23792762333801698,0.1345536885619914,56.4
2024_09_NE_TEN,2024,9,2024-11-03,NE,-0.08869032534496381,0.011146080145846424,64,-0.15061399932030814,0.10330503764381631,59.6
2024_10_NE_CHI,2024,10,2024-11-10,NE,0.004981852731434159,-0.4018640639909333,60,-0.07313005470148684,0.07882450144214478,60.0
2024_11_LA_NE,2024,11,2024-11-17,NE,0.10206341777208411,0.4036402737653398,72,-0.05580858405663769,0.01320252228508988,61.2
2024_12_NE_MIA,2024,12,2024-11-24,NE,-0.19673141421842763,0.0021696003086508517,63,0.025827681913768486,0.07081505095143614,63.0
2024_13_IND_NE,2024,13,2024-12-01,NE,0.1848482830773117,0.0904319327184597,66,-0.02829484350800716,0.02306085126373199,64.6
2024_15_NE_ARI,2024,15,2024-12-15,NE,0.044622635037075156,0.18360129757292515,49,0.001294362803487703,0.021104764589472757,65.0
2024_16_NE_BUF,2024,16,2024-12-22,NE,-0.02519604440578191,0.034190916288598425,68,0.027956954879895503,0.05559580807488851,62.0
2024_17_LAC_NE,2024,17,2024-12-28,NE,-0.5518501636239913,0.2911025041405697,48,0.021921375452452284,0.14280680413079486,63.6
2024_18_BUF_NE,2024,18,2025-01-05,NE,0.033465403571571295,-0.06714681854610154,58,-0.1088613408267628,0.12029925020584083,58.8
2025_01_LV_NE,2025,1,2025-09-07,NE,-0.06607576636094871,0.11466681462113602,68,-0.06282197726876301,0.10643596643489035,57.8
2025_02_NE_MIA,2025,2,2025-09-14,NE,0.34392312032291567,0.16988271840078065,53,-0.1130067871564151,0.11128294281542561,58.2
2025_03_PIT_NE,2025,3,2025-09-21,NE,-0.15746352048861323,-0.05209427356084748,71,-0.053146690099246996,0.10853922698099672,59.0
2025_04_CAR_NE,2025,4,2025-09-28,NE,0.39204877451993525,-0.024340105037695424,45,-0.07960018531581325,0.09128218901110755,59.6
2025_05_NE_BUF,2025,5,2025-10-05,NE,0.061872875329927024,0.03892745436064732,56,0.10917960231297205,0.0281936671754545,59.0
2025_06_NE_NO,2025,6,2025-10-12,NE,0.1576491451476753,-0.04114743442538712,56,0.11486109666464321,0.04940852175680427,58.6
2025_07_NE_TEN,2025,7,2025-10-19,NE,0.2674770223241579,-0.28418670217351055,62,0.15960607896636803,0.018245671947499643,56.2
2025_08_CLE_NE,2025,8,2025-10-26,NE,0.0732997381371432,-0.3489714522845772,62,0.14431685936661645,-0.0725682121673586,58.0
2025_09_ATL_NE,2025,9,2025-11-02,NE,0.013419395030301828,0.06972141226584215,65,0.19046951109176774,-0.13194364791210453,56.2
2025_10_NE_TB,2025,10,2025-11-09,NE,0.17789473459285138,0.044337669336884676,58,0.11474363519384105,-0.11313134445139703,60.2
2025_11_NYJ_NE,2025,11,2025-11-13,NE,0.16685830179392713,-0.08509738697760265,60,0.1379480070464259,-0.11204930145614955,60.6
2025_12_NE_CIN,2025,12,2025-11-23,NE,0.003567308900269411,-0.19337428153972736,66,0.1397898383756763,-0.12083929196659264,61.4
2025_13_NYG_NE,2025,13,2025-12-01,NE,0.16901200826397503,-0.10817574793003776,61,0.08700789569089859,-0.10267680783983602,62.2
2025_15_BUF_NE,2025,15,2025-12-14,NE,0.24429784937200227,0.2610677966958974,51,0.10615034971626496,-0.054517666968928125,62.0
2025_16_NE_BAL,2025,16,2025-12-21,NE,0.22312592925385946,0.1051973278112412,69,0.15232604058460503,-0.016248390082917074,59.2
2025_17_NE_NYJ,2025,17,2025-12-28,NE,0.48764402833789583,-0.19830819677414527,60,0.16137227951680666,-0.004076458388045765,61.4
2025_18_MIA_NE,2025,18,2026-01-04,NE,0.35990873299846027,-0.34409286922429466,54,0.22552942482560043,-0.026718620347354293,61.4
2026_01_NE_SEA,2026,1,2026-09-09,NE,-0.1096282705405689,0.06560319343278394,67,0.2967977096452386,-0.05686233788426774,59.0
2016_01_OAK_NO,2016,1,2016-09-11,NO,0.21668878934008212,0.27928313567135754,63,,,
2016_02_NO_NYG,2016,2,2016-09-18,NO,-0.05236767670377421,-0.1183506752942888,59,,,
2016_03_ATL_NO,2016,3,2016-09-26,NO,0.07779153595368311,0.4319049408420157,80,,,
2016_04_NO_SD,2016,4,2016-10-02,NO,0.05789798611744225,-0.03804675487224522,68,0.08070421619666368,0.19761246707302815,67.33333333333333
2016_06_CAR_NO,2016,6,2016-10-16,NO,0.2284739517599156,0.06672294838583274,70,0.07500265867685832,0.13869766158670982,67.5
2016_07_NO_KC,2016,7,2016-10-23,NO,0.1266588428086834,0.18751759037143576,70,0.10569691729346978,0.1243027189465344,68.0
2016_08_SEA_NO,2016,8,2016-10-30,NO,-0.057536653703847584,-0.007653091515513351,73,0.08769092798719003,0.10594960988655004,69.4
2016_09_NO_SF,2016,9,2016-11-06,NO,0.3693126208582941,-0.1330790784912788,80,0.08665713258717536,0.12808912664230512,72.2
2016_10_DEN_NO,2016,10,2016-11-13,NO,-0.16780044058095536,-0.03161854527017922,51,0.14496134956809756,0.015092322775646223,72.2
2016_11_NO_CAR,2016,11,2016-11-17,NO,0.01172108162912194,-0.1023992065931453,71,0.09982166422841802,0.01637796469605942,68.8
2016_12_LA_NO,2016,12,2016-11-27,NO,0.2732959842966271,-0.26432954666533454,70,0.0564710902022593,-0.017446466299736188,69.0
2016_13_DET_NO,2016,13,2016-12-04,NO,-0.1415131714227292,0.2040141987433196,56,0.08579851849984803,-0.10781589370709024,69.0
2016_14_NO_TB,2016,14,2016-12-11,NO,-0.13293767598333983,-0.04227219293311638,58,0.06900321495607172,-0.06548243565532365,65.6
2016_15_NO_ARI,2016,15,2016-12-18,NO,0.2031691014972973,0.21354140886472203,81,-0.031446844412255065,-0.04732105854369116,61.2
2016_16_TB_NO,2016,16,2016-12-24,NO,0.19415176093141873,0.10057250690350318,65,0.042747064003395466,0.001710932283289085,67.2
2016_17_NO_ATL,2016,17,2017-01-01,NO,0.1637438222367314,0.35494744804521716,76,0.07923319986385483,0.04230527498261878,66.0
2017_01_NO_MIN,2017,1,2017-09-11,NO,0.10981391034561601,0.3074881349408269,59,0.05732276745187568,0.16616067392472914,67.2
2017_02_NE_NO,2017,2,2017-09-17,NO,0.03852213205077601,0.3260636614511642,62,0.10758818380554473,0.18685546116423057,67.8
2017_03_NO_CAR,2017,3,2017-09-24,NO,0.2808627454927747,-0.1882561256353976,57,0.1418801454123679,0.26052263204108667,68.6
2017_04_NO_MIA,2017,4,2017-10-01,NO,0.13304145835019787,-0.27487025319405417,69,0.15741887421146336,0.18016312514106275,63.8
2017_06_DET_NO,2017,6,2017-10-15,NO,-0.15327155990071484,-0.4025559646785352,67,0.14519681369521922,0.10507457312155129,64.6
2017_07_NO_GB,2017,7,2017-10-22,NO,0.2487169082989319,0.05105181958425632,72,0.08179373726772995,-0.04642610942319918,62.8
2017_08_CHI_NO,2017,8,2017-10-29,NO,-0.07711337554397409,-0.13358082636002316,57,0.10957433685839313,-0.09771337249451328,65.4
2017_09_TB_NO,2017,9,2017-11-05,NO,0.17312595843334272,-0.2502563896931013,57,0.08644723533944311,-0.18964227005675077,64.4
2017_10_NO_BUF,2017,10,2017-11-12,NO,0.43269023393358486,-0.29156952747898796,69,0.06489987792755672,-0.20204232286829155,64.4
2017_11_WAS_NO,2017,11,2017-11-19,NO,0.22572140465606325,0.2820255956690298,66,0.12482963304423411,-0.20538217772527828,64.4
2017_12_NO_LA,2017,12,2017-11-26,NO,0.06481552379336,0.06418064051640641,52,0.20062822595558974,-0.06846586565576526,64.2
2017_13_CAR_NO,2017,13,2017-12-03,NO,0.11934969292992456,-0.07606653228428496,61,0.16384794905447536,-0.06584010146933525,60.2
2017_14_NO_ATL,2017,14,2017-12-07,NO,0.02526098684521709,-0.04732470031322259,52,0.20314056274925507,-0.05433724265418762,61.0
2017_15_NYJ_NO,2017,15,2017-12-17,NO,0.013670062329684663,-0.1218981041502552,63,0.17356756843162996,-0.01375090477821187,60.0
2017_16_ATL_NO,2017,16,2017-12-24,NO,-0.12542083213882224,-0.17893374661464906,57,0.0897635341108499,0.02018337988753468,58.8
2017_17_NO_TB,2017,17,2017-12-31,NO,0.1270850071298445,0.13877982856211898,58,0.019535086751872814,-0.07200848856920108,57.0
2018_01_TB_NO,2018,1,2018-09-09,NO,0.19385249712322256,0.4455275701069936,61,0.03198898341916971,-0.05708865096005857,58.2
2018_02_CLE_NO,2018,2,2018-09-16,NO,-0.1633035208080311,-0.0966918838743763,61,0.04688954425782931,0.04723016951819715,58.2
2018_03_NO_ATL,2018,3,2018-09-23,NO,0.31131590226952177,0.23963194062263843,76,0.00917664272717968,0.0373567328059664,60.0
2018_04_NO_NYG,2018,4,2018-09-30,NO,0.23396665558297314,-0.013616682071698234,64,0.0687058107151471,0.10966274176054513,62.6
2018_05_WAS_NO,2018,5,2018-10-08,NO,0.3651593806827453,-0.1522971710629575,60,0.14058330825950618,0.1427261546691353,64.0
2018_07_NO_BAL,2018,7,2018-10-21,NO,0.16363578825365507,0.1324017900774943,69,0.18819818297008634,0.08451075474412,64.4
2018_08_NO_MIN,2018,8,2018-10-28,NO,0.00557435111172996,-0.14262871761721643,53,0.1821548411961728,0.021885598738220137,66.0
2018_09_LA_NO,2018,9,2018-11-04,NO,0.29534738426856594,0.19479340371451398,68,0.21593041558012502,0.01269823198965211,64.4
2018_10_NO_CIN,2018,10,2018-11-11,NO,0.5186228397615251,-0.1648721551007059,71,0.21273671197993388,0.003730524608027219,62.8
2018_11_PHI_NO,2018,11,2018-11-18,NO,0.4105913923638667,-0.39402001013149857,68,0.26966794881564427,-0.026520569997774312,64.2
2018_12_ATL_NO,2018,12,2018-11-22,NO,0.14519764659988915,-0.16685013339291638,51,0.27875435115186853,-0.07486513781148252,65.8
2018_13_NO_DAL,2018,13,2018-11-29,NO,-0.34708133332658,-0.08973497302549886,49,0.2750667228211154,-0.13471552250556465,62.2
2018_14_NO_TB,2018,14,2018-12-09,NO,0.02787424407219788,-0.05837752921266911,61,0.2045355859334534,-0.12413677358722115,61.4
2018_15_NO_CAR,2018,15,2018-12-17,NO,-0.11859354140261977,-0.15370719930693408,68,0.15104095789417976,-0.17477096017265775,60.0
2018_16_PIT_NO,2018,16,2018-12-23,NO,0.07785990237773793,0.08040563203744669,60,0.0235976816613508,-0.1725379690139034,59.4
2018_17_CAR_NO,2018,17,2018-12-30,NO,-0.13019900197533013,0.08145201898468094,51,-0.042948616335874955,-0.07765284058011435,57.8
2019_01_HOU_NO,2019,1,2019-09-09,NO,0.25330853395554115,0.28344348249207174,63,-0.09802794605091882,-0.027992410104594884,57.8
2019_02_NO_LA,2019,2,2019-09-15,NO,-0.20869827641665287,0.1516762703954822,57,0.022050027405505414,0.046643280998919234,60.6
2019_03_NO_SEA,2019,3,2019-09-22,NO,0.10171490987305365,-0.02863228037604131,51,-0.025264476692264736,0.08865404092054949,59.8
2019_04_DAL_NO,2019,4,2019-09-29,NO,-0.13788167724354855,-0.17247851617481155,62,0.018797213562869945,0.11366902470672806,56.4
2019_05_TB_NO,2019,5,2019-10-06,NO,0.13903558844836048,0.02182549461627778,66,-0.02435110236138735,0.06309219506427641,56.8
2019_06_NO_JAX,2019,6,2019-10-13,NO,0.03476741210377822,-0.2648743647021511,63,0.02949581572335077,0.05116689019059577,59.8
2019_07_NO_CHI,2019,7,2019-10-20,NO,0.22409618828919844,-0.2181435139598888,72,-0.014212408647001814,-0.05849667924824879,59.8
2019_08_ARI_NO,2019,8,2019-10-27,NO,0.22762921760610352,-0.32749127321478205,70,0.07234648429416846,-0.132460636119323,62.8
2019_10_ATL_NO,2019,10,2019-11-10,NO,-0.26216055834103635,0.003907738365302357,61,0.09752934584077842,-0.19223243468707113,66.6
2019_11_NO_TB,2019,11,2019-11-17,NO,0.19345400396420193,-0.19120730605312775,62,0.07267356962128087,-0.15695518377904835,66.4
2019_12_CAR_NO,2019,12,2019-11-24,NO,0.11900930920237532,0.1265021546305362,58,0.08355725272444915,-0.19956174391292947,65.6
2019_13_NO_ATL,2019,13,2019-11-28,NO,-0.008137111588708099,-0.2592737619211789,48,0.10040563214416857,-0.12128644004639202,64.6
2019_14_SF_NO,2019,14,2019-12-08,NO,0.12085857968287532,0.35240711272819963,70,0.05395897216858726,-0.12951248963865003,59.8
2019_15_IND_NO,2019,15,2019-12-16,NO,0.2565405343672269,-0.21271969268463392,60,0.03260484458394162,0.006467187549946307,59.8
2019_16_NO_TEN,2019,16,2019-12-22,NO,0.1651113977760953,0.04846583795131602,63,0.13634506312559427,-0.03685829866004095,59.6
2019_17_NO_CAR,2019,17,2019-12-29,NO,0.2641364874078944,-0.34057946543638057,63,0.13067654188797295,0.011076330140847803,59.8
2020_01_TB_NO,2020,1,2020-09-13,NO,-0.21870947575787855,-0.15688404823481322,65,0.15970197752907675,-0.08233999387253556,60.8
2020_02_NO_LV,2020,2,2020-09-21,NO,0.1790629146791535,0.1159692762133304,57,0.11758750469524268,-0.06186205113526242,64.2
2020_03_GB_NO,2020,3,2020-09-27,NO,0.12550710818954736,0.19833474637897697,57,0.1292283716944983,-0.10914961843823626,61.6
2020_04_NO_DET,2020,4,2020-10-04,NO,0.29053200888941344,0.06493778802580281,66,0.1030216864589624,-0.026938730625514086,61.0
2020_05_LAC_NO,2020,5,2020-10-12,NO,-0.039742560748975204,0.015179787623058343,75,0.12810580868162602,-0.023644340610616724,61.6
2020_07_CAR_NO,2020,7,2020-10-25,NO,0.2506464806619329,0.2973377946210943,65,0.0673299990502521,0.04750751000127106,64.0
2020_08_NO_CHI,2020,8,2020-11-01,NO,0.06520028169827663,-0.08054408409936534,71,0.1612011903342144,0.13835187857245254,64.0
2020_09_NO_TB,2020,9,2020-11-08,NO,0.2263531849918167,-0.5459812314782525,68,0.13842866373803903,0.0990492065099134,66.8
2020_10_SF_NO,2020,10,2020-11-15,NO,-0.11526895920117083,-0.19266443536593794,52,0.15859787909849288,-0.04981398906153248,69.0
2020_11_ATL_NO,2020,11,2020-11-22,NO,0.03774102615365899,-0.31211758931935163,62,0.07743768548037604,-0.10133443373988063,66.2
2020_12_NO_DEN,2020,12,2020-11-29,NO,0.04814021216031759,-0.7204442357841583,63,0.09293440286090286,-0.16679390912836262,63.6
2020_13_NO_ATL,2020,13,2020-12-06,NO,0.07545826455267766,-0.20190593316192548,75,0.052433149160579805,-0.37035031520941314,63.2
2020_14_NO_PHI,2020,14,2020-12-13,NO,0.056059794381756296,0.0666264501421829,63,0.054484745731460005,-0.39462268502192516,64.0
2020_15_KC_NO,2020,15,2020-12-20,NO,-0.1332961809681377,0.05444588519115817,53,0.02042606760944793,-0.2721011486978381,63.0
2020_16_MIN_NO,2020,16,2020-12-25,NO,0.4053494349065692,0.16144287569489577,70,0.016820623256054556,-0.22267908458641883,63.2
2020_17_NO_CAR,2020,17,2021-01-03,NO,0.16393337918843154,-0.40206385421721885,63,0.0903423050066366,-0.1279669915835694,64.8
2021_01_GB_NO,2021,1,2021-09-12,NO,0.3212549344942745,-0.38939058050789416,58,0.11350093841225939,-0.0642909152701815,64.8
2021_02_NO_CAR,2021,2,2021-09-19,NO,-0.5337016310492929,0.0653473157031559,42,0.16266027240057873,-0.10178784473937523,61.4
2021_03_NO_NE,2021,3,2021-09-26,NO,0.06569204872609452,-0.26698901925467644,60,0.04470798731436894,-0.10204367162718064,57.2
2021_04_NYG_NO,2021,4,2021-10-03,NO,0.12604012047867558,0.23669252922473552,65,0.08450563325321538,-0.16633065251634757,58.6
2021_05_NO_WAS,2021,5,2021-10-10,NO,0.1347032940280365,-0.1450900928669637,54,0.028643770367636646,-0.1512807218103796,57.6
2021_07_NO_SEA,2021,7,2021-10-25,NO,-0.1487624654637012,-0.12210506913009962,66,0.022797753335557634,-0.09988596954032859,55.8
2021_08_TB_NO,2021,8,2021-10-31,NO,0.04623009468565244,-0.03061727551033847,71,-0.0712057266560375,-0.04642886726476968,57.4
2021_09_ATL_NO,2021,9,2021-11-07,NO,-0.07307324435570856,0.09596352319423052,71,0.044780618490951565,-0.06562178550746856,63.2
2021_10_NO_TEN,2021,10,2021-11-14,NO,0.11186557221892564,-0.0664290598665027,62,0.01702755987459095,0.006968722982312839,65.4
2021_11_NO_PHI,2021,11,2021-11-21,NO,-0.17378772639403117,0.006143048232194938,62,0.014192650222640962,-0.05365559483593481,64.8
2021_12_BUF_NO,2021,12,2021-11-25,NO,-0.3406373932531283,0.14815982811609754,57,-0.04750555386177257,-0.02340896661610308,66.4
2021_13_DAL_NO,2021,13,2021-12-02,NO,-0.2694366624256881,-0.1071633794648317,69,-0.08588053941965798,0.030644012833136353,64.6
2021_14_NO_NYJ,2021,14,2021-12-12,NO,0.14869923685689923,-0.33301361341071634,68,-0.14901389084192612,0.015334792042237705,64.2
2021_15_NO_TB,2021,15,2021-12-19,NO,-0.28798878821000357,-0.30132554280707863,60,-0.10465939459940454,-0.07046063527875165,63.6
2021_16_MIA_NO,2021,16,2021-12-27,NO,-0.6781994238548328,-0.1077547186492295,51,-0.1846302666851904,-0.11743993186686685,63.2
2021_17_CAR_NO,2021,17,2022-01-02,NO,-0.133743735323201,-0.3029486185719013,54,-0.2855126061773507,-0.14021948524315173,61.0
2021_18_NO_ATL,2021,18,2022-01-09,NO,0.14279298424566228,-0.2873038936581691,70,-0.24413387459136526,-0.23044117458075147,60.4
2022_01_NO_ATL,2022,1,2022-09-11,NO,0.11551567159886544,-0.024763180108485335,57,-0.16168794525709518,-0.26646927741941895,60.6
2022_02_TB_NO,2022,2,2022-09-18,NO,-0.4048921118082357,-0.26266335978457184,66,-0.16832465830870194,-0.20481919075897279,58.4
2022_03_NO_CAR,2022,3,2022-09-25,NO,-0.061465497048307685,-0.12832596496510373,64,-0.19170532302834836,-0.1970867541544714,59.6
2022_04_MIN_NO,2022,4,2022-10-02,NO,0.17614184496876686,-0.015531470083021491,58,-0.06835853766704335,-0.20120100341764627,62.2
2022_05_SEA_NO,2022,5,2022-10-09,NO,0.09310855429365922,-0.0025057970287315533,70,-0.006381421608649784,-0.14371757371987032,63.0
2022_06_CIN_NO,2022,6,2022-10-16,NO,0.10855099157775999,0.2830284896262563,71,-0.016318307599050397,-0.08675795439398279,63.0
2022_07_NO_ARI,2022,7,2022-10-20,NO,0.03130387127892485,0.1432535602347589,70,-0.017711243603271486,-0.025199620447034454,65.8
2022_08_LV_NO,2022,8,2022-10-30,NO,0.14654594202664292,-0.3778623402224515,63,0.06952795301416062,0.0559837635568317,66.6
2022_09_BAL_NO,2022,9,2022-11-07,NO,-0.15926626935933105,0.15803022501036762,49,0.11113024082915075,0.006076488505362132,66.4
2022_10_NO_PIT,2022,10,2022-11-13,NO,-0.29061924255214294,0.016728820420774025,45,0.04404861796353116,0.04078882752403996,64.6
2022_11_LA_NO,2022,11,2022-11-20,NO,0.0892993124002261,-0.0013812184898924155,54,-0.03269694140562927,0.04463575101394107,59.6
2022_12_NO_SF,2022,12,2022-11-27,NO,-0.26863676969473743,-0.020612828697303846,53,-0.03654727724113606,-0.012246190609288676,56.2
2022_13_NO_TB,2022,13,2022-12-05,NO,-0.029934836665240876,-0.026504306741185927,56,-0.0965354054358685,-0.04501946839570123,52.8
2022_15_ATL_NO,2022,15,2022-12-18,NO,0.052320513944357154,-0.004373359138077079,54,-0.13183156117424527,0.02525213830055189,51.4
2022_16_NO_CLE,2022,16,2022-12-24,NO,-0.11474032636255871,-0.2542336623721943,53,-0.08951420451350764,-0.007228578529137049,52.4
2022_17_NO_PHI,2022,17,2023-01-01,NO,-0.06437376843808473,-0.27182653694041314,64,-0.05433842127559078,-0.06142107508773072,54.0
2022_18_CAR_NO,2022,18,2023-01-08,NO,-0.1829290726066134,-0.21616780785689232,58,-0.08507303744325294,-0.11551013877783486,56.0
2023_01_TEN_NO,2023,1,2023-09-10,NO,-0.09390476786717254,-0.22254171175834087,62,-0.06793149802562813,-0.15462113460975255,57.0
2023_02_NO_CAR,2023,2,2023-09-18,NO,0.03964336510922279,-0.14652735352884408,71,-0.08072548426601447,-0.19382861561318357,58.2
2023_03_NO_GB,2023,3,2023-09-24,NO,-0.05516392313569516,-0.00802148416709717,60,-0.08326091403304134,-0.22225941449133693,61.6
2023_04_TB_NO,2023,4,2023-10-01,NO,-0.36570659362559554,0.04955982321021146,60,-0.07134563338766862,-0.1730169788503175,63.0
2023_05_NO_NE,2023,5,2023-10-08,NO,0.023541691813879922,-0.7828751057274276,66,-0.1316121984251708,-0.1087397068201926,62.2
2023_06_NO_HOU,2023,6,2023-10-15,NO,0.035522789749878575,-0.03522516465954403,78,-0.09031804554107212,-0.22208116639429965,63.8
2023_07_JAX_NO,2023,7,2023-10-19,NO,-0.12696912491423315,-0.04199915497215322,88,-0.0644325340176619,-0.1846178569745403,67.0
2023_08_NO_IND,2023,8,2023-10-29,NO,0.3330238639129549,0.04779414407877191,65,-0.09775503202235308,-0.16371221726320212,70.4
2023_09_CHI_NO,2023,9,2023-11-05,NO,-0.0631943455718067,-0.09571840076552021,61,-0.020117474612623077,-0.1525490916140283,71.4
2023_10_NO_MIN,2023,10,2023-11-12,NO,-0.04904561506305364,0.09982912348415834,63,0.04038497499813469,-0.18160473640917463,71.6
2023_12_NO_ATL,2023,12,2023-11-26,NO,-0.044506588660492695,0.05104963398402192,66,0.025867513622747983,-0.005063890566857443,71.0
2023_13_DET_NO,2023,13,2023-12-03,NO,-0.03622228647652788,0.1540256314176032,66,0.009861637940673726,0.012191069161855746,68.6
2023_14_CAR_NO,2023,14,2023-12-10,NO,-0.19093744698670215,-0.32672463587772066,50,0.02801100562821478,0.05139602643980703,64.2
2023_15_NYG_NO,2023,15,2023-12-17,NO,0.08767844235863632,-0.3010920882446756,55,-0.07678125655171664,-0.023507729551491486,61.2
2023_16_NO_LA,2023,16,2023-12-21,NO,-0.052531268267241985,0.20810223541513537,58,-0.04660669896562804,-0.06458246704732255,60.0
2023_17_NO_TB,2023,17,2023-12-31,NO,0.07343507179775974,-0.1668639138262346,67,-0.0473038296064657,-0.04292784466112715,59.0
2023_18_ATL_NO,2023,18,2024-01-07,NO,0.2054833860913079,-0.30003483737296704,66,-0.023715497514815213,-0.08651055422317847,59.2
2024_01_CAR_NO,2024,1,2024-09-08,NO,0.2058199877417747,-0.4854165381306121,62,0.02462563699875194,-0.17732264798129252,59.2
2024_02_NO_DAL,2024,2,2024-09-15,NO,0.46125246332746656,-0.17185714665842478,53,0.10397712394444732,-0.2090610284318708,61.6
2024_03_PHI_NO,2024,3,2024-09-22,NO,-0.20246732951659602,0.03240860712731472,55,0.17869192813821336,-0.18321404011462064,61.2
2024_04_NO_ATL,2024,4,2024-09-29,NO,0.060148734435872674,0.019696935750721217,70,0.14870471588834255,-0.2183527657721848,60.6
2024_05_NO_KC,2024,5,2024-10-07,NO,-0.09970358937325906,0.1472931400180425,51,0.14604744841596515,-0.1810405958567936,61.2
2024_06_TB_NO,2024,6,2024-10-13,NO,-0.4109091258823089,0.22035999537670714,66,0.08501005332305175,-0.09157500037859168,58.2
2024_07_DEN_NO,2024,7,2024-10-17,NO,-0.35659801101483213,0.12467548633453077,65,-0.03833576940176497,0.04958030632287217,59.0
2024_08_NO_LAC,2024,8,2024-10-27,NO,-0.19930524057083385,-0.0020965723623212447,68,-0.20190586427022472,0.10888683292146328,61.4
2024_09_NO_CAR,2024,9,2024-11-03,NO,0.12825395045611507,-0.007854261661332445,75,-0.2012734464810723,0.10198579702353608,64.0
2024_10_ATL_NO,2024,10,2024-11-10,NO,0.003852461072695219,0.07373846124251972,51,-0.1876524032770238,0.09647555754112536,65.0
2024_11_CLE_NO,2024,11,2024-11-17,NO,0.3113062858423551,0.03021658492135726,56,-0.16694119318783293,0.0817646217860208,65.0
2024_13_LA_NO,2024,13,2024-12-01,NO,-0.05673674651888109,0.12678270610510636,69,-0.022498110842900144,0.04373593969495082,63.0
2024_14_NO_NYG,2024,14,2024-12-08,NO,-0.08197251833949344,-0.13311092229646188,65,0.037474142056290065,0.04415738364906594,63.8
2024_15_WAS_NO,2024,15,2024-12-15,NO,-0.08749075938621849,0.07163261401595818,51,0.06094068650255815,0.017954513662237815,63.2
2024_16_NO_GB,2024,16,2024-12-23,NO,-0.3494658540365427,0.2639358431554921,53,0.017791744534091433,0.03385188879769594,58.4
2024_17_LV_NO,2024,17,2024-12-29,NO,-0.2802494880366669,0.10238876612595055,53,-0.052871918487756145,0.07189136518029042,58.8
2024_18_NO_TB,2024,18,2025-01-05,NO,0.0020943582978157744,0.22456962449190762,63,-0.17118307326356055,0.08632580142120908,58.2
2025_01_ARI_NO,2025,1,2025-09-07,NO,-0.04165398697715263,0.043989166043527976,67,-0.15941685230022118,0.10588318509856934,57.0
2025_02_SF_NO,2025,2,2025-09-14,NO,-0.07787490714871895,0.047801000334729976,67,-0.15135314602775302,0.14130320276656733,57.4
2025_03_NO_SEA,2025,3,2025-09-21,NO,-0.11915033467639927,0.1411826581750243,70,-0.1494299755802531,0.13653688003032166,60.6
2025_04_NO_BUF,2025,4,2025-09-28,NO,-0.09360413658291644,0.19637072308012193,66,-0.10336687170822441,0.11198624303422808,64.0
2025_05_NYG_NO,2025,5,2025-10-05,NO,0.048407695519188554,-0.2907236500295635,61,-0.06603780141747433,0.13078263442506238,66.6
2025_06_NE_NO,2025,6,2025-10-12,NO,-0.04114743442538712,0.1576491451476753,51,-0.056775133973199776,0.02772397952076814,66.2
2025_07_NO_CHI,2025,7,2025-10-19,NO,-0.29681739717672306,0.09379912528868677,53,-0.05667382346284666,0.050455975341597604,63.0
2025_08_TB_NO,2025,8,2025-10-26,NO,-0.4726712227326961,-0.14794995938809855,70,-0.1004623214684475,0.05965560033238897,60.2
2025_09_NO_LA,2025,9,2025-11-02,NO,-0.32076716913770026,0.26580770541852994,39,-0.17116649907970688,0.001829076819764397,60.2
2025_10_NO_CAR,2025,10,2025-11-09,NO,0.16176368779471467,-0.41942340922414667,64,-0.21659910559066362,0.015716473287446,54.8
2025_12_ATL_NO,2025,12,2025-11-23,NO,-0.27482358596316864,-0.11221282572562642,78,-0.1939279071355584,-0.010023478551470632,55.4
2025_13_NO_MIA,2025,13,2025-11-30,NO,-0.16475911940846216,-0.13490428110554617,71,-0.24066313744311468,-0.06399587272613097,60.8
2025_14_NO_TB,2025,14,2025-12-07,NO,0.018192071700584022,-0.1783482840616037,53,-0.21425148188946253,-0.10973655400497757,64.4
2025_15_CAR_NO,2025,15,2025-12-14,NO,0.10643883001799215,0.11013014508381673,61,-0.11607882300280647,-0.1158162189396786,61.0
2025_16_NYJ_NO,2025,16,2025-12-21,NO,-0.005796187007592138,-0.3565103556337593,77,-0.030637623171668016,-0.14695173100662123,65.4
2025_17_NO_TEN,2025,17,2025-12-28,NO,0.24544763631604535,-0.18078528304507244,51,-0.06414959813212937,-0.13436912028854375,68.0
2025_18_NO_ATL,2025,18,2026-01-04,NO,-0.11437933394057462,-0.24802168146832365,65,0.03990464632371342,-0.14808361175243295,62.6
2026_01_NO_DET,2026,1,2026-09-13,NO,-0.03067701875351575,0.00040982694171410976,86,0.04998060341729093,-0.17070709182498847,61.4
2016_01_NYG_DAL,2016,1,2016-09-11,NYG,0.09882093762711587,-0.005907105880386124,54,,,
2016_02_NO_NYG,2016,2,2016-09-18,NYG,-0.1183506752942888,-0.05236767670377421,71,,,
2016_03_WAS_NYG,2016,3,2016-09-25,NYG,0.07871473268936799,0.13964360760714786,61,,,
2016_04_NYG_MIN,2016,4,2016-10-03,NYG,-0.19956675112258554,0.02265716181973513,63,0.019728331674065017,0.027122941674329177,62.0
2016_05_NYG_GB,2016,5,2016-10-09,NYG,-0.1914845829433932,0.022182725133655344,54,-0.035095439025097624,0.026006496710680664,62.25
2016_06_BAL_NYG,2016,6,2016-10-16,NYG,0.04898937974525975,-0.030971369232122726,64,-0.06637326780875674,0.0252417423952756,60.6
2016_07_NYG_LA,2016,7,2016-10-23,NYG,-0.16510312463372762,-0.21393434053621263,55,-0.07633957938512796,0.02022888972492828,62.6
2016_09_PHI_NYG,2016,9,2016-11-06,NYG,-0.09468251071432289,-0.11633373783748538,59,-0.08569006925301573,-0.0120844430415594,59.4
2016_10_CIN_NYG,2016,10,2016-11-14,NYG,-0.06132060080583739,-0.1312373030244906,70,-0.1203695179337539,-0.06327991213048605,59.0
2016_11_CHI_NYG,2016,11,2016-11-20,NYG,0.1296699907818526,0.046902036570554,62,-0.09272028787040427,-0.0940588050993312,60.4
2016_12_NYG_CLE,2016,12,2016-11-27,NYG,0.03184290040495261,-0.34689342242276605,53,-0.02848937312535511,-0.08911494281195147,62.0
2016_13_NYG_PIT,2016,13,2016-12-04,NYG,-0.2868673854029988,0.027563013714914607,54,-0.03191866899341654,-0.15229935345008014,59.8
2016_14_DAL_NYG,2016,14,2016-12-11,NYG,-0.3348037733189377,-0.3698765729892935,62,-0.05627152114727076,-0.10399988259985468,59.6
2016_15_DET_NYG,2016,15,2016-12-18,NYG,0.014963902421617528,-0.20245581530061746,62,-0.10429577366819373,-0.15470844963021632,60.2
2016_16_NYG_PHI,2016,16,2016-12-22,NYG,-0.03511400976754316,-0.0779488858889434,88,-0.08903887302270275,-0.16895215208544168,58.6
2016_17_NYG_WAS,2016,17,2017-01-01,NYG,-0.07343100517154125,-0.3028340072112771,69,-0.1219956731325819,-0.19392233657734118,63.8
2017_01_NYG_DAL,2017,1,2017-09-10,NYG,-0.14266522179304536,0.08098915830137392,52,-0.14305045424788068,-0.18511045353504338,67.0
2017_02_DET_NYG,2017,2,2017-09-18,NYG,-0.2588003296484451,-0.07688955501562841,55,-0.11421002152588997,-0.1744252246177515,66.6
2017_03_NYG_PHI,2017,3,2017-09-24,NYG,0.01869233385434233,-0.016208909730060766,64,-0.09900933279179147,-0.1158278210230185,65.2
2017_04_NYG_TB,2017,4,2017-10-01,NYG,0.036291674644203256,0.08792098397380729,77,-0.09826364650524651,-0.07857843990890714,65.6
2017_05_LAC_NYG,2017,5,2017-10-08,NYG,-0.08526530687253116,0.06217546763054421,67,-0.08398250962289723,-0.04540446593635702,63.4
2017_06_NYG_DEN,2017,6,2017-10-15,NYG,-0.0531959207892999,-0.2716777206343898,54,-0.08634936996309521,0.027597429032007247,63.0
2017_07_SEA_NYG,2017,7,2017-10-22,NYG,-0.3298123622891969,0.030692889656861816,57,-0.06845550976234613,-0.04293594675514549,63.4
2017_09_LA_NYG,2017,9,2017-11-05,NYG,-0.09233382768408796,0.4097611597845472,65,-0.08265791629049649,-0.02141945782064745,63.8
2017_10_NYG_SF,2017,10,2017-11-12,NYG,0.14481979770030667,0.29797734117733776,64,-0.10486314859818253,0.06377455608227414,64.0
2017_11_KC_NYG,2017,11,2017-11-19,NYG,-0.08528354148317858,-0.15106098627497294,67,-0.08315752398696186,0.10578582752298024,61.4
2017_12_NYG_WAS,2017,12,2017-11-23,NYG,-0.35891504132484664,-0.1947226164014694,55,-0.08316117090909134,0.06313853674187682,61.4
2017_13_NYG_OAK,2017,13,2017-12-03,NYG,-0.1899935631457654,-0.025143166057625507,61,-0.1443049950162007,0.07852955758846089,61.6
2017_14_DAL_NYG,2017,14,2017-12-10,NYG,-0.11888164414092899,0.3452897044385453,75,-0.11634123518751438,0.06736234644556344,62.4
2017_15_PHI_NYG,2017,15,2017-12-17,NYG,0.08378892311335366,0.1412392031780533,82,-0.1216507984788826,0.05446805537636305,64.4
2017_16_NYG_ARI,2017,16,2017-12-24,NYG,-0.46682771434986947,-0.1811011140687558,67,-0.13385697339627317,0.023120427776506164,68.0
2017_17_WAS_NYG,2017,17,2017-12-31,NYG,-0.0833769777860387,-0.3836125615931993,72,-0.21016580796961137,0.017112402217749602,68.0
2018_01_JAX_NYG,2018,1,2018-09-09,NYG,-0.23678583271742631,-0.045552862887697894,63,-0.15505819526184977,-0.020665586820596382,71.4
2018_02_NYG_DAL,2018,2,2018-09-16,NYG,-0.10288731464304315,0.11244198391566995,67,-0.16441664917618196,-0.024747526186610858,71.8
2018_03_NYG_HOU,2018,3,2018-09-23,NYG,0.20846133609466935,0.07875388411240451,59,-0.1612177832766048,-0.07131707029118592,70.2
2018_04_NO_NYG,2018,4,2018-09-30,NYG,-0.013616682071698234,0.23396665558297314,59,-0.13628330068034167,-0.08381413410431568,65.6
2018_05_NYG_CAR,2018,5,2018-10-07,NYG,0.0819884565989548,-0.11521815767367806,55,-0.045641094224707406,-0.0008005801739698948,64.0
2018_06_PHI_NYG,2018,6,2018-10-11,NYG,-0.15177863144330103,0.2320725112169019,64,-0.01256800734770871,0.05287830060993435,60.6
2018_07_NYG_ATL,2018,7,2018-10-22,NYG,0.13786824863052116,0.14652891680514876,64,0.004433432907116347,0.10840337543085429,60.8
2018_08_WAS_NYG,2018,8,2018-10-28,NYG,-0.1797429592835375,0.012956243631717518,67,0.05258454556182921,0.11522076200875006,60.2
2018_10_NYG_SF,2018,10,2018-11-12,NYG,0.02483633591864045,-0.013997736352102792,55,-0.025056313513812163,0.10206123391261265,61.8
2018_11_TB_NYG,2018,11,2018-11-18,NYG,0.2901029029407051,0.20572219657804133,52,-0.017365709915744425,0.05246835552559749,61.0
2018_12_NYG_PHI,2018,12,2018-11-25,NYG,0.17815441376651214,0.14428345740245302,58,0.02425717935260564,0.11665642637594136,60.4
2018_13_CHI_NYG,2018,13,2018-12-02,NYG,-0.09121525382296089,-0.12285769661261157,68,0.09024378839456827,0.09909861561305158,59.2
2018_14_NYG_WAS,2018,14,2018-12-09,NYG,0.08929654678457488,-0.3107319676393201,62,0.044427087903871856,0.04522129292949952,60.0
2018_15_TEN_NYG,2018,15,2018-12-16,NYG,-0.25723180923211786,0.06616133457636089,63,0.09823498911749433,-0.019516349324708006,59.0
2018_16_NYG_IND,2018,16,2018-12-23,NYG,0.25821088160978517,0.211149807730239,61,0.04182136008734268,-0.0034845351390152685,60.6
2018_17_DAL_NYG,2018,17,2018-12-30,NYG,0.17317954488419818,0.24586653777433787,68,0.03544295582115868,-0.002399012908575737,62.4
2019_01_NYG_DAL,2019,1,2019-09-08,NYG,0.12706134733518093,0.40848113953737386,66,0.03444798204469589,0.017917603165801238,64.4
2019_02_BUF_NYG,2019,2,2019-09-15,NYG,-0.06591910502046353,0.1675119362874494,66,0.07810330227632425,0.12418537039579833,64.0
2019_03_NYG_TB,2019,3,2019-09-22,NYG,0.11518651024411668,0.11505223035551834,61,0.04706017191531657,0.2198341511811522,64.8
2019_04_WAS_NYG,2019,4,2019-09-29,NYG,-0.01616658519020403,-0.5490219237312646,66,0.12154383581056347,0.2296123303369837,64.4
2019_05_MIN_NYG,2019,5,2019-10-06,NYG,-0.20302538238670834,0.33807628478957824,62,0.06666834245056565,0.077577984044683,65.4
2019_06_NYG_NE,2019,6,2019-10-10,NYG,-0.5502478232776915,-0.07296505364760081,47,-0.008572643003615665,0.09601993344773108,64.2
2019_07_ARI_NYG,2019,7,2019-10-20,NYG,-0.19410667351825533,0.08215723873005833,65,-0.14403447712619016,-0.0002693051892638687,60.4
2019_08_NYG_DET,2019,8,2019-10-27,NYG,-0.022847503095200998,0.08199741583661839,68,-0.16967199082574852,-0.017340244700742084,60.2
2019_09_DAL_NYG,2019,9,2019-11-04,NYG,-0.24212017557993187,0.10684677595332182,68,-0.19727879349361205,-0.023951207604522077,61.6
2019_10_NYG_NYJ,2019,10,2019-11-10,NYG,-0.06422993597493577,0.0050613771418247,65,-0.24246951157155766,0.1072225323323952,62.0
2019_12_NYG_CHI,2019,12,2019-11-24,NYG,-0.25612314022647853,-0.1439217204522909,58,-0.21471042228920312,0.0406195508028445,62.6
2019_13_GB_NYG,2019,13,2019-12-01,NYG,-0.10737003856605745,0.2600532643097611,64,-0.15588548567896052,0.026428217441906477,64.8
2019_14_NYG_PHI,2019,14,2019-12-09,NYG,-0.10346620956426968,-0.005198175729112463,51,-0.13853815868852096,0.06200742255784704,64.6
2019_15_MIA_NYG,2019,15,2019-12-15,NYG,0.06365010784273702,-0.06955789895185308,63,-0.15466189998233468,0.04456830424470086,61.2
2019_16_NYG_WAS,2019,16,2019-12-22,NYG,0.45868930207793057,0.14942702074681144,69,-0.0935078432978009,0.009287369263665888,60.2
2019_17_PHI_NYG,2019,17,2019-12-29,NYG,-0.24868925686659882,0.06749498115519653,72,0.011076004312772359,0.038160497984663234,61.0
2020_01_PIT_NYG,2020,1,2020-09-14,NYG,-0.1434779100501013,0.18460462285427603,64,0.012562780984748301,0.08044383830616073,63.8
2020_02_NYG_CHI,2020,2,2020-09-20,NYG,-0.1032314401348984,-0.01531879420094678,60,0.005341206687939531,0.06535411001506371,63.8
2020_03_SF_NYG,2020,3,2020-09-27,NYG,-0.3217601194569244,0.31481234872345776,49,0.0053881605738137885,0.06332998632069685,65.6
2020_04_NYG_LA,2020,4,2020-10-04,NYG,-0.1758647372767572,-0.1003159754807771,66,-0.0716938848861185,0.14020403585575902,62.8
2020_05_NYG_DAL,2020,5,2020-10-11,NYG,0.0024689998266440943,0.02921063702749528,62,-0.19860469275705606,0.09025543661024131,62.2
2020_06_WAS_NYG,2020,6,2020-10-18,NYG,-0.0024850338178449586,-0.0055720883321055,44,-0.14837304141840746,0.08259856778470107,60.2
2020_07_NYG_PHI,2020,7,2020-10-22,NYG,-0.05400586133085502,0.0353678724814659,54,-0.12017446617195619,0.04456322554742475,56.2
2020_08_TB_NYG,2020,8,2020-11-02,NYG,0.03448983227267914,0.027287460682526733,69,-0.11032935041114751,0.05470055888390729,55.0
2020_09_NYG_WAS,2020,9,2020-11-08,NYG,0.04450346805409728,-0.0099174302746054,71,-0.03907936006522681,-0.002804418724278914,59.0
2020_10_PHI_NYG,2020,10,2020-11-15,NYG,0.2045110852614163,0.06865771380732429,65,0.004994281000944086,0.015275290316955426,60.0
2020_12_NYG_CIN,2020,12,2020-11-29,NYG,0.03092515119831422,-0.38586403447453205,78,0.04540269808789853,0.023164705672921226,60.6
2020_13_NYG_SEA,2020,13,2020-12-06,NYG,-0.04566305986637896,-0.24316927214134068,55,0.05208473509113036,-0.052893683555564085,67.4
2020_14_ARI_NYG,2020,14,2020-12-13,NYG,-0.3717806302070409,0.04675627736972642,49,0.05375329538402557,-0.10860111248012541,67.6
2020_15_CLE_NYG,2020,15,2020-12-20,NYG,-0.06219609487330499,0.26144088830129936,53,-0.027500797111918433,-0.10470734914268547,63.6
2020_16_NYG_BAL,2020,16,2020-12-27,NYG,-0.05379379059737427,0.26424605413916047,59,-0.048840709697398885,-0.050435685427504526,60.0
2020_17_DAL_NYG,2020,17,2021-01-03,NYG,-0.027793187028878966,-0.1009629799477066,52,-0.10050168486915698,-0.011318017361137278,58.8
2021_01_DEN_NYG,2021,1,2021-09-12,NYG,-0.02885460048472803,0.2814392715579317,57,-0.11224535251459564,0.04566219354422781,53.6
2021_02_NYG_WAS,2021,2,2021-09-16,NYG,0.08013777259517686,0.09911073908838246,63,-0.10888366063826545,0.1505839022840823,54.0
2021_03_ATL_NYG,2021,3,2021-09-26,NYG,0.042378091642827964,0.033050417015100635,64,-0.018499980077821908,0.1610547946278135,56.8
2021_04_NYG_NO,2021,4,2021-10-03,NYG,0.23669252922473552,0.12604012047867558,61,0.002414857225404685,0.11537670037057376,59.0
2021_05_NYG_DAL,2021,5,2021-10-10,NYG,-0.12968985724492316,0.17673002035757243,64,0.06051212118982664,0.08773551363847679,59.4
2021_06_LA_NYG,2021,6,2021-10-17,NYG,-0.26378765937154913,0.16567818636440446,74,0.040132787146617804,0.14327411369953258,61.8
2021_07_CAR_NYG,2021,7,2021-10-24,NYG,-0.10835260964899626,-0.35488349370744665,64,-0.006853824630746413,0.12012189666082713,65.2
2021_08_NYG_KC,2021,8,2021-11-01,NYG,-0.05652014615188698,0.014602612260779968,55,-0.044551901079581034,0.029323050101661318,65.4
2021_09_LV_NYG,2021,9,2021-11-07,NYG,-0.04819892661422665,-0.0474283458022832,53,-0.06433154863852403,0.02563348915079718,63.6
2021_11_NYG_TB,2021,11,2021-11-22,NYG,-0.3832695515337244,0.10691125928341166,54,-0.12130983980631646,-0.009060204105394577,62.0
2021_12_PHI_NYG,2021,12,2021-11-28,NYG,-0.0546559733370818,-0.18960463795701799,57,-0.1720257786640767,-0.02302395632022673,60.0
2021_13_NYG_MIA,2021,13,2021-12-05,NYG,-0.16397064620527435,-0.03282360699400274,62,-0.13019944145718323,-0.09408052118451123,56.6
2021_14_NYG_LAC,2021,14,2021-12-12,NYG,-0.07148869130777717,0.22179390767962207,66,-0.14132304876843885,-0.029668543841822444,56.2
2021_15_DAL_NYG,2021,15,2021-12-19,NYG,-0.31376625583331574,0.029589192641689657,61,-0.1443167577996169,0.011769715241945977,58.4
2021_16_NYG_PHI,2021,16,2021-12-26,NYG,-0.3596878216998941,0.02244155998978777,73,-0.1974302236434347,0.027173222930740547,60.0
2021_17_NYG_CHI,2021,17,2022-01-02,NYG,-0.6801020399759587,-0.1673462852686971,55,-0.19271387767666867,0.010279283072015769,63.8
2021_18_WAS_NYG,2021,18,2022-01-09,NYG,-0.4534400133297668,-0.028147211081878253,59,-0.31780309100444404,0.014730953609679942,63.4
2022_01_NYG_TEN,2022,1,2022-09-11,NYG,0.018883001840735474,0.028325708807812773,60,-0.37569696442934253,0.01566623279210484,62.8
2022_02_CAR_NYG,2022,2,2022-09-18,NYG,-0.13796997981971235,-0.04787813656802849,68,-0.35762262579964,-0.02302740698225702,61.6
2022_03_DAL_NYG,2022,3,2022-09-26,NYG,-0.06829858489149461,0.18295199035866067,67,-0.3224633705969194,-0.03852087282420065,63.0
2022_04_CHI_NYG,2022,4,2022-10-02,NYG,0.07097742197445628,-0.08936706419416746,61,-0.2641855232352394,-0.0064187867504260695,61.8
2022_05_NYG_GB,2022,5,2022-10-09,NYG,0.2834103941296799,0.06511477674615081,56,-0.11396963084515643,0.00917705746447986,63.0
2022_06_BAL_NYG,2022,6,2022-10-16,NYG,0.12714391382464668,0.12312934553408315,59,0.033400450646732915,0.02782945503008567,62.4
2022_07_NYG_JAX,2022,7,2022-10-23,NYG,0.16958020949109068,0.13958950351242885,70,0.05505263304351515,0.04679018237533975,62.2
2022_08_NYG_SEA,2022,8,2022-10-30,NYG,-0.10184879519542413,-0.09442014092243546,64,0.11656267090567578,0.0842837103914312,62.6
2022_10_HOU_NYG,2022,10,2022-11-13,NYG,0.14421190018946134,0.009542445940531826,66,0.10985262884488985,0.02880928413521199,62.0
2022_11_DET_NYG,2022,11,2022-11-20,NYG,-0.02195011375432719,0.11251965154239409,73,0.12449952448789088,0.04859118616215184,63.0
2022_12_NYG_DAL,2022,12,2022-11-24,NYG,-0.06909114040541846,0.14236666576014034,56,0.06342742291108946,0.0580721611214005,66.4
2022_13_WAS_NYG,2022,13,2022-12-04,NYG,-0.10025252306204607,0.04276337495808707,62,0.024180412065076436,0.06191962516661194,65.8
2022_14_PHI_NYG,2022,14,2022-12-11,NYG,-0.05947608684732404,0.39852165294488967,64,-0.029786134445550914,0.04255439945574358,64.2
2022_15_NYG_WAS,2022,15,2022-12-18,NYG,0.0718189209323096,-0.09581635156161121,59,-0.0213115927759309,0.1411427582292086,64.2
2022_16_NYG_MIN,2022,16,2022-12-24,NYG,0.024351611119021187,-0.017624588448778403,67,-0.03579018862736125,0.12007099872877999,62.8
2022_17_IND_NYG,2022,17,2023-01-01,NYG,0.2080396064417058,-0.1686704988324334,61,-0.026529843652691575,0.09404215073054549,61.6
2022_18_NYG_PHI,2022,18,2023-01-08,NYG,-0.0017186217959183972,-0.00029252048784370206,64,0.028896305716733277,0.03183471781203075,62.6
2023_01_DAL_NYG,2023,1,2023-09-10,NYG,-0.46106273078249926,0.05990976477124927,65,0.04860308596995881,0.023223538722844595,63.0
2023_02_NYG_ARI,2023,2,2023-09-17,NYG,0.2223894054768939,0.1778705323474945,67,-0.03171424281707623,-0.044498838911883484,63.2
2023_03_NYG_SF,2023,3,2023-09-21,NYG,-0.2318574866329739,0.18594551487493277,47,-0.0016001459081593672,0.010238537869937659,64.8
2023_04_SEA_NYG,2023,4,2023-10-02,NYG,-0.4532766870056074,-0.114886375461754,74,-0.05284196545855839,0.05095255853467989,60.8
2023_05_NYG_MIA,2023,5,2023-10-08,NYG,-0.16425444445177884,0.09747356676850288,68,-0.18510522414802105,0.06170938320881577,63.4
2023_06_NYG_BUF,2023,6,2023-10-15,NYG,-0.15634067549055033,-0.017308061093822477,71,-0.2176123886791931,0.08126260066008509,64.2
2023_07_WAS_NYG,2023,7,2023-10-22,NYG,-0.051175535339214845,-0.23017099172767588,62,-0.15666797762080334,0.06581903548707073,65.4
2023_08_NYJ_NYG,2023,8,2023-10-29,NYG,-0.3725217989357318,-0.4133525790997827,70,-0.2113809657840251,-0.015789269327963335,64.4
2023_09_NYG_LV,2023,9,2023-11-05,NYG,-0.39015385567691796,0.0020437746367750207,63,-0.23951382824457665,-0.1356488881229064,69.0
2023_10_NYG_DAL,2023,10,2023-11-12,NYG,-0.25041148977120076,0.30986557386284785,54,-0.2268892619788388,-0.11226285810320062,66.8
2023_11_NYG_WAS,2023,11,2023-11-19,NYG,-0.022890550747692525,-0.17081263140632713,54,-0.24412067104272314,-0.06978445668433161,64.0
2023_12_NE_NYG,2023,12,2023-11-26,NYG,-0.24232583341528338,-0.163918993335001,49,-0.2174306460941516,-0.10048537074683254,60.6
2023_14_GB_NYG,2023,14,2023-12-11,NYG,0.00993595895967054,-0.0392457314717331,54,-0.2556607057093653,-0.08723497106829758,58.0
2023_15_NYG_NO,2023,15,2023-12-17,NYG,-0.3010920882446756,0.08767844235863632,60,-0.17916915413028484,-0.012413601542687664,54.8
2023_16_NYG_PHI,2023,16,2023-12-25,NYG,-0.06430624724016024,0.13014396851299717,58,-0.16135680064383637,0.0047133320016845975,54.2
2023_17_LA_NYG,2023,17,2023-12-31,NYG,-0.06790670621118,0.01830953916942235,67,-0.12413575213762826,-0.031230989068285538,55.0
2023_18_PHI_NYG,2023,18,2024-01-07,NYG,0.08833822686131428,-0.28213642327148813,66,-0.13313898323032575,0.00659344504686436,57.6
2024_01_MIN_NYG,2024,1,2024-09-08,NYG,-0.3572422129885817,0.15555473473854364,68,-0.06700617117500621,-0.017050040940433064,61.0
2024_02_NYG_WAS,2024,2,2024-09-15,NYG,0.09884589799967998,0.15648809882807774,53,-0.14044180556465666,0.021910052301622285,63.8
2024_03_NYG_CLE,2024,3,2024-09-22,NYG,0.04435736410041135,-0.377381554168326,66,-0.06045420831578556,0.03567198359551057,62.4
2024_04_DAL_NYG,2024,4,2024-09-26,NYG,-0.04494051165357972,0.20791502489900995,64,-0.03872148604767124,-0.06583312094075407,64.0
2024_05_NYG_SEA,2024,5,2024-10-06,NYG,0.01300696217955271,-0.09542315789686209,70,-0.03412824713615119,-0.027912023794836555,63.4
2024_06_CIN_NYG,2024,6,2024-10-13,NYG,-0.1374357061992767,0.03341397806081556,71,-0.0491945000725035,0.009430629280088653,64.2
2024_07_PHI_NYG,2024,7,2024-10-20,NYG,-0.42661412718492403,0.14653977094531,54,-0.005233198714642495,-0.014997522055456963,64.8
2024_08_NYG_PIT,2024,8,2024-10-28,NYG,0.043494613495584936,0.08404874594364914,68,-0.1103252037515633,-0.016987187632010507,65.0
2024_09_WAS_NYG,2024,9,2024-11-03,NYG,0.10500855010039493,0.3115800560732508,61,-0.11049775387252858,0.07529887239038452,65.4
2024_10_NYG_CAR,2024,10,2024-11-10,NYG,-0.12398125862417528,-0.01719173711026695,71,-0.08050794152173366,0.0960318786252327,64.8
2024_12_TB_NYG,2024,12,2024-11-24,NYG,-0.2526268650375476,0.2624369768002441,55,-0.10790558568247925,0.11167816278255172,65.0
2024_13_NYG_DAL,2024,13,2024-11-28,NYG,-0.22846491891259044,-0.14145098609861034,59,-0.13094381745013345,0.15748276253043744,61.8
2024_14_NO_NYG,2024,14,2024-12-08,NYG,-0.13311092229646188,-0.08197251833949344,74,-0.09131397579566672,0.09988461112165338,62.8
2024_15_BAL_NYG,2024,15,2024-12-15,NYG,-0.22819634245647416,0.44326374318615275,59,-0.12663508295407608,0.06668035826502486,64.0
2024_16_NYG_ATL,2024,16,2024-12-22,NYG,-0.42913856733780864,0.0798530071311659,55,-0.1932760614654499,0.09301709568760524,63.6
2024_17_IND_NYG,2024,17,2024-12-29,NYG,0.37680355320979003,0.04343917667707428,49,-0.25430752320817657,0.11242604453589182,60.4
2024_18_NYG_PHI,2024,18,2025-01-05,NYG,-0.1187441121208244,-0.04040916824392345,54,-0.12842143955870905,0.06862648451125786,59.2
2025_01_NYG_WAS,2025,1,2025-09-07,NYG,-0.24112420517436706,0.18565548716146768,62,-0.10647727820035584,0.08883484808219523,58.2
2025_02_NYG_DAL,2025,2,2025-09-14,NYG,0.221682736722675,0.1336964227637165,65,-0.12807993477593688,0.14236044918238747,55.8
2025_03_KC_NYG,2025,3,2025-09-21,NYG,-0.2496859000924146,0.15135256593116517,61,-0.038104118940107054,0.0804469850979002,57.0
2025_04_LAC_NYG,2025,4,2025-09-28,NYG,-0.14530654333537846,-0.16701637772560413,70,-0.0022135854910282416,0.09474689685790005,58.2
2025_05_NYG_NO,2025,5,2025-10-05,NYG,-0.2907236500295635,0.048407695519188554,69,-0.10663560480006193,0.05265578597736438,62.4
2025_06_PHI_NYG,2025,6,2025-10-09,NYG,0.25234636336153926,-0.09667333842203421,64,-0.14103151238180975,0.07041915872998679,65.4
2025_07_NYG_DEN,2025,7,2025-10-19,NYG,0.12273264830063231,0.08352498809297798,70,-0.04233739867462849,0.013953393613286397,65.8
2025_08_NYG_PHI,2025,8,2025-10-26,NYG,0.09014255693196387,0.4562564310064932,49,-0.062127416359037034,0.003919106679138695,66.8
2025_09_SF_NYG,2025,9,2025-11-02,NYG,0.17014770252894712,0.32996125118861946,56,0.005838275045838665,0.0648998796942043,64.4
2025_10_NYG_CHI,2025,10,2025-11-09,NYG,0.0047921175323133195,0.026302652246660178,70,0.06892912421870379,0.16429540547704904,61.6
2025_11_GB_NYG,2025,11,2025-11-16,NYG,0.15184396263408845,0.34961347964389894,68,0.12803227773107917,0.15987439682254337,61.8
2025_12_NYG_DET,2025,12,2025-11-23,NYG,0.11667236768513446,0.14838901343405755,76,0.10793179758558899,0.24913176043573,62.6
2025_13_NYG_NE,2025,13,2025-12-01,NYG,-0.10817574793003776,0.16901200826397503,54,0.10671974146248941,0.2621045655039459,63.8
2025_15_WAS_NYG,2025,15,2025-12-14,NYG,0.020273347970565275,0.0025248458819554288,67,0.06705608049008908,0.20465568095544223,64.8
2025_16_MIN_NYG,2025,16,2025-12-21,NYG,-0.3790469533118428,-0.05671287556054692,48,0.037081209578412724,0.13916839989410945,67.0
2025_17_NYG_LV,2025,17,2025-12-28,NYG,0.23922356683374604,-0.21468708531499203,60,-0.0396866045904185,0.12256529433266801,62.6
2025_18_DAL_NYG,2025,18,2026-01-04,NYG,0.13465806505958802,-0.12970593135882458,70,-0.022210683750486977,0.009705181340889834,61.0
2026_01_DAL_NYG,2026,1,2026-09-13,NYG,0.36887921085939385,0.22067005183914892,65,-0.018613544275596267,-0.04591380761768659,59.8
2016_01_CIN_NYJ,2016,1,2016-09-11,NYJ,-0.019849157510500485,0.14021589524327982,66,,,
2016_02_NYJ_BUF,2016,2,2016-09-15,NYJ,0.23920312035407848,0.15403174484441626,70,,,
2016_03_NYJ_KC,2016,3,2016-09-25,NYJ,-0.4135533787196781,-0.10471990960363643,66,,,
2016_04_SEA_NYJ,2016,4,2016-10-02,NYJ,-0.013029142923586092,0.2250347931386437,65,-0.06473313862536671,0.06317591016135321,67.33333333333333
2016_05_NYJ_PIT,2016,5,2016-10-09,NYJ,-0.008225524844442202,0.13420269404881047,58,-0.05180713969992155,0.10364063090567584,66.75
2016_06_NYJ_ARI,2016,6,2016-10-17,NYJ,-0.26646030307952634,0.18273429458734908,52,-0.043090816728825684,0.10975304353430278,65.0
2016_07_BAL_NYJ,2016,7,2016-10-23,NYJ,-0.08636666546835871,-0.38521535315823574,65,-0.09241304584263085,0.11825672340311662,62.2
2016_08_NYJ_CLE,2016,8,2016-10-30,NYJ,0.19577236220737862,0.030684314005495768,70,-0.15752700300711828,0.010407303802586209,61.2
2016_09_NYJ_MIA,2016,9,2016-11-06,NYJ,-0.05780919979199658,0.0029495735589005374,53,-0.03566185482170694,0.03748814852441266,62.0
2016_10_LA_NYJ,2016,10,2016-11-13,NYJ,-0.09526186586449982,-0.05627885851965634,58,-0.04461786619538904,-0.006928895391535977,59.6
2016_12_NE_NYJ,2016,12,2016-11-27,NYJ,-0.034753822937783174,0.10816335456187226,55,-0.062025134399400564,-0.045025205905229335,59.6
2016_13_IND_NYJ,2016,13,2016-12-05,NYJ,-0.32171715816367524,0.22106111848435003,51,-0.015683838371051927,-0.0599393939103247,60.2
2016_14_NYJ_SF,2016,14,2016-12-11,NYJ,0.06018295469362649,-0.044419588741771064,82,-0.06275393691011524,0.061315900418192446,57.4
2016_15_MIA_NYJ,2016,15,2016-12-17,NYJ,-0.2967393375204528,0.21124245777204836,72,-0.08987181841286565,0.04629511986873908,59.8
2016_16_NYJ_NE,2016,16,2016-12-24,NYJ,-0.3643310793158075,0.11839149406845666,55,-0.1376578459585569,0.08795369671136864,63.6
2016_17_BUF_NYJ,2016,17,2017-01-01,NYJ,-0.09932850109180752,-0.40788138014479475,60,-0.19147168864881844,0.12288776722899124,63.0
2017_01_NYJ_BUF,2017,1,2017-09-10,NYJ,-0.20753578981847276,0.08209439103825285,55,-0.20438662427962334,0.019678820287657838,64.0
2017_02_NYJ_OAK,2017,2,2017-09-17,NYJ,0.05902309829047514,0.41623553158292037,52,-0.1815503506105828,-0.008114525201561593,64.8
2017_03_MIA_NYJ,2017,3,2017-09-24,NYJ,-0.02690353791487047,-0.3164276759092149,58,-0.18178232189121307,0.0840164988633767,58.8
2017_04_JAX_NYJ,2017,4,2017-10-01,NYJ,-0.11074507474537996,-0.15602516577139156,68,-0.12781516197009662,-0.021517527872875954,56.0
2017_05_NYJ_CLE,2017,5,2017-10-08,NYJ,-0.1185350675544961,-0.06694787972433794,48,-0.07709796105601112,-0.07640085984084559,58.6
2017_06_NE_NYJ,2017,6,2017-10-15,NYJ,0.01792384086101238,0.16923158308620265,73,-0.08093927434854883,-0.008214159756754236,56.2
2017_07_NYJ_MIA,2017,7,2017-10-22,NYJ,0.042800989360936605,-0.05086738942210758,51,-0.0358473482126518,0.009213278652835725,59.8
2017_08_ATL_NYJ,2017,8,2017-10-29,NYJ,-0.049312556227522474,-0.040126925827379895,57,-0.03909176999855951,-0.08420730554816987,59.6
2017_09_BUF_NYJ,2017,9,2017-11-02,NYJ,0.17354158856699076,-0.22638107386950834,59,-0.043573573661089916,-0.02894715553180287,59.4
2017_10_NYJ_TB,2017,10,2017-11-12,NYJ,-0.19802035159689801,-0.15059345048491965,64,0.013283759001384232,-0.04301833715142623,57.6
2017_12_CAR_NYJ,2017,12,2017-11-26,NYJ,-0.10153297642772592,-0.006558000824041363,63,-0.0026132978070961487,-0.05974745130354257,60.8
2017_13_KC_NYJ,2017,13,2017-12-03,NYJ,0.22378570357639221,0.4678194052576197,84,-0.02650466126484381,-0.09490536808559139,58.8
2017_14_NYJ_DEN,2017,14,2017-12-10,NYJ,-0.5505147622551452,-0.06755116442671444,47,0.009692281578247313,0.008831990850354087,65.4
2017_15_NYJ_NO,2017,15,2017-12-17,NYJ,-0.1218981041502552,0.013670062329684663,69,-0.09054815962727722,0.003347143130487179,63.4
2017_16_LAC_NYJ,2017,16,2017-12-24,NYJ,-0.2709161427633486,0.030911408763349284,61,-0.1496360981707264,0.05135737037032578,65.4
2017_17_NYJ_NE,2017,17,2017-12-31,NYJ,-0.1375799782823885,-0.08409383803537558,58,-0.16421525640401652,0.08765834221997956,64.8
2018_01_NYJ_DET,2018,1,2018-09-10,NYJ,0.12073589708518312,-0.4118507266690905,54,-0.17142465677494903,0.07215117477771273,63.8
2018_02_MIA_NYJ,2018,2,2018-09-16,NYJ,-0.2839517892659757,-0.13331921528919008,63,-0.19203461807319083,-0.10378285160762932,57.8
2018_03_NYJ_CLE,2018,3,2018-09-20,NYJ,-0.14131501614352468,-0.055722666281271684,63,-0.13872202347535695,-0.11693646178012444,61.0
2018_04_NYJ_JAX,2018,4,2018-09-30,NYJ,-0.2328084676448259,0.0344304618701279,52,-0.14260540587401088,-0.13081500750231573,59.8
2018_05_DEN_NYJ,2018,5,2018-10-07,NYJ,0.16218426688240437,-0.04238234217272001,60,-0.13498387085030633,-0.13011119688095998,58.0
2018_06_IND_NYJ,2018,6,2018-10-14,NYJ,0.02146151317045824,-0.08707551914168593,64,-0.07503102181734775,-0.12176889770842889,58.4
2018_07_MIN_NYJ,2018,7,2018-10-21,NYJ,-0.46639551721658545,-0.006513210984549579,69,-0.09488589860029274,-0.05681385620294797,60.4
2018_08_NYJ_CHI,2018,8,2018-10-28,NYJ,-0.07663798228067724,0.16784504684571938,54,-0.1313746441904147,-0.03145265534201987,61.6
2018_09_NYJ_MIA,2018,9,2018-11-04,NYJ,-0.3448250965409107,-0.30763491570719737,64,-0.11843923741784519,0.013260887283378342,59.8
2018_10_BUF_NYJ,2018,10,2018-11-11,NYJ,-0.39366404759067797,0.2889451351406745,55,-0.14084256319706218,-0.05515218823208671,62.2
2018_12_NE_NYJ,2018,12,2018-11-25,NYJ,-0.036835584589150504,0.3710157905228305,61,-0.25201222609167867,0.011113307230592196,61.2
2018_13_NYJ_TEN,2018,13,2018-12-02,NYJ,-0.12829328874027368,-0.08954384758672976,65,-0.2636716456436004,0.10273156916349549,60.6
2018_14_NYJ_BUF,2018,14,2018-12-09,NYJ,0.061534277090222404,0.01716068093121159,50,-0.19605119994833803,0.08612544184305945,59.8
2018_15_HOU_NYJ,2018,15,2018-12-15,NYJ,-0.03731091339989737,0.04824544839295287,72,-0.1684167480741581,0.05598856866015789,59.0
2018_16_GB_NYJ,2018,16,2018-12-23,NYJ,0.28927763155543124,0.3432160052919138,57,-0.10691391144595544,0.12716464148018794,60.6
2018_17_NYJ_NE,2018,17,2018-12-30,NYJ,-0.46686246501399836,0.2279300786422967,55,0.029674424383266416,0.1380188155104358,61.0
2019_01_BUF_NYJ,2019,1,2019-09-08,NYJ,-0.09981844550461276,-0.1258214523748217,67,-0.056330951701703144,0.10940167313432902,59.8
2019_02_CLE_NYJ,2019,2,2019-09-16,NYJ,-0.36427102597209843,-0.04325741570662695,59,-0.050635983054570975,0.10214615217671064,60.2
2019_03_NYJ_NE,2019,3,2019-09-22,NYJ,-0.622386504583893,-0.06256293337022098,47,-0.13579704366703513,0.09006253284914292,62.0
2019_05_NYJ_PHI,2019,5,2019-10-06,NYJ,-0.6759280490377293,-0.13022067369457863,56,-0.25281216190383426,0.06790085649650816,57.0
2019_06_DAL_NYJ,2019,6,2019-10-13,NYJ,0.18947244821692466,0.10109243983410847,51,-0.4458532980224664,-0.02678647930079032,56.8
2019_07_NE_NYJ,2019,7,2019-10-21,NYJ,-0.6357088867673435,0.030632985098439012,52,-0.31458631537628173,-0.05215400706242797,56.0
2019_08_NYJ_JAX,2019,8,2019-10-27,NYJ,-0.20653716003485112,0.1201099621488948,52,-0.4217644036288279,-0.020863119567775826,53.0
2019_09_NYJ_MIA,2019,9,2019-11-03,NYJ,-0.005498306899156586,0.10538847963485541,62,-0.3902176304413784,0.011810356003328524,51.6
2019_10_NYG_NYJ,2019,10,2019-11-10,NYJ,0.0050613771418247,-0.06422993597493577,60,-0.2668399909044311,0.045400638604343804,54.6
2019_11_NYJ_WAS,2019,11,2019-11-17,NYJ,0.1797868628356526,-0.28418372126232766,64,-0.13064210566852036,0.058598786148272373,55.4
2019_12_OAK_NYJ,2019,12,2019-11-24,NYJ,0.1967828390444098,-0.3156448311800936,59,-0.13257922274477477,-0.018456446071014855,58.0
2019_13_NYJ_CIN,2019,13,2019-12-01,NYJ,-0.15600437148125418,-0.025097154759939802,69,0.0339191224175759,-0.08771200932672138,59.4
2019_14_MIA_NYJ,2019,14,2019-12-08,NYJ,-0.02074638396432099,-0.03560167490599292,67,0.04402568012829529,-0.11675343270848829,62.8
2019_15_NYJ_BAL,2019,15,2019-12-12,NYJ,-0.15407535193882788,0.413946189961775,58,0.040976064715262404,-0.14495146361665795,63.8
2019_16_PIT_NYJ,2019,16,2019-12-22,NYJ,-0.20602041407674504,-0.17622015087770554,59,0.00914871889913189,-0.0493162384293158,63.4
2019_17_NYJ_BUF,2019,17,2019-12-29,NYJ,-0.10889559755563792,-0.25428603747960044,63,-0.06801273648334763,-0.027723524352391383,62.4
2020_01_NYJ_BUF,2020,1,2020-09-13,NYJ,-0.1733868654444129,0.03370701383391012,51,-0.12914842380335717,-0.015451765612292745,63.2
2020_02_SF_NYJ,2020,2,2020-09-20,NYJ,-0.19871197506760344,0.18181322095099928,61,-0.13262492259598893,-0.00369093189352276,59.6
2020_03_NYJ_IND,2020,3,2020-09-27,NYJ,-0.42448795554228125,0.1299458397190914,60,-0.16821804081664543,0.03979204727787568,58.4
2020_04_DEN_NYJ,2020,4,2020-10-01,NYJ,-0.17590531027997625,0.03974337072853195,75,-0.22230056153733607,-0.01700802277066104,58.8
2020_05_ARI_NYJ,2020,5,2020-10-11,NYJ,-0.13452415905629414,0.2576662150012208,64,-0.2162775407779823,0.02618468155058646,62.0
2020_06_NYJ_MIA,2020,6,2020-10-18,NYJ,-0.32628740874066103,-0.0740651879009002,69,-0.2214032530781136,0.1285751320467507,62.2
2020_07_BUF_NYJ,2020,7,2020-10-25,NYJ,-0.25868413833537707,0.1318992001717364,51,-0.2519833617373632,0.10702069169978863,65.8
2020_08_NYJ_KC,2020,8,2020-11-01,NYJ,-0.2519162595921781,0.29655193295955323,55,-0.26397779439091795,0.09703788754393607,63.8
2020_09_NE_NYJ,2020,9,2020-11-09,NYJ,0.3031092110296532,0.22641081773436755,44,-0.2294634552008973,0.13035910619202845,62.8
2020_11_NYJ_LAC,2020,11,2020-11-22,NYJ,-0.04177346946565773,0.04220877930388617,55,-0.1336605509389714,0.16769259559319555,56.6
2020_12_MIA_NYJ,2020,12,2020-11-29,NYJ,-0.3425368040942084,-0.04230615600567268,53,-0.11511041302084413,0.12460110845372863,54.8
2020_13_LV_NYJ,2020,13,2020-12-06,NYJ,0.09973350372218115,0.038871663730484105,61,-0.11836029209155359,0.13095291483277413,51.6
2020_14_NYJ_SEA,2020,14,2020-12-13,NYJ,-0.33528356075944105,0.20768311300954467,52,-0.046676763680041956,0.11234740754452369,53.6
2020_15_NYJ_LA,2020,15,2020-12-20,NYJ,0.012109670373721498,-0.26404544333033886,61,-0.06335022391349454,0.09457364355452196,53.0
2020_16_CLE_NYJ,2020,16,2020-12-27,NYJ,-0.016768878599652606,-0.13800879664952273,66,-0.1215501320446809,-0.0035176086584193245,56.4
2020_17_NYJ_NE,2020,17,2021-01-03,NYJ,0.03563468145476954,0.2495865119401262,62,-0.11654921387147987,-0.039561123849101106,58.6
2021_01_NYJ_CAR,2021,1,2021-09-12,NYJ,-0.18519751937269052,-0.01524736744395212,62,-0.040914916761684274,0.018817409740058678,60.4
2021_02_NE_NYJ,2021,2,2021-09-19,NYJ,-0.3204931748305177,-0.05415638546774346,67,-0.09790112138065861,0.00799360350517143,60.6
2021_03_NYJ_DEN,2021,3,2021-09-26,NYJ,-0.5111708539858777,-0.013923802685077879,53,-0.09494304419487394,-0.0443742961902862,63.6
2021_04_TEN_NYJ,2021,4,2021-10-03,NYJ,0.02941837865059309,0.021808448393754294,59,-0.1995991490667938,0.005650031938766001,62.0
2021_05_NYJ_ATL,2021,5,2021-10-10,NYJ,-0.03137872370276225,0.19633550281748144,53,-0.19036169761674465,0.03761348094742141,60.6
2021_07_NYJ_NE,2021,7,2021-10-24,NYJ,-0.11638322895933395,0.476062844663941,62,-0.20376437864825103,0.026963279122892453,58.8
2021_08_CIN_NYJ,2021,8,2021-10-31,NYJ,0.05101861381323958,0.022686101215478167,77,-0.19000152056557967,0.12522532154447108,58.8
2021_09_NYJ_IND,2021,9,2021-11-04,NYJ,0.2038876464794258,0.4405301507604306,75,-0.11569916283682824,0.1405938188811154,60.8
2021_10_BUF_NYJ,2021,10,2021-11-14,NYJ,-0.16757749900423,0.461130498185441,70,0.027312537256232457,0.23148460957021708,65.2
2021_11_MIA_NYJ,2021,11,2021-11-21,NYJ,0.06969195566737268,0.18175673330202605,59,-0.012086638274732161,0.31934901952855443,67.4
2021_12_NYJ_HOU,2021,12,2021-11-28,NYJ,-0.04895651374842893,-0.2770485900015915,62,0.008127497599294825,0.31643326562546337,68.6
2021_13_PHI_NYJ,2021,13,2021-12-05,NYJ,0.006918496122517223,0.22870991149727374,56,0.02161284064147583,0.16581097869235686,68.6
2021_14_NO_NYJ,2021,14,2021-12-12,NYJ,-0.33301361341071634,0.14869923685689923,62,0.012792817103331359,0.20701574074871595,64.4
2021_15_NYJ_MIA,2021,15,2021-12-19,NYJ,-0.17260380583697477,-0.02589740088012273,54,-0.09458743487469708,0.1486495579680097,61.8
2021_16_JAX_NYJ,2021,16,2021-12-26,NYJ,0.14506943260125268,0.09146148206603755,59,-0.09559269624124603,0.05124397815489695,58.6
2021_17_TB_NYJ,2021,17,2022-01-02,NYJ,0.13325567055798573,0.250625828015674,60,-0.08051720085447003,0.03318492790769926,58.6
2021_18_NYJ_BUF,2021,18,2022-01-09,NYJ,-0.5187687924215768,0.028372233809085688,46,-0.04407476399318709,0.13871981151115237,58.2
2022_01_BAL_NYJ,2022,1,2022-09-11,NYJ,-0.2012884673419006,0.0550539618546558,79,-0.1492122217020059,0.09865227597351475,56.2
2022_02_NYJ_CLE,2022,2,2022-09-18,NYJ,0.2747308459646171,0.2938547862046348,66,-0.12286719248824274,0.07992322097306606,59.6
2022_03_CIN_NYJ,2022,3,2022-09-25,NYJ,-0.32115505356963847,0.05846303982422998,76,-0.03340026212792437,0.1438736583900176,62.0
2022_04_NYJ_PIT,2022,4,2022-10-02,NYJ,0.03747778550577295,-0.0803910896106529,67,-0.1266451593621026,0.13727396994165605,65.4
2022_05_MIA_NYJ,2022,5,2022-10-09,NYJ,0.1364157208947947,-0.21674913976685237,53,-0.14580073637254515,0.07107058641639066,66.8
2022_06_NYJ_GB,2022,6,2022-10-16,NYJ,0.029554817810577685,-0.341967858850496,50,-0.014763833709270858,0.022046311701203053,68.2
2022_07_NYJ_DEN,2022,7,2022-10-23,NYJ,-0.1398048411953912,-0.1639983559470916,52,0.031404823321224795,-0.0573580524398273,62.4
2022_08_NE_NYJ,2022,8,2022-10-30,NYJ,-0.1168961875100935,-0.1204864206149011,58,-0.05150231411077686,-0.14892868087017258,59.6
2022_09_BUF_NYJ,2022,9,2022-11-06,NYJ,0.06552016107088164,-0.02385302952604773,60,-0.010650540898867864,-0.18471857295799882,56.0
2022_11_NYJ_NE,2022,11,2022-11-20,NYJ,-0.4199900633420282,-0.13092339949110612,49,-0.005042065785846125,-0.17341096094107777,54.6
2022_12_CHI_NYJ,2022,12,2022-11-27,NYJ,0.24551404088500736,-0.06323986060791324,60,-0.11632322263321071,-0.1562458128859285,53.8
2022_13_NYJ_MIN,2022,13,2022-12-04,NYJ,-0.051180423043355086,0.012666814466847039,83,-0.07313137801832477,-0.10050021323741196,55.8
2022_14_NYJ_BUF,2022,14,2022-12-11,NYJ,-0.16866227625374683,-0.10415163203138238,73,-0.05540649438791756,-0.06516717915462425,62.0
2022_15_DET_NYJ,2022,15,2022-12-18,NYJ,-0.06659240446396639,0.034949241241095906,61,-0.06575971213664822,-0.06190022143792049,65.0
2022_16_JAX_NYJ,2022,16,2022-12-22,NYJ,-0.2882679330118018,0.07402798357693591,56,-0.09218222524361783,-0.050139767284491765,65.2
2022_17_NYJ_SEA,2022,17,2023-01-01,NYJ,-0.32298622872729177,-0.030148764161399305,67,-0.06583779917757254,-0.009149490670883364,66.6
2022_18_NYJ_MIA,2022,18,2023-01-08,NYJ,-0.14483493882409135,-0.08906678413978783,53,-0.17953785310003237,-0.002531271381580577,68.0
2023_01_BUF_NYJ,2023,1,2023-09-11,NYJ,-0.04741279796088383,-0.06778166957460209,51,-0.19826875625617962,-0.02287799110290755,62.0
2023_02_NYJ_DAL,2023,2,2023-09-17,NYJ,-0.5825553219001613,0.05701604152446409,45,-0.17401886059760702,-0.015603998611551494,57.6
2023_03_NE_NYJ,2023,3,2023-09-24,NYJ,-0.37319045179184107,-0.006974152894966527,60,-0.277211444084846,-0.01119063855487786,54.4
2023_04_KC_NYJ,2023,4,2023-10-01,NYJ,0.02023138818271152,0.16861990351686978,58,-0.29419594784085384,-0.02739106584925835,55.2
2023_05_NYJ_DEN,2023,5,2023-10-08,NYJ,0.0026162901329110744,-0.2195638008167636,62,-0.22555242445885323,0.01236266768639547,53.4
2023_06_PHI_NYJ,2023,6,2023-10-15,NYJ,-0.1375512331407508,-0.121894527378927,58,-0.19606217866745274,-0.013736735648999682,55.2
2023_08_NYJ_NYG,2023,8,2023-10-29,NYJ,-0.4133525790997827,-0.3725217989357318,61,-0.2140898657034261,-0.024559307209864666,56.6
2023_09_LAC_NYJ,2023,9,2023-11-06,NYJ,-0.37136718061122403,-0.11896003367710611,77,-0.1802493171433504,-0.11046687530190384,59.8
2023_10_NYJ_LV,2023,10,2023-11-12,NYJ,-0.13154244095137763,-0.1845924398452985,63,-0.179884662907227,-0.13286405145833177,63.2
2023_11_NYJ_BUF,2023,11,2023-11-19,NYJ,-0.37760150382448493,0.09407515487065332,55,-0.21023942873404483,-0.2035065201307654,64.2
2023_12_MIA_NYJ,2023,12,2023-11-24,NYJ,-0.3845972326044417,0.041621721121713535,55,-0.286282987525524,-0.14077872899328203,62.8
2023_13_ATL_NYJ,2023,13,2023-12-03,NYJ,-0.34924504313876686,-0.22768282893642075,67,-0.33569218741826223,-0.10807547929315393,62.2
2023_14_HOU_NYJ,2023,14,2023-12-10,NYJ,-0.006837021773824168,-0.5272716430498314,65,-0.322870680226059,-0.07910768529329174,63.4
2023_15_NYJ_MIA,2023,15,2023-12-17,NYJ,-0.5663793921909845,0.10797617186160802,55,-0.24996464845857905,-0.1607700071678368,61.0
2023_16_WAS_NYJ,2023,16,2023-12-24,NYJ,-0.23998283202580795,-0.18274460097469775,85,-0.3369320387065004,-0.1022562848264555,59.4
2023_17_NYJ_CLE,2023,17,2023-12-28,NYJ,-0.1770979685320207,-0.05723404000296305,68,-0.30940830434676503,-0.15762023599552571,65.4
2023_18_NYJ_NE,2023,18,2024-01-07,NYJ,-0.23079910381277147,-0.559477107302294,64,-0.2679084515322808,-0.17739138822046102,68.0
2024_01_NYJ_SF,2024,1,2024-09-09,NYJ,-0.04936341815918684,0.10059915338290573,50,-0.24421926366708177,-0.2437502438936357,67.4
2024_02_NYJ_TEN,2024,2,2024-09-15,NYJ,0.03564904499543735,-0.08954142496916567,55,-0.25272454294415436,-0.11817608460708826,64.4
2024_03_NE_NYJ,2024,3,2024-09-19,NYJ,0.2564556206806314,-0.3996658685687069,70,-0.13231885550686992,-0.157679603973243,64.4
2024_04_DEN_NYJ,2024,4,2024-09-29,NYJ,-0.2848093851252036,-0.2849217022748518,70,-0.03303116496558206,-0.20106385749204483,61.4
2024_05_NYJ_MIN,2024,5,2024-10-06,NYJ,-0.3355986670207865,-0.2767257415217843,71,-0.05457344828421864,-0.2466013899464226,61.8
2024_06_BUF_NYJ,2024,6,2024-10-14,NYJ,0.18870879239171717,0.28208355403679286,59,-0.07553336092582165,-0.19005111679032063,63.2
2024_07_NYJ_PIT,2024,7,2024-10-20,NYJ,-0.023287783072662185,0.15664224441246177,56,-0.027918918815640847,-0.15375423665954321,65.0
2024_08_NYJ_NE,2024,8,2024-10-27,NYJ,0.10021236608975587,0.03690225151983736,58,-0.03970628442926075,-0.10451750278321773,65.2
2024_09_HOU_NYJ,2024,9,2024-10-31,NYJ,0.04756760713213158,-0.07531797704698848,54,-0.07095493534743585,-0.017203878765508867,62.8
2024_10_NYJ_ARI,2024,10,2024-11-10,NYJ,-0.15724570151786854,0.375025533842705,55,-0.004479536895968819,0.0247168662800638,59.6
2024_11_IND_NYJ,2024,11,2024-11-17,NYJ,-0.1010115717027605,0.018339986137080325,52,0.031191056204614775,0.15506712135296166,56.4
2024_13_SEA_NYJ,2024,13,2024-12-01,NYJ,-0.27016031154503506,-0.01596439009645791,62,-0.026753016614280756,0.10231840777301915,55.0
2024_14_NYJ_MIA,2024,14,2024-12-08,NYJ,0.2324546813383165,0.23211588304366929,63,-0.07612752230875533,0.06779708087123522,56.2
2024_15_NYJ_JAX,2024,15,2024-12-15,NYJ,0.39749838499044116,0.11953011604670073,54,-0.049679059259043194,0.10683980717600158,57.2
2024_16_LA_NYJ,2024,16,2024-12-22,NYJ,-0.032647591238935354,0.10739188274605899,63,0.020307096312618723,0.14580942579473946,57.2
2024_17_NYJ_BUF,2024,17,2024-12-29,NYJ,-0.20912926959246397,0.16659985220992338,59,0.04522671836840536,0.09228269557541023,58.8
2024_18_MIA_NYJ,2024,18,2025-01-05,NYJ,0.060140069045257545,-0.12810101581761324,63,0.02360317879046466,0.12193466878997886,60.2
2025_01_PIT_NYJ,2025,1,2025-09-07,NYJ,0.21197511287386875,0.17033562458164134,64,0.08966325490852319,0.09950734364574779,60.4
2025_02_BUF_NYJ,2025,2,2025-09-14,NYJ,-0.2953253710950093,0.19778235719753628,47,0.08556734121563363,0.08715129195334219,60.6
2025_03_NYJ_TB,2025,3,2025-09-21,NYJ,-0.1851099196315639,0.017624620730731618,61,-0.052997410001456455,0.10280174018350932,59.2
2025_04_NYJ_MIA,2025,4,2025-09-29,NYJ,0.1588386564310765,0.1296868522222619,58,-0.08348987567998216,0.08484828778044383,58.8
2025_05_DAL_NYJ,2025,5,2025-10-05,NYJ,0.011919381357202824,0.3599104924790044,73,-0.009896290475274072,0.07746568778291155,58.6
2025_06_DEN_NYJ,2025,6,2025-10-12,NYJ,-0.42066146779731944,-0.08565105830495115,57,-0.019540428012885015,0.17506798944223506,60.6
2025_07_CAR_NYJ,2025,7,2025-10-19,NYJ,-0.25576603516145946,-0.06082142597444249,60,-0.14606774414712267,0.12387065286491658,59.2
2025_08_NYJ_CIN,2025,8,2025-10-26,NYJ,0.3412436376629537,0.2645132378994239,70,-0.13815587696041268,0.07214989623052082,61.8
2025_10_CLE_NYJ,2025,10,2025-11-09,NYJ,-0.29455701669196743,-0.0823937505071805,45,-0.032885165501509175,0.12152761966425926,63.6
2025_11_NYJ_NE,2025,11,2025-11-13,NYJ,-0.08509738697760265,0.16685830179392713,57,-0.12356430012611797,0.07911149911837079,61.0
2025_12_NYJ_BAL,2025,12,2025-11-23,NYJ,-0.17015552693500374,-0.049538823772300976,57,-0.14296765379307905,0.04050106098135533,57.8
2025_13_ATL_NYJ,2025,13,2025-11-30,NYJ,0.009249043064762529,0.17422654433470755,62,-0.09286646562061592,0.04772350788788536,57.8
2025_14_MIA_NYJ,2025,14,2025-12-07,NYJ,-0.45283942731835725,0.20675522446731306,57,-0.039863449975371515,0.09473310194971538,58.2
2025_15_NYJ_JAX,2025,15,2025-12-14,NYJ,-0.15684513110884288,0.3273718464182312,68,-0.1986800629716337,0.08318149926329321,55.6
2025_16_NYJ_NO,2025,16,2025-12-21,NYJ,-0.3565103556337593,-0.005796187007592138,63,-0.1711376858550088,0.16513461864837556,60.2
2025_17_NE_NYJ,2025,17,2025-12-28,NYJ,-0.19830819677414527,0.48764402833789583,63,-0.2254202795862401,0.1306037208880717,61.4
2025_18_NYJ_BUF,2025,18,2026-01-04,NYJ,-0.25580803342219044,0.35458301354125144,47,-0.23105081355406845,0.23804029131011104,62.6
2026_01_NYJ_TEN,2026,1,2026-09-13,NYJ,0.16835011036526987,-0.11862377440619905,60,-0.28406222885145904,0.27411158515141987,59.6
2016_01_CLE_PHI,2016,1,2016-09-11,PHI,0.04557219492189679,-0.3678361846429476,73,,,
2016_02_PHI_CHI,2016,2,2016-09-19,PHI,0.06635729850253784,-0.3421720476797114,64,,,
2016_03_PIT_PHI,2016,3,2016-09-25,PHI,0.2932227046283429,-0.27204066661506726,61,,,
2016_05_PHI_DET,2016,5,2016-10-09,PHI,0.14614921930099897,0.005766151877346835,57,0.13505073268425918,-0.3273496329792421,66.0
2016_06_PHI_WAS,2016,6,2016-10-16,PHI,-0.08332498382244782,0.11183679921286593,47,0.13782535433844412,-0.24407068676509486,63.75
2016_07_MIN_PHI,2016,7,2016-10-23,PHI,-0.3497381519625371,-0.3099862928303423,54,0.09359528670626574,-0.1728891895695027,60.4
2016_08_PHI_DAL,2016,8,2016-10-30,PHI,-0.05121848345021668,0.08823154470673504,71,0.014533217329378956,-0.16131921120698162,56.6
2016_09_PHI_NYG,2016,9,2016-11-06,PHI,-0.11633373783748538,-0.09468251071432289,74,-0.008981939061171947,-0.07523849272969235,58.0
2016_10_ATL_PHI,2016,10,2016-11-13,PHI,0.09215648521113962,-0.06310722098269073,74,-0.0908932275543376,-0.03976686154954348,60.6
2016_11_PHI_SEA,2016,11,2016-11-20,PHI,-0.10149676095071954,0.13518577744095245,74,-0.10169177437230947,-0.05354153612155099,64.0
2016_12_GB_PHI,2016,12,2016-11-28,PHI,0.024262264344119405,0.3282551705475356,58,-0.10532612979796381,-0.04887174047593369,69.4
2016_13_PHI_CIN,2016,13,2016-12-04,PHI,-0.05115626264076559,0.1661889306996151,79,-0.03052604653663251,0.07877655219964189,70.2
2016_14_WAS_PHI,2016,14,2016-12-11,PHI,-0.03976721163480949,0.1955235237083451,77,-0.0305136023747423,0.0943680293982179,71.8
2016_15_PHI_BAL,2016,15,2016-12-18,PHI,-0.05855952335270859,-0.07184257055266378,82,-0.01520029713420712,0.15240923628275152,72.4
2016_16_NYG_PHI,2016,16,2016-12-22,PHI,-0.0779488858889434,-0.03511400976754316,53,-0.04534349884697676,0.1506621663687569,74.0
2016_17_DAL_PHI,2016,17,2017-01-01,PHI,0.012043608782820818,-0.28783939963467375,75,-0.040633923834621534,0.11660220892705778,69.8
2017_01_PHI_WAS,2017,1,2017-09-10,PHI,-0.050503843926214764,-0.26174285747730475,65,-0.04307765494688125,-0.006616705109384113,73.2
2017_02_PHI_KC,2017,2,2017-09-17,PHI,0.10276186337400094,0.1588892998593342,69,-0.04294717120397109,-0.09220306274476808,70.4
2017_03_NYG_PHI,2017,3,2017-09-24,PHI,-0.016208909730060766,0.01869233385434233,72,-0.014441356202208998,-0.09952990751457028,68.8
2017_04_PHI_LAC,2017,4,2017-10-01,PHI,0.23208349751168728,0.19687097888701904,72,-0.005971233477679435,-0.08142292663316905,66.8
2017_05_ARI_PHI,2017,5,2017-10-08,PHI,0.18116866054517786,-0.11383358540844313,62,0.056035243202446704,-0.0350259289022566,70.6
2017_06_PHI_CAR,2017,6,2017-10-12,PHI,-0.004912541244045421,-0.20616566693486477,59,0.08986025355491811,-0.0002247660570104726,68.0
2017_07_WAS_PHI,2017,7,2017-10-23,PHI,0.20289028063369832,0.031848840508507455,60,0.09897851409135197,0.010890672051477524,66.8
2017_08_SF_PHI,2017,8,2017-10-29,PHI,-0.05764678485698026,-0.3597433159800016,65,0.11900419754329146,-0.014517419818687826,65.0
2017_09_DEN_PHI,2017,9,2017-11-05,PHI,0.17492507303554367,-0.23506299567169936,66,0.11071662251790755,-0.09020454978555661,63.6
2017_11_PHI_DAL,2017,11,2017-11-19,PHI,0.2816873631857554,-0.4797061596478127,59,0.09928493762267884,-0.17659134469730028,62.4
2017_12_CHI_PHI,2017,12,2017-11-26,PHI,0.10367574054598057,-0.4471846549057347,70,0.11938867815079432,-0.24976585954517422,61.8
2017_13_PHI_SEA,2017,13,2017-12-03,PHI,-0.04593489555522545,0.12484448181286673,74,0.14110633450879953,-0.29796965713934814,64.0
2017_14_PHI_LA,2017,14,2017-12-10,PHI,0.16583717952248014,-0.013801445415248798,86,0.09134129927101478,-0.27937052887847635,66.8
2017_15_PHI_NYG,2017,15,2017-12-17,PHI,0.1412392031780533,0.08378892311335366,65,0.13603809214690687,-0.21018215476552576,71.0
2017_16_OAK_PHI,2017,16,2017-12-25,PHI,-0.37978403585590353,-0.504141009822396,62,0.1293009181754088,-0.14641177100851518,70.8
2017_17_DAL_PHI,2017,17,2017-12-31,PHI,-0.3885623042376458,-0.10291661600669046,55,-0.0029933616329229974,-0.15129874104343183,71.4
2018_01_ATL_PHI,2018,1,2018-09-06,PHI,-0.08164934344429785,-0.22093535905272083,64,-0.10144097058964827,-0.08244513326362299,68.4
2018_02_PHI_TB,2018,2,2018-09-16,PHI,-0.0024039364343748106,0.10398886223086728,74,-0.10858386016746276,-0.1516011014367405,66.4
2018_03_IND_PHI,2018,3,2018-09-23,PHI,-0.08834756774458395,-0.18609987950824053,77,-0.14223208335883372,-0.12804303990751728,64.0
2018_04_PHI_TEN,2018,4,2018-09-30,PHI,0.032587590659652554,0.08326750059596051,76,-0.18814943754336116,-0.18202080043183613,66.4
2018_05_MIN_PHI,2018,5,2018-10-07,PHI,-0.08158551884269856,0.06914790029642782,55,-0.10567511224024997,-0.06453909834816482,69.2
2018_06_PHI_NYG,2018,6,2018-10-11,PHI,0.2320725112169019,-0.15177863144330103,68,-0.04427975516126052,-0.03012619508754117,69.2
2018_07_CAR_PHI,2018,7,2018-10-21,PHI,0.10161387953138445,0.2524781263067612,65,0.01846461577097943,-0.01629484956565721,70.0
2018_08_PHI_JAX,2018,8,2018-10-28,PHI,0.18863953033408218,-0.06899837346810418,59,0.03926817896413128,0.013403003249521572,68.2
2018_10_DAL_PHI,2018,10,2018-11-11,PHI,-0.05543544348367213,0.23451725028424805,61,0.09466559857986451,0.03682330445754885,64.6
2018_11_PHI_NO,2018,11,2018-11-18,PHI,-0.39402001013149857,0.4105913923638667,48,0.07706099175119957,0.06707325439520635,61.6
2018_12_NYG_PHI,2018,12,2018-11-25,PHI,0.14428345740245302,0.17815441376651214,61,0.014574093493439567,0.13536195280869415,60.2
2018_13_WAS_PHI,2018,13,2018-12-03,PHI,0.11572932453067614,-0.14443380925093496,69,-0.002983717269450209,0.20134856185065675,58.8
2018_14_PHI_DAL,2018,14,2018-12-09,PHI,-0.06311925987858463,0.06409899421399724,48,-0.0001606282695918726,0.12196617473911753,59.6
2018_15_PHI_LA,2018,15,2018-12-16,PHI,0.10222311150592667,-0.06211242564009275,61,-0.050512386312125235,0.14858564827553783,57.4
2018_16_HOU_PHI,2018,16,2018-12-23,PHI,0.1344926500803046,0.13941653435534015,73,-0.018980675314205477,0.08925971309066966,57.4
2018_17_PHI_WAS,2018,17,2018-12-30,PHI,0.17833263276162586,-0.5007802794981134,69,0.08672185672815516,0.035024741488964346,62.4
2019_01_WAS_PHI,2019,1,2019-09-08,PHI,0.22997134960961052,0.2747572134382364,71,0.09353169179998973,-0.10076219716396077,64.0
2019_02_PHI_ATL,2019,2,2019-09-15,PHI,-0.10146791467433211,-0.014196872296773192,74,0.11638009681577662,-0.016923992626126504,64.4
2019_03_DET_PHI,2019,3,2019-09-22,PHI,-0.15386729515543732,0.05947090115176563,69,0.1087103658566271,-0.03258316592828059,69.6
2019_04_PHI_GB,2019,4,2019-09-26,PHI,0.291324687124009,0.17167882253090636,59,0.05749228452435431,-0.008266500569908918,71.2
2019_05_NYJ_PHI,2019,5,2019-10-06,PHI,-0.13022067369457863,-0.6759280490377293,57,0.08885869193309519,-0.0018140429347956789,68.4
2019_06_PHI_MIN,2019,6,2019-10-13,PHI,-0.11427999299601269,0.11887558320287894,65,0.027148030641854292,-0.03684359684271885,66.0
2019_07_PHI_DAL,2019,7,2019-10-20,PHI,-0.3572701058064761,0.139347538025429,57,-0.04170223787927035,-0.06801992288979034,64.8
2019_08_PHI_BUF,2019,8,2019-10-27,PHI,0.15296493669530903,-0.17438035893903306,65,-0.09286267610569915,-0.0373110408253499,61.4
2019_09_CHI_PHI,2019,9,2019-11-03,PHI,0.06407938676501289,-0.11221484533217292,77,-0.03149622973554987,-0.08408129284350964,60.6
2019_11_NE_PHI,2019,11,2019-11-17,PHI,-0.24460128741652085,-0.07916266367965598,65,-0.0769452898073491,-0.1408600264161255,64.2
2019_12_SEA_PHI,2019,12,2019-11-24,PHI,-0.30896419230825056,-0.09621325434631288,72,-0.09982141255173756,-0.021506949344510824,65.8
2019_13_PHI_MIA,2019,13,2019-12-01,PHI,0.13131492141123913,0.1918508086150898,67,-0.13875825241418513,-0.06452471685434918,67.2
2019_14_NYG_PHI,2019,14,2019-12-09,PHI,-0.005198175729112463,-0.10346620956426968,85,-0.041041246970642084,-0.054024062736417036,69.2
2019_15_PHI_WAS,2019,15,2019-12-15,PHI,0.21253628144141912,0.013538494929752995,73,-0.07267386945552638,-0.03984123286146435,73.2
2019_16_DAL_PHI,2019,16,2019-12-22,PHI,0.048749281373568265,-0.15870894769763627,70,-0.042982490520245144,-0.014690564809079168,72.4
2019_17_PHI_NYG,2019,17,2019-12-29,PHI,0.06749498115519653,-0.24868925686659882,72,0.015687623237772685,-0.030599821612675226,73.4
2020_01_PHI_WAS,2020,1,2020-09-13,PHI,-0.30583385401937374,-0.15680370052523013,67,0.09097945793046211,-0.061095022116732414,73.4
2020_02_LA_PHI,2020,2,2020-09-20,PHI,-0.09261746792995475,0.4377645818068272,70,0.0035497028443395306,-0.1308259239447964,73.4
2020_03_CIN_PHI,2020,3,2020-09-27,PHI,-0.03890046376070306,-0.0013794642151118254,86,-0.013934155595828926,-0.022579765670577023,70.4
2020_04_PHI_SF,2020,4,2020-10-04,PHI,-0.07568211839833196,-0.08584572517366947,60,-0.06422150463625335,-0.025563357499549983,73.0
2020_05_PHI_PIT,2020,5,2020-10-11,PHI,0.14334369762925808,0.21582359635138734,58,-0.0891077845906334,-0.010990712994756624,71.0
2020_06_BAL_PHI,2020,6,2020-10-18,PHI,-0.09818894458379296,0.08117720272396084,68,-0.07393804129582111,0.08191185764884061,68.2
2020_07_NYG_PHI,2020,7,2020-10-22,PHI,0.0353678724814659,-0.05400586133085502,73,-0.032409059408704935,0.1295080382986788,68.4
2020_08_DAL_PHI,2020,8,2020-11-01,PHI,-0.30812342365822454,-0.3443790308729561,59,-0.006811991326420808,0.031153949671142357,69.0
2020_10_PHI_NYG,2020,10,2020-11-15,PHI,0.06865771380732429,0.2045110852614163,65,-0.060656583305925105,-0.037445963660426504,63.6
2020_11_PHI_CLE,2020,11,2020-11-22,PHI,-0.23876501490466434,-0.18162622119103738,65,-0.03178861686479386,0.020625398426590648,64.6
2020_12_SEA_PHI,2020,12,2020-11-30,PHI,-0.1634522581523154,-0.05995301218311831,66,-0.10821035937157834,-0.058864565081894304,66.0
2020_13_PHI_GB,2020,13,2020-12-06,PHI,-0.10457375724824405,0.31542831406523675,59,-0.12126302208528283,-0.08709060806331012,65.6
2020_14_NO_PHI,2020,14,2020-12-13,PHI,0.0666264501421829,0.056059794381756296,62,-0.1492513480312248,-0.013203772984091778,62.8
2020_15_PHI_ARI,2020,15,2020-12-20,PHI,0.01834550300860536,0.016829091800105358,81,-0.07430137327114333,0.06688399206685071,63.4
2020_16_PHI_DAL,2020,16,2020-12-27,PHI,-0.06669357096059911,0.15759953223780027,71,-0.08436381543088713,0.02934759337458852,66.6
2020_17_WAS_PHI,2020,17,2021-01-03,PHI,-0.3018184452881822,-0.21200122826459933,65,-0.04994952664207407,0.09719274406035605,67.8
2021_01_PHI_ATL,2021,1,2021-09-12,PHI,0.2204582127005394,-0.27938932033814085,67,-0.07762276406924742,0.06678310084405985,67.6
2021_02_SF_PHI,2021,2,2021-09-19,PHI,-0.013943711205535064,0.09718076148432889,55,-0.012616370079490735,-0.05218042603661567,69.2
2021_03_PHI_DAL,2021,3,2021-09-27,PHI,-0.20417401604552068,0.09832874330373563,53,-0.028730402349034335,-0.04395623261610115,67.8
2021_04_KC_PHI,2021,4,2021-10-03,PHI,0.2554008143152702,0.5315079557908429,70,-0.07323430615985954,-0.02765630231537509,62.2
2021_05_PHI_CAR,2021,5,2021-10-10,PHI,-0.255823759868133,-0.2988178640583671,60,-0.00881542910468569,0.04712538239523343,62.0
2021_06_TB_PHI,2021,6,2021-10-14,PHI,0.0209590113367559,0.2648134835043623,48,0.00038350797932416023,0.02976205523647988,61.0
2021_07_PHI_LV,2021,7,2021-10-24,PHI,0.028527798920979393,0.2552581456644,68,-0.039516332293432536,0.13860261600498053,57.2
2021_08_PHI_DET,2021,8,2021-10-31,PHI,0.23345888806740692,-0.4051318638416027,61,-0.031022030268129646,0.17021809284099473,59.8
2021_09_LAC_PHI,2021,9,2021-11-07,PHI,0.22310249524178422,0.2925569687949158,57,0.05650455055445587,0.06952597141192707,61.4
2021_10_PHI_DEN,2021,10,2021-11-14,PHI,0.13432296041797542,-0.2609554527726676,61,0.05004488673975869,0.021735774012741647,58.8
2021_11_NO_PHI,2021,11,2021-11-21,PHI,0.006143048232194938,-0.17378772639403117,75,0.12807423079698038,0.02930825626988155,59.0
2021_12_PHI_NYG,2021,12,2021-11-28,PHI,-0.18960463795701799,-0.0546559733370818,64,0.12511103817606817,-0.058411985709797144,64.4
2021_13_PHI_NYJ,2021,13,2021-12-05,PHI,0.22870991149727374,0.006918496122517223,68,0.08148455080046871,-0.12039480951009351,63.6
2021_15_WAS_PHI,2021,15,2021-12-21,PHI,0.12274217684016038,-0.12978922658687256,70,0.08053475548644207,-0.037984737517269516,65.0
2021_16_NYG_PHI,2021,16,2021-12-26,PHI,0.02244155998978777,-0.3596878216998941,60,0.0604626918061173,-0.12245397659362718,67.6
2021_17_PHI_WAS,2021,17,2022-01-02,PHI,0.16107377813808335,-0.025343307994437868,60,0.03808641172047976,-0.1422004503790725,67.4
2021_18_DAL_PHI,2021,18,2022-01-08,PHI,0.09884500644422084,0.6452812925838055,70,0.06907255770165745,-0.11251156669915383,64.4
2022_01_PHI_DET,2022,1,2022-09-11,PHI,0.28102487921155195,0.12459697138715106,71,0.1267624865819052,0.027475886485023637,65.6
2022_02_MIN_PHI,2022,2,2022-09-19,PHI,0.24681618754671047,-0.21364269849560144,68,0.13722548012476085,0.0510115815379504,66.2
2022_03_PHI_WAS,2022,3,2022-09-25,PHI,0.02954783874592893,-0.3102656599314635,66,0.16204028226607087,0.034240887156204616,65.8
2022_04_JAX_PHI,2022,4,2022-10-02,PHI,-0.034602288691908976,-0.33079342738441797,75,0.1634615380172991,0.04412531950989074,67.0
2022_05_PHI_ARI,2022,5,2022-10-09,PHI,0.142591009007342,0.10111711209759514,70,0.12432632465130064,-0.016964704368105283,70.0
2022_06_DAL_PHI,2022,6,2022-10-16,PHI,0.01573532373422618,-0.06443290033002354,67,0.13307552516392487,-0.12579754046534736,70.0
2022_08_PIT_PHI,2022,8,2022-10-30,PHI,0.40240865648621155,-0.055370190583156335,52,0.08001761406845972,-0.16360351480878227,69.2
2022_09_PHI_HOU,2022,9,2022-11-03,PHI,0.195501044619763,-0.11595478319048402,61,0.11113610785635993,-0.13194901322629327,66.0
2022_10_WAS_PHI,2022,10,2022-11-14,PHI,-0.12423966735343825,0.07644625488794463,47,0.14432674903112674,-0.09308683787809738,65.0
2022_11_PHI_IND,2022,11,2022-11-20,PHI,-0.1341589824802747,-0.1458585367087147,59,0.1263992732988209,-0.011638901423624847,59.4
2022_12_GB_PHI,2022,12,2022-11-27,PHI,0.20015669162094024,0.18933127505955982,78,0.07104927500129755,-0.06103403118488682,57.2
2022_13_TEN_PHI,2022,13,2022-12-04,PHI,0.3203631871716126,-0.231891923738972,67,0.10793354857864035,-0.010281196106970147,59.4
2022_14_PHI_NYG,2022,14,2022-12-11,PHI,0.39852165294488967,-0.05947608684732404,65,0.09152445471572057,-0.045585542738133276,62.4
2022_15_PHI_CHI,2022,15,2022-12-18,PHI,0.014563429895679507,-0.12446351285325363,70,0.1321285763807459,-0.03428980346950128,63.2
2022_16_PHI_DAL,2022,16,2022-12-24,PHI,0.04171380488398199,0.05850605118043011,68,0.15988919583056946,-0.07447175701774093,67.8
2022_17_NO_PHI,2022,17,2023-01-01,PHI,-0.27182653694041314,-0.06437376843808473,53,0.1950637533034208,-0.03359883943991197,69.6
2022_18_NYG_PHI,2022,18,2023-01-08,PHI,-0.00029252048784370206,-0.0017186217959183972,68,0.10066710759115009,-0.08433984813944088,64.6
2023_01_PHI_NE,2023,1,2023-09-10,PHI,-0.14909418149877596,-0.20382143947302328,60,0.03653596605925886,-0.03830518775083016,64.8
2023_02_MIN_PHI,2023,2,2023-09-14,PHI,0.14262076138895408,0.08103735672140663,75,-0.07298720082947427,-0.06717425827597001,63.8
2023_03_PHI_TB,2023,3,2023-09-25,PHI,0.0914633210467705,-0.19908147269570628,78,-0.04737573453081935,-0.026074084361037957,64.8
2023_04_WAS_PHI,2023,4,2023-10-01,PHI,0.17746666411460904,0.20363694590479625,68,-0.037425831298261644,-0.07759158913626522,66.8
2023_05_PHI_LA,2023,5,2023-10-08,PHI,0.1486553042913225,-0.002690572972113097,78,0.05243280891274279,-0.023989446267689035,69.8
2023_06_PHI_NYJ,2023,6,2023-10-15,PHI,-0.121894527378927,-0.1375512331407508,69,0.08222237386857603,-0.024183836502927977,71.8
2023_07_MIA_PHI,2023,7,2023-10-22,PHI,0.10698444363418423,-0.15100841122546121,65,0.08766230469254581,-0.01092979523647348,73.6
2023_08_PHI_WAS,2023,8,2023-10-29,PHI,0.18448765807045295,0.06871562827955527,60,0.08053504114159185,-0.057338948825847044,71.6
2023_09_DAL_PHI,2023,9,2023-11-05,PHI,0.1935425420435761,0.1207983331152977,59,0.09913990854632834,-0.0037795286307947427,68.0
2023_11_PHI_KC,2023,11,2023-11-20,PHI,-0.01973372377117402,-0.13191461093781184,51,0.10235508413212176,-0.020347251188694453,66.2
2023_12_BUF_PHI,2023,12,2023-11-26,PHI,0.03547633071424077,0.16537280363350393,64,0.06867727851962245,-0.0461920587818342,60.8
2023_13_SF_PHI,2023,13,2023-12-03,PHI,0.06039534426383419,0.529724167911419,70,0.10015145013825602,0.014392748573016739,59.8
2023_14_PHI_DAL,2023,14,2023-12-10,PHI,-0.17774963431662213,0.03769751544824359,52,0.090833630264186,0.15053926440039278,60.8
2023_15_PHI_SEA,2023,15,2023-12-18,PHI,0.11432601304566495,0.05764850232119893,69,0.01838617178677098,0.14433564183413045,59.2
2023_16_NYG_PHI,2023,16,2023-12-25,PHI,0.13014396851299717,-0.06430624724016024,74,0.0025428659871887527,0.1317056756753107,61.2
2023_17_ARI_PHI,2023,17,2023-12-31,PHI,0.22749688327204765,0.2558193753436117,47,0.03251840444402299,0.14522734841484103,65.8
2023_18_PHI_NYG,2023,18,2024-01-07,PHI,-0.28213642327148813,0.08833822686131428,65,0.07092251495558437,0.16331666275686257,62.4
2024_01_GB_PHI,2024,1,2024-09-06,PHI,0.05638343750656903,0.1824472827095256,73,0.0024161614485199044,0.07503947454684162,61.4
2024_02_ATL_PHI,2024,2,2024-09-16,PHI,0.11931952640829258,0.151705755301145,68,0.049242775813158134,0.10398942799909802,65.6
2024_03_PHI_NO,2024,3,2024-09-22,PHI,0.03240860712731472,-0.20246732951659602,65,0.050241478485683666,0.12280087859508723,65.4
2024_04_PHI_TB,2024,4,2024-09-29,PHI,-0.06584126464493403,0.2087540926194429,55,0.030694406208547177,0.09516866213980008,63.6
2024_06_CLE_PHI,2024,6,2024-10-13,PHI,0.1712757292793628,-0.02047589263765254,58,-0.027973223374849164,0.08575560559496632,65.2
2024_07_PHI_NYG,2024,7,2024-10-20,PHI,0.14653977094531,-0.42661412718492403,64,0.06270920713532102,0.06399278169517296,63.8
2024_08_PHI_CIN,2024,8,2024-10-27,PHI,0.3379380400955622,-0.0009322542729809077,59,0.08074047382306922,-0.05781950028371696,62.0
2024_09_JAX_PHI,2024,9,2024-11-03,PHI,0.01891751763994337,-0.17861123437054743,73,0.12446417656052314,-0.08834710219854214,60.2
2024_10_PHI_DAL,2024,10,2024-11-10,PHI,-0.05011665815093853,-0.7085975825744606,64,0.12176595866304887,-0.08357588316933243,61.8
2024_11_WAS_PHI,2024,11,2024-11-14,PHI,0.20099255148930092,-0.11744629858753615,69,0.12491087996184798,-0.26704621820811314,63.6
2024_12_PHI_LA,2024,12,2024-11-24,PHI,0.3400502677626876,-0.01803194593332742,66,0.13085424440383558,-0.28644029939808985,65.8
2024_13_PHI_BAL,2024,13,2024-12-01,PHI,0.04506097750205439,-0.0017640556218816033,52,0.16955634376731113,-0.2047238631477705,66.2
2024_14_CAR_PHI,2024,14,2024-12-08,PHI,0.14238011264706238,0.0190429469009689,56,0.11098093124860957,-0.20489022341755064,64.8
2024_15_PIT_PHI,2024,15,2024-12-15,PHI,0.19869709359830184,-0.2778170759312048,74,0.13567345025003336,-0.1653593871632474,61.4
2024_16_PHI_WAS,2024,16,2024-12-22,PHI,0.02624405681024844,-0.066384402216725,71,0.18543620059988145,-0.07920328583459624,63.4
2024_17_DAL_PHI,2024,17,2024-12-29,PHI,0.27142536211391144,-0.30404382732854834,59,0.15048650166407093,-0.06899090656043401,63.8
2024_18_NYG_PHI,2024,18,2025-01-05,PHI,-0.04040916824392345,-0.1187441121208244,67,0.1367615205343157,-0.1261932828394782,62.4
2025_01_DAL_PHI,2025,1,2025-09-04,PHI,0.1604501459603092,0.035278117869239026,59,0.11966749138512012,-0.14958929413926675,65.4
2025_02_PHI_KC,2025,2,2025-09-14,PHI,-0.004139964306438791,-0.13529401133630306,56,0.12328149804776949,-0.14634225994561273,66.0
2025_03_LA_PHI,2025,3,2025-09-21,PHI,0.01663911148849579,-0.034832609048073275,63,0.08271408646682137,-0.11783764702663238,62.4
2025_04_PHI_TB,2025,4,2025-09-28,PHI,-0.07388661178406931,-0.14611229033813666,58,0.08079309740247084,-0.11152728839290202,60.8
2025_05_DEN_PHI,2025,5,2025-10-05,PHI,0.003161222405788644,0.0715268067741425,54,0.011730702622874687,-0.0799409809948197,60.6
2025_06_PHI_NYG,2025,6,2025-10-09,PHI,-0.09667333842203421,0.25234636336153926,56,0.020444780752817103,-0.04188679721582632,58.0
2025_07_PHI_MIN,2025,7,2025-10-19,PHI,0.28287289558438616,-0.08892315779743927,48,-0.030979916123651578,0.0015268518826337286,57.4
2025_08_NYG_PHI,2025,8,2025-10-26,PHI,0.4562564310064932,0.09014255693196387,54,0.02642265585451341,0.010801022590406486,55.8
2025_10_PHI_GB,2025,10,2025-11-10,PHI,-0.07821261090718393,-0.17316197424657584,60,0.1143461197581129,0.03579605578641391,54.0
2025_11_DET_PHI,2025,11,2025-11-16,PHI,-0.2294467512284283,-0.400764525954852,68,0.11348091993348997,0.030386119004726077,54.4
2025_12_PHI_DAL,2025,12,2025-11-23,PHI,0.06195237126258659,-0.021556584924375653,58,0.06695932520664657,-0.06407214754107282,57.2
2025_13_CHI_PHI,2025,13,2025-11-28,PHI,-0.03649872552729946,0.04194522476468253,50,0.09868446714357074,-0.1188527371982558,57.6
2025_14_PHI_LAC,2025,14,2025-12-08,PHI,-0.26299179564461084,-0.2722896922987969,65,0.03481014292123362,-0.09267906068583144,58.0
2025_15_LV_PHI,2025,15,2025-12-14,PHI,0.24604142609317212,-0.41019967069483493,66,-0.10903950240898719,-0.16516551053198358,60.2
2025_16_PHI_WAS,2025,16,2025-12-20,PHI,0.2896811006046502,-0.12504454409910207,65,-0.044188695008915986,-0.21257304982163544,61.4
2025_17_PHI_BUF,2025,17,2025-12-28,PHI,-0.11959278373005547,-0.12071316199451174,53,0.05963687535769972,-0.15742905345048544,60.8
2025_18_WAS_PHI,2025,18,2026-01-04,PHI,-0.10292984583499282,-0.025166327970555676,62,0.0233278443591713,-0.17726036886451263,59.8
2026_01_WAS_PHI,2026,1,2026-09-13,PHI,0.07101635681436469,0.05989679134006748,51,0.010041620297632631,-0.19068267941156028,62.2
2016_01_PIT_WAS,2016,1,2016-09-12,PIT,0.31476823484862637,-0.03591452396778478,67,,,
2016_02_CIN_PIT,2016,2,2016-09-18,PIT,-0.01203014834601775,-0.07971764758085874,74,,,
2016_03_PIT_PHI,2016,3,2016-09-25,PIT,-0.27204066661506726,0.2932227046283429,58,,,
2016_04_KC_PIT,2016,4,2016-10-02,PIT,0.4253627036822684,-0.10542250091461225,54,0.010232473295847125,0.05919684435989978,66.33333333333333
2016_05_NYJ_PIT,2016,5,2016-10-09,PIT,0.13420269404881047,-0.008225524844442202,70,0.11401503089245245,0.018042008041271776,63.25
2016_06_PIT_MIA,2016,6,2016-10-16,PIT,-0.043307417263724966,0.2637291245855587,53,0.11805256352372404,0.012788501464128983,64.6
2016_07_NE_PIT,2016,7,2016-10-23,PIT,-0.017516133331714704,0.2507908060948399,68,0.04643743310125378,0.07271723117479767,61.8
2016_09_PIT_BAL,2016,9,2016-11-06,PIT,-0.1952859351040388,-0.18975575908471046,64,0.0453402361041144,0.13881892190993741,60.6
2016_10_DAL_PIT,2016,10,2016-11-13,PIT,0.0955934391995898,0.3293755467198613,70,0.060691182406320085,0.042223229167326744,61.8
2016_11_PIT_CLE,2016,11,2016-11-20,PIT,0.14485936461811755,-0.2042790082343798,65,-0.005262670490215634,0.12918283869422145,65.0
2016_12_PIT_IND,2016,12,2016-11-24,PIT,0.41129769318620674,-0.17907213056245522,50,-0.0031313363763542214,0.08997214201623394,64.0
2016_13_NYG_PIT,2016,13,2016-12-04,PIT,0.027563013714914607,-0.2868673854029988,69,0.08778968571363212,0.001411890986631148,63.4
2016_14_PIT_BUF,2016,14,2016-12-11,PIT,0.078154712414497,-0.002286107241161517,70,0.09680551512295797,-0.10611974731293658,63.6
2016_15_PIT_CIN,2016,15,2016-12-18,PIT,0.17086907723699202,-0.09793640444062426,63,0.15149364462666512,-0.0686258169442268,64.8
2016_16_BAL_PIT,2016,16,2016-12-25,PIT,0.1797472113300313,0.0870895869280723,52,0.16654877223414558,-0.1540882071763239,63.4
2016_17_CLE_PIT,2016,17,2017-01-01,PIT,0.02840523873886053,0.03046854159869013,69,0.17352634157652833,-0.09581448814383348,60.8
2017_01_PIT_CLE,2017,1,2017-09-10,PIT,-0.012975655899008773,-0.13923128938567386,51,0.09694785068705909,-0.05390635371160442,64.6
2017_02_MIN_PIT,2017,2,2017-09-17,PIT,0.011574169778325885,-0.2059371060241449,67,0.08884011676427442,-0.024379134508139434,61.0
2017_03_PIT_CHI,2017,3,2017-09-24,PIT,-0.022211609929849552,-0.13104656632716724,59,0.0755240082370402,-0.06510933426473611,60.4
2017_04_PIT_BAL,2017,4,2017-10-01,PIT,0.08025709365042713,-0.2797342029670596,73,0.036907870803671874,-0.0717313666420447,59.6
2017_05_JAX_PIT,2017,5,2017-10-08,PIT,-0.29407566969250887,0.09211595112881538,76,0.017009847267751045,-0.14509612462107108,63.8
2017_06_PIT_KC,2017,6,2017-10-15,PIT,0.1808859255389576,-0.13934853865139565,61,-0.04748633441852283,-0.13276664271504604,65.2
2017_07_CIN_PIT,2017,7,2017-10-22,PIT,0.043386607982962094,-0.19843350009410643,65,-0.008714018130929563,-0.13279009256819038,67.2
2017_08_PIT_DET,2017,8,2017-10-29,PIT,0.02058085119659286,-0.07962973204375574,57,-0.0023515304900023183,-0.1312893713821827,66.8
2017_10_PIT_IND,2017,10,2017-11-12,PIT,0.026136385372428583,-0.1336618693904873,63,0.006206961735286164,-0.12100600452550041,66.4
2017_11_TEN_PIT,2017,11,2017-11-16,PIT,0.1553529937503605,-0.16501444808654664,66,-0.004617179920313546,-0.09179153781018594,64.4
2017_12_GB_PIT,2017,12,2017-11-26,PIT,0.1483502798040846,0.18970883500104935,71,0.08526855276826033,-0.14321761765325836,62.4
2017_13_PIT_CIN,2017,13,2017-12-04,PIT,0.09411230760230124,0.17777396470224544,63,0.07876142362128573,-0.07740614292276934,64.4
2017_14_BAL_PIT,2017,14,2017-12-10,PIT,0.21601208556061283,0.30528801308024517,84,0.08890656354515356,-0.0021646499634989714,64.0
2017_15_NE_PIT,2017,15,2017-12-17,PIT,0.1983068172203602,0.22695262012501832,63,0.12799281041795757,0.07481889906130121,69.4
2017_16_PIT_HOU,2017,16,2017-12-25,PIT,0.20970170570688282,-0.2860615536449656,55,0.16242689678754388,0.14694179696440232,69.4
2017_17_CLE_PIT,2017,17,2017-12-31,PIT,-0.08723823387755833,0.004428399159400069,57,0.17329663917884836,0.12273237585271854,67.2
2018_01_PIT_CLE,2018,1,2018-09-09,PIT,-0.14973205708452866,-0.16168513774963295,79,0.12617893644251973,0.08567628868438869,64.4
2018_02_KC_PIT,2018,2,2018-09-16,PIT,0.21567231971045212,0.5106087759352074,75,0.07741006350515378,0.017784468194013015,67.6
2018_03_PIT_TB,2018,3,2018-09-24,PIT,0.15143809489633553,-0.005941067308671153,60,0.07734211033512164,0.05884862076500545,65.8
2018_04_BAL_PIT,2018,4,2018-09-30,PIT,-0.21866011916922637,0.10045781733465654,59,0.0679683658703167,0.01226988327826756,65.2
2018_05_ATL_PIT,2018,5,2018-10-07,PIT,0.2721755367115532,-0.07459080001044695,57,-0.017703999104905138,0.08957375747419198,66.0
2018_06_PIT_CIN,2018,6,2018-10-14,PIT,0.32307971719337264,0.07846817783338965,67,0.05417875501291717,0.07376991764022259,66.0
2018_08_CLE_PIT,2018,8,2018-10-28,PIT,0.12326927383553973,-0.1407063808921088,67,0.14874110986849742,0.12180058075682709,63.6
2018_09_PIT_BAL,2018,9,2018-11-04,PIT,0.22229662244792067,-0.05774037728793986,76,0.13026050069351494,-0.008462450608636141,62.0
2018_10_CAR_PIT,2018,10,2018-11-08,PIT,0.4565232753521513,-0.028592473693216953,57,0.144432206203832,-0.018822312604489883,65.2
2018_11_PIT_JAX,2018,11,2018-11-18,PIT,-0.10167088331452223,-0.13126109029048857,59,0.2794688851081075,-0.04463237081006459,64.8
2018_12_PIT_DEN,2018,12,2018-11-25,PIT,0.04593596980444677,0.10220931006375417,76,0.20469960110289245,-0.055966428866072906,65.2
2018_13_LAC_PIT,2018,13,2018-12-02,PIT,0.11029104078315603,0.27668828508775817,63,0.14927085162510725,-0.05121820242000001,67.0
2018_14_PIT_OAK,2018,14,2018-12-09,PIT,0.14203738279768882,0.15558547834628614,58,0.14667520501463055,0.03226073077597339,66.2
2018_15_NE_PIT,2018,15,2018-12-16,PIT,0.12457622777637038,0.059568332655804364,59,0.13062335708458414,0.07492590190281859,62.6
2018_16_PIT_NO,2018,16,2018-12-23,PIT,0.08040563203744669,0.07785990237773793,70,0.06423394756942796,0.09255806317262286,63.0
2018_17_CIN_PIT,2018,17,2018-12-30,PIT,-0.08949206251712696,-0.22715625793852717,64,0.10064925063982175,0.13438226170626816,65.2
2019_01_PIT_NE,2019,1,2019-09-08,PIT,-0.22627144962748702,0.23634099697278926,60,0.07356364417550701,0.0685091481058119,62.8
2019_02_SEA_PIT,2019,2,2019-09-15,PIT,-0.0748033934058836,0.05783463005988379,52,0.00625114609337839,0.060439690482818095,62.2
2019_03_PIT_SF,2019,3,2019-09-22,PIT,-0.2740155329590487,-0.12190064406662965,51,-0.037117009147336094,0.04088952082553764,61.0
2019_04_CIN_PIT,2019,4,2019-09-30,PIT,0.09436227876294098,-0.3915714192451969,53,-0.11683536129441992,0.004595725481050833,59.4
2019_05_BAL_PIT,2019,5,2019-10-06,PIT,-0.12473860880084509,-0.08720051149783492,50,-0.11404403194932104,-0.08929053884353613,56.0
2019_06_PIT_LAC,2019,6,2019-10-13,PIT,-0.06034112658792057,-0.09472275043126348,56,-0.12109334120606467,-0.061299389555397675,53.2
2019_08_MIA_PIT,2019,8,2019-10-28,PIT,0.054347421310758606,-0.23956193228514167,67,-0.08790727659815138,-0.12751213903620823,52.4
2019_09_IND_PIT,2019,9,2019-11-03,PIT,-0.17247673695990182,-0.060767155810302675,59,-0.062077113654822935,-0.1869914515052133,55.4
2019_10_LA_PIT,2019,10,2019-11-10,PIT,-0.36102133204920717,-0.41732132114727555,67,-0.041769354454993565,-0.17476475385394794,57.0
2019_11_PIT_CLE,2019,11,2019-11-14,PIT,-0.5221507406901357,-0.10765707220415908,64,-0.1328460766174232,-0.17991473423436366,59.8
2019_12_PIT_CIN,2019,12,2019-11-24,PIT,-0.06935774111387576,-0.3779900727974715,65,-0.21232850299528133,-0.1840060463756285,62.6
2019_13_CLE_PIT,2019,13,2019-12-01,PIT,0.029227241806393602,-0.06360055251671781,52,-0.21413182590047236,-0.2406595108488701,64.4
2019_14_PIT_ARI,2019,14,2019-12-08,PIT,-0.06594041986411696,-0.15641212323496306,56,-0.2191558618013454,-0.2054672348951853,61.4
2019_15_BUF_PIT,2019,15,2019-12-15,PIT,-0.40095847388911016,-0.1538812083521269,56,-0.1978485983821884,-0.22459622838011742,60.8
2019_16_PIT_NYJ,2019,16,2019-12-22,PIT,-0.17622015087770554,-0.20602041407674504,66,-0.20583602675016896,-0.17190820582108768,58.6
2019_17_PIT_BAL,2019,17,2019-12-29,PIT,-0.4221638497953409,-0.10832546515096929,49,-0.13664990878768296,-0.19158087419560485,59.0
2020_01_PIT_NYG,2020,1,2020-09-14,PIT,0.18460462285427603,-0.1434779100501013,63,-0.20721113052397602,-0.13764795266630442,55.8
2020_02_DEN_PIT,2020,2,2020-09-20,PIT,-0.10650966754307342,-0.18688301567662027,62,-0.17613565431439948,-0.1536234241729811,58.0
2020_03_HOU_PIT,2020,3,2020-09-27,PIT,0.15538851887948005,0.043856864111458366,73,-0.1842495038501908,-0.15971760266131257,59.2
2020_05_PHI_PIT,2020,5,2020-10-11,PIT,0.21582359635138734,0.14334369762925808,65,-0.07298010529647275,-0.1201699881685955,62.6
2020_06_CLE_PIT,2020,6,2020-10-18,PIT,0.12797261487280617,-0.5149177843467677,58,0.005428644149345824,-0.05029716582739489,62.4
2020_07_PIT_TEN,2020,7,2020-10-25,PIT,0.12131955059475347,0.03957255436562489,73,0.11545593708297523,-0.13161562966655457,64.2
2020_08_PIT_BAL,2020,8,2020-11-01,PIT,-0.015467122130794451,-0.0786018645523701,50,0.10279892263107074,-0.09500553678340931,66.2
2020_09_PIT_DAL,2020,9,2020-11-08,PIT,0.024347924913231934,-0.12876861883712581,64,0.12100743171352653,-0.07334930655855929,63.8
2020_10_CIN_PIT,2020,10,2020-11-15,PIT,0.05044867013419908,-0.2109365453692514,67,0.0947993129202769,-0.10787440314827612,62.0
2020_11_PIT_JAX,2020,11,2020-11-22,PIT,0.0928084447732669,-0.4407054485315772,70,0.06172432767683924,-0.17873045174797803,62.4
2020_12_BAL_PIT,2020,12,2020-12-02,PIT,-0.10175821886793242,-0.3803045355729113,70,0.05469149365693139,-0.16388798458493992,64.8
2020_13_WAS_PIT,2020,13,2020-12-07,PIT,-0.15549206115456435,-0.08234852300069102,67,0.010075939764394215,-0.24786340257264716,64.2
2020_14_PIT_BUF,2020,14,2020-12-13,PIT,-0.2867700617033323,-0.08673819417518493,56,-0.017929048040359764,-0.24861273426231137,67.6
2020_15_PIT_CIN,2020,15,2020-12-21,PIT,-0.33479729557981625,-0.1158364862455051,61,-0.08015264536367261,-0.24020664932992314,66.0
2020_16_IND_PIT,2020,16,2020-12-27,PIT,-0.008451009222734418,0.0031389416675013837,62,-0.15720183850647568,-0.22118663750517387,64.8
2020_17_PIT_CLE,2020,17,2021-01-03,PIT,0.11142232440268511,0.17416746702195846,66,-0.17745372930567593,-0.13241775946535816,63.2
2021_01_PIT_BUF,2021,1,2021-09-12,PIT,-0.06088694845276596,-0.09832721952709135,52,-0.13481762065155245,-0.02152335894638422,62.4
2021_02_LV_PIT,2021,2,2021-09-19,PIT,0.0016314301935342057,0.21759306863174188,56,-0.11589659811119277,-0.024719098251664285,59.4
2021_03_CIN_PIT,2021,3,2021-09-26,PIT,-0.16702867710299044,0.1416154883653634,77,-0.058216299731819465,0.036147154309721076,59.4
2021_04_PIT_GB,2021,4,2021-10-03,PIT,-0.14230645261340494,0.03918115609704359,58,-0.024662576036454296,0.08763754923189478,62.6
2021_05_DEN_PIT,2021,5,2021-10-10,PIT,0.13755812033205791,0.13376691172459967,60,-0.0514336647145884,0.09484599211780323,61.8
2021_06_SEA_PIT,2021,6,2021-10-17,PIT,0.0006549642591046353,-0.05129448376225718,70,-0.046206505528713845,0.08676588105833145,60.6
2021_08_PIT_CLE,2021,8,2021-10-31,PIT,0.05785258950844794,-0.1020401815335876,70,-0.03389812298633972,0.09617242821129827,64.2
2021_09_CHI_PIT,2021,9,2021-11-08,PIT,0.01761491571914592,0.11959706888711322,64,-0.02265389112335698,0.0322457781782324,67.0
2021_10_DET_PIT,2021,10,2021-11-14,PIT,-0.13394759163446487,-0.10556360911934708,80,0.0142748274410703,0.027842094282582365,64.4
2021_11_PIT_LAC,2021,11,2021-11-21,PIT,-0.020688908924196437,0.33891402130503784,65,0.01594659963685831,-0.0011068587606957697,68.8
2021_12_PIT_CIN,2021,12,2021-11-28,PIT,-0.3101300537199361,0.19216735331630191,59,-0.015702806214392552,0.03992256315539187,69.8
2021_13_BAL_PIT,2021,13,2021-12-05,PIT,0.1130304173455518,0.05486228877641704,57,-0.07785980981020071,0.08861493057110367,67.6
2021_14_PIT_MIN,2021,14,2021-12-09,PIT,-0.08083196488335335,0.0025212194304108353,70,-0.06682424424277994,0.11999542463310461,65.0
2021_15_TEN_PIT,2021,15,2021-12-19,PIT,-0.2421579089076804,-0.20352428726355148,44,-0.0865136203632798,0.09658025474176413,66.2
2021_16_PIT_KC,2021,16,2021-12-26,PIT,-0.2797606140157428,0.22632282365529777,69,-0.10815568381792291,0.07698811911292323,59.0
2021_17_CLE_PIT,2021,17,2022-01-03,PIT,-0.09168886076069718,-0.24357500509619573,78,-0.15997002483623218,0.054469879582975236,59.8
2021_18_PIT_BAL,2021,18,2022-01-09,PIT,-0.0630210687531435,-0.24044289881174438,72,-0.11628178624438439,-0.0326785920995243,63.6
2022_01_PIT_CIN,2022,1,2022-09-11,PIT,-0.13268610514139922,-0.2176621978606619,59,-0.15149208346412346,-0.09173962961715658,66.6
2022_02_NE_PIT,2022,2,2022-09-18,PIT,-0.06259911899920094,0.14168396033447173,59,-0.16186291151573262,-0.13577631307537114,64.4
2022_03_PIT_CLE,2022,3,2022-09-22,PIT,-0.03677863704445017,0.111584052411809,55,-0.1259511535340367,-0.06673466355576649,67.4
2022_04_NYJ_PIT,2022,4,2022-10-02,PIT,-0.0803910896106529,0.03747778550577295,60,-0.07735475813977818,-0.08968241780446422,64.6
2022_05_PIT_BUF,2022,5,2022-10-09,PIT,-0.12204620994325663,0.4031078061756918,72,-0.07509520390976934,-0.0334718596840705,61.0
2022_06_TB_PIT,2022,6,2022-10-16,PIT,0.030029905490964164,0.07145102755080304,59,-0.08690023214779197,0.09523828131341674,61.0
2022_07_PIT_MIA,2022,7,2022-10-23,PIT,-0.09683088584517058,-0.032481408184820655,68,-0.05435703002131929,0.15306092639570973,61.0
2022_08_PIT_PHI,2022,8,2022-10-30,PIT,-0.055370190583156335,0.40240865648621155,70,-0.06120338339051321,0.11822785269185125,62.8
2022_10_NO_PIT,2022,10,2022-11-13,PIT,0.016728820420774025,-0.29061924255214294,78,-0.06492169409825445,0.17639277350673174,65.8
2022_11_CIN_PIT,2022,11,2022-11-20,PIT,-0.03862462218363181,0.15575136364689496,68,-0.04549771209196905,0.11077336789514858,69.4
2022_12_PIT_IND,2022,12,2022-11-28,PIT,0.11786849541111666,-0.16187083324214444,67,-0.028813394540044095,0.06130207938938921,68.6
2022_13_PIT_ATL,2022,13,2022-12-04,PIT,0.18008784618441503,-0.008778206210495215,64,-0.011245676556013596,0.014637707230799712,70.2
2022_14_BAL_PIT,2022,14,2022-12-11,PIT,0.018191662327214964,0.050310720180246196,53,0.044138069849903525,0.0193783476256648,69.4
2022_15_PIT_CAR,2022,15,2022-12-18,PIT,0.22951254663483858,0.03912898072345805,67,0.05885044043197779,-0.05104123963552827,66.0
2022_16_LV_PIT,2022,16,2022-12-24,PIT,-0.02033821099249603,-0.17431268603524303,66,0.1014071856747907,0.014908405019591921,63.8
2022_17_PIT_BAL,2022,17,2023-01-01,PIT,0.1534037895300573,0.0013348012406263284,68,0.10506446791301786,-0.051104404916835676,63.4
2022_18_CLE_PIT,2022,18,2023-01-08,PIT,0.07744559709689579,-0.014812979699120644,68,0.11217152673680597,-0.018463278020281523,63.6
2023_01_SF_PIT,2023,1,2023-09-10,PIT,-0.3425858696156259,0.15898401925340763,60,0.09164307691930214,-0.019670232718006612,64.4
2023_02_CLE_PIT,2023,2,2023-09-18,PIT,-0.3919658122247713,-0.2082358624893218,51,0.019487570530733956,0.002064427096625676,65.8
2023_03_PIT_LV,2023,3,2023-09-24,PIT,0.01777267718703178,-0.14435077514740627,59,-0.10480810124118803,-0.04740854154593029,62.6
2023_04_PIT_HOU,2023,4,2023-10-01,PIT,-0.2820349630754044,0.1400425297929599,56,-0.09718592360528246,-0.041416159368362945,61.2
2023_05_BAL_PIT,2023,5,2023-10-08,PIT,-0.02825304761758007,-0.22795378536250974,61,-0.18427367412637477,-0.01367461365789623,58.8
2023_07_PIT_LA,2023,7,2023-10-22,PIT,0.060223924340925,-0.04322662068990788,52,-0.20541340306926995,-0.05630277479057405,57.4
2023_08_JAX_PIT,2023,8,2023-10-29,PIT,-0.24144628118685751,-0.091579910111118,63,-0.12485144427795977,-0.09674490277923714,55.8
2023_09_TEN_PIT,2023,9,2023-11-02,PIT,0.12672774782180604,-0.0025226740998953393,59,-0.09474753807037702,-0.07341371230359639,58.2
2023_10_GB_PIT,2023,10,2023-11-12,PIT,0.0423890853112099,0.0643857397681279,60,-0.07295652394342216,-0.0450480920940942,58.2
2023_11_PIT_CLE,2023,11,2023-11-19,PIT,-0.10724966047796856,-0.13850446899076643,56,-0.008071714266099308,-0.0601794500990606,59.0
2023_12_PIT_CIN,2023,12,2023-11-26,PIT,0.07946452581377549,-0.15613913311285393,65,-0.023871036838177005,-0.04228958682471194,58.0
2023_13_ARI_PIT,2023,13,2023-12-03,PIT,-0.09221512000953318,0.03809573249114291,57,-0.020022916543606908,-0.06487208930930115,60.6
2023_14_NE_PIT,2023,14,2023-12-07,PIT,-0.3059086544382521,-0.05932960258479315,66,0.009823315691857962,-0.038936960788848965,59.4
2023_15_PIT_IND,2023,15,2023-12-16,PIT,-0.31995679991356424,0.05359909834825614,54,-0.07670396476015366,-0.050298346485828524,60.8
2023_16_CIN_PIT,2023,16,2023-12-23,PIT,0.22046579698746552,-0.20901685340722587,58,-0.1491731418051085,-0.052455674769802875,59.6
2023_17_PIT_SEA,2023,17,2023-12-31,PIT,0.2836888304695995,0.12261408835964288,70,-0.08363005031202167,-0.06655815165309477,60.0
2023_18_PIT_BAL,2023,18,2024-01-06,PIT,-0.06786419070346343,-0.28679343830903914,61,-0.04278518938085687,-0.010807507358595403,61.0
2024_01_PIT_ATL,2024,1,2024-09-08,PIT,-0.09979451265639395,-0.35138503203369764,66,-0.03791500351964292,-0.07578534151863181,61.8
2024_02_PIT_DEN,2024,2,2024-09-15,PIT,-0.12062742783946155,-0.24311708793496725,58,0.0033078248367287067,-0.1341964274084127,61.8
2024_03_LAC_PIT,2024,3,2024-09-22,PIT,0.1316070126630572,-0.16468273679844483,63,0.043173699251549236,-0.1935396646650574,62.6
2024_04_PIT_IND,2024,4,2024-09-29,PIT,-0.059012402899375656,0.11364081754727412,67,0.02540194238666758,-0.1846728413433012,63.6
2024_05_DAL_PIT,2024,5,2024-10-06,PIT,0.04542422653076469,0.1131753628813,57,-0.04313830428712744,-0.18646749550577496,63.0
2024_06_PIT_LV,2024,6,2024-10-13,PIT,0.09707485110831894,-0.24397137300249525,61,-0.020480620840281825,-0.10647373526770709,62.2
2024_07_NYJ_PIT,2024,7,2024-10-20,PIT,0.15664224441246177,-0.023287783072662185,66,0.01889325191266076,-0.08499100346146662,61.2
2024_08_NYG_PIT,2024,8,2024-10-28,PIT,0.08404874594364914,0.043494613495584936,61,0.07434718636304542,-0.04102514248900561,62.8
2024_10_PIT_WAS,2024,10,2024-11-10,PIT,-0.022650367114692926,-0.13645924922788852,72,0.06483553301916381,0.000610327569800348,62.4
2024_11_BAL_PIT,2024,11,2024-11-17,PIT,-0.2507253060152086,-0.10600444784829538,72,0.07210794017610037,-0.04940968578523218,63.4
2024_12_PIT_CLE,2024,12,2024-11-21,PIT,-0.036713675725190686,0.0052255449527385785,68,0.012878033666905708,-0.09324564793115124,66.4
2024_13_PIT_CIN,2024,13,2024-12-01,PIT,0.27613297432982464,-0.0004929456742833562,64,-0.01387967169979622,-0.043406264340104486,67.8
2024_14_CLE_PIT,2024,14,2024-12-08,PIT,-0.10542690436555908,-0.16220861044955417,60,0.010018474283676354,-0.03884729686042872,67.4
2024_15_PIT_PHI,2024,15,2024-12-15,PIT,-0.2778170759312048,0.19869709359830184,41,-0.027876655778165293,-0.07998794164945655,67.2
2024_16_PIT_BAL,2024,16,2024-12-21,PIT,-0.17896074560762903,0.17810179664736042,59,-0.07890999754146767,-0.012956673084218467,61.0
2024_17_KC_PIT,2024,17,2024-12-25,PIT,-0.11093377590989567,0.31503068699678116,73,-0.06455708545995176,0.043864575814912696,58.4
2024_18_CIN_PIT,2024,18,2025-01-04,PIT,-0.1747617132745999,-0.028872098026185216,58,-0.07940110549689275,0.1058256042237212,59.4
2025_01_PIT_NYJ,2025,1,2025-09-07,PIT,0.17033562458164134,0.21197511287386875,53,-0.16958004301777765,0.10014977375334085,58.2
2025_02_SEA_PIT,2025,2,2025-09-14,PIT,-0.17684637534611305,0.07425628441474218,59,-0.11442753722833758,0.17498651841802543,56.8
2025_03_PIT_NE,2025,3,2025-09-21,PIT,-0.05209427356084748,-0.15746352048861323,46,-0.09423339711131924,0.15009835658131349,60.4
2025_04_MIN_PIT,2025,4,2025-09-28,PIT,0.19872039256120266,0.04434651494090252,51,-0.06886010270196292,0.08298529315411876,57.8
2025_06_CLE_PIT,2025,6,2025-10-12,PIT,0.13015411187084536,-0.18536203440857055,55,-0.006929269007743255,0.028848458742943027,53.4
2025_07_PIT_CIN,2025,7,2025-10-16,PIT,0.36488681497630077,0.32944476488115476,54,0.054053896021345804,-0.00244952853353404,52.8
2025_08_GB_PIT,2025,8,2025-10-26,PIT,-0.15699676583711514,0.32949494615055075,58,0.09296413410027768,0.02104440186792316,53.0
2025_09_IND_PIT,2025,9,2025-11-02,PIT,-0.1134796960845264,-0.12281911859057469,60,0.09693405600207726,0.07209213421508488,52.8
2025_10_PIT_LAC,2025,10,2025-11-09,PIT,-0.37660531342131115,-0.08252314845889028,50,0.0846569714973415,0.07902101459469257,55.6
2025_11_CIN_PIT,2025,11,2025-11-16,PIT,0.19927468115696842,-0.236713407700129,59,-0.03040816969916128,0.05364708191473403,55.4
2025_12_PIT_CHI,2025,12,2025-11-23,PIT,0.0010508614814961734,0.01378506184961941,69,-0.016584055841936667,0.04337680725642233,56.2
2025_13_BUF_PIT,2025,13,2025-11-30,PIT,-0.4242491542746118,0.10006494115789154,43,-0.08935124654089757,-0.019755133349884723,59.2
2025_14_PIT_BAL,2025,14,2025-12-07,PIT,0.26883418334592607,0.013068931791815798,50,-0.14280172422839693,-0.06564113434841656,56.2
2025_15_MIA_PIT,2025,15,2025-12-15,PIT,0.223225180653014,-0.04027871940113572,62,-0.06633894834230641,-0.03846352427193847,54.2
2025_16_PIT_DET,2025,16,2025-12-21,PIT,0.2117451658375279,0.10131214237048737,70,0.0536271504725586,-0.03001463846038756,56.6
2025_17_PIT_CLE,2025,17,2025-12-28,PIT,-0.2044288532304102,-0.2336614750163306,63,0.056121247408670506,0.03759047155373572,58.8
2025_18_BAL_PIT,2025,18,2026-01-04,PIT,0.05849587082471776,0.13874552093837494,73,0.015025304466289219,-0.011898835819454289,57.6
2026_01_ATL_PIT,2026,1,2026-09-13,PIT,-0.3027764990925035,-0.3210057183179151,61,0.11157430948615513,-0.0041627198633576055,63.6
2016_01_MIA_SEA,2016,1,2016-09-11,SEA,-0.15476022098222617,-0.1850392512795972,78,,,
2016_02_SEA_LA,2016,2,2016-09-18,SEA,-0.07028461060660632,-0.10163233572071241,61,,,
2016_03_SF_SEA,2016,3,2016-09-25,SEA,0.07754774664432407,-0.11225549744945802,64,,,
2016_04_SEA_NYJ,2016,4,2016-10-02,SEA,0.2250347931386437,-0.013029142923586092,57,-0.049165694981502805,-0.13297569481658922,67.66666666666667
2016_06_ATL_SEA,2016,6,2016-10-16,SEA,0.1093528334571466,0.053962509286451465,62,0.01938442704853382,-0.10298905684333844,65.0
2016_07_SEA_ARI,2016,7,2016-10-23,SEA,-0.1960953530945595,-0.09843021210745646,57,0.03737810833025638,-0.07159874361738046,64.4
2016_08_SEA_NO,2016,8,2016-10-30,SEA,-0.007653091515513351,-0.057536653703847584,52,0.029111081907789705,-0.054276935782952306,60.2
2016_09_BUF_SEA,2016,9,2016-11-07,SEA,0.1949294729989933,0.15996792861265996,41,0.0416373857260083,-0.04545779937957935,58.4
2016_10_SEA_NE,2016,10,2016-11-13,SEA,0.25116316435738223,0.057671303322228265,67,0.06511373099694215,0.008986885832844255,53.8
2016_11_PHI_SEA,2016,11,2016-11-20,SEA,0.13518577744095245,-0.10149676095071954,60,0.07033940524068985,0.023126975082007124,55.8
2016_12_SEA_TB,2016,12,2016-11-27,SEA,-0.34530962129644416,-0.014111510189095282,61,0.07550599403745102,-0.007964878965427075,55.4
2016_13_CAR_SEA,2016,13,2016-12-04,SEA,0.246995320772294,-0.2782219243839521,71,0.04566314039707409,0.008898861418245162,56.2
2016_14_SEA_GB,2016,14,2016-12-11,SEA,-0.33012193456039446,0.15220212381108297,68,0.09659282285463555,-0.03523819271777574,60.0
2016_15_LA_SEA,2016,15,2016-12-15,SEA,0.13420845512748317,-0.4139013687633728,55,-0.008417458657241994,-0.03679135367809114,65.4
2016_16_ARI_SEA,2016,16,2016-12-24,SEA,-0.013641482466773654,0.09089793843596243,79,-0.0318084005032218,-0.13110588809521134,63.0
2016_17_SEA_SF,2016,17,2017-01-01,SEA,0.09268980407404044,-0.1328518419299814,63,-0.06157385248476701,-0.09262694821787495,66.8
2017_01_SEA_GB,2017,1,2017-09-10,SEA,-0.2603175031690255,0.008339308617079115,48,0.026026032589329905,-0.11637501456605218,67.2
2017_02_SF_SEA,2017,2,2017-09-17,SEA,-0.05877947273151489,-0.2354682420454629,75,-0.07543653219893401,-0.05906276796584594,62.6
2017_03_SEA_TEN,2017,3,2017-09-24,SEA,0.0838018357711908,0.025956934808570583,73,-0.021168039833158077,-0.13659684113715512,64.0
2017_04_IND_SEA,2017,4,2017-10-01,SEA,0.2931267367145119,-0.26925327935264626,63,-0.031249363704416548,-0.04862518042276643,67.6
2017_05_SEA_LA,2017,5,2017-10-08,SEA,-0.2501759017296055,-0.21749702589980438,64,0.030104280131840556,-0.12065542398048816,64.4
2017_07_SEA_NYG,2017,7,2017-10-22,SEA,0.030692889656861816,-0.3298123622891969,70,-0.038468861028888635,-0.13758446077445277,64.6
2017_08_HOU_SEA,2017,8,2017-10-29,SEA,0.12744489593661493,0.17533228910142326,62,0.019733217536288834,-0.205214794955708,69.0
2017_09_WAS_SEA,2017,9,2017-11-05,SEA,-0.03135843392389446,-0.18366745337969917,76,0.0569780912699148,-0.12305468872633071,66.4
2017_10_SEA_ARI,2017,10,2017-11-09,SEA,-0.0211603700743896,-0.22359855664283834,58,0.03394603733089775,-0.16497956636398467,67.0
2017_11_ATL_SEA,2017,11,2017-11-20,SEA,0.03928182899341467,0.1591166959835054,69,-0.028911384026882554,-0.1558486218220231,66.0
2017_12_SEA_SF,2017,12,2017-11-26,SEA,0.023438455143906026,-0.23389904035260578,63,0.028980162117721486,-0.08052587744536115,67.0
2017_13_PHI_SEA,2017,13,2017-12-03,SEA,0.12484448181286673,-0.04593489555522545,57,0.02752927521513033,-0.06134321305804291,65.6
2017_14_SEA_JAX,2017,14,2017-12-10,SEA,0.03447873349254677,0.18219215035739678,57,0.027009192390380687,-0.10559664998937265,64.6
2017_15_LA_SEA,2017,15,2017-12-17,SEA,-0.51633093036556,0.06188391555064833,54,0.04017662587366893,-0.03242472924195346,60.8
2017_16_SEA_DAL,2017,16,2017-12-24,SEA,-0.12681923401610487,-0.24625142180434142,51,-0.05885748618456514,0.024671765196743876,60.0
2017_17_ARI_SEA,2017,17,2017-12-31,SEA,-0.05464909300296264,-0.0915402697788917,54,-0.09207769878646906,-0.05640185836082549,56.4
2018_01_SEA_DEN,2018,1,2018-09-09,SEA,-0.06927160718653398,-0.10926794875487672,55,-0.10769520841584279,-0.027930104246082676,54.6
2018_02_SEA_CHI,2018,2,2018-09-17,SEA,-0.20422196158228945,-0.08556318659617546,61,-0.14651842621572292,-0.04059671488601293,54.2
2018_03_DAL_SEA,2018,3,2018-09-23,SEA,0.015311542596723411,-0.23482525923481004,66,-0.19425856523069016,-0.09414778227672738,55.0
2018_04_SEA_ARI,2018,4,2018-09-30,SEA,0.02903705065222641,-0.1167909083114599,61,-0.08793007063823349,-0.15348961723381904,57.4
2018_05_LA_SEA,2018,5,2018-10-07,SEA,0.24432719145636242,0.2146428994779881,55,-0.056758813704567236,-0.12759751453524276,59.4
2018_06_SEA_OAK,2018,6,2018-10-14,SEA,0.24540235990923762,-0.2750006957129961,59,0.003036443187297777,-0.06636088068386678,59.6
2018_08_SEA_DET,2018,8,2018-10-28,SEA,0.2380710930399383,-0.021771617150599405,61,0.0659712366064521,-0.09950743007549066,60.4
2018_09_LAC_SEA,2018,9,2018-11-04,SEA,-0.07678929365089396,0.1969522446649228,73,0.15442984753089764,-0.08674911618637546,60.4
2018_10_SEA_LA,2018,10,2018-11-11,SEA,0.23924468889166048,0.3333404706138935,63,0.13600968028137417,-0.00039361540642888213,61.8
2018_11_GB_SEA,2018,11,2018-11-15,SEA,0.023946361231866407,0.18264300598900804,66,0.178051207929261,0.08963266037864179,62.2
2018_12_SEA_CAR,2018,12,2018-11-25,SEA,0.28716376405084154,0.2019313121588961,58,0.13397504188436177,0.08323268168084579,64.4
2018_13_SF_SEA,2018,13,2018-12-02,SEA,0.35992243974504695,-0.09543510285594296,48,0.14232732271268259,0.17861908325522421,64.2
2018_14_MIN_SEA,2018,14,2018-12-10,SEA,-0.07777183506158264,-0.30299924057681926,63,0.1666975920537043,0.1638863861141555,61.6
2018_15_SEA_SF,2018,15,2018-12-16,SEA,0.15394311721473602,0.0021388170306415122,69,0.16650108377156658,0.0638960890658071,59.6
2018_16_KC_SEA,2018,16,2018-12-23,SEA,0.2655513350152718,0.19004906030163288,71,0.14944076943618168,-0.0023442416508432915,60.8
2018_17_ARI_SEA,2018,17,2018-12-30,SEA,-0.12633395667603445,-0.3448438106218145,60,0.19776176419286276,-0.0008630307883183252,61.8
2019_01_CIN_SEA,2019,1,2019-09-08,SEA,-0.1704959355516389,0.0010857550682123128,47,0.11506222004748753,-0.11021805534446046,62.2
2019_02_SEA_PIT,2019,2,2019-09-15,SEA,0.05783463005988379,-0.0748033934058836,69,0.008978544988150377,-0.09091388375962939,62.0
2019_03_NO_SEA,2019,3,2019-09-22,SEA,-0.02863228037604131,0.10171490987305365,75,0.036099838012443666,-0.04527471432544225,63.2
2019_04_SEA_ARI,2019,4,2019-09-29,SEA,0.15641691894468177,-0.11238311359560198,59,-0.0004152415057118032,-0.02535949575695982,64.4
2019_05_LA_SEA,2019,5,2019-10-03,SEA,0.15879725313874413,0.16023095307335278,66,-0.02224212471982981,-0.0858459305364068,62.0
2019_06_SEA_CLE,2019,6,2019-10-13,SEA,0.19293823802444882,-0.0491653750979792,73,0.034784117243125905,0.01516902220262667,63.2
2019_07_BAL_SEA,2019,7,2019-10-20,SEA,-0.2108899642021828,0.16522772029149754,68,0.10747095195834344,0.005118796169388366,68.4
2019_08_SEA_ATL,2019,8,2019-10-27,SEA,0.20400942241165781,0.1104608715488022,53,0.053726033105930125,0.0531250189088646,68.2
2019_09_TB_SEA,2019,9,2019-11-03,SEA,0.20912234053259796,0.17478499729455862,69,0.10025437366346997,0.0548742112440143,63.8
2019_10_SEA_SF,2019,10,2019-11-11,SEA,-0.29792706262007784,-0.3558093840986777,72,0.1107954579810532,0.11230783342204642,65.8
2019_12_SEA_PHI,2019,12,2019-11-24,SEA,-0.09621325434631288,-0.30896419230825056,56,0.019450594829288802,0.00909976598764034,67.0
2019_13_MIN_SEA,2019,13,2019-12-02,SEA,0.09916512885342994,-0.01679263038171336,75,-0.03837970364486354,-0.042859997454413934,63.6
2019_14_SEA_LA,2019,14,2019-12-08,SEA,-0.12154215516743085,0.11130516155043797,62,0.023631314966259014,-0.07926406758905612,65.0
2019_15_SEA_CAR,2019,15,2019-12-15,SEA,0.27496882635174896,0.01425123404376922,61,-0.04147900054955872,-0.07909520958872897,66.8
2019_16_ARI_SEA,2019,16,2019-12-22,SEA,-0.24699455082929014,0.1523132861960012,56,-0.028309703385728524,-0.11120196223888683,65.2
2019_17_SF_SEA,2019,17,2019-12-29,SEA,0.10653045401351327,0.37498537227124945,70,-0.018123201027570986,-0.009577428179951058,62.0
2020_01_SEA_ATL,2020,1,2020-09-13,SEA,0.3228372052786408,-0.011682406761209152,57,0.022425540644394247,0.12721248473594896,64.8
2020_02_NE_SEA,2020,2,2020-09-20,SEA,0.21713327392935752,0.1916119466896735,60,0.06715995592943642,0.1282345294600498,61.2
2020_03_DAL_SEA,2020,3,2020-09-27,SEA,0.07277624245138639,0.1342558997751515,70,0.1348950417487941,0.14429588648789687,60.8
2020_04_SEA_MIA,2020,4,2020-10-04,SEA,0.23560874943666982,0.06609173700190733,59,0.09445652496872158,0.16829681963417334,62.6
2020_05_MIN_SEA,2020,5,2020-10-11,SEA,0.06786615438765038,0.09321340273249289,53,0.19097718502191358,0.15105250979535456,63.2
2020_07_SEA_ARI,2020,7,2020-10-25,SEA,0.1136944847123917,0.07198948011413757,82,0.183244325096741,0.09469811588760324,59.8
2020_08_SF_SEA,2020,8,2020-11-01,SEA,0.27115268576417073,0.19579565355525297,64,0.1414157809834912,0.1114324932626726,64.8
2020_09_SEA_BUF,2020,9,2020-11-08,SEA,0.02421769648577599,0.25410162749325116,63,0.15221966335045384,0.11226923463578849,65.6
2020_10_SEA_LA,2020,10,2020-11-15,SEA,-0.18412037723055744,0.08599733405398874,65,0.14250795415733172,0.13623838017940842,64.2
2020_11_ARI_SEA,2020,11,2020-11-19,SEA,0.2054197975830147,0.13338364317407092,61,0.0585621288238863,0.14021949958982471,65.4
2020_12_SEA_PHI,2020,12,2020-11-30,SEA,-0.05995301218311831,-0.1634522581523154,61,0.08607285746295916,0.1482535476781403,67.0
2020_13_NYG_SEA,2020,13,2020-12-06,SEA,-0.24316927214134068,-0.04566305986637896,70,0.05134335808385715,0.1011652000248497,62.8
2020_14_NYJ_SEA,2020,14,2020-12-13,SEA,0.20768311300954467,-0.33528356075944105,68,-0.05152103349724514,0.052873457340523324,64.0
2020_15_SEA_WAS,2020,15,2020-12-20,SEA,0.07539109484441883,0.0032761944923496824,50,-0.0148279501924914,-0.06500358031001512,65.0
2020_16_LA_SEA,2020,16,2020-12-27,SEA,0.03422703093164677,-0.1343868355793185,59,0.03707434422250385,-0.08154780822234294,62.0
2020_17_SEA_SF,2020,17,2021-01-03,SEA,0.08532803882516743,0.022590403317009233,64,0.0028357908922302653,-0.13510190397302083,61.6
2021_01_SEA_IND,2021,1,2021-09-12,SEA,0.1977419437717576,-0.09623154199718663,53,0.031892001093887415,-0.0978933716791559,62.2
2021_02_TEN_SEA,2021,2,2021-09-19,SEA,0.15459413642010494,0.1629477886342436,52,0.12007424427650706,-0.10800706810531742,58.8
2021_03_SEA_MIN,2021,3,2021-09-26,SEA,0.09625435473239105,0.23114050706555953,52,0.10945644895861913,-0.00836079822658049,55.6
2021_04_SEA_SF,2021,4,2021-10-03,SEA,-0.06916201456400674,0.08163940663921272,52,0.11362910093621356,0.037212064288061474,56.0
2021_05_LA_SEA,2021,5,2021-10-07,SEA,-0.08367852495165226,0.2150125348387122,60,0.09295129183708287,0.08041731273176773,54.6
2021_06_SEA_PIT,2021,6,2021-10-17,SEA,-0.05129448376225718,0.0006549642591046353,62,0.05914997908171893,0.11890173903610832,53.8
2021_07_NO_SEA,2021,7,2021-10-25,SEA,-0.12210506913009962,-0.1487624654637012,54,0.009342693574915968,0.13827904028736657,55.6
2021_08_JAX_SEA,2021,8,2021-10-31,SEA,0.03207980669657987,-0.1496829164233569,52,-0.045997147535124946,0.0759369894677776,56.0
2021_10_SEA_GB,2021,10,2021-11-14,SEA,-0.3032766637674501,0.0642450734260211,59,-0.058832057142287175,-0.0002276952300056756,56.0
2021_11_ARI_SEA,2021,11,2021-11-21,SEA,-0.11601083221104083,0.18013296940262163,49,-0.10565498698297585,-0.0037065618726440015,57.4
2021_12_SEA_WAS,2021,12,2021-11-29,SEA,-0.09303834595313579,0.02501462800709931,46,-0.11212144843485357,-0.010682474959862109,55.2
2021_13_SF_SEA,2021,13,2021-12-05,SEA,-0.060245535429937026,0.0008181276877192158,67,-0.12047022087302928,-0.005810542210263174,52.0
2021_14_SEA_HOU,2021,14,2021-12-12,SEA,0.34372740369395516,-0.14047546017473683,58,-0.10809831413299678,0.024105576420020907,54.6
2021_15_SEA_LA,2021,15,2021-12-21,SEA,-0.2265942292893519,-0.08300676775042735,53,-0.04576879473352171,0.025947067669744917,55.8
2021_16_CHI_SEA,2021,16,2021-12-26,SEA,0.15440141910426747,0.073711431019396,53,-0.030432307837902083,-0.0035033005655447673,54.6
2021_17_DET_SEA,2021,17,2022-01-02,SEA,0.41081123794473073,0.03229591831613712,69,0.023650142425159577,-0.02478760824218989,55.4
2021_18_SEA_ARI,2021,18,2022-01-09,SEA,0.18176256709474584,-0.02285908263016338,56,0.12442005920473287,-0.023331350180382328,60.0
2022_01_DEN_SEA,2022,1,2022-09-12,SEA,0.02016844452216138,0.08402912304516558,46,0.17282167970966947,-0.028066792243958843,57.8
2022_02_SEA_SF,2022,2,2022-09-18,SEA,-0.35276488574008713,0.028184325514091085,47,0.1081098878753107,0.016834124400021636,55.4
2022_03_ATL_SEA,2022,3,2022-09-25,SEA,0.19240257909789435,0.31956693503815153,69,0.08287575658516366,0.039072343052925326,54.2
2022_04_SEA_DET,2022,4,2022-10-02,SEA,0.5991196454990413,0.2653960571749985,61,0.09047598858388903,0.08824344385667643,57.4
2022_05_SEA_NO,2022,5,2022-10-09,SEA,-0.0025057970287315533,0.09310855429365922,50,0.12813767009475113,0.1348634716284487,55.8
2022_06_ARI_SEA,2022,6,2022-10-16,SEA,-0.19058264973341846,-0.20328896572878288,66,0.09128399727005568,0.15805699901321324,54.6
2022_07_SEA_LAC,2022,7,2022-10-23,SEA,0.12802792367268181,-0.24374388659835214,61,0.04913377841893969,0.10059338125842351,58.6
2022_08_NYG_SEA,2022,8,2022-10-30,SEA,-0.09442014092243546,-0.10184879519542413,61,0.14529234030149346,0.04620773883593489,61.4
2022_09_SEA_ARI,2022,9,2022-11-06,SEA,0.08884308019679586,-0.15286356392917683,68,0.0879277962974275,-0.038075407210780246,59.8
2022_10_SEA_TB,2022,10,2022-11-13,SEA,0.01026109257959047,0.16604592297822918,51,-0.014127516763021574,-0.12172733143161532,61.2
2022_12_LV_SEA,2022,12,2022-11-27,SEA,0.03376537342355341,0.20789613169605248,62,-0.011574138841357171,-0.10713985769470132,61.4
2022_13_SEA_LA,2022,13,2022-12-04,SEA,0.1457132227223395,-0.04537545003228479,64,0.033295465790037206,-0.024902838209734234,60.6
2022_14_CAR_SEA,2022,14,2022-12-11,SEA,-0.07895279309414796,0.1674021187320643,53,0.03683252559996873,0.014770849103479228,61.2
2022_15_SF_SEA,2022,15,2022-12-15,SEA,-0.24123157086718805,0.20574411601811235,61,0.039925995165626234,0.06862103188897692,59.6
2022_16_SEA_KC,2022,16,2022-12-24,SEA,-0.22398312549118712,0.01490705304589277,73,-0.026088935047170546,0.14034256787843474,58.2
2022_17_NYJ_SEA,2022,17,2023-01-01,SEA,-0.030148764161399305,-0.32298622872729177,71,-0.07293777866132607,0.11011479389196747,62.6
2022_18_LA_SEA,2022,18,2023-01-08,SEA,-0.10295518274334513,-0.1197697947497387,69,-0.0857206061783166,0.003938321807298617,64.4
2023_01_LA_SEA,2023,1,2023-09-10,SEA,-0.1075040976393188,0.27402946659745997,46,-0.13545428727145353,-0.010940547136192164,65.4
2023_02_SEA_DET,2023,2,2023-09-17,SEA,0.24343185507701826,-0.04237972341322588,66,-0.1411645481804877,0.010384922436886972,64.0
2023_03_CAR_SEA,2023,3,2023-09-24,SEA,0.20921183329274842,0.04581659013250206,68,-0.04423186299164644,-0.039239845449380674,65.0
2023_04_SEA_NYG,2023,4,2023-10-02,SEA,-0.114886375461754,-0.4532766870056074,51,0.04240712876514067,-0.033057938032058816,64.0
2023_06_SEA_CIN,2023,6,2023-10-15,SEA,-0.06760867389978475,-0.10075903137140155,70,0.025459606505069732,-0.059116029687721935,60.0
2023_07_ARI_SEA,2023,7,2023-10-22,SEA,0.021397064206919697,-0.21504111562402864,56,0.03252890827378181,-0.0553138770120545,60.2
2023_08_CLE_SEA,2023,8,2023-10-29,SEA,0.0691586181836274,-0.08579944052201051,54,0.0583091406430295,-0.15312799345635222,62.2
2023_09_SEA_BAL,2023,9,2023-11-05,SEA,-0.4455855544696665,0.19018535696173633,46,0.023454493264351332,-0.16181193687810916,59.8
2023_10_WAS_SEA,2023,10,2023-11-12,SEA,0.09782280678047373,0.1091561289818323,73,-0.10750498428813167,-0.13293818351226233,55.4
2023_11_SEA_LA,2023,11,2023-11-19,SEA,-0.0083642200624476,-0.16330574085450691,61,-0.06496314783968611,-0.020451620314774356,59.8
2023_12_SF_SEA,2023,12,2023-11-23,SEA,-0.264911920756285,0.10954378314662998,54,-0.053114257072218674,-0.032960962211395425,58.0
2023_13_SEA_DAL,2023,13,2023-11-30,SEA,0.1319885657045118,0.17725046138628708,63,-0.11037605406485962,0.03195601754273629,57.6
2023_14_SEA_SF,2023,14,2023-12-10,SEA,-0.12247094398922387,0.2630194051262851,56,-0.09781006456068272,0.08456599792439581,59.4
2023_15_PHI_SEA,2023,15,2023-12-18,SEA,0.05764850232119893,0.11432601304566495,58,-0.033187142464594206,0.09913280755730555,61.4
2023_16_SEA_TEN,2023,16,2023-12-24,SEA,0.13119076369784954,0.09455044940788755,59,-0.041222003356449155,0.10016678437007209,58.4
2023_17_PIT_SEA,2023,17,2023-12-31,SEA,0.12261408835964288,0.2836888304695995,49,-0.01331100660438973,0.15173802242255097,58.0
2023_18_SEA_ARI,2023,18,2024-01-07,SEA,0.1125584719604875,0.23259490097564622,54,0.06419419521879585,0.1865670318871449,57.0
2024_01_DEN_SEA,2024,1,2024-09-08,SEA,-0.07988829853523001,-0.31107731981348746,58,0.06030817646999098,0.1976359198050167,55.2
2024_02_SEA_NE,2024,2,2024-09-15,SEA,0.02222977426838338,0.05643542399823568,64,0.06882470556078976,0.0828165748170622,55.6
2024_03_MIA_SEA,2024,3,2024-09-22,SEA,-0.004640908284680594,-0.43057976839764395,58,0.06174095995022664,0.07123845700757635,56.8
2024_04_SEA_DET,2024,4,2024-09-30,SEA,0.08613013850663422,0.4577093620609958,79,0.034574625553720616,-0.033787586553529945,56.6
2024_05_NYG_SEA,2024,5,2024-10-06,SEA,-0.09542315789686209,0.01300696217955271,58,0.02727783558311888,0.001016519764749313,62.6
2024_06_SF_SEA,2024,6,2024-10-10,SEA,0.013638107798100731,0.340497171146345,72,-0.014318490388351039,-0.04290106799446939,63.4
2024_07_SEA_ATL,2024,7,2024-10-20,SEA,0.1131318122023641,-0.09877075560005133,56,0.0043867908783151105,0.0874138301974971,66.2
2024_08_BUF_SEA,2024,8,2024-10-27,SEA,-0.21150003550330926,0.31383554172262085,46,0.022567198465111255,0.056372594277839694,64.6
2024_09_LA_SEA,2024,9,2024-11-03,SEA,-0.24853514300815582,-0.027722658965730843,73,-0.01880462697861448,0.20525565630189266,62.2
2024_11_SEA_SF,2024,11,2024-11-17,SEA,0.0034594915832335915,0.1029588972261694,59,-0.08573768328157248,0.10816925209654733,61.0
2024_12_ARI_SEA,2024,12,2024-11-24,SEA,-0.06546132758983621,-0.1847070503206257,59,-0.06596115338555333,0.12615963910587066,61.2
2024_13_SEA_NYJ,2024,13,2024-12-01,SEA,-0.01596439009645791,-0.27016031154503506,56,-0.08178104046314075,0.021118794812476527,58.6
2024_14_SEA_ARI,2024,14,2024-12-08,SEA,0.15525940599889404,-0.06725611021829739,61,-0.10760028092290515,-0.01315911637652022,58.6
2024_15_GB_SEA,2024,15,2024-12-15,SEA,-0.33940678994108925,0.06743098281807638,56,-0.03424839262246447,-0.08937744676470387,61.6
2024_16_MIN_SEA,2024,16,2024-12-22,SEA,0.03819092147175594,0.09505266635780972,60,-0.05242272200905116,-0.07034671840794242,58.2
2024_17_SEA_CHI,2024,17,2024-12-26,SEA,-0.17081621145457898,-0.20850898979649193,50,-0.0454764360313467,-0.07192796458161435,58.4
2024_18_SEA_LA,2024,18,2025-01-05,SEA,0.24005317011635172,0.02409587900480262,53,-0.06654741280429526,-0.0766883524767876,56.6
2025_01_SF_SEA,2025,1,2025-09-07,SEA,-0.265391186094444,0.11244347842868568,49,-0.015343900761733332,-0.01783711436682007,56.0
2025_02_SEA_PIT,2025,2,2025-09-14,SEA,0.07425628441474218,-0.17684637534611305,64,-0.09947401918040093,0.018102803362576546,53.6
2025_03_NO_SEA,2025,3,2025-09-21,SEA,0.1411826581750243,-0.11915033467639927,53,-0.016741404309234646,-0.03075266827026134,55.2
2025_04_SEA_ARI,2025,4,2025-09-25,SEA,0.05527675193449541,-0.08130371034049266,64,0.0038569430314190243,-0.07359326847710315,53.8
2025_05_TB_SEA,2025,5,2025-10-05,SEA,0.40564259705959244,0.39668352996929396,54,0.049075535709233904,-0.048152212585903284,56.6
2025_06_SEA_JAX,2025,6,2025-10-12,SEA,0.051627135239407373,-0.021846653996281398,51,0.08219342109788205,0.026365317606994988,56.8
2025_07_HOU_SEA,2025,7,2025-10-20,SEA,-0.2483187254177334,-0.31004925549555545,65,0.1455970853646523,-0.0004927088779984295,57.2
2025_09_SEA_WAS,2025,9,2025-11-02,SEA,0.4484156475213809,-0.01966609920735561,48,0.08108208339815721,-0.027133284907886912,57.4
2025_10_ARI_SEA,2025,10,2025-11-09,SEA,0.0737041313480599,-0.21090279241203252,54,0.14252868126742854,-0.007236437814078176,56.4
2025_11_SEA_LA,2025,11,2025-11-16,SEA,-0.1996551647972019,-0.17388195808161983,79,0.14621415715014144,-0.03315625422838615,54.4
2025_12_SEA_TEN,2025,12,2025-11-23,SEA,0.29043922414280715,-0.0052869024993849245,46,0.025154604778782574,-0.1472693518385689,59.4
2025_13_MIN_SEA,2025,13,2025-11-30,SEA,-0.1778850900669003,-0.7026966656261238,62,0.07291702255946253,-0.14395740153918962,58.4
2025_14_SEA_ATL,2025,14,2025-12-07,SEA,0.15181387743784508,-0.35601545536990825,58,0.08700374962962915,-0.22248688356530327,57.8
2025_15_IND_SEA,2025,15,2025-12-14,SEA,-0.04144017157500245,-0.09799451798336897,56,0.02768339561292199,-0.2897567547978138,59.8
2025_16_LA_SEA,2025,16,2025-12-18,SEA,0.03187544195747648,0.24381706246044457,65,0.004654535028309518,-0.2671750999120811,60.2
2025_17_SEA_CAR,2025,17,2025-12-28,SEA,-0.05358890314740905,-0.5107222867168542,65,0.0509606563792452,-0.18363529580366822,57.4
2025_18_SEA_SF,2025,18,2026-01-03,SEA,0.06867175021080515,-0.358990701150869,64,-0.017844969078798043,-0.28472237264716205,61.2
2026_01_NE_SEA,2026,1,2026-09-09,SEA,0.06560319343278394,-0.1096282705405689,47,0.03146639897674305,-0.21598117975211112,61.6
2016_01_LA_SF,2016,1,2016-09-12,SF,-3.447671157405957e-05,-0.46859109381379527,76,,,
2016_02_SF_CAR,2016,2,2016-09-18,SF,-0.24005917932096874,0.08031203575228281,64,,,
2016_03_SF_SEA,2016,3,2016-09-25,SF,-0.11225549744945802,0.07754774664432407,57,,,
2016_04_DAL_SF,2016,4,2016-10-02,SF,0.0029053043464487816,0.26070098868506797,52,-0.1174497178273336,-0.10357710380572947,65.66666666666667
2016_05_ARI_SF,2016,5,2016-10-06,SF,-0.1738261227980508,-0.0077228528126106755,74,-0.08736096228388801,-0.012507580683030109,62.25
2016_06_SF_BUF,2016,6,2016-10-16,SF,-0.1019938640178363,0.17843686367224815,59,-0.10465399438672056,-0.011550635108946222,64.6
2016_07_TB_SF,2016,7,2016-10-23,SF,-0.12497582125746573,0.21447894512772447,66,-0.125045871847973,0.11785495638826245,61.2
2016_09_NO_SF,2016,9,2016-11-06,SF,-0.1330790784912788,0.3693126208582941,57,-0.10202920023527243,0.14468833826335076,61.6
2016_10_SF_ARI,2016,10,2016-11-13,SF,-0.03044565217368166,-0.13549612981694714,61,-0.10619391644363659,0.20304131310614476,61.6
2016_11_NE_SF,2016,11,2016-11-20,SF,-0.026389951281819306,0.18607825829129102,62,-0.11286410774766267,0.12380188940574177,63.4
2016_12_SF_MIA,2016,12,2016-11-27,SF,0.13055600657942346,0.22579883848192342,72,-0.08337687344441637,0.16256211162652212,61.0
2016_13_SF_CHI,2016,13,2016-12-04,SF,-0.29316334047867554,0.06075441956504196,54,-0.03686689932496441,0.17203450658845715,63.6
2016_14_NYJ_SF,2016,14,2016-12-11,SF,-0.044419588741771064,0.06018295469362649,55,-0.07050440316920636,0.14128960147592068,61.2
2016_15_SF_ATL,2016,15,2016-12-18,SF,-0.06287249617744237,0.32243749689262896,55,-0.05277250521930481,0.07946366824298715,60.8
2016_16_SF_LA,2016,16,2016-12-24,SF,-0.04822403535431744,-0.27156681131912463,68,-0.05925787402005696,0.17105039358490237,59.6
2016_17_SEA_SF,2016,17,2017-01-01,SF,-0.1328518419299814,0.09268980407404044,57,-0.06362469083455659,0.07952137966281923,60.8
2017_01_CAR_SF,2017,1,2017-09-10,SF,-0.4132850831266734,-0.037733972891841,54,-0.11630626053643756,0.05289957278124263,57.8
2017_02_SF_SEA,2017,2,2017-09-17,SF,-0.2354682420454629,-0.05877947273151489,48,-0.14033060906603714,0.033201894289866044,57.8
2017_03_LA_SF,2017,3,2017-09-21,SF,0.031107848102949007,0.3435518395230923,75,-0.1785403397267755,0.009409408804837763,56.4
2017_04_SF_ARI,2017,4,2017-10-01,SF,-0.12626957227075633,-0.09863298056893072,79,-0.15974427087069723,0.01363227733093043,60.4
2017_05_SF_IND,2017,5,2017-10-08,SF,0.09193616151977657,0.01866284109814029,70,-0.175353378253985,0.04821904348096921,62.6
2017_06_SF_WAS,2017,6,2017-10-15,SF,0.050755682920458324,-0.002462731634350078,70,-0.13039577756403342,0.03341365088578919,65.2
2017_07_DAL_SF,2017,7,2017-10-22,SF,-0.2185408437921209,0.34457429387902044,65,-0.037587624354607066,0.04046789913728737,68.4
2017_08_SF_PHI,2017,8,2017-10-29,SF,-0.3597433159800016,-0.05764678485698026,64,-0.03420214470393867,0.12113865245939444,71.8
2017_09_ARI_SF,2017,9,2017-11-05,SF,-0.3121669207306619,-0.09125647519602866,73,-0.1123723775205288,0.040898927583379915,69.6
2017_10_NYG_SF,2017,10,2017-11-12,SF,0.29797734117733776,0.14481979770030667,55,-0.14955184721250991,0.04237422865796033,68.4
2017_12_SEA_SF,2017,12,2017-11-26,SF,-0.23389904035260578,0.023438455143906026,66,-0.10834361128099768,0.06760561997839361,65.4
2017_13_SF_CHI,2017,13,2017-12-03,SF,0.10995878887942696,-0.1499083271272765,72,-0.1652745559356105,0.07278585733404483,64.6
2017_14_SF_HOU,2017,14,2017-12-10,SF,0.04563435084707898,-0.14150019337685266,62,-0.09957462940130091,-0.02611066686721456,66.0
2017_15_TEN_SF,2017,15,2017-12-17,SF,0.1282373608742361,0.10632923171228281,67,-0.01849909603588479,-0.04288134857118904,65.6
2017_16_JAX_SF,2017,16,2017-12-24,SF,0.2518750098779022,-0.0012538725253604887,65,0.0695817602850948,-0.003364207189526744,64.4
2017_17_SF_LA,2017,17,2017-12-31,SF,0.16698944696317275,-0.22038591122615336,61,0.06036129402520769,-0.03257894123466018,66.4
2018_01_SF_MIN,2018,1,2018-09-09,SF,-0.3629519756102748,-0.194175700154259,61,0.1405389914883634,-0.08134381450867205,65.4
2018_02_DET_SF,2018,2,2018-09-16,SF,0.15066759062195217,0.08125911467334129,59,0.04595683859042303,-0.09019728911406855,63.2
2018_03_SF_KC,2018,3,2018-09-23,SF,0.245288536663943,0.3132588405607605,64,0.06696348654539767,-0.04564542750402977,62.6
2018_04_SF_LAC,2018,4,2018-09-30,SF,-0.06962968083537548,-0.0034550734089871175,59,0.09037372170333906,-0.004259505734334234,62.0
2018_05_ARI_SF,2018,5,2018-10-07,SF,-0.1721814224872768,-0.137509951079523,95,0.026072783560683533,-0.004699745911059561,60.8
2018_06_SF_GB,2018,6,2018-10-15,SF,0.21180031558850926,0.1219865658124442,55,-0.04176139032940638,0.011875446118266514,67.6
2018_07_LA_SF,2018,7,2018-10-21,SF,-0.48559154622039447,0.14356860402109847,58,0.07318906791035043,0.07510789931160716,66.4
2018_08_SF_ARI,2018,8,2018-10-28,SF,-0.14997798973563709,-0.10024762174244253,63,-0.05406275945811889,0.08756979718115859,66.2
2018_09_OAK_SF,2018,9,2018-11-01,SF,0.312393762436888,-0.13757583370952867,51,-0.1331160647380349,0.004868504720517991,66.0
2018_10_NYG_SF,2018,10,2018-11-12,SF,-0.013997736352102792,0.02483633591864045,66,-0.05671137608358222,-0.021955647339590316,64.4
2018_12_SF_TB,2018,12,2018-11-25,SF,-0.09092988994296135,0.1479995592333747,59,-0.02507463885654742,0.01051361006004237,58.6
2018_13_SF_SEA,2018,13,2018-12-02,SF,-0.09543510285594296,0.35992243974504695,73,-0.08562067996284155,0.015716208744228473,59.4
2018_14_DEN_SF,2018,14,2018-12-09,SF,0.05341493048301137,-0.10330718952838132,62,-0.0075893912899512445,0.058986975889018176,62.4
2018_15_SEA_SF,2018,15,2018-12-16,SF,0.0021388170306415122,0.15394311721473602,56,0.033089192753778446,0.05837506233183041,62.2
2018_16_CHI_SF,2018,16,2018-12-23,SF,-0.0980681998610696,0.07761507252454791,54,-0.028961796327470847,0.11667885251668335,63.2
2018_17_SF_LA,2018,17,2018-12-30,SF,-0.051283558808760524,0.14040074449299259,58,-0.0457758890292642,0.12723459983786484,60.8
2019_01_SF_TB,2019,1,2019-09-08,SF,-0.15595591766324804,-0.37770229795572624,59,-0.03784662280242405,0.1257148368897884,60.6
2019_02_SF_CIN,2019,2,2019-09-15,SF,0.45202001037368733,-0.028114195546977947,66,-0.049950785763885064,-0.02181011065036622,57.8
2019_03_PIT_SF,2019,3,2019-09-22,SF,-0.12190064406662965,-0.2740155329590487,72,0.029770230214250126,-0.006771511854085546,58.6
2019_05_CLE_SF,2019,5,2019-10-07,SF,0.2244321325730714,-0.5145271746005841,68,0.004962337994795896,-0.09236324188884248,61.8
2019_06_SF_LA,2019,6,2019-10-13,SF,-0.0830130474055879,-0.5857694325316697,74,0.0694624044816241,-0.21079169131386885,64.6
2019_07_SF_WAS,2019,7,2019-10-20,SF,-0.06979875613499911,-0.28444985430242237,62,0.06311650676225862,-0.35602572671880134,67.8
2019_08_CAR_SF,2019,8,2019-10-27,SF,0.18501987963866778,-0.4940351221150247,61,0.08034793906790841,-0.33737523798814056,68.4
2019_09_SF_ARI,2019,9,2019-10-31,SF,0.2213133992388351,0.2102129312262103,67,0.0269479129209045,-0.43055942330174996,67.4
2019_10_SEA_SF,2019,10,2019-11-11,SF,-0.3558093840986777,-0.29792706262007784,77,0.09559072158199744,-0.3337137304646981,66.4
2019_11_ARI_SF,2019,11,2019-11-17,SF,0.05746216389290683,-0.08685618004306976,67,-0.02045758175235237,-0.2903937080685969,68.2
2019_12_GB_SF,2019,12,2019-11-24,SF,0.17313168318914787,-0.31587663267900457,44,0.007637460507346575,-0.19061105757087687,66.8
2019_13_SF_BAL,2019,13,2019-12-01,SF,0.09519607213449327,-0.006399772647666278,52,0.05622354837217597,-0.1968964132461933,63.2
2019_14_SF_NO,2019,14,2019-12-08,SF,0.35240711272819963,0.12085857968287532,62,0.03825878687134107,-0.09936934335272166,61.4
2019_15_ATL_SF,2019,15,2019-12-15,SF,-0.057687261118213054,0.07576491589580087,62,0.06447752956921397,-0.11724021366138866,60.4
2019_16_LA_SF,2019,16,2019-12-21,SF,-0.06848267429844741,0.04787185550701341,54,0.1241019541653069,-0.04250181795821291,57.4
2019_17_SF_SEA,2019,17,2019-12-29,SF,0.37498537227124945,0.10653045401351327,49,0.09891298652703606,-0.015556210848196273,54.8
2020_01_ARI_SF,2020,1,2020-09-13,SF,-0.04643698925104778,0.07341390348060058,61,0.13928372434345637,0.06892520649030728,55.8
2020_02_SF_NYJ,2020,2,2020-09-20,SF,0.18181322095099928,-0.19871197506760344,57,0.11095711206634813,0.08488794171596067,57.6
2020_03_SF_NYG,2020,3,2020-09-27,SF,0.31481234872345776,-0.3217601194569244,71,0.07683833371090808,0.02097383076586491,56.6
2020_04_PHI_SF,2020,4,2020-10-04,SF,-0.08584572517366947,-0.07568211839833196,70,0.15133825567924225,-0.058531176304680146,58.4
2020_05_MIA_SF,2020,5,2020-10-11,SF,-0.3039246001473286,0.3358999809431031,59,0.14786564550419784,-0.08324197108574921,61.6
2020_06_LA_SF,2020,6,2020-10-18,SF,0.11422922717150609,0.018672392993428932,68,0.012083651020482223,-0.037368065699831254,63.6
2020_07_SF_NE,2020,7,2020-10-25,SF,0.39144038474813514,-0.3320538153769161,63,0.044216894304992996,-0.04831636779726558,65.0
2020_08_SF_SEA,2020,8,2020-11-01,SF,0.19579565355525297,0.27115268576417073,66,0.08614232706442017,-0.0749847358591281,66.2
2020_09_GB_SF,2020,9,2020-11-05,SF,-0.07297038897873916,0.28506358501866075,53,0.06233898803077921,0.04359782518509091,65.2
2020_10_SF_NO,2020,10,2020-11-15,SF,-0.19266443536593794,-0.11526895920117083,66,0.06491405526976526,0.11574696586848945,61.8
2020_12_SF_LA,2020,12,2020-11-29,SF,-0.31553949593993563,-0.47516331712516546,70,0.08716608822604338,0.025513177839634665,63.2
2020_13_BUF_SF,2020,13,2020-12-07,SF,0.08631358277527675,0.20819420646943684,60,0.0012123436037550506,-0.07325396418408421,63.6
2020_14_WAS_SF,2020,14,2020-12-13,SF,-0.3546884945435389,-0.30740209149724745,77,-0.05981301679081663,0.034795640185186376,63.0
2020_15_SF_DAL,2020,15,2020-12-20,SF,0.08462125904571222,0.004532964464627047,81,-0.169909846410575,-0.08091531526709725,65.2
2020_16_SF_ARI,2020,16,2020-12-26,SF,0.17706637908032224,-0.1792376735750279,54,-0.1383915168056847,-0.13702143937790398,70.8
2020_17_SEA_SF,2020,17,2021-01-03,SF,0.022590403317009233,0.08532803882516743,64,-0.06444535391643269,-0.14981518225267543,68.4
2021_01_SF_DET,2021,1,2021-09-12,SF,0.25036841423324174,-0.07651355117850556,53,0.003180625934956283,-0.03771691106260884,67.2
2021_02_SF_PHI,2021,2,2021-09-19,SF,0.09718076148432889,-0.013943711205535064,65,0.03599159222654928,-0.09465846259219732,65.8
2021_03_GB_SF,2021,3,2021-09-26,SF,0.04264428408485121,0.12126198663004426,65,0.12636544343212283,-0.03596678653385484,63.4
2021_04_SEA_SF,2021,4,2021-10-03,SF,0.08163940663921272,-0.06916201456400674,73,0.11797004843995065,-0.012620982100771404,60.2
2021_05_SF_ARI,2021,5,2021-10-10,SF,-0.17376208141556038,-0.012080320340712691,59,0.09888465395172874,0.009394149701432828,64.0
2021_07_IND_SF,2021,7,2021-10-24,SF,-0.27635057423677245,-0.09677692294651552,53,0.059614157005214816,-0.010087522131743198,63.0
2021_08_SF_CHI,2021,8,2021-10-31,SF,0.46963671788040207,0.09052261106393306,51,-0.04572964068878802,-0.014140196485345192,63.0
2021_09_ARI_SF,2021,9,2021-11-07,SF,-0.11438524168555407,0.24492310247439059,56,0.02876155059042662,0.006753067968548433,60.2
2021_10_LA_SF,2021,10,2021-11-15,SF,0.15743156391075291,-0.21580670513075362,63,-0.0026443545636544415,0.0314852911374177,58.4
2021_11_SF_JAX,2021,11,2021-11-21,SF,0.20128789416310647,-0.09760100494759762,64,0.0125140768906536,0.0021563530240683248,56.4
2021_12_MIN_SF,2021,12,2021-11-28,SF,0.1218476510326955,-0.13639653084183306,65,0.08752407200638697,-0.014947783897308664,57.4
2021_13_SF_SEA,2021,13,2021-12-05,SF,0.0008181276877192158,-0.060245535429937026,55,0.16716371706028058,-0.022871705476372173,59.8
2021_14_SF_CIN,2021,14,2021-12-12,SF,0.11700578988810677,0.11469381401860296,69,0.07339999902174399,-0.05302533477514619,60.6
2021_15_ATL_SF,2021,15,2021-12-19,SF,0.2881209036169948,-0.23261429140276452,56,0.11967820533647618,-0.0790711924663037,63.2
2021_16_SF_TEN,2021,16,2021-12-23,SF,0.07704249956683708,0.057358828757744146,58,0.14581607327772456,-0.08243270972070589,61.8
2021_17_HOU_SF,2021,17,2022-01-02,SF,0.03158996283143932,-0.3045577075797475,61,0.12096699435847066,-0.05144074297963754,60.6
2021_18_SF_LA,2021,18,2022-01-09,SF,0.11108908055136343,0.04084058348140496,66,0.10291545671821942,-0.08507297832722042,59.8
2022_01_SF_CHI,2022,1,2022-09-11,SF,-0.1644976454722218,-0.049831176343602394,67,0.12496964729094825,-0.06485575454495203,62.0
2022_02_SEA_SF,2022,2,2022-09-18,SF,0.028184325514091085,-0.35276488574008713,70,0.06866896021888255,-0.09776075261739312,61.6
2022_03_SF_DEN,2022,3,2022-09-25,SF,-0.3027737840938032,-0.2452642480312272,52,0.016681644598301813,-0.12179087148485764,64.4
2022_04_LA_SF,2022,4,2022-10-03,SF,0.1959491493081515,-0.21961697816208126,49,-0.05928161213382623,-0.1823154868426519,63.2
2022_05_SF_CAR,2022,5,2022-10-09,SF,0.26779079334574496,-0.1747454370182248,59,-0.0264097748384838,-0.16532734095911866,60.8
2022_06_SF_ATL,2022,6,2022-10-16,SF,-0.12068417551518794,0.12233446610272429,57,0.004930567720392509,-0.20844454505904458,59.4
2022_07_KC_SF,2022,7,2022-10-23,SF,0.054382279731297604,0.6038655928600665,71,0.01369326171179928,-0.17401141656977925,57.4
2022_08_SF_LA,2022,8,2022-10-30,SF,0.3413926502914947,-0.08260058059822768,52,0.018932852555240583,0.017314679150251467,57.6
2022_10_LAC_SF,2022,10,2022-11-13,SF,0.059783194870646296,-0.15106848550414048,69,0.14776613943230016,0.04984741263685137,57.6
2022_11_SF_ARI,2022,11,2022-11-21,SF,0.3718208115551801,-0.16528359260710232,55,0.12053294854479912,0.06355711116843953,61.6
2022_12_NO_SF,2022,12,2022-11-27,SF,-0.020612828697303846,-0.26863676969473743,65,0.14133895218668613,0.06544948005066402,60.8
2022_13_MIA_SF,2022,13,2022-12-04,SF,-0.0022352908078724044,-0.3281746157674214,76,0.16135322155026297,-0.012744767108828315,62.4
2022_14_TB_SF,2022,14,2022-12-11,SF,0.16657880232227837,-0.1790245512448289,58,0.15002970744242897,-0.1991528088343259,63.4
2022_15_SF_SEA,2022,15,2022-12-15,SF,0.20574411601811235,-0.24123157086718805,58,0.11506693784858571,-0.21843760296364617,64.6
2022_16_WAS_SF,2022,16,2022-12-24,SF,0.11875740836497613,-0.13413234987383307,51,0.1442591220780789,-0.23647022003625567,62.4
2022_17_SF_LV,2022,17,2023-01-01,SF,0.3059131831622973,0.06203526263878743,60,0.09364644144003811,-0.23023997148960182,61.6
2022_18_ARI_SF,2022,18,2023-01-08,SF,0.051053187003507965,-0.36167640502716664,61,0.15895164381195834,-0.16410556502289683,60.6
2023_01_SF_PIT,2023,1,2023-09-10,SF,0.15898401925340763,-0.3425858696156259,63,0.16960933937423442,-0.1708059228748459,57.6
2023_02_SF_LA,2023,2,2023-09-17,SF,0.13897788692313762,-0.04406945278320925,54,0.16809038276046026,-0.20351818654900528,58.6
2023_03_NYG_SF,2023,3,2023-09-21,SF,0.18594551487493277,-0.2318574866329739,75,0.15473713694146532,-0.16408576293220956,57.8
2023_04_ARI_SF,2023,4,2023-10-01,SF,0.5003909786590193,0.12396832736913008,51,0.16817475824345668,-0.1836307902840377,62.6
2023_05_DAL_SF,2023,5,2023-10-08,SF,0.20159002192844072,-0.4466797269752926,66,0.20707031734280107,-0.17124417733796918,60.8
2023_06_SF_CLE,2023,6,2023-10-15,SF,-0.19412102598999276,-0.1952681014465713,53,0.2371776843277876,-0.18824484172759437,61.8
2023_07_SF_MIN,2023,7,2023-10-23,SF,0.07834105938196487,0.1646827425659862,51,0.16655667527910753,-0.15878128809378347,59.8
2023_08_CIN_SF,2023,8,2023-10-29,SF,-0.031718588663059544,0.22802712961006277,56,0.15442930977087296,-0.11703084902394437,59.2
2023_10_SF_JAX,2023,10,2023-11-12,SF,0.32201751455031025,-0.4714810743005806,57,0.11089648906327451,-0.02505392577533703,55.4
2023_11_TB_SF,2023,11,2023-11-19,SF,0.21202445266687114,-0.11537704090358492,57,0.07522179624153272,-0.14414380610927915,56.6
2023_12_SF_SEA,2023,12,2023-11-23,SF,0.10954378314662998,-0.264911920756285,63,0.0773086823892188,-0.07788326889493762,54.8
2023_13_SF_PHI,2023,13,2023-12-03,SF,0.529724167911419,0.06039534426383419,56,0.13804164421654336,-0.09181203275688035,56.8
2023_14_SEA_SF,2023,14,2023-12-10,SF,0.2630194051262851,-0.12247094398922387,52,0.22831826592243418,-0.11266951241731075,57.8
2023_15_SF_ARI,2023,15,2023-12-17,SF,0.42628159982975244,0.003787161366518756,51,0.28726586468030313,-0.18276912713716809,57.0
2023_16_BAL_SF,2023,16,2023-12-25,SF,-0.22893375222702575,0.06304676072558904,68,0.30811868173619156,-0.08771548000374821,55.8
2023_17_SF_WAS,2023,17,2023-12-31,SF,0.22816854806366318,-0.1831749853356039,66,0.21992704075741215,-0.052030719677913416,58.0
2023_18_LA_SF,2023,18,2024-01-07,SF,0.15728908329993582,0.1005495372451316,57,0.2436519937408188,-0.03568333259377719,58.6
2024_01_NYJ_SF,2024,1,2024-09-09,SF,0.10059915338290573,-0.04936341815918684,69,0.16916497681852216,-0.027652493997517714,58.8
2024_02_SF_MIN,2024,2,2024-09-15,SF,-0.07448402445985963,-0.04221357132373667,67,0.13668092646984628,-0.013030988831510309,62.2
2024_03_SF_LA,2024,3,2024-09-22,SF,0.20031309955590618,0.11957015910524203,65,0.03652780161192387,-0.022231135369561394,65.4
2024_04_NE_SF,2024,4,2024-09-29,SF,0.1335487611542041,-0.4761100484390704,59,0.12237717196851025,-0.010926455693630793,64.8
2024_05_ARI_SF,2024,5,2024-10-06,SF,-0.04176984130080571,0.12357341654668454,63,0.10345321458661845,-0.0695134683143241,63.4
2024_06_SF_SEA,2024,6,2024-10-10,SF,0.340497171146345,0.013638107798100731,61,0.06364142966647013,-0.06490869245401351,64.6
2024_07_KC_SF,2024,7,2024-10-20,SF,-0.17998239998507917,0.02175656792347912,57,0.11162103321915798,-0.05230838726255599,63.0
2024_08_DAL_SF,2024,8,2024-10-27,SF,0.2514795341508654,-0.017973590718526295,63,0.09052135811411408,-0.039514359413112835,61.0
2024_10_SF_TB,2024,10,2024-11-10,SF,0.24011230348996715,-0.0557267700768661,59,0.10075464503310591,-0.0670231093778665,60.6
2024_11_SEA_SF,2024,11,2024-11-17,SF,0.1029588972261694,0.0034594915832335915,57,0.12206735350025852,0.01705354629457437,60.6
2024_12_SF_GB,2024,12,2024-11-24,SF,-0.42066519900423355,0.12520204513291547,46,0.15101310120565353,-0.0069692386981158195,59.4
2024_13_SF_BUF,2024,13,2024-12-01,SF,-0.24711014303322767,0.3458036979428207,46,-0.0012193728244621505,0.015343548768847129,56.4
2024_14_CHI_SF,2024,14,2024-12-08,SF,0.4070073706351582,-0.1547104220890598,60,-0.014644921434091851,0.08015297477271544,54.2
2024_15_LA_SF,2024,15,2024-12-12,SF,-0.28493972091683123,-0.09558920203368648,53,0.016460645862766708,0.052805608498608735,53.6
2024_16_SF_MIA,2024,16,2024-12-22,SF,0.060020812798913595,0.1649426839929953,59,-0.08854975901859297,0.044833122107244654,52.4
2024_17_DET_SF,2024,17,2024-12-30,SF,0.34407548521447723,0.38570429935289924,59,-0.09713737590404412,0.077129760589197,52.8
2024_18_SF_ARI,2024,18,2025-01-05,SF,0.009232503674161303,0.24859288199629878,71,0.05581076093969802,0.12923021143319374,55.4
2025_01_SF_SEA,2025,1,2025-09-07,SF,0.11244347842868568,-0.265391186094444,70,0.10707929028117583,0.10978804824388937,60.4
2025_02_SF_NO,2025,2,2025-09-14,SF,0.047801000334729976,-0.07787490714871895,64,0.04816651183988131,0.08765189544281253,62.4
2025_03_ARI_SF,2025,3,2025-09-21,SF,-0.05528022227968054,-0.011040268516559676,60,0.11471465609019356,0.09119475441980604,64.6
2025_04_JAX_SF,2025,4,2025-09-28,SF,-0.06949312499371713,0.07789484320528943,64,0.09165444907447473,0.05599816391789504,64.8
2025_05_SF_LA,2025,5,2025-10-02,SF,0.12498951755959781,0.07494362587992895,82,0.00894072703283586,-0.005563727311626923,65.8
2025_06_SF_TB,2025,6,2025-10-12,SF,-0.08532056090353136,0.2943644298495219,67,0.03209212980992317,-0.04029357853490089,68.0
2025_07_ATL_SF,2025,7,2025-10-19,SF,0.03446365946299321,-0.11414267221860112,64,-0.007460678056520248,0.07165754465389229,67.4
2025_08_SF_HOU,2025,8,2025-10-26,SF,-0.04005459639431081,0.23502567702044333,45,-0.010128146230867602,0.06440399163991584,67.4
2025_09_SF_NYG,2025,9,2025-11-02,SF,0.32996125118861946,0.17014770252894712,63,-0.007083021053793656,0.11361718074731644,64.4
2025_10_LA_SF,2025,10,2025-11-09,SF,0.12663357083177285,0.4108707699297156,61,0.07280785418267366,0.132067752612048,64.2
2025_11_SF_ARI,2025,11,2025-11-16,SF,0.19118915616353555,0.061462755207460036,50,0.07313666483710866,0.19925318142200532,60.0
2025_12_CAR_SF,2025,12,2025-11-24,SF,-0.0013478750223231515,-0.20065023830438192,68,0.12843860825052206,0.15267284649359297,56.6
2025_13_SF_CLE,2025,13,2025-11-30,SF,0.008921418854560902,-0.19539794753917078,64,0.12127630135345877,0.13537133327643677,57.4
2025_15_TEN_SF,2025,15,2025-12-14,SF,0.24785541111916856,0.23221759362338282,70,0.13107150440323312,0.04928660836451397,61.2
2025_16_SF_IND,2025,16,2025-12-22,SF,0.4026968567348456,-0.03678054620523284,63,0.11465033638934294,0.06170058658340111,62.6
2025_17_CHI_SF,2025,17,2025-12-28,SF,0.28495281093808655,0.3625783731220248,68,0.1698629935699575,-0.027829676643588586,63.0
2025_18_SEA_SF,2025,18,2026-01-03,SF,-0.358990701150869,0.06867175021080515,42,0.1886157245248677,0.03239344693932437,66.6
2026_01_SF_LA,2026,1,2026-09-10,SF,0.1787675614351816,-0.26463892335699973,64,0.11708715929915851,0.08625784464236179,61.4
2016_01_TB_ATL,2016,1,2016-09-11,TB,0.13213299546301693,0.0208827576979572,58,,,
2016_02_TB_ARI,2016,2,2016-09-18,TB,-0.28918037953961495,0.15753012357491294,75,,,
2016_03_LA_TB,2016,3,2016-09-25,TB,0.004977081323068436,-0.06133723466615969,83,,,
2016_04_DEN_TB,2016,4,2016-10-02,TB,-0.3942288146873649,0.03092740623338478,65,-0.0506901009178432,0.03902521553557015,72.0
2016_05_TB_CAR,2016,5,2016-10-10,TB,0.0575948865982251,0.003866539527616395,69,-0.13657477936022364,0.03700076321002381,70.25
2016_07_TB_SF,2016,7,2016-10-23,TB,0.21447894512772447,-0.12497582125746573,72,-0.09774084616853389,0.030373918473542327,70.0
2016_08_OAK_TB,2016,8,2016-10-30,TB,-0.00623822635016182,0.19147307964401422,62,-0.08127165623559238,0.0012022026824577397,72.8
2016_09_ATL_TB,2016,9,2016-11-03,TB,0.11334590602726287,0.30645686182043236,72,-0.024683225597701756,0.007990793896277992,70.2
2016_10_CHI_TB,2016,10,2016-11-13,TB,0.06479867343468776,-0.41730348988057714,68,-0.0030094606568628695,0.08154961319359641,68.0
2016_11_TB_KC,2016,11,2016-11-20,TB,0.17045507797831078,0.1280616128798064,74,0.08879603696754766,-0.008096566029195984,68.6
2016_12_SEA_TB,2016,12,2016-11-27,TB,-0.014111510189095282,-0.34530962129644416,60,0.1113680752435648,0.016742448641242025,69.6
2016_13_TB_SD,2016,13,2016-12-04,TB,0.1664933433056538,0.0073727251622537895,59,0.06564998418020085,-0.02732431136655366,67.2
2016_14_NO_TB,2016,14,2016-12-11,TB,-0.04227219293311638,-0.13293767598333983,61,0.10019629811136396,-0.06414438226290574,66.6
2016_15_TB_DAL,2016,15,2016-12-18,TB,-0.134260925322928,0.07704487065104619,59,0.06907267831928812,-0.1520232898236602,64.4
2016_16_TB_NO,2016,16,2016-12-24,TB,0.10057250690350318,0.19415176093141873,58,0.029260758567764972,-0.053153617717335525,62.6
2016_17_CAR_TB,2016,17,2017-01-01,TB,-0.17225440810616985,-0.13310688688282768,62,0.015284244352803452,-0.03993558810701305,59.4
2017_02_CHI_TB,2017,2,2017-09-17,TB,-0.009347178501389561,-0.24480002000364626,65,-0.016344335230611462,0.002504958775710242,59.8
2017_03_TB_MIN,2017,3,2017-09-24,TB,-0.04855266478833051,0.26901570318923307,51,-0.051512439592020134,-0.04792959025746977,61.0
2017_04_NYG_TB,2017,4,2017-10-01,TB,0.08792098397380729,0.036291674644203256,61,-0.052768533963062955,0.032461085577044815,59.0
2017_05_NE_TB,2017,5,2017-10-05,TB,-0.013061619802029915,0.028019920044469283,67,-0.008332152103715901,0.024310446375676226,59.4
2017_06_TB_ARI,2017,6,2017-10-15,TB,0.07504656826709877,0.030925947407094496,68,-0.03105897744482252,-0.008915921801713664,61.2
2017_07_TB_BUF,2017,7,2017-10-22,TB,0.14223609340659404,0.1578326055938326,70,0.018401217829831208,0.02389064505627077,62.4
2017_08_CAR_TB,2017,8,2017-10-29,TB,-0.2671036155057952,-0.08261617660288888,63,0.048717872211427926,0.10441717017576654,63.4
2017_09_TB_NO,2017,9,2017-11-05,TB,-0.2502563896931013,0.17312595843334272,57,0.005007682067934982,0.03409079421734216,65.8
2017_10_NYJ_TB,2017,10,2017-11-12,TB,-0.15059345048491965,-0.19802035159689801,66,-0.06262779266544674,0.06145765097517005,65.0
2017_11_TB_MIA,2017,11,2017-11-19,TB,0.010126388250462984,-0.06338335765720131,62,-0.09013415880202469,0.01624959664689659,64.8
2017_12_TB_ATL,2017,12,2017-11-26,TB,0.0561836618251174,0.27717643656347435,68,-0.10311819480535185,-0.00261226436596257,63.6
2017_13_TB_GB,2017,13,2017-12-03,TB,0.01192865600782414,0.05278654487588452,74,-0.12032868112164716,0.02125650182796578,63.2
2017_14_DET_TB,2017,14,2017-12-10,TB,-0.05280414525366402,0.10793438794717365,68,-0.0645222268189233,0.04833704612372046,65.4
2017_15_ATL_TB,2017,15,2017-12-18,TB,0.18412685623383676,0.25962042313455674,53,-0.025031777931035837,0.035298732026486646,67.6
2017_16_TB_CAR,2017,16,2017-12-24,TB,-0.03753917981962135,-0.1577494815897426,57,0.04191228341271544,0.1268268869727776,65.0
2017_17_NO_TB,2017,17,2017-12-31,TB,0.13877982856211898,0.1270850071298445,82,0.03237916979869857,0.10795366218626934,64.0
2018_01_TB_NO,2018,1,2018-09-09,TB,0.4455275701069936,0.19385249712322256,58,0.04889840314609889,0.07793537629954336,66.8
2018_02_PHI_TB,2018,2,2018-09-16,TB,0.10398886223086728,-0.0024039364343748106,57,0.13561818596593278,0.10614856674901096,63.6
2018_03_PIT_TB,2018,3,2018-09-24,TB,-0.005941067308671153,0.15143809489633553,68,0.16697678746283903,0.08408090187270129,61.4
2018_04_TB_CHI,2018,4,2018-09-30,TB,-0.12303218758033736,0.4613674527768347,60,0.12896320275433748,0.06244443622505704,64.4
2018_06_TB_ATL,2018,6,2018-10-14,TB,0.23634256754478838,0.2310325864762489,63,0.11186460120219426,0.1862678230983725,65.0
2018_07_CLE_TB,2018,7,2018-10-21,TB,-0.10977422728281014,-0.13110264057702867,87,0.13137714899872815,0.2070573389676534,61.2
2018_08_TB_CIN,2018,8,2018-10-28,TB,0.10120753806117258,0.08816322776990881,84,0.020316789520767382,0.14206631142760315,67.0
2018_09_TB_CAR,2018,9,2018-11-04,TB,-0.027296853029670623,0.27837699008417655,65,0.01976052468682844,0.16017974426845988,72.4
2018_10_WAS_TB,2018,10,2018-11-11,TB,-0.11548942609187272,0.08161134370145627,67,0.015489367542628547,0.18556752330602808,71.8
2018_11_TB_NYG,2018,11,2018-11-18,TB,0.20572219657804133,0.2901029029407051,68,0.016997919840321476,0.10961630149095239,73.2
2018_12_SF_TB,2018,12,2018-11-25,TB,0.1479995592333747,-0.09092988994296135,68,0.010873845646972063,0.12143036478384364,74.2
2018_13_CAR_TB,2018,13,2018-12-02,TB,-0.015109774086365099,-0.043601852548414644,59,0.062428602950209036,0.1294649149106571,70.4
2018_14_NO_TB,2018,14,2018-12-09,TB,-0.05837752921266911,0.02787424407219788,65,0.0391651405207015,0.10311189884699241,65.4
2018_15_TB_BAL,2018,15,2018-12-16,TB,-0.18621461843138826,0.05364773917382407,47,0.03294900528410181,0.053011349644596674,65.4
2018_16_TB_DAL,2018,16,2018-12-23,TB,-0.09815838842717471,-0.02671502943434012,75,0.018803966816198704,0.047418628739070226,61.4
2018_17_ATL_TB,2018,17,2018-12-30,TB,0.1521754649514179,0.20603710399772532,58,-0.041972150184844514,-0.01594495773593882,62.8
2019_01_SF_TB,2019,1,2019-09-08,TB,-0.37770229795572624,-0.15595591766324804,64,-0.04113696904123587,0.043448441052198514,60.8
2019_02_TB_CAR,2019,2,2019-09-12,TB,0.0419350314643748,-0.23536133776431323,57,-0.1136554738151081,0.02097762802923183,61.8
2019_03_NYG_TB,2019,3,2019-09-22,TB,0.11505223035551834,0.11518651024411668,72,-0.0935929616796993,-0.03166948833807039,60.2
2019_04_TB_LA,2019,4,2019-09-29,TB,0.2859978232182378,-0.054159890939005355,72,-0.033339591922318,-0.01936173412401187,65.2
2019_05_TB_NO,2019,5,2019-10-06,TB,0.02182549461627778,0.13903558844836048,55,0.043491650406764504,-0.02485070642494492,64.6
2019_06_CAR_TB,2019,6,2019-10-13,TB,-0.17858410510950137,-0.016268891199198825,77,0.01742165633973648,-0.03825100953481789,64.0
2019_08_TB_TEN,2019,8,2019-10-27,TB,-0.07860549969469383,-0.18418041896881096,77,0.05724529490898145,-0.010313604242008044,66.6
2019_09_TB_SEA,2019,9,2019-11-03,TB,0.17478499729455862,0.20912234053259796,72,0.03313718867716773,-7.742048290759195e-05,70.6
2019_10_ARI_TB,2019,10,2019-11-10,TB,0.012991541355371719,0.05387391493894009,78,0.045083742064975785,0.018709745574788664,70.6
2019_11_NO_TB,2019,11,2019-11-17,TB,-0.19120730605312775,0.19345400396420193,61,-0.009517514307597431,0.04031650675037775,71.8
2019_12_TB_ATL,2019,12,2019-11-24,TB,0.1951811447030167,-0.15438938883368009,58,-0.05212407444147853,0.05120018985354604,73.0
2019_13_TB_JAX,2019,13,2019-12-01,TB,-0.04939861313676493,-0.4756789958894369,66,0.02262897552102508,0.02357609032664979,69.2
2019_14_IND_TB,2019,14,2019-12-08,TB,0.03201230199420664,-0.0005036330250751009,75,0.028470352832610856,-0.03472362505747541,67.0
2019_15_TB_DET,2019,15,2019-12-15,TB,0.2554890765765628,-0.37031592932272445,69,-8.41862274595373e-05,-0.07664881976901002,67.6
2019_16_HOU_TB,2019,16,2019-12-21,TB,-0.20466890334020174,-0.24457765727181943,72,0.04841532081677867,-0.1614867886213429,65.8
2019_17_ATL_TB,2019,17,2019-12-29,TB,-0.20105496124453312,-0.17368211042112666,47,0.04572300135936387,-0.24909312086854718,68.0
2020_01_TB_NO,2020,1,2020-09-13,TB,-0.15688404823481322,-0.21870947575787855,66,-0.03352421983014609,-0.2529516651860365,65.8
2020_02_CAR_TB,2020,2,2020-09-20,TB,-0.01972645716385839,-0.14495941282344305,57,-0.055021306849755744,-0.20155776115972485,65.8
2020_03_TB_DEN,2020,3,2020-09-27,TB,0.18960277854785165,-0.2754607967487799,62,-0.06536905868136875,-0.2304489171193984,62.2
2020_04_LAC_TB,2020,4,2020-10-04,TB,0.1740369713655127,0.1198088342272473,70,-0.07854631828711096,-0.21147789060460953,60.8
2020_05_TB_CHI,2020,5,2020-10-08,TB,-0.013192508849617963,-0.12196660519280239,63,-0.002805143345968092,-0.13860059230479616,60.4
2020_06_GB_TB,2020,6,2020-10-18,TB,0.12153673814588359,-0.2991604269447782,61,0.03476734713301494,-0.12825749125913133,63.6
2020_07_TB_LV,2020,7,2020-10-25,TB,0.35539427933897716,-0.10736836074816056,68,0.0904515044091543,-0.14434768149651123,62.6
2020_08_TB_NYG,2020,8,2020-11-02,TB,0.027287460682526733,0.03448983227267914,66,0.1654756517097214,-0.13682947108145474,64.8
2020_09_NO_TB,2020,9,2020-11-08,TB,-0.5459812314782525,0.2263531849918167,45,0.13301258813665642,-0.07483934527716293,65.6
2020_10_TB_CAR,2020,10,2020-11-15,TB,0.37070797632061553,-0.23715046161788442,74,-0.010991052432096615,-0.053530475124249056,60.6
2020_11_LA_TB,2020,11,2020-11-23,TB,-0.20154464532730182,0.010838292852062446,67,0.06578904460195009,-0.07656724640926546,62.8
2020_12_KC_TB,2020,12,2020-11-29,TB,0.14819931110429677,0.26787336871530265,54,0.0011727679073130048,-0.014567502449897334,64.0
2020_14_MIN_TB,2020,14,2020-12-13,TB,0.21758101495865592,0.15939595199067075,45,-0.04026622573962308,0.06048084344279531,61.2
2020_15_TB_ATL,2020,15,2020-12-20,TB,0.22573417745928634,0.028069316231759563,64,-0.0022075148843972436,0.08546206738639363,57.0
2020_16_TB_DET,2020,16,2020-12-26,TB,0.3863285370915732,-0.5909409568202681,69,0.15213556690311053,0.0458052936343822,60.8
2020_17_ATL_TB,2020,17,2021-01-03,TB,0.4132386617904757,0.06688873708238727,60,0.15525967905730206,-0.02495280540609455,59.8
2021_01_DAL_TB,2021,1,2021-09-09,TB,0.04958885844740802,0.12302168851680507,64,0.2782163404808576,-0.013742716560029577,58.4
2021_02_ATL_TB,2021,2,2021-09-19,TB,0.06398078600882161,-0.2718796256022658,57,0.25849424994947984,-0.042713052599729094,60.4
2021_03_TB_LA,2021,3,2021-09-26,TB,0.18315256237390684,0.22583147739035814,71,0.227774204159513,-0.1289681681183164,62.8
2021_04_TB_NE,2021,4,2021-10-03,TB,0.10055677313779962,-0.08382583504217524,71,0.21925788114243705,-0.0894157358865967,64.2
2021_05_MIA_TB,2021,5,2021-10-10,TB,0.5237830395949029,-0.02721903807674844,67,0.16210352835168235,0.01200728846902189,64.6
2021_06_TB_PHI,2021,6,2021-10-14,TB,0.2648134835043623,0.0209590113367559,70,0.1842124039125678,-0.0068142665628052514,66.0
2021_07_CHI_TB,2021,7,2021-10-24,TB,0.14024328831535152,-0.4364551428567235,70,0.22725732892395864,-0.027226801998815088,67.2
2021_08_TB_NO,2021,8,2021-10-31,TB,-0.03061727551033847,0.04623009468565244,59,0.24250982938526464,-0.06014190544970662,69.8
2021_10_TB_WAS,2021,10,2021-11-14,TB,-0.018615094146888434,0.04197659534913022,47,0.19975586180841556,-0.09606218199064775,67.4
2021_11_NYG_TB,2021,11,2021-11-22,TB,0.10691125928341166,-0.3832695515337244,74,0.17592148835147794,-0.07090169591238668,62.6
2021_12_TB_IND,2021,12,2021-11-28,TB,0.09489456912248213,-0.017277373723483667,62,0.09254713228917971,-0.14211179860378187,64.0
2021_13_TB_ATL,2021,13,2021-12-05,TB,0.20712248827415367,-0.05242073498658003,67,0.05856334941280368,-0.14975907561582977,62.4
2021_14_BUF_TB,2021,14,2021-12-12,TB,0.17018949706605474,0.07560802565476568,75,0.07193918940456412,-0.07295219404180109,61.8
2021_15_NO_TB,2021,15,2021-12-19,TB,-0.30132554280707863,-0.28798878821000357,73,0.11210054391984277,-0.06707660784797843,65.0
2021_16_TB_CAR,2021,16,2021-12-26,TB,0.18307683460837018,-0.3320208205226668,63,0.055558454187804716,-0.1330696845598052,70.2
2021_17_TB_NYJ,2021,17,2022-01-02,TB,0.250625828015674,0.13325567055798573,72,0.07079156925279642,-0.12281993835759368,68.0
2021_18_CAR_TB,2021,18,2022-01-09,TB,0.2962910350184059,-0.19627906716410184,59,0.10193782103143478,-0.09271332950129978,70.0
2022_01_TB_DAL,2022,1,2022-09-11,TB,0.013678611515836714,-0.3427635913189204,60,0.11977153038028523,-0.12148499593680415,68.4
2022_02_TB_NO,2022,2,2022-09-18,TB,-0.26266335978457184,-0.4048921118082357,63,0.08846935327024164,-0.20515931933154138,65.4
2022_03_GB_TB,2022,3,2022-09-25,TB,-0.20393332258251073,-0.10004049731360283,59,0.09620178987474301,-0.22853998405118778,63.4
2022_04_KC_TB,2022,4,2022-10-02,TB,0.14037069031283156,0.2498795734992139,59,0.018799758436566803,-0.18214391940937502,62.6
2022_05_ATL_TB,2022,5,2022-10-09,TB,0.14671293680510988,0.08305232547361355,73,-0.003251269104001686,-0.15881913882112939,60.0
2022_06_TB_PIT,2022,6,2022-10-16,TB,0.07145102755080304,0.030029905490964164,68,-0.03316688874666089,-0.1029528602935863,62.8
2022_07_TB_CAR,2022,7,2022-10-23,TB,-0.15481061373272953,0.13568357801879757,66,-0.021612405539667628,-0.028394160931609392,64.4
2022_08_BAL_TB,2022,8,2022-10-27,TB,0.06802189239174203,0.14267506381885342,62,-4.185632929916694e-05,0.07972097703379726,65.0
2022_09_LA_TB,2022,9,2022-11-06,TB,-0.16011073121333333,-0.18863108368807902,78,0.054349186665551386,0.1282640892602885,65.6
2022_10_SEA_TB,2022,10,2022-11-13,TB,0.16604592297822918,0.01026109257959047,68,-0.005747097639681592,0.04056195782282994,69.4
2022_12_TB_CLE,2022,12,2022-11-27,TB,-0.033332639370570266,0.024984683930894248,66,-0.0018805004050577335,0.02600371124402532,68.4
2022_13_NO_TB,2022,13,2022-12-05,TB,-0.026504306741185927,-0.029934836665240876,74,-0.022837233789332397,0.024994666932011335,68.0
2022_14_TB_SF,2022,14,2022-12-11,TB,-0.1790245512448289,0.16657880232227837,73,0.0028240276089763253,-0.008129016004796354,69.6
2022_15_CIN_TB,2022,15,2022-12-18,TB,-0.10564986884501247,-0.017468014199383458,71,-0.04658526111833786,-0.0033482683041113626,71.8
2022_16_TB_ARI,2022,16,2022-12-25,TB,-0.09827332432668985,-0.235962948494429,77,-0.03569308864467369,0.030884345593627748,70.4
2022_17_CAR_TB,2022,17,2023-01-01,TB,0.11955578994781182,-0.011225776340402031,75,-0.0885569381056575,-0.018360462621176143,72.2
2022_18_TB_ATL,2022,18,2023-01-08,TB,-0.16879996341669054,0.05213676512492602,54,-0.05797925224198107,-0.0256025546754354,74.0
2023_01_TB_MIN,2023,1,2023-09-10,TB,-0.10446296796439637,-0.13204396124554163,65,-0.086438383577082,-0.009188234317402021,70.0
2023_02_CHI_TB,2023,2,2023-09-17,TB,0.2331477608696884,-0.16475395199217477,66,-0.0715260669209955,-0.06891278703096601,68.4
2023_03_PHI_TB,2023,3,2023-09-25,TB,-0.19908147269570628,0.0914633210467705,45,-0.0037665409780553217,-0.09836997458952428,67.4
2023_04_TB_NO,2023,4,2023-10-01,TB,0.04955982321021146,-0.36570659362559554,65,-0.023928170651858604,-0.032884720681284375,61.0
2023_06_DET_TB,2023,6,2023-10-15,TB,-0.24320047744047124,0.1483196718672661,54,-0.037927363999378676,-0.10378088413832307,59.0
2023_07_ATL_TB,2023,7,2023-10-22,TB,-0.13255855228051133,-0.04735950969105728,64,-0.05280746680413482,-0.08454430278985507,59.0
2023_08_TB_BUF,2023,8,2023-10-26,TB,-0.0742080300387657,0.09943383593787673,62,-0.05842658366735781,-0.0676074124789582,58.8
2023_09_TB_HOU,2023,9,2023-11-05,TB,0.15025631298896164,0.2988334119607607,63,-0.11989774184904864,-0.014769854892947892,58.0
2023_10_TEN_TB,2023,10,2023-11-12,TB,0.05325110234052687,-0.2696010521121985,60,-0.050030184712115046,0.026704163289850147,61.6
2023_11_TB_SF,2023,11,2023-11-19,TB,-0.11537704090358492,0.21202445266687114,66,-0.04929192888605196,0.04592527159252956,60.6
2023_12_TB_IND,2023,12,2023-11-26,TB,-0.08423193042463568,0.08095579419225274,56,-0.02372724157867469,0.05866622775245056,63.0
2023_13_CAR_TB,2023,13,2023-12-03,TB,-0.045349389956494894,-0.08558960970233236,56,-0.014061917207499561,0.08432928852911256,61.4
2023_14_TB_ATL,2023,14,2023-12-10,TB,-0.03212770888048178,-0.01568192891235079,67,-0.008290189191045402,0.047324599401070755,60.2
2023_15_TB_GB,2023,15,2023-12-17,TB,0.36449391053522145,0.031642578386514006,58,-0.044766993564934084,-0.015578468773551544,61.0
2023_16_JAX_TB,2023,16,2023-12-24,TB,0.05241863031272672,-0.20385275782476445,70,0.01748156807400484,0.044670257326190954,60.6
2023_17_NO_TB,2023,17,2023-12-31,TB,-0.1668639138262346,0.07343507179775974,50,0.051040702317267164,-0.03850518477213617,61.4
2023_18_TB_CAR,2023,18,2024-01-07,TB,-0.09411871407956807,-0.3102939823857225,61,0.03451430563694737,-0.04000932925103477,60.2
2024_01_WAS_TB,2024,1,2024-09-08,TB,0.26636196361922065,0.12063032157171852,59,0.02476044081233274,-0.0849502037877128,61.2
2024_02_TB_DET,2024,2,2024-09-15,TB,-0.09997592314016007,-0.06947292027417651,46,0.08445837531227322,-0.05768775369089894,59.6
2024_03_DEN_TB,2024,3,2024-09-22,TB,-0.3762474080342924,0.08453726114317775,56,-0.00843559142280308,-0.07791085342303702,57.2
2024_04_PHI_TB,2024,4,2024-09-29,TB,0.2087540926194429,-0.06584126464493403,73,-0.0941687990922069,-0.0202328496294486,54.4
2024_05_TB_ATL,2024,5,2024-10-03,TB,0.17322463147046066,0.23220593246419632,50,-0.01904519780307141,-0.04808811691798735,59.0
2024_06_TB_NO,2024,6,2024-10-13,TB,0.22035999537670714,-0.4109091258823089,73,0.034423471306934336,0.0604118660519964,56.8
2024_07_BAL_TB,2024,7,2024-10-21,TB,0.12291366223525951,0.4721303591944569,79,0.025223077658431632,-0.04589602343880908,59.6
2024_08_ATL_TB,2024,8,2024-10-27,TB,0.08780195819872409,0.2599835265407362,70,0.06980099473351556,0.062424632454917604,66.2
2024_09_TB_KC,2024,9,2024-11-04,TB,0.1895435593631987,0.1403529048755421,52,0.16261086798011884,0.0975138855344293,69.0
2024_10_SF_TB,2024,10,2024-11-10,TB,-0.0557267700768661,0.24011230348996715,58,0.15876876132887002,0.13875271943852452,64.8
2024_12_TB_NYG,2024,12,2024-11-24,TB,0.2624369768002441,-0.2526268650375476,62,0.11297848101940466,0.14033399364367868,66.4
2024_13_TB_CAR,2024,13,2024-12-01,TB,-0.030901692524250738,0.002090434313836036,76,0.12139387730411204,0.17199044581263095,64.2
2024_14_LV_TB,2024,14,2024-12-08,TB,0.12407973330365336,-0.1482394077658885,59,0.09063080635221,0.07798246083650677,63.6
2024_15_TB_LAC,2024,15,2024-12-15,TB,0.22441281418351666,-0.3698403134963222,67,0.09788636137319585,-0.0036621260248181687,61.4
2024_16_TB_DAL,2024,16,2024-12-22,TB,0.08336109182054098,0.01339712979400351,70,0.10486021233725944,-0.10570076969919102,64.4
2024_17_CAR_TB,2024,17,2024-12-29,TB,0.45438960213542484,-0.10282477504936936,71,0.13267778471674085,-0.15104380443838375,66.8
2024_18_NO_TB,2024,18,2025-01-05,TB,0.22456962449190762,0.0020943582978157744,63,0.17106830978377702,-0.12108338644074809,68.6
2025_01_TB_ATL,2025,1,2025-09-07,TB,0.11404061733898174,0.0551085821851325,55,0.22216257318700866,-0.12108260164395215,66.0
2025_02_TB_HOU,2025,2,2025-09-15,TB,0.13463576223110796,-0.06539168863077052,73,0.22015474999407436,-0.08041300365374796,65.2
2025_03_NYJ_TB,2025,3,2025-09-21,TB,0.017624620730731618,-0.1851099196315639,63,0.2021993396035926,-0.019523278680637617,66.4
2025_04_PHI_TB,2025,4,2025-09-28,TB,-0.14611229033813666,-0.07388661178406931,67,0.18905204538563075,-0.059224688565751096,65.0
2025_05_TB_SEA,2025,5,2025-10-05,TB,0.39668352996929396,0.40564259705959244,58,0.06895166689091844,-0.05343705591269109,64.2
2025_06_SF_TB,2025,6,2025-10-12,TB,0.2943644298495219,-0.08532056090353136,50,0.1033744479863957,0.02727259183966424,63.2
2025_07_TB_DET,2025,7,2025-10-20,TB,-0.41947932219072487,-0.12031188230506579,66,0.13943921048850375,-0.0008132367780685351,62.2
2025_08_TB_NO,2025,8,2025-10-26,TB,-0.14794995938809855,-0.4726712227326961,56,0.028616193604137162,-0.011797275512927589,60.8
2025_10_NE_TB,2025,10,2025-11-09,TB,0.044337669336884676,0.17789473459285138,67,-0.00449872241962887,-0.06930953613315402,59.4
2025_11_TB_BUF,2025,11,2025-11-16,TB,0.05390374443740425,0.24343949035189907,69,0.0335912695153754,-0.01895326685776988,59.4
2025_12_TB_LA,2025,12,2025-11-23,TB,-0.42991774065989946,0.09561116587422915,67,-0.03496468759100254,-0.05139388819930857,61.6
2025_13_ARI_TB,2025,13,2025-11-30,TB,0.062032397961881446,-0.0263044622938843,54,-0.1798211216928868,-0.015207542843756453,65.0
2025_14_NO_TB,2025,14,2025-12-07,TB,-0.1783482840616037,0.018192071700584022,69,-0.08351877766236555,0.003593941158479848,62.6
2025_15_ATL_TB,2025,15,2025-12-11,TB,0.055107300613201245,0.2173615541685331,62,-0.08959844259706658,0.10176660004513587,65.2
2025_16_TB_CAR,2025,16,2025-12-21,TB,0.10685435090192215,0.10059068346236226,60,-0.08744451634180325,0.10965996396027222,64.2
2025_17_TB_MIA,2025,17,2025-12-28,TB,0.035067697904803116,0.1076283444776981,63,-0.07685439504889968,0.08109020258236485,62.4
2025_18_CAR_TB,2025,18,2026-01-03,TB,0.006040095488994255,-0.021426274508918312,66,0.016142692664040833,0.08349363830305864,61.6
2026_01_TB_CIN,2026,1,2026-09-13,TB,-0.18521386813511093,-0.0015601707333382329,51,0.004944232169463396,0.08446927586005185,64.0
2016_01_MIN_TEN,2016,1,2016-09-11,TEN,-0.2723532707019727,0.026927695891083975,66,,,
2016_02_TEN_DET,2016,2,2016-09-18,TEN,0.14492715187491076,0.008927595457260223,60,,,
2016_03_OAK_TEN,2016,3,2016-09-25,TEN,-0.14484654371442884,0.06726140502350253,63,,,
2016_04_TEN_HOU,2016,4,2016-10-02,TEN,-0.033919847591579906,-0.04869110137331499,62,-0.09075755418049691,0.03437223212394891,63.0
2016_05_TEN_MIA,2016,5,2016-10-09,TEN,0.22119310649257287,-0.2491327581982571,68,-0.07654812753326767,0.013606398749632934,62.75
2016_06_CLE_TEN,2016,6,2016-10-16,TEN,0.19763000499331845,0.09991837778413803,56,-0.01699988072809956,-0.038941432639945074,63.8
2016_07_IND_TEN,2016,7,2016-10-23,TEN,0.009884722032379138,0.27331467727543374,68,0.07699677441095867,-0.024343296261334264,61.8
2016_08_JAX_TEN,2016,8,2016-10-27,TEN,0.2206573234890873,0.11927127219314743,66,0.049988288442452344,0.028534120102300442,63.4
2016_09_TEN_SD,2016,9,2016-11-06,TEN,-0.008146583618401534,0.23752979735046312,61,0.12308906188315558,0.03893609353622942,64.0
2016_10_GB_TEN,2016,10,2016-11-13,TEN,0.318678448087847,0.06782514704588972,59,0.12824371467779125,0.09618027328098504,63.8
2016_11_TEN_IND,2016,11,2016-11-20,TEN,-0.0521991860021465,0.07443102762770602,70,0.14774078299684607,0.1595718543298144,62.0
2016_12_TEN_CHI,2016,12,2016-11-27,TEN,0.29565769530632313,-0.023647059243031482,51,0.09777494479775309,0.154474384298528,64.8
2016_14_DEN_TEN,2016,14,2016-12-11,TEN,-0.08271162305583944,-0.12531227712021287,62,0.1549295394525419,0.09508203699483496,61.4
2016_15_TEN_KC,2016,15,2016-12-18,TEN,-0.042518672802121224,-0.06074025182835083,62,0.09425575014355653,0.046165327132162905,60.6
2016_16_TEN_JAX,2016,16,2016-12-24,TEN,-0.1612233858617031,0.10612007917018598,64,0.0873813323068126,-0.013488682703599885,60.8
2016_17_HOU_TEN,2016,17,2017-01-01,TEN,-0.07649154286763736,-0.03461716942616531,58,-0.008599034483097429,-0.005829696278740632,61.8
2017_01_OAK_TEN,2017,1,2017-09-10,TEN,0.05026057678090152,0.15262099139271618,63,-0.0134575058561956,-0.027639335689514898,59.4
2017_02_TEN_JAX,2017,2,2017-09-17,TEN,0.18926352447848152,-0.13297055670508212,62,-0.06253692956127993,0.007614274437634632,61.8
2017_03_SEA_TEN,2017,3,2017-09-24,TEN,0.025956934808570583,0.0838018357711908,65,-0.008141900054415735,0.0060826185206607816,61.8
2017_04_TEN_HOU,2017,4,2017-10-01,TEN,-0.5581692871433915,0.22413323303862667,40,0.005553221467722623,0.03499103604056911,62.4
2017_05_TEN_MIA,2017,5,2017-10-08,TEN,-0.40292098320752834,-0.37730738977298456,58,-0.07383595878861507,0.05859366681425724,57.6
2017_06_IND_TEN,2017,6,2017-10-16,TEN,0.11287123368897217,-0.09901935309652649,66,-0.13912184685659326,-0.009944377255106596,57.6
2017_07_TEN_CLE,2017,7,2017-10-22,TEN,-0.20102369476234982,-0.2768509433336671,68,-0.1265997154749791,-0.06027244615295513,58.2
2017_09_BAL_TEN,2017,9,2017-11-05,TEN,-0.043326487930202225,-0.02424667748821966,50,-0.20465715932314538,-0.08904852347867212,59.4
2017_10_CIN_TEN,2017,10,2017-11-12,TEN,-0.09223459087586036,-0.18692533921101132,84,-0.21851384387089995,-0.1106582261305542,56.4
2017_11_TEN_PIT,2017,11,2017-11-16,TEN,-0.16501444808654664,0.1553529937503605,57,-0.1253269046173937,-0.19286994058048182,65.2
2017_12_TEN_IND,2017,12,2017-11-26,TEN,-0.0443320421541334,-0.19404415800744484,51,-0.07774559759319737,-0.0863378638758128,65.0
2017_13_HOU_TEN,2017,13,2017-12-03,TEN,0.2283030045307228,0.07264659281622501,50,-0.10918625276181848,-0.10534282485799648,62.0
2017_14_TEN_ARI,2017,14,2017-12-10,TEN,-0.41086619359031307,-0.18653438313652815,56,-0.023320912903203962,-0.03544331762801805,58.4
2017_15_TEN_SF,2017,15,2017-12-17,TEN,0.10632923171228281,0.1282373608742361,62,-0.09682885403522613,-0.06790085875767975,59.6
2017_16_LA_TEN,2017,16,2017-12-24,TEN,-0.07124769496390046,0.09163351261729591,66,-0.0571160895175975,-0.004868318740630267,55.2
2017_17_JAX_TEN,2017,17,2017-12-31,TEN,-0.36535415235884594,-0.29228146797334026,62,-0.03836273889306826,-0.017612214967243182,57.0
2018_01_TEN_MIA,2018,1,2018-09-09,TEN,-0.2904205503789817,-0.01195157423951285,67,-0.10256716093401078,-0.03725967696042227,59.2
2018_02_HOU_TEN,2018,2,2018-09-16,TEN,0.034294300891086184,0.10817977406082943,57,-0.20631187191595166,-0.054179310371569846,62.6
2018_03_TEN_JAX,2018,3,2018-09-23,TEN,-0.13248092159624097,-0.16091715709828516,59,-0.11727977301967182,0.004763521067901677,62.8
2018_04_PHI_TEN,2018,4,2018-09-30,TEN,0.08326750059596051,0.032587590659652554,67,-0.16504180368137658,-0.05306738252660257,62.2
2018_05_TEN_BUF,2018,5,2018-10-07,TEN,-0.26923291195094473,-0.1691564112008808,53,-0.13413876456940438,-0.06487656691813123,62.4
2018_06_BAL_TEN,2018,6,2018-10-14,TEN,-0.3635224382422166,0.17401864727906569,40,-0.11491451648782414,-0.04025155556363935,60.6
2018_07_TEN_LAC,2018,7,2018-10-21,TEN,0.15716509445523408,0.3150298460780737,68,-0.1295348940604711,-0.0030575112599236453,55.2
2018_09_TEN_DAL,2018,9,2018-11-05,TEN,0.11472152565514962,-0.11759085621601864,67,-0.10496073534764154,0.03831250314352521,57.4
2018_10_NE_TEN,2018,10,2018-11-11,TEN,0.18357520475134204,-0.15143832803611335,63,-0.055520245897363416,0.04697776331997851,59.0
2018_11_TEN_IND,2018,11,2018-11-18,TEN,-0.18712621353226558,0.3458395702942455,59,-0.035458705066287115,0.010172579580825337,58.2
2018_12_TEN_HOU,2018,12,2018-11-26,TEN,0.026151745338809613,0.25432861618772945,52,-0.019037365382551286,0.11317177587985058,59.4
2018_13_NYJ_TEN,2018,13,2018-12-02,TEN,-0.08954384758672976,-0.12829328874027368,59,0.05889747133365395,0.12923376966158334,61.8
2018_14_JAX_TEN,2018,14,2018-12-06,TEN,0.24074102661732194,-0.20632001813712783,55,0.009555682925261186,0.04056914269791386,60.0
2018_15_TEN_NYG,2018,15,2018-12-16,TEN,0.06616133457636089,-0.25723180923211786,64,0.03475958311769565,0.02282331031369203,57.6
2018_16_WAS_TEN,2018,16,2018-12-22,TEN,0.07287552115323147,-0.019331746855845263,55,0.011276809082699419,0.001664614074491122,57.8
2018_17_IND_TEN,2018,17,2018-12-30,TEN,-0.34024738467727383,0.08489509548757891,45,0.06327715601979883,-0.07136964935552703,57.0
2019_01_TEN_CLE,2019,1,2019-09-08,TEN,0.13506536190383478,-0.3518784212767117,54,-0.010002669983417856,-0.10525635349555715,55.6
2019_02_IND_TEN,2019,2,2019-09-15,TEN,-0.07611503233462419,-0.0211014233525872,54,0.03491917191469505,-0.14997338000284474,54.6
2019_03_TEN_JAX,2019,3,2019-09-19,TEN,-0.1072173771634698,-0.09296622589512467,75,-0.02845203987569418,-0.11292966104593663,54.4
2019_04_TEN_ATL,2019,4,2019-09-29,TEN,0.05750748534614333,-0.13244750677969339,61,-0.0631277822236603,-0.08007654437853798,56.6
2019_05_BUF_TEN,2019,5,2019-10-06,TEN,-0.08173201656584271,-0.09035984672544921,54,-0.06620138938507794,-0.1026996963633076,57.8
2019_06_TEN_DEN,2019,6,2019-10-13,TEN,-0.4043179626698743,-0.15674348341445898,61,-0.014498315762791722,-0.1377506848059132,59.6
2019_07_LAC_TEN,2019,7,2019-10-20,TEN,0.17585948606016383,0.041272299544275984,60,-0.12237498067753354,-0.09872369723346268,61.0
2019_08_TB_TEN,2019,8,2019-10-27,TEN,-0.18418041896881096,-0.07860549969469383,55,-0.07198007699857595,-0.08624895265409005,62.2
2019_09_TEN_CAR,2019,9,2019-11-03,TEN,0.05579409064117252,0.08711232296179916,63,-0.08737268535964418,-0.08337680741400387,58.2
2019_10_KC_TEN,2019,10,2019-11-10,TEN,0.16544150835223498,0.1430192916718171,50,-0.08771536430063834,-0.03946484146570537,58.6
2019_12_JAX_TEN,2019,12,2019-11-24,TEN,0.3602342737934426,0.03231015261439292,48,-0.0382806593170228,0.007210986213747892,57.8
2019_13_TEN_IND,2019,13,2019-12-01,TEN,-0.08896606461889363,-0.07736129604641548,55,0.11462978797564058,0.04502171341951827,55.2
2019_14_TEN_OAK,2019,14,2019-12-08,TEN,0.45553140671761067,-0.06807374149260188,58,0.06166467783982908,0.021294994301379985,54.2
2019_15_HOU_TEN,2019,15,2019-12-15,TEN,0.09721405891803064,0.12425543244333109,65,0.18960704297711342,0.023401345941798372,54.8
2019_16_NO_TEN,2019,16,2019-12-22,TEN,0.04846583795131602,0.1651113977760953,58,0.19789103663248503,0.030829967838104756,55.2
2019_17_TEN_HOU,2019,17,2019-12-29,TEN,0.5014900481164978,-0.034610092587983955,57,0.17449590255230124,0.0352483890589604,56.8
2020_01_TEN_DEN,2020,1,2020-09-14,TEN,0.10477121353774073,-0.08486242919481533,78,0.2027470574169123,0.021864340018485022,58.6
2020_02_JAX_TEN,2020,2,2020-09-20,TEN,0.2686299876787338,0.2544227869679926,57,0.24149451304823916,0.02036411338880505,63.2
2020_03_TEN_MIN,2020,3,2020-09-27,TEN,0.00698306370808055,0.04339987015667981,72,0.20411422924046377,0.08486341908092394,63.0
2020_05_BUF_TEN,2020,5,2020-10-13,TEN,0.2872113448350818,0.020849704895232093,62,0.18606803019847376,0.06869230662359369,64.4
2020_06_HOU_TEN,2020,6,2020-10-18,TEN,0.4120410938918962,0.27843951406856693,71,0.23381713157522693,0.03983996804742104,65.2
2020_07_PIT_TEN,2020,7,2020-10-25,TEN,0.03957255436562489,0.12131955059475347,56,0.21592734073030656,0.1024498893787312,68.0
2020_08_TEN_CIN,2020,8,2020-11-01,TEN,0.2357387430314183,0.26711935262952036,61,0.2028876088958834,0.143686285336645,63.6
2020_09_CHI_TEN,2020,9,2020-11-08,TEN,-0.09563891956266292,-0.16212231939295482,53,0.19630935996642035,0.14622559846895053,64.4
2020_10_IND_TEN,2020,10,2020-11-12,TEN,-0.06514733129591323,0.20627887235826614,60,0.17578496331227164,0.10512116055902361,60.6
2020_11_TEN_BAL,2020,11,2020-11-22,TEN,0.17927935600782147,0.11446342046258196,68,0.10531322808607264,0.14220699405163043,60.2
2020_12_TEN_IND,2020,12,2020-11-29,TEN,0.34378257725575867,-0.013410523163171843,65,0.05876088050925767,0.10941177533043342,59.6
2020_13_CLE_TEN,2020,13,2020-12-06,TEN,0.04010568234191605,0.2666539430602007,68,0.11960288508728442,0.08246576057884836,61.4
2020_14_TEN_JAX,2020,14,2020-12-13,TEN,0.20245635906715262,-0.1292492311127718,65,0.08047627294938398,0.08237267866498442,62.8
2020_15_DET_TEN,2020,15,2020-12-20,TEN,0.4945638414822824,0.13296247242021575,64,0.14009532867534708,0.08894729632102102,65.2
2020_16_TEN_GB,2020,16,2020-12-27,TEN,-0.10774423406163061,0.33371845686156687,55,0.2520375632309862,0.07428401633341095,66.0
2020_17_TEN_HOU,2020,17,2021-01-03,TEN,0.2871081976372357,0.24862658357149986,69,0.1946328452170958,0.11813502361320793,63.4
2021_01_ARI_TEN,2021,1,2021-09-12,TEN,-0.3256597406822204,0.18510035134424338,64,0.1832979692933912,0.17054244496014226,64.2
2021_02_TEN_SEA,2021,2,2021-09-19,TEN,0.1629477886342436,0.15459413642010494,82,0.11014488468856394,0.1542317266169508,63.4
2021_03_IND_TEN,2021,3,2021-09-26,TEN,0.012775097409987286,-0.045294459680429236,64,0.10224317060198211,0.21100040012352617,66.8
2021_04_TEN_NYJ,2021,4,2021-10-03,TEN,0.021808448393754294,0.02941837865059309,94,0.0058854217875231,0.17534901370339717,66.8
2021_05_TEN_JAX,2021,5,2021-10-10,TEN,0.2611688342595676,-0.06351833478457992,61,0.03179595827860008,0.11448899806120241,74.6
2021_06_BUF_TEN,2021,6,2021-10-18,TEN,0.25212000418077785,0.12116740855036415,50,0.026608085603066454,0.052060014389986455,73.0
2021_07_KC_TEN,2021,7,2021-10-24,TEN,0.18901255211596266,-0.10087683634793775,62,0.14216403457566612,0.03927342583121061,70.2
2021_08_TEN_IND,2021,8,2021-10-31,TEN,0.09877919314827294,-0.14061487678855988,67,0.14737698727200993,-0.011820768722397934,66.2
2021_09_TEN_LA,2021,9,2021-11-07,TEN,-0.07741390692218292,-0.24247654738981148,55,0.16457780641966704,-0.030884852144024068,66.8
2021_10_NO_TEN,2021,10,2021-11-14,TEN,-0.0664290598665027,0.11186557221892564,56,0.14473333535647961,-0.08526383735210499,59.0
2021_11_HOU_TEN,2021,11,2021-11-21,TEN,-0.18670977018235688,-0.08091851342002389,79,0.07921375653126554,-0.05018705595140387,58.0
2021_12_TEN_NE,2021,12,2021-11-28,TEN,-0.0893164294385666,0.23458161143263817,61,-0.008552198341361405,-0.09060424034548147,63.8
2021_14_JAX_TEN,2021,14,2021-12-12,TEN,0.037279665130623946,-0.4312912876541982,66,-0.06421799465226725,-0.023512550789366288,63.6
2021_15_TEN_PIT,2021,15,2021-12-19,TEN,-0.20352428726355148,-0.2421579089076804,78,-0.07651790025579705,-0.08164783296249396,63.4
2021_16_SF_TEN,2021,16,2021-12-23,TEN,0.057358828757744146,0.07704249956683708,58,-0.10173997632407077,-0.08158410526606774,68.0
2021_17_MIA_TEN,2021,17,2022-01-02,TEN,0.06239802710989897,-0.3575548287802444,59,-0.0769823985992214,-0.08854871979648546,68.4
2021_18_TEN_HOU,2021,18,2022-01-09,TEN,0.26104177289185454,0.18172281209266591,63,-0.02716083914077023,-0.14387598286852957,64.4
2022_01_NYG_TEN,2022,1,2022-09-11,TEN,0.028325708807812773,0.018883001840735474,59,0.042910801325313996,-0.154447742736524,64.8
2022_02_TEN_BUF,2022,2,2022-09-19,TEN,-0.38024678361769065,0.22617654883334934,53,0.04112001006075176,-0.06441288483753728,63.4
2022_03_LV_TEN,2022,3,2022-09-25,TEN,0.18695553351547128,0.10030708317132889,53,0.005775510789923921,0.029254006710668672,58.4
2022_04_TEN_IND,2022,4,2022-10-02,TEN,0.042360857692872476,-0.08042609310693909,49,0.031694851741469354,0.03390692343156704,57.4
2022_05_TEN_WAS,2022,5,2022-10-09,TEN,-0.017048612770233906,-0.04586804877158726,62,0.027687417858064056,0.0893326705662281,55.4
2022_07_IND_TEN,2022,7,2022-10-23,TEN,-0.1178125326343628,-0.21598997737434378,55,-0.027930659274353637,0.04381449839337747,55.2
2022_08_TEN_HOU,2022,8,2022-10-30,TEN,0.044331157275880086,-0.3460223418615508,57,-0.057158307562788745,-0.0031600974496383827,54.4
2022_09_TEN_KC,2022,9,2022-11-06,TEN,-0.07787437595448066,0.06680471345248583,47,0.0277572806159254,-0.11759987558861842,55.2
2022_10_DEN_TEN,2022,10,2022-11-13,TEN,-0.08458143977035677,-0.12511718800830998,60,-0.025208701278064988,-0.12430034953238703,54.0
2022_11_TEN_GB,2022,11,2022-11-17,TEN,0.24084030887251337,-0.02585577570260432,61,-0.05059716077071084,-0.1332385685126612,56.2
2022_12_CIN_TEN,2022,12,2022-11-27,TEN,0.06004013382602572,0.1366037179941061,56,0.0009806235578386168,-0.12923611389886464,56.0
2022_13_TEN_PHI,2022,13,2022-12-04,TEN,-0.231891923738972,0.3203631871716126,53,0.03655115684991632,-0.05871737482517464,56.2
2022_14_JAX_TEN,2022,14,2022-12-11,TEN,-0.13120148055433545,0.17135101895961918,63,-0.0186934593530541,0.07455973098145804,55.4
2022_15_TEN_LAC,2022,15,2022-12-18,TEN,-0.053985220024048146,-0.06504700084630433,56,-0.029358880273025058,0.0954689920828847,58.6
2022_16_HOU_TEN,2022,16,2022-12-24,TEN,-0.2614980031583651,-0.10389186927221677,58,-0.02323963632376333,0.10748302951528584,57.8
2022_17_DAL_TEN,2022,17,2022-12-29,TEN,-0.16398711312247952,0.0022969097941889084,65,-0.12370729872993902,0.09187581080136334,57.2
2022_18_TEN_JAX,2022,18,2023-01-07,TEN,-0.09295700008742341,-0.10635881234867216,72,-0.16851274811964007,0.06501444916137991,59.0
2023_01_TEN_NO,2023,1,2023-09-10,TEN,-0.22254171175834087,-0.09390476786717254,59,-0.14072576338933035,-0.020329950742677034,62.8
2023_02_LAC_TEN,2023,2,2023-09-17,TEN,0.010639916480615023,0.09223075477247258,63,-0.15899380963013143,-0.07338110810803539,62.0
2023_03_TEN_CLE,2023,3,2023-09-24,TEN,-0.43798187266689165,0.02176471014507728,45,-0.1460687823291988,-0.04192555698427999,63.4
2023_04_CIN_TEN,2023,4,2023-10-01,TEN,0.20212646460574152,-0.22988560790352555,61,-0.1813655562309041,-0.016794241100821186,60.8
2023_05_TEN_IND,2023,5,2023-10-08,TEN,0.0997040036071275,0.20651486377475872,56,-0.1081428406852599,-0.06323074464036407,60.0
2023_06_BAL_TEN,2023,6,2023-10-15,TEN,-0.19703886103086593,0.022584863119277692,46,-0.06961063994634972,-0.0006560094156778995,56.8
2023_08_ATL_TEN,2023,8,2023-10-29,TEN,0.06637833869535825,-0.05012484104413301,64,-0.06451006980085475,0.022641916781612145,54.2
2023_09_TEN_PIT,2023,9,2023-11-02,TEN,-0.0025226740998953393,0.12672774782180604,67,-0.05336238535790609,-0.0058292023817089755,54.4
2023_10_TEN_TB,2023,10,2023-11-12,TEN,-0.2696010521121985,0.05325110234052687,59,0.03372945435549317,0.015163405153636778,58.8
2023_11_TEN_JAX,2023,11,2023-11-19,TEN,0.03798047847683645,0.19394928561973585,36,-0.06061604898809483,0.07179074720244727,58.4
2023_12_CAR_TEN,2023,12,2023-11-26,TEN,0.04109319935467246,-0.13866227316256857,49,-0.07296075401415304,0.06927763157144269,54.4
2023_13_IND_TEN,2023,13,2023-12-03,TEN,0.0308100599814912,-0.01090840195705578,80,-0.025334341937045358,0.037028204315073435,55.0
2023_14_TEN_MIA,2023,14,2023-12-11,TEN,0.06700255624870652,-0.03839909006668134,68,-0.03244799767981877,0.04487149213248888,58.2
2023_15_HOU_TEN,2023,15,2023-12-17,TEN,-0.18189447900990144,-0.1103435555862219,63,-0.018542951610098397,0.011846124554791407,58.4
2023_16_SEA_TEN,2023,16,2023-12-24,TEN,0.09455044940788755,0.13119076369784954,63,-0.0010016369896389877,-0.020872807030558348,59.2
2023_17_TEN_HOU,2023,17,2023-12-31,TEN,-0.4293156029871081,0.002530324493893906,53,0.010312357196571233,-0.03342451141493561,64.6
2023_18_JAX_TEN,2023,18,2024-01-07,TEN,0.12612470230557776,-0.06277091192108594,52,-0.08376940327178488,-0.005185991883643114,65.4
2024_01_TEN_CHI,2024,1,2024-09-08,TEN,-0.26414464840040225,-0.24889682060395574,61,-0.06470647480696756,-0.015558493876449147,59.8
2024_02_NYJ_TEN,2024,2,2024-09-15,TEN,-0.08954142496916567,0.03564904499543735,60,-0.1309359157367893,-0.05765803998390403,58.4
2024_03_GB_TEN,2024,3,2024-09-22,TEN,-0.36721780175400265,0.11607764740370291,53,-0.11246530492864215,-0.02845951986757218,57.8
2024_04_TEN_MIA,2024,4,2024-09-30,TEN,-0.12303492048345122,-0.44382242615654677,61,-0.20481895516102017,-0.031482143126401504,55.8
2024_06_IND_TEN,2024,6,2024-10-13,TEN,-0.02593452022349258,-0.09491334601256621,55,-0.1435628186602888,-0.12075269325648966,57.4
2024_07_TEN_BUF,2024,7,2024-10-20,TEN,-0.2237247071501999,0.21962814052913,66,-0.1739746631661029,-0.12718118007478568,58.0
2024_08_TEN_DET,2024,8,2024-10-27,TEN,-0.2904079267824836,0.025190164359021265,71,-0.1658906749160624,-0.033476187848168554,59.0
2024_09_NE_TEN,2024,9,2024-11-03,TEN,0.011146080145846424,-0.08869032534496381,73,-0.20606397527872602,-0.03556796397545177,61.2
2024_10_TEN_LAC,2024,10,2024-11-10,TEN,0.11689301344649819,0.20210270739087094,51,-0.1303911988987562,-0.07652155852518512,65.2
2024_11_MIN_TEN,2024,11,2024-11-17,TEN,-0.14260744115284088,-0.053563801073451045,55,-0.08240561211276633,0.052663468184298436,63.2
2024_12_TEN_HOU,2024,12,2024-11-24,TEN,-0.0963698010642001,-0.22699336670625098,64,-0.10574019629863599,0.06093337717212146,63.2
2024_13_TEN_WAS,2024,13,2024-12-01,TEN,-0.10154991066288353,0.29231445376932497,51,-0.08026921508143602,-0.02839092427495473,62.8
2024_14_JAX_TEN,2024,14,2024-12-08,TEN,-0.15862419363598335,0.030804982399609836,62,-0.04249761185751601,0.025033933607106006,58.8
2024_15_CIN_TEN,2024,15,2024-12-15,TEN,-0.11534370897061308,0.1949040566409111,64,-0.07645166661388196,0.04893299515602074,56.6
2024_16_TEN_IND,2024,16,2024-12-22,TEN,0.07221309393267743,0.21821909411644827,58,-0.12289901109730421,0.04749326500602877,59.2
2024_17_TEN_JAX,2024,17,2024-12-29,TEN,0.03728812583230865,0.15334083067712087,64,-0.07993490408020056,0.10184984404400863,59.8
2024_18_HOU_TEN,2024,18,2025-01-05,TEN,-0.18464127046662468,0.0626337290576773,61,-0.053203318700898804,0.177916683520683,59.8
2025_01_TEN_DEN,2025,1,2025-09-07,TEN,-0.4102946305332314,-0.14790463857146785,55,-0.06982159066164703,0.13198053857835346,61.8
2025_02_LA_TEN,2025,2,2025-09-14,TEN,-0.12371082812978232,0.3434016010603085,64,-0.12015567804109664,0.09623861438413792,60.4
2025_03_IND_TEN,2025,3,2025-09-21,TEN,-0.1724556131271189,0.3936531533492063,65,-0.12182910187293047,0.1259381232680174,60.4
2025_04_TEN_HOU,2025,4,2025-09-28,TEN,-0.33984141296230697,0.14997043720635106,45,-0.17076284328488972,0.161024935114569,61.8
2025_05_TEN_ARI,2025,5,2025-10-05,TEN,-0.040184388989610034,-0.07426535388094635,61,-0.24618875104381285,0.16035085642041505,58.0
2025_06_TEN_LV,2025,6,2025-10-12,TEN,-0.30766865473885463,-0.17984146129842535,58,-0.21729737474840993,0.13297103983269032,58.0
2025_07_NE_TEN,2025,7,2025-10-19,TEN,-0.28418670217351055,0.2674770223241579,51,-0.19677217958953458,0.1265836752872988,58.6
2025_08_TEN_IND,2025,8,2025-10-26,TEN,-0.08746747893923329,0.3815471290843497,66,-0.22886735439828026,0.1113987595400687,56.0
2025_09_LAC_TEN,2025,9,2025-11-02,TEN,-0.17723924175599148,0.08430029829409308,44,-0.21186972756070316,0.10897755468709738,56.2
2025_11_HOU_TEN,2025,11,2025-11-16,TEN,-0.11977042686512421,-0.06696717421772264,57,-0.17934929331944,0.09584352690464579,56.0
2025_12_SEA_TEN,2025,12,2025-11-23,TEN,-0.0052869024993849245,0.29043922414280715,68,-0.19526650089454284,0.09730316283729051,55.2
2025_13_JAX_TEN,2025,13,2025-11-30,TEN,-0.42417983943685056,0.012991330008268017,55,-0.1347901504466489,0.19135929992553705,57.2
2025_14_TEN_CLE,2025,14,2025-12-07,TEN,-0.09271315196570791,-0.05692766976295185,64,-0.16278877789931692,0.14046216146235904,58.0
2025_15_TEN_SF,2025,15,2025-12-14,TEN,0.23221759362338282,0.24785541111916856,49,-0.16383791250461185,0.052767201692898745,57.6
2025_16_KC_TEN,2025,16,2025-12-21,TEN,0.04466097440533517,-0.31250395935260805,68,-0.081946545428737,0.08547822425791383,58.6
2025_17_NO_TEN,2025,17,2025-12-28,TEN,-0.18078528304507244,0.24544763631604535,72,-0.04906026517464511,0.03637086723093676,60.8
2025_18_TEN_JAX,2025,18,2026-01-04,TEN,-0.34853634520370375,0.21885933596011084,53,-0.08415994128378261,0.027372549665584396,61.6
2026_01_NYJ_TEN,2026,1,2026-09-13,TEN,-0.11862377440619905,0.16835011036526987,49,-0.06903124243715324,0.06854615085595296,61.2
2016_01_PIT_WAS,2016,1,2016-09-12,WAS,-0.03591452396778478,0.31476823484862637,55,,,
2016_02_DAL_WAS,2016,2,2016-09-18,WAS,0.05958494583234633,0.17703520497443848,64,,,
2016_03_WAS_NYG,2016,3,2016-09-25,WAS,0.13964360760714786,0.07871473268936799,65,,,
2016_04_CLE_WAS,2016,4,2016-10-02,WAS,0.137379706365514,-0.007730193468472133,56,0.05443800982390314,0.19017272417081096,61.333333333333336
2016_05_WAS_BAL,2016,5,2016-10-09,WAS,-0.07731522555430169,-0.17549194899333667,60,0.07517343395930585,0.14069699476099018,60.0
2016_06_PHI_WAS,2016,6,2016-10-16,WAS,0.11183679921286593,-0.08332498382244782,66,0.044675702056584346,0.0774592060101248,60.0
2016_07_WAS_DET,2016,7,2016-10-23,WAS,0.09583178324457113,0.1665529027863934,70,0.07422596669271449,-0.0021594377240900355,62.2
2016_08_WAS_CIN,2016,8,2016-10-30,WAS,0.22793711049555326,0.13299809023847964,87,0.08147533417515945,-0.004255898161699051,63.4
2016_10_MIN_WAS,2016,10,2016-11-13,WAS,0.12834870934320505,0.022931207869987702,61,0.09913403475284052,0.006600773348123279,67.8
2016_11_GB_WAS,2016,11,2016-11-20,WAS,0.42462688495693246,0.16919266745727563,62,0.09732783534837874,0.012733053615815245,68.8
2016_12_WAS_DAL,2016,12,2016-11-24,WAS,0.3243831930550096,0.32659133055933365,73,0.19771625745062557,0.0816699769059377,69.2
2016_13_WAS_ARI,2016,13,2016-12-04,WAS,0.05977640760966453,0.2110759215435748,56,0.24022553621905432,0.163653239782294,70.6
2016_14_WAS_PHI,2016,14,2016-12-11,WAS,0.1955235237083451,-0.03976721163480949,45,0.23301446109207297,0.1725578435337303,67.8
2016_15_CAR_WAS,2016,15,2016-12-19,WAS,-0.2194627710502416,0.05543043578834242,60,0.22653174373463134,0.13800478315907247,59.4
2016_16_WAS_CHI,2016,16,2016-12-24,WAS,0.341221145995776,-0.028392566953305567,63,0.15696944765594206,0.1445046287427434,59.2
2016_17_NYG_WAS,2016,17,2017-01-01,WAS,-0.3028340072112771,-0.07343100517154125,54,0.14028829986371075,0.10498758186062715,59.4
2017_01_PHI_WAS,2017,1,2017-09-10,WAS,-0.26174285747730475,-0.050503843926214764,61,0.014844859810453392,0.024983114714452182,55.6
2017_02_WAS_LA,2017,2,2017-09-17,WAS,0.12770257581545585,-0.009902731750735952,68,-0.04945899320694046,-0.02733283837950573,56.6
2017_03_OAK_WAS,2017,3,2017-09-24,WAS,0.12043278733371394,-0.5165801010977024,65,-0.0630231827855183,-0.021359942402691023,61.2
2017_04_WAS_KC,2017,4,2017-10-02,WAS,0.06987916377965872,0.17078422853126882,49,0.004955928891272795,-0.13576204977989997,62.2
2017_06_SF_WAS,2017,6,2017-10-15,WAS,-0.002462731634350078,0.050755682920458324,70,-0.049312467551950664,-0.0959266906829851,59.4
2017_07_WAS_PHI,2017,7,2017-10-23,WAS,0.031848840508507455,0.20289028063369832,61,0.010761787563434749,-0.07108935306458519,62.6
2017_08_DAL_WAS,2017,8,2017-10-29,WAS,-0.16891011849855417,0.03951770885460261,58,0.06948012716059718,-0.020410528152602574,62.6
2017_09_WAS_SEA,2017,9,2017-11-05,WAS,-0.18366745337969917,-0.03135843392389446,60,0.010157588297795178,-0.010526440031534865,60.6
2017_10_MIN_WAS,2017,10,2017-11-12,WAS,0.02659691852353386,0.2608770916025515,72,-0.050662459844887445,0.08651789340322671,59.6
2017_11_WAS_NO,2017,11,2017-11-19,WAS,0.2820255956690298,0.22572140465606325,67,-0.059318908896112424,0.10453646601748323,64.2
2017_12_NYG_WAS,2017,12,2017-11-23,WAS,-0.1947226164014694,-0.35891504132484664,66,-0.0024212434354364378,0.13952961036460423,63.6
2017_13_WAS_DAL,2017,13,2017-11-30,WAS,-0.14905642112134956,0.021766452374235978,60,-0.04773553481743181,0.027168545972895242,64.6
2017_14_WAS_LAC,2017,14,2017-12-10,WAS,-0.3118355345155578,-0.009486260462977378,50,-0.04376479534199089,0.02361829467682191,65.0
2017_15_ARI_WAS,2017,15,2017-12-17,WAS,-0.18140566691266535,-0.2832529170609669,46,-0.06939841156916263,0.027992729369005327,63.0
2017_16_DEN_WAS,2017,16,2017-12-24,WAS,-0.028106772362853,-0.22973855067776233,64,-0.11099892865640246,-0.08083327236369835,57.8
2017_17_WAS_NYG,2017,17,2017-12-31,WAS,-0.3836125615931993,-0.0833769777860387,56,-0.17302540226277902,-0.17192526343046347,57.2
2018_01_WAS_ARI,2018,1,2018-09-09,WAS,0.16909063617335365,-0.23807425653663297,74,-0.210803391301125,-0.1168176507227019,55.2
2018_02_IND_WAS,2018,2,2018-09-16,WAS,-0.14204706364374484,0.027516645616209454,69,-0.14717397984218436,-0.1687857925048757,58.0
2018_03_GB_WAS,2018,3,2018-09-23,WAS,0.13272836452294667,-0.09639075610019814,53,-0.11321628566782178,-0.16138521128903832,61.8
2018_05_WAS_NO,2018,5,2018-10-08,WAS,-0.1522971710629575,0.3651593806827453,61,-0.05038947938069936,-0.12401277909688455,63.2
2018_06_CAR_WAS,2018,6,2018-10-14,WAS,-0.03672731680777744,0.063857108281354,66,-0.07522755912072027,-0.005033192824783039,62.6
2018_07_DAL_WAS,2018,7,2018-10-21,WAS,-0.0586446880300083,-0.05637502498535684,58,-0.005850510163635897,0.0244136243886955,64.6
2018_08_WAS_NYG,2018,8,2018-10-28,WAS,0.012956243631717518,-0.1797429592835375,64,-0.051397575004308284,0.06075347069895073,61.4
2018_09_ATL_WAS,2018,9,2018-11-04,WAS,-0.006877112991787726,0.38369054056926616,64,-0.020396913549215818,0.019301549719001332,60.4
2018_10_WAS_TB,2018,10,2018-11-11,WAS,0.08161134370145627,-0.11548942609187272,55,-0.0483180090521627,0.1153178090528942,62.6
2018_11_HOU_WAS,2018,11,2018-11-18,WAS,-0.20425853046191797,-0.13725784320342269,71,-0.001536306099279941,0.01918804769797059,61.4
2018_12_WAS_DAL,2018,12,2018-11-22,WAS,-0.07717472344185934,0.09696734984148081,60,-0.035042548830108045,-0.021034942598984745,62.4
2018_13_WAS_PHI,2018,13,2018-12-03,WAS,-0.14443380925093496,0.11572932453067614,42,-0.03874855591247826,0.009633532366382784,62.8
2018_14_NYG_WAS,2018,14,2018-12-09,WAS,-0.3107319676393201,0.08929654678457488,59,-0.07022656648900875,0.06872798912922551,58.4
2018_15_WAS_JAX,2018,15,2018-12-16,WAS,-0.018038475378245402,-0.30265549152448046,60,-0.13099753741851522,0.009849190372287259,57.4
2018_16_WAS_TEN,2018,16,2018-12-22,WAS,-0.019331746855845263,0.07287552115323147,59,-0.15092750123445559,-0.02758402271423429,58.4
2018_17_PHI_WAS,2018,17,2018-12-30,WAS,-0.5007802794981134,0.17833263276162586,44,-0.11394214451324103,0.014442650157096545,56.0
2019_01_WAS_PHI,2019,1,2019-09-08,WAS,0.2747572134382364,0.22997134960961052,57,-0.19866325572449184,0.03071570674112556,52.8
2019_02_DAL_WAS,2019,2,2019-09-15,WAS,0.0970324739297481,0.3057698520424318,54,-0.11482505118665758,0.05356411175691243,55.8
2019_03_CHI_WAS,2019,3,2019-09-23,WAS,-0.2723431217794377,0.09390060527745264,69,-0.033272162872843944,0.09685877280848382,54.8
2019_04_WAS_NYG,2019,4,2019-09-29,WAS,-0.5490219237312646,-0.01616658519020403,48,-0.0841330921530824,0.17616999216887047,56.6
2019_05_NE_WAS,2019,5,2019-10-06,WAS,-0.5012526196330996,0.1332569538760972,53,-0.19007112752816627,0.15836157090018335,54.4
2019_06_WAS_MIA,2019,6,2019-10-13,WAS,-0.015461962261150151,-0.18824126562176646,57,-0.1901655955551635,0.1493464351230776,56.2
2019_07_SF_WAS,2019,7,2019-10-20,WAS,-0.28444985430242237,-0.06979875613499911,41,-0.24820943069504078,0.0657039120768022,56.2
2019_08_WAS_MIN,2019,8,2019-10-24,WAS,-0.2638389941475448,0.033674097659190334,41,-0.3245058963414749,-0.009409809558683974,53.6
2019_09_WAS_BUF,2019,9,2019-11-03,WAS,-0.11383886877142942,0.08842617811887625,49,-0.32280507081509635,-0.021455111082336435,48.0
2019_11_NYJ_WAS,2019,11,2019-11-17,WAS,-0.28418372126232766,0.1797868628356526,63,-0.23576845982312927,-0.0005365584205203778,48.2
2019_12_DET_WAS,2019,12,2019-11-24,WAS,-0.25057264830275655,-0.08964716972283557,55,-0.1923546801489749,0.0087694233713907,50.2
2019_13_WAS_CAR,2019,13,2019-12-01,WAS,0.08633242593896875,-0.10398096859069184,60,-0.23937681735729618,0.02848824255117688,49.8
2019_14_WAS_GB,2019,14,2019-12-08,WAS,-0.056546307595974635,0.06771443669062785,59,-0.16522036130901796,0.021651800060038334,53.6
2019_15_PHI_WAS,2019,15,2019-12-15,WAS,0.013538494929752995,0.21253628144141912,51,-0.12376182399870392,0.028459867866325837,57.2
2019_16_NYG_WAS,2019,16,2019-12-22,WAS,0.14942702074681144,0.45868930207793057,67,-0.09828635125846744,0.05328188853083441,57.6
2019_17_WAS_DAL,2019,17,2019-12-29,WAS,-0.45092553963193727,0.20151835812113056,59,-0.011564202856639621,0.10906237637928999,58.4
2020_01_PHI_WAS,2020,1,2020-09-13,WAS,-0.15680370052523013,-0.30583385401937374,67,-0.05163478112247577,0.16729548194808325,59.2
2020_02_WAS_ARI,2020,2,2020-09-20,WAS,-0.0717449529094042,0.11327621015931913,62,-0.10026200641531555,0.12692490486234687,60.6
2020_03_WAS_CLE,2020,3,2020-09-27,WAS,-0.11541057670406336,0.0737760634239603,62,-0.10330173547800145,0.1360372595560851,61.2
2020_04_BAL_WAS,2020,4,2020-10-04,WAS,-0.030801225426945335,0.2748782026123829,70,-0.12909154980476473,0.10828521595259336,63.4
2020_05_LA_WAS,2020,5,2020-10-11,WAS,-0.4402417960103234,0.1055000464732912,52,-0.1651371990395161,0.0715229960594838,64.0
2020_06_WAS_NYG,2020,6,2020-10-18,WAS,-0.0055720883321055,-0.0024850338178449586,70,-0.16300045031519333,0.05231933372991593,62.6
2020_07_DAL_WAS,2020,7,2020-10-25,WAS,0.11242675275067121,-0.29852701496497,65,-0.1327541278765684,0.11298909777022167,63.2
2020_09_NYG_WAS,2020,9,2020-11-08,WAS,-0.0099174302746054,0.04450346805409728,50,-0.0959197867445533,0.030628452745363844,63.8
2020_10_WAS_DET,2020,10,2020-11-15,WAS,0.1596215684830615,0.18982378725246182,82,-0.07482115745866172,0.024773933671391246,61.4
2020_11_CIN_WAS,2020,11,2020-11-22,WAS,-0.037113635512932584,-0.18483570487915169,58,-0.03673659867666036,0.007763050599407034,63.8
2020_12_WAS_DAL,2020,12,2020-11-26,WAS,0.0880922752339928,-0.49410302900334324,64,0.04388903342281781,-0.050304099671081536,65.0
2020_13_WAS_PIT,2020,13,2020-12-07,WAS,-0.08234852300069102,-0.15549206115456435,70,0.06262190613603746,-0.1486276987081812,63.8
2020_14_WAS_SF,2020,14,2020-12-13,WAS,-0.30740209149724745,-0.3546884945435389,58,0.02366685098576502,-0.12002070794610006,64.8
2020_15_SEA_WAS,2020,15,2020-12-20,WAS,0.0032761944923496824,0.07539109484441883,80,-0.03583008125876339,-0.19985910046562733,66.4
2020_16_CAR_WAS,2020,16,2020-12-27,WAS,-0.1375020602689282,-0.11183870851712686,69,-0.06709915605690576,-0.22274563894723592,66.0
2020_17_WAS_PHI,2020,17,2021-01-03,WAS,-0.21200122826459933,-0.3018184452881822,62,-0.08717684100810488,-0.20814623967483095,68.2
2021_01_LAC_WAS,2021,1,2021-09-12,WAS,-0.09875433646322579,0.11150861896243427,49,-0.14719554170782329,-0.16968932293179873,67.8
2021_02_NYG_WAS,2021,2,2021-09-16,WAS,0.09911073908838246,0.08013777259517686,68,-0.15047670440033026,-0.116289186908399,63.6
2021_03_WAS_BUF,2021,3,2021-09-26,WAS,-0.19207280000206084,0.23517763634740083,50,-0.06917413828320426,-0.029323933480655838,65.6
2021_04_WAS_ATL,2021,4,2021-10-03,WAS,0.24347715715094406,0.1058050601033049,63,-0.10824393718208639,0.0026333748199405538,59.6
2021_05_NO_WAS,2021,5,2021-10-10,WAS,-0.1450900928669637,0.1347032940280365,77,-0.032048093698111915,0.04616212854402691,58.4
2021_06_KC_WAS,2021,6,2021-10-17,WAS,-0.16829723070952915,0.12623497785878138,58,-0.01866586661858479,0.13346647640727066,61.4
2021_07_WAS_GB,2021,7,2021-10-24,WAS,-0.10442383095500136,0.09341992112252809,68,-0.032574445467845464,0.13641174818654006,63.2
2021_08_WAS_DEN,2021,8,2021-10-31,WAS,-0.016823939656422638,0.0788655275234174,68,-0.07328135947652223,0.1390681778920103,63.2
2021_10_TB_WAS,2021,10,2021-11-14,WAS,0.04197659534913022,-0.018615094146888434,72,-0.03823158740739459,0.10780575612721362,66.8
2021_11_WAS_CAR,2021,11,2021-11-21,WAS,0.19879077988362004,0.15018732541284407,63,-0.07853169976775735,0.08292172527717495,68.6
2021_12_SEA_WAS,2021,12,2021-11-29,WAS,0.02501462800709931,-0.09303834595313579,78,-0.009755525217640604,0.08601853155413648,65.8
2021_13_WAS_LV,2021,13,2021-12-05,WAS,0.020849516334217014,-0.020744115993878574,60,0.028906846525685086,0.04216386679175304,69.8
2021_14_DAL_WAS,2021,14,2021-12-12,WAS,-0.45756553573254494,-0.14414596494578272,63,0.05396151598352876,0.01933105936847171,68.2
2021_15_WAS_PHI,2021,15,2021-12-21,WAS,-0.12978922658687256,0.12274217684016038,54,-0.03418680323169569,-0.025271239125368317,67.2
2021_16_WAS_DAL,2021,16,2021-12-26,WAS,-0.3386947727974205,0.34290919755908866,56,-0.06853996761889625,0.003000215072041451,63.6
2021_17_PHI_WAS,2021,17,2022-01-02,WAS,-0.025343307994437868,0.16107377813808335,60,-0.17603707815510436,0.04154458950129037,62.2
2021_18_WAS_NYG,2021,18,2022-01-09,WAS,-0.028147211081878253,-0.4534400133297668,59,-0.1861086653554118,0.0923670143195342,58.6
2022_01_JAX_WAS,2022,1,2022-09-11,WAS,0.04759088740473532,0.05514305543279859,69,-0.19590801083863085,0.005827834852356562,58.4
2022_02_WAS_DET,2022,2,2022-09-18,WAS,0.050606037486533355,0.0594130003654971,74,-0.0948767262111748,0.04568563892807282,59.6
2022_03_PHI_WAS,2022,3,2022-09-25,WAS,-0.3102656599314635,0.02954783874592893,75,-0.058797673396493624,0.03301980363314016,63.6
2022_04_WAS_DAL,2022,4,2022-10-02,WAS,-0.2654656311850215,-0.18321254073436302,71,-0.053111850823302206,-0.029652468129491783,67.4
2022_05_TEN_WAS,2022,5,2022-10-09,WAS,-0.04586804877158726,-0.017048612770233906,57,-0.10113631546141892,-0.09850973190398106,69.6
2022_06_WAS_CHI,2022,6,2022-10-13,WAS,-0.10838856358584541,-0.11170307083048628,54,-0.10468048299936075,-0.011231451792074479,69.2
2022_07_GB_WAS,2022,7,2022-10-23,WAS,-0.05818335264887653,-0.0967157676767902,72,-0.13587637319747686,-0.04460067704473145,66.2
2022_08_WAS_IND,2022,8,2022-10-30,WAS,-0.06598956828774635,-0.14610329197463726,61,-0.15763425122455885,-0.07582643065318892,65.8
2022_09_MIN_WAS,2022,9,2022-11-06,WAS,-0.1632459056106906,-0.09250124519798052,60,-0.10877903289581543,-0.11095665679730216,63.0
2022_10_WAS_PHI,2022,10,2022-11-14,WAS,0.07644625488794463,-0.12423966735343825,77,-0.08833508778094926,-0.09281439769002565,60.8
2022_11_WAS_HOU,2022,11,2022-11-20,WAS,-0.06384998658309063,-0.4011764619947934,67,-0.06387222704904287,-0.11425260860666653,64.8
2022_12_ATL_WAS,2022,12,2022-11-27,WAS,0.12345921490799572,0.018130561716223556,59,-0.05496451164849192,-0.17214728683952793,67.4
2022_13_WAS_NYG,2022,13,2022-12-04,WAS,0.04276337495808707,-0.10025252306204607,81,-0.01863599813711747,-0.1491780209609252,64.8
2022_15_NYG_WAS,2022,15,2022-12-18,WAS,-0.09581635156161121,0.0718189209323096,58,0.003114590512049216,-0.14000786717840694,68.8
2022_16_WAS_SF,2022,16,2022-12-24,WAS,-0.13413234987383307,0.11875740836497613,70,0.016600501321865094,-0.10714383395234892,68.4
2022_17_CLE_WAS,2022,17,2023-01-01,WAS,-0.1767261793932792,0.17733330968724018,68,-0.02551521963049045,-0.05854441880866605,67.0
2022_18_DAL_WAS,2022,18,2023-01-08,WAS,-0.19370374138977525,-0.48184338974092633,62,-0.048090458192528156,0.057157535527740666,67.2
2023_01_ARI_WAS,2023,1,2023-09-10,WAS,-0.2941835299337889,-0.3520510891186187,65,-0.11152304945208233,-0.04283725476368931,67.8
2023_02_WAS_DEN,2023,2,2023-09-17,WAS,0.20104891914814982,0.13379707953209882,67,-0.17891243043045754,-0.09319696797500385,64.6
2023_03_BUF_WAS,2023,3,2023-09-24,WAS,-0.5987696191156288,0.21725666499612653,51,-0.11953937628850533,-0.080801336255046,66.4
2023_04_WAS_PHI,2023,4,2023-10-01,WAS,0.20363694590479625,0.17746666411460904,74,-0.21246683013686446,-0.06110148492881591,62.6
2023_05_CHI_WAS,2023,5,2023-10-05,WAS,-0.10337574538745493,0.308947133198785,68,-0.1363942050772494,-0.06107481404334214,63.8
2023_06_WAS_ATL,2023,6,2023-10-15,WAS,-0.03237380377785007,-0.17202877530060398,48,-0.11832860587678531,0.09708329054460012,65.0
2023_07_WAS_NYG,2023,7,2023-10-22,WAS,-0.23017099172767588,-0.051175535339214845,67,-0.06596666064559756,0.13308775330820305,61.6
2023_08_PHI_WAS,2023,8,2023-10-29,WAS,0.06871562827955527,0.18448765807045295,69,-0.1522106428207627,0.09609323033394032,61.6
2023_09_WAS_NE,2023,9,2023-11-05,WAS,0.03735452506989532,-0.08962030252802523,76,-0.018713593341725905,0.08953942894880562,65.2
2023_10_WAS_SEA,2023,10,2023-11-12,WAS,0.1091561289818323,0.09782280678047373,61,-0.05197007750870608,0.036122035620278756,65.6
2023_11_NYG_WAS,2023,11,2023-11-19,WAS,-0.17081263140632713,-0.022890550747692525,77,-0.009463702634848642,-0.0061028296633834885,64.2
2023_12_WAS_DAL,2023,12,2023-11-23,WAS,-0.22685714284017877,0.4576479048020379,75,-0.03715146816054406,0.023724815247198806,70.0
2023_13_MIA_WAS,2023,13,2023-12-03,WAS,-0.17663887556606941,0.409192491588214,55,-0.03648869838304463,0.12548950327544933,71.6
2023_15_WAS_LA,2023,15,2023-12-17,WAS,-0.14444259610097326,-0.017858583663849254,58,-0.08555959915216957,0.17043046997900155,68.8
2023_16_WAS_NYJ,2023,16,2023-12-24,WAS,-0.18274460097469775,-0.23998283202580795,58,-0.12191902338634328,0.18478281375183675,65.2
2023_17_SF_WAS,2023,17,2023-12-31,WAS,-0.1831749853356039,0.22816854806366318,43,-0.18029916937764928,0.1172216859905804,64.6
2023_18_DAL_WAS,2023,18,2024-01-07,WAS,-0.29947396023535133,0.36375239115700453,48,-0.18277164016350464,0.16743350575285154,57.8
2024_01_WAS_TB,2024,1,2024-09-08,WAS,0.12063032157171852,0.26636196361922065,56,-0.19729500364253916,0.1486544030238449,52.4
2024_02_NYG_WAS,2024,2,2024-09-15,WAS,0.15648809882807774,0.09884589799967998,67,-0.13784116421498155,0.1200882974300462,52.6
2024_03_WAS_CIN,2024,3,2024-09-23,WAS,0.5153402799418085,0.36884499768732204,55,-0.07765502522917136,0.14342919376275207,54.4
2024_04_WAS_ARI,2024,4,2024-09-29,WAS,0.41568827038638456,-0.08621050947514394,68,0.061961950954129895,0.26519475970537804,53.8
2024_05_CLE_WAS,2024,5,2024-10-06,WAS,0.08449649525226172,-0.30568817992423686,65,0.1817346020985276,0.20231894819761664,58.8
2024_06_WAS_BAL,2024,6,2024-10-13,WAS,0.10231656484340847,0.16918393421624747,56,0.2585286931960502,0.06843083398136837,62.2
2024_07_CAR_WAS,2024,7,2024-10-20,WAS,0.2692260682342439,-0.4739950681770487,61,0.25486594185038813,0.04899522810077373,62.2
2024_08_CHI_WAS,2024,8,2024-10-27,WAS,0.07505590199857659,-0.12941421041781173,72,0.2774135357316214,-0.065572965134572,61.0
2024_09_WAS_NYG,2024,9,2024-11-03,WAS,0.3115800560732508,0.10500855010039493,57,0.18935666014297503,-0.16522480675559875,64.4
2024_10_PIT_WAS,2024,10,2024-11-10,WAS,-0.13645924922788852,-0.022650367114692926,59,0.16853501728034828,-0.12698099484049097,62.2
2024_11_WAS_PHI,2024,11,2024-11-14,WAS,-0.11744629858753615,0.20099255148930092,64,0.12434386838431821,-0.0703734322785822,61.0
2024_12_DAL_WAS,2024,12,2024-11-24,WAS,-0.029198595789597975,-0.05523064933276668,67,0.08039129569812928,-0.06401170882397152,62.6
2024_13_TEN_WAS,2024,13,2024-12-01,WAS,0.29231445376932497,-0.10154991066288353,76,0.020706362893360926,0.019741174944884896,63.8
2024_15_WAS_NO,2024,15,2024-12-15,WAS,0.07163261401595818,-0.08749075938621849,74,0.06415807324751059,0.02531403489587053,64.6
2024_16_PHI_WAS,2024,16,2024-12-22,WAS,-0.066384402216725,0.02624405681024844,64,0.01616858483605207,-0.013185827001452146,68.0
2024_17_ATL_WAS,2024,17,2024-12-29,WAS,0.2215034776568865,0.06587515463216208,76,0.030183554238284782,-0.0034069422164638733,69.0
2024_18_WAS_DAL,2024,18,2025-01-05,WAS,0.08709049513575884,-0.04375298736429032,54,0.0979735094871693,-0.030430421587891644,71.4
2025_01_NYG_WAS,2025,1,2025-09-07,WAS,0.18565548716146768,-0.24112420517436706,62,0.12123132767224068,-0.028134889194196367,68.8
2025_02_WAS_GB,2025,2,2025-09-11,WAS,-0.16230371515731917,0.16102400712476647,65,0.0998995343506692,-0.05604974809649307,66.0
2025_03_LV_WAS,2025,3,2025-09-21,WAS,0.2802268965676274,0.0449941284564411,53,0.053112268516013736,-0.006346794794296079,64.2
2025_04_WAS_ATL,2025,4,2025-09-28,WAS,0.1313126924813322,0.2673250416999427,51,0.12243452827288422,-0.0025967804650575436,62.0
2025_05_WAS_LAC,2025,5,2025-10-05,WAS,0.25499001840676383,-0.14044467658160198,54,0.10439637123777334,0.037693196948498583,57.0
2025_06_CHI_WAS,2025,6,2025-10-13,WAS,-0.06369690371164834,0.16552726067451567,59,0.13797627589197434,0.018354859105036248,57.0
2025_07_WAS_DAL,2025,7,2025-10-19,WAS,-0.22131152660881342,0.09817092506242014,64,0.08810579771735114,0.0996851522748128,56.4
2025_08_WAS_KC,2025,8,2025-10-27,WAS,-0.18105482519828142,0.2507716672817795,52,0.07630423542705231,0.08711453586234354,56.2
2025_09_SEA_WAS,2025,9,2025-11-02,WAS,-0.01966609920735561,0.4484156475213809,62,-0.01595210892612946,0.1282700436274112,56.0
2025_10_DET_WAS,2025,10,2025-11-09,WAS,0.17317353615379832,0.490552863990323,52,-0.04614786726386703,0.16448816479169887,58.2
2025_11_WAS_MIA,2025,11,2025-11-16,WAS,0.07062747970214588,-0.019850018187706958,64,-0.06251116371446012,0.2906876729060838,57.8
2025_13_DEN_WAS,2025,13,2025-11-30,WAS,0.07272244522995129,0.1828667050081609,85,-0.035646287031701286,0.25361221713363935,58.8
2025_14_WAS_MIN,2025,14,2025-12-07,WAS,-0.4321306956342745,0.3093801282268059,49,0.023160507336051656,0.27055137312278743,63.0
2025_15_WAS_NYG,2025,15,2025-12-14,WAS,0.0025248458819554288,0.020273347970565275,55,-0.027054666751146948,0.28227306531179275,62.4
2025_16_PHI_WAS,2025,16,2025-12-20,WAS,-0.12504454409910207,0.2896811006046502,51,-0.02261647773328475,0.19664460540162962,61.0
2025_17_DAL_WAS,2025,17,2025-12-25,WAS,0.19653274427039732,0.2127832348644801,40,-0.08226009378386483,0.15647025272449505,60.8
2025_18_WAS_PHI,2025,18,2026-01-04,WAS,-0.025166327970555676,-0.10292984583499282,61,-0.05707904087021454,0.20299690333493245,56.0
2026_01_WAS_PHI,2026,1,2026-09-13,WAS,0.05989679134006748,0.07101635681436469,68,-0.07665679551031593,0.1458375931663017,51.2
